,EURUSD,DXY,US2Y,US10Y,DE2Y,US_DE_Spread,X4,US_Yield_Curve,DXY_5D_Change
2004-09-14,1.2260010242462158,88.45999908447266,2.47,4.15,2.621713604716833,-0.1517136047168326,-0.05194764016444964,1.6800000000000002,-0.7700042724609375
2004-09-15,1.215701937675476,89.1500015258789,2.51,4.18,2.622747742409313,-0.11274774240931329,0.09379458218717085,1.67,0.3800048828125
2004-09-16,1.2190067768096924,88.79000091552734,2.44,4.08,2.634831682080543,-0.1948316820805429,-0.04860764622897085,1.6400000000000001,-0.04000091552734375
2004-09-17,1.2182048559188843,88.91000366210938,2.53,4.14,2.5916416271145075,-0.06164162711450771,0.028012839422966618,1.6099999999999999,0.5200042724609375
2004-09-20,1.2174040079116821,88.98999786376953,2.46,4.07,2.5901506606401137,-0.1301506606401137,0.0072218980437877,1.6100000000000003,0.43999481201171875
2004-09-21,1.2328935861587524,88.12999725341797,2.49,4.05,2.6037028847053394,-0.11370288470533918,0.038010720011493415,1.5599999999999996,-0.3300018310546875
2004-09-22,1.2266929149627686,88.51000213623047,2.5,4.0,2.598986166418969,-0.09898616641896885,0.013761575990344443,1.5,-0.6399993896484375
2004-09-23,1.22720468044281,88.44000244140625,2.57,4.02,2.526792012366617,0.04320798763338285,0.23803966971392576,1.4499999999999997,-0.34999847412109375
2004-09-24,1.227596402168274,88.4000015258789,2.62,4.04,2.5781983312527053,0.04180166874729485,0.10344329586180256,1.42,-0.5100021362304688
2004-09-27,1.2307995557785034,88.29000091552734,2.59,4.01,2.557154166079869,0.03284583392013074,0.16299649456024445,1.42,-0.6999969482421875
2004-09-28,1.232103705406189,88.11000061035156,2.55,4.02,2.5511725906982385,-0.001172590698238718,0.11253029400710046,1.4699999999999998,-0.01999664306640625
2004-09-29,1.2336997985839844,88.0999984741211,2.61,4.1,2.5874234247080072,0.02257657529199264,0.12156274171096149,1.4899999999999998,-0.410003662109375
2004-09-30,1.2433944940567017,87.36000061035156,2.63,4.14,2.590240480732285,0.039759519267714705,-0.0034484683656681447,1.5099999999999998,-1.0800018310546875
2004-10-01,1.2414957284927368,87.62999725341797,2.63,4.21,2.5682748710823478,0.06172512891765214,0.019923460170357288,1.58,-0.7700042724609375
2004-10-04,1.2289994955062866,88.37999725341797,2.65,4.19,2.599665785972333,0.050334214027667024,0.017488380107536283,1.5400000000000005,0.089996337890625
2004-10-05,1.2316029071807861,88.16999816894531,2.65,4.18,2.575059869191582,0.0749401308084181,0.07611272150665682,1.5299999999999998,0.05999755859375
2004-10-06,1.2280938625335693,88.4800033569336,2.7,4.23,2.571848751177441,0.12815124882255935,0.10557467353056671,1.5300000000000002,0.3800048828125
2004-10-07,1.229906439781189,88.33999633789062,2.72,4.26,2.5704321512161106,0.14956784878388962,0.10980832951617492,1.5399999999999996,0.9799957275390625
2004-10-08,1.2410026788711548,87.44999694824219,2.61,4.15,2.5004617959736075,0.10953820402639236,0.04781307510874022,1.5400000000000005,-0.18000030517578125
2004-10-12,1.232103705406189,88.0199966430664,2.56,4.12,2.464857618029357,0.09514238197064318,0.04480816794297615,1.56,-0.3600006103515625
2004-10-13,1.234903335571289,87.87999725341797,2.53,4.09,2.4839194138875813,0.0460805861124185,-0.028859544695999606,1.56,-0.29000091552734375
2004-10-14,1.2388964891433716,87.55000305175781,2.48,4.03,2.4604935616986454,0.019506438301354567,-0.10864481052120478,1.5500000000000003,-0.9300003051757812
2004-10-15,1.2478941679000854,87.08999633789062,2.53,4.07,2.4257162397092125,0.10428376029078734,-0.04528408849310228,1.5400000000000005,-1.25
2004-10-18,1.248907208442688,87.0199966430664,2.55,4.07,2.428403591715432,0.12159640828456775,0.012058204258175387,1.5200000000000005,-0.43000030517578125
2004-10-19,1.2518935203552246,86.83999633789062,2.57,4.07,2.4425777254671512,0.1274222745328486,0.032279892562205426,1.5000000000000004,-1.1800003051757812
2004-10-20,1.2578933238983154,86.3499984741211,2.53,4.01,2.404825782000549,0.12517421799945083,0.07909363188703233,1.48,-1.529998779296875
2004-10-21,1.2620048522949219,86.0199966430664,2.57,4.01,2.4143052758941885,0.1556947241058113,0.13618828580445674,1.44,-1.5300064086914062
2004-10-22,1.2690999507904053,85.87000274658203,2.55,4.0,2.426228753136075,0.12377124686392493,0.01948748657313759,1.4500000000000002,-1.2199935913085938
2004-10-25,1.28109872341156,84.97000122070312,2.54,3.99,2.387554405284789,0.15244559471521102,0.03084918643064327,1.4500000000000002,-2.0499954223632812
2004-10-26,1.2765034437179565,85.20999908447266,2.54,4.01,2.3844537647463846,0.15554623525361544,0.02812396072076684,1.4699999999999998,-1.6299972534179688
2004-10-27,1.270599603652954,85.44000244140625,2.63,4.11,2.393978587621939,0.23602141237806107,0.11084719437861024,1.4800000000000004,-0.9099960327148438
2004-10-29,1.2791976928710938,84.91000366210938,2.56,4.05,2.451040943684774,0.10895905631522584,-0.04673566779058547,1.4899999999999998,-1.1099929809570312
2004-11-01,1.2745997905731201,85.19999694824219,2.61,4.11,2.430287913996176,0.17971208600382393,0.055940839139899,1.5000000000000004,-0.6700057983398438
2004-11-02,1.2720056772232056,85.47000122070312,2.6,4.1,2.45966385815227,0.14033614184773002,-0.012109452867480996,1.4999999999999996,0.5
2004-11-03,1.282495141029358,84.69999694824219,2.6,4.09,2.4540485039980706,0.14595149600192947,-0.009594739251685969,1.4899999999999998,-0.5100021362304688
2004-11-04,1.2872995138168335,84.54000091552734,2.63,4.1,2.451174265164553,0.17882573483544695,-0.05719567754261412,1.4699999999999998,-0.9000015258789062
2004-11-05,1.2966973781585693,84.01000213623047,2.8,4.21,2.4482303915727126,0.3517696084272872,0.24281055211206137,1.4100000000000001,-0.9000015258789062
2004-11-08,1.2908055782318115,84.08999633789062,2.8,4.22,2.4475455677543465,0.3524544322456533,0.17274234624182938,1.42,-1.1100006103515625
2004-11-09,1.2899065017700195,84.29000091552734,2.8,4.22,2.474258780690546,0.325741219309454,0.18540507746172397,1.42,-1.1800003051757812
2004-11-10,1.2885932922363281,84.43000030517578,2.82,4.25,2.45487576591217,0.3651242340878298,0.21917273808590032,1.4300000000000002,-0.26999664306640625
2004-11-12,1.2970000505447388,83.69000244140625,2.86,4.2,2.4064515642279933,0.45354843577200654,0.2747227009365596,1.3400000000000003,-0.8499984741210938
2004-11-15,1.2939958572387695,84.0,2.89,4.2,2.3953018202515244,0.49469817974847574,0.14292857132118852,1.31,-0.01000213623046875
2004-11-16,1.2961931228637695,83.80000305175781,2.91,4.21,2.4232650567895724,0.48673494321042776,0.13428051096477445,1.2999999999999998,-0.2899932861328125
2004-11-17,1.303797960281372,83.29000091552734,2.85,4.14,2.4277388942178075,0.42226110578219256,0.09651988647273857,1.2899999999999996,-1.0
2004-11-18,1.29490065574646,83.69000244140625,2.86,4.12,2.460379107692045,0.3996208923079547,0.03449665822012493,1.2600000000000002,-0.7399978637695312
2004-11-19,1.3039000034332275,83.30999755859375,2.95,4.2,2.443384090280291,0.5066159097197094,0.05306747394770284,1.25,-0.3800048828125
2004-11-22,1.3040019273757935,83.19000244140625,2.95,4.18,2.42049720744298,0.5295027925570204,0.03480461280854463,1.2299999999999995,-0.80999755859375
2004-11-23,1.309706211090088,82.97000122070312,2.98,4.19,2.4150233931963005,0.5649766068036994,0.07824166359327167,1.2100000000000004,-0.8300018310546875
2004-11-24,1.317800760269165,82.41000366210938,3.01,4.2,2.387000570174249,0.6229994298257506,0.20073832404355807,1.1900000000000004,-0.8799972534179688
2004-11-26,1.329504370689392,81.77999877929688,3.03,4.24,2.3589057537556943,0.6710942462443055,0.27147335393635075,1.2100000000000004,-1.910003662109375
2004-11-29,1.32650625705719,81.93000030517578,3.07,4.34,2.3952941139078447,0.6747058860921551,0.16808997637244572,1.27,-1.3799972534179688
2004-11-30,1.3298048973083496,81.81999969482422,3.02,4.36,2.370680092131093,0.6493199078689069,0.11981711531188655,1.3400000000000003,-1.3700027465820312
2004-12-01,1.3345967531204224,81.55999755859375,3.01,4.38,2.345243035292864,0.6647569647071356,0.0997803579034362,1.37,-1.410003662109375
2004-12-02,1.3261016607284546,81.94999694824219,3.04,4.4,2.393519235035368,0.646480764964632,0.0234813351388814,1.3600000000000003,-0.4600067138671875
2004-12-03,1.3466018438339233,80.9800033569336,2.94,4.27,2.3661543080239724,0.5738456919760275,-0.09724855426827794,1.3299999999999996,-0.7999954223632812
2004-12-06,1.3396027088165283,81.27999877929688,2.93,4.24,2.3134752880788536,0.6165247119211466,-0.05818117417100854,1.31,-0.6500015258789062
2004-12-07,1.3430931568145752,81.23999786376953,2.95,4.23,2.3022423822365403,0.6477576177634599,-0.0015622901054470617,1.2800000000000002,-0.5800018310546875
2004-12-08,1.334507703781128,81.9000015258789,2.91,4.14,2.3292395986898007,0.5807604013101995,-0.08399656339693617,1.2299999999999995,0.34000396728515625
2004-12-09,1.3304064273834229,82.02999877929688,2.93,4.19,2.298521055723155,0.6314789442768451,-0.015001820687786882,1.2600000000000002,0.0800018310546875
2004-12-10,1.3215975761413574,82.55000305175781,2.95,4.16,2.3109222611315907,0.6390777388684095,0.06523204689238193,1.21,1.5699996948242188
2004-12-13,1.3320013284683228,82.0999984741211,2.98,4.16,2.3132426078195287,0.6667573921804713,0.0502326802593247,1.1800000000000002,0.8199996948242188
2004-12-14,1.3309022188186646,82.31999969482422,2.99,4.14,2.317042064049497,0.6729579359505031,0.02520031818704327,1.1499999999999995,1.0800018310546875
2004-12-15,1.3403927087783813,81.62999725341797,2.97,4.09,2.304307202545816,0.6656927974541844,0.08493239614398496,1.1199999999999997,-0.2700042724609375
2004-12-16,1.325100064277649,82.5,3.01,4.19,2.35695558733028,0.6530444126697197,0.021565468392874543,1.1800000000000006,0.470001220703125
2004-12-17,1.3312920331954956,82.16000366210938,3.03,4.21,2.401153761730096,0.6288462382699036,-0.01023150059850586,1.1800000000000002,-0.3899993896484375
2004-12-20,1.3392080068588257,81.66999816894531,3.06,4.21,2.3656842080398994,0.6943157919601006,0.027558399779629372,1.15,-0.43000030517578125
2004-12-21,1.3368983268737793,81.94000244140625,3.05,4.18,2.4162849602608736,0.6337150397391262,-0.03924289621137689,1.13,-0.37999725341796875
2004-12-22,1.3391003608703613,81.93000030517578,3.04,4.21,2.4380285136669704,0.6019714863330297,-0.06372131112115476,1.17,0.3000030517578125
2004-12-23,1.3512052297592163,81.33999633789062,3.02,4.23,2.40586772832376,0.6141322716762398,-0.03891214099347984,1.2100000000000004,-1.160003662109375
2004-12-27,1.3623977899551392,80.72000122070312,3.07,4.3,2.422209786688978,0.6477902133110218,0.01894397504111822,1.23,-1.44000244140625
2004-12-28,1.359397530555725,80.72000122070312,3.08,4.31,2.398345133554494,0.681654866445506,-0.012660925514594634,1.2299999999999995,-0.9499969482421875
2004-12-29,1.3606922626495361,80.97000122070312,3.12,4.33,2.482686176462884,0.6373138235371161,0.003598783797989835,1.21,-0.970001220703125
2004-12-30,1.3628062009811401,80.52999877929688,3.1,4.27,2.4762205761859595,0.6237794238140406,0.021807937481010953,1.1699999999999995,-1.4000015258789062
2004-12-31,1.3565024137496948,80.8499984741211,3.08,4.24,2.473763721525008,0.606236278474992,-0.007895993201247897,1.1600000000000001,-0.48999786376953125
2005-01-03,1.3470009565353394,81.30000305175781,3.1,4.23,2.4309607852930823,0.6690392147069177,0.021249001395895917,1.1300000000000003,0.5800018310546875
2005-01-04,1.3281975984573364,82.56999969482422,3.2,4.29,2.457144022981635,0.7428559770183654,0.061201110572859374,1.0899999999999999,1.8499984741210938
2005-01-05,1.3280036449432373,82.54000091552734,3.22,4.29,2.479968705583551,0.7400312944164491,0.10271747087933303,1.0699999999999998,1.5699996948242188
2005-01-06,1.3183046579360962,83.1500015258789,3.18,4.29,2.4155668048432823,0.7644331951567178,0.1406537713426772,1.1099999999999999,2.6200027465820312
2005-01-07,1.3060967922210693,83.61000061035156,3.2,4.29,2.390158932480301,0.8098410675196992,0.20360478904470725,1.0899999999999999,2.7600021362304688
2005-01-10,1.310994029045105,83.29000091552734,3.23,4.29,2.386555325789565,0.8434446742104349,0.17440545950351716,1.06,1.9899978637695312
2005-01-11,1.3116990327835083,83.0199966430664,3.24,4.26,2.407134179574964,0.8328658204250363,0.09000984340667095,1.0199999999999996,0.4499969482421875
2005-01-12,1.3255919218063354,82.13999938964844,3.22,4.25,2.411768553660144,0.8082314463398563,0.06820015192340723,1.0299999999999998,-0.40000152587890625
2005-01-13,1.3211086988449097,82.51000213623047,3.21,4.2,2.365086392470217,0.844913607529783,0.08048041237306514,0.9900000000000002,-0.6399993896484375
2005-01-14,1.3098949193954468,83.05999755859375,3.24,4.23,2.379950751064485,0.8600492489355154,0.05020818141581618,0.9900000000000002,-0.5500030517578125
2005-01-18,1.3017951250076294,83.36000061035156,3.26,4.21,2.3869434193072165,0.8730565806927832,0.02961190648234835,0.9500000000000002,0.06999969482421875
2005-01-19,1.3003056049346924,83.5999984741211,3.26,4.2,2.3730141413980546,0.8869858586019452,0.05412003817690891,0.9400000000000004,0.5800018310546875
2005-01-20,1.29629385471344,83.83999633789062,3.21,4.17,2.4029504147397724,0.8070495852602275,-0.0011818610796288098,0.96,1.6999969482421875
2005-01-21,1.299899935722351,83.26000213623047,3.16,4.16,2.39287422223298,0.7671257777670202,-0.07778782976276277,1.0,0.75
2005-01-24,1.3039000034332275,83.23999786376953,3.2,4.14,2.368144508767948,0.8318554912320524,-0.028193757703462996,0.9399999999999995,0.18000030517578125
2005-01-25,1.2971009016036987,83.98999786376953,3.23,4.2,2.3580174857404805,0.8719825142595194,-0.0010740664332637984,0.9700000000000002,0.6299972534179688
2005-01-26,1.307805061340332,83.30000305175781,3.27,4.21,2.386463401302589,0.8835365986974111,-0.003449259904534152,0.94,-0.29999542236328125
2005-01-27,1.304103970527649,83.43000030517578,3.28,4.22,2.42112603708519,0.8588739629148097,0.05182437765458214,0.94,-0.40999603271484375
2005-01-28,1.3044953346252441,83.4800033569336,3.25,4.16,2.3811468547973917,0.8688531452026083,0.10172736743558808,0.9100000000000001,0.220001220703125
2005-01-31,1.305193305015564,83.5999984741211,3.29,4.14,2.3886389029077506,0.9013610970922494,0.06950560586019705,0.8499999999999996,0.3600006103515625
2005-02-01,1.3039000034332275,83.44999694824219,3.29,4.15,2.385454292700506,0.9045457072994942,0.03256319303997479,0.8600000000000003,-0.5400009155273438
2005-02-02,1.3032032251358032,83.5199966430664,3.32,4.15,2.395443720900932,0.9245562790990678,0.04101968040165671,0.8300000000000005,0.21999359130859375
2005-02-03,1.2972019910812378,83.97000122070312,3.34,4.18,2.420442534389815,0.9195574656101848,0.06068350269537515,0.8399999999999999,0.5400009155273438
2005-02-04,1.2857933044433594,84.38999938964844,3.29,4.09,2.3956471444087795,0.8943528555912206,0.025499710388612318,0.7999999999999998,0.9099960327148438
2005-02-07,1.2764055728912354,85.04000091552734,3.31,4.07,2.405985498716597,0.9040145012834029,0.0026534041911534523,0.7600000000000002,1.44000244140625
2005-02-08,1.2769924402236938,85.0999984741211,3.33,4.05,2.4289237505422268,0.9010762494577733,-0.0034694578417209243,0.7199999999999998,1.6500015258789062
2005-02-09,1.281295657157898,85.0199966430664,3.24,4.0,2.395258925820005,0.844741074179995,-0.07981520491907279,0.7599999999999998,1.5
2005-02-10,1.287597894668579,84.54000091552734,3.29,4.07,2.372003819183633,0.9179961808163672,-0.0015612847938175634,0.7800000000000002,0.5699996948242188
2005-02-11,1.2856941223144531,84.56999969482422,3.34,4.1,2.368921669480821,0.971078330519179,0.07672547492795845,0.7599999999999998,0.18000030517578125
2005-02-14,1.2973029613494873,83.95999908447266,3.38,4.08,2.391610137804591,0.988389862195409,0.08437536091200615,0.7000000000000002,-1.0800018310546875
2005-02-15,1.3016934394836426,83.58999633789062,3.37,4.1,2.41304397491706,0.9569560250829401,0.05587977562516677,0.7299999999999995,-1.5100021362304688
2005-02-16,1.3023037910461426,83.66999816894531,3.41,4.16,2.4061139333315045,1.0038860666684957,0.15914499248850067,0.75,-1.3499984741210938
2005-02-17,1.307497262954712,83.47000122070312,3.38,4.19,2.447784069697281,0.9322159303027191,0.014219749486351851,0.8100000000000005,-1.0699996948242188
2005-02-18,1.3068991899490356,83.48999786376953,3.45,4.27,2.473371809622753,0.9766281903772471,0.005549859858068107,0.8199999999999994,-1.0800018310546875
2005-02-22,1.3261016607284546,82.41000366210938,3.46,4.29,2.477229484640438,0.9827705153595621,-0.005619346835846972,0.8300000000000001,-1.5499954223632812
2005-02-23,1.3203063011169434,82.68000030517578,3.46,4.27,2.4604092280252887,0.9995907719747112,0.04263474689177116,0.8099999999999996,-0.9099960327148438
2005-02-24,1.3183046579360962,82.87999725341797,3.52,4.29,2.47305446193277,1.04694553806723,0.04305947139873423,0.77,-0.7900009155273438
2005-02-25,1.3246086835861206,82.66000366210938,3.54,4.27,2.501777672364917,1.0382223276350828,0.10600639733236372,0.7299999999999995,-0.80999755859375
2005-02-28,1.3217023611068726,82.51000213623047,3.59,4.36,2.488799221138912,1.101200778861088,0.1245725884838409,0.7700000000000005,-0.9799957275390625
2005-03-01,1.3171932697296143,82.7699966430664,3.59,4.38,2.488387040340822,1.1016129596591777,0.11884244429961566,0.79,0.35999298095703125
2005-03-02,1.3135944604873657,83.08000183105469,3.57,4.38,2.5008842896834835,1.0691157103165163,0.06952493834180506,0.81,0.40000152587890625
2005-03-03,1.3105987310409546,83.27999877929688,3.59,4.39,2.472450941470216,1.117549058529784,0.07060352046255414,0.7999999999999998,0.40000152587890625
2005-03-04,1.3246963024139404,82.54000091552734,3.57,4.32,2.433136931145475,1.1368630688545247,0.09864074121944189,0.7500000000000004,-0.12000274658203125
2005-03-07,1.3221917152404785,82.79000091552734,3.61,4.31,2.4087882794071005,1.2012117205928994,0.10001094173181135,0.6999999999999997,0.279998779296875
2005-03-08,1.3352025747299194,81.9800033569336,3.62,4.38,2.4147726089738843,1.2052273910261158,0.10361443136693804,0.7599999999999998,-0.7899932861328125
2005-03-09,1.3377031087875366,81.62999725341797,3.66,4.52,2.447206944226165,1.2127930557738353,0.14367734545731903,0.8599999999999994,-1.4500045776367188
2005-03-10,1.3437970876693726,81.56999969482422,3.68,4.48,2.4411753925968984,1.2388246074031017,0.1212755488733177,0.8000000000000003,-1.7099990844726562
2005-03-11,1.3472912311553955,81.41999816894531,3.73,4.56,2.4349554663312465,1.2950445336687535,0.1581814648142288,0.8299999999999996,-1.1200027465820312
2005-03-14,1.3365052938461304,81.97000122070312,3.75,4.52,2.453505404830476,1.296494595169524,0.09528287457662454,0.7699999999999996,-0.8199996948242188
2005-03-15,1.3310085535049438,82.12000274658203,3.75,4.54,2.433987333993608,1.316012666006392,0.11078527498027624,0.79,0.1399993896484375
2005-03-16,1.3410937786102295,81.62000274658203,3.72,4.52,2.481814874767898,1.2381851252321021,0.025392069458266775,0.7999999999999994,-0.0099945068359375
2005-03-17,1.3379000425338745,81.83999633789062,3.7,4.47,2.4730280111564467,1.2269719888435535,-0.011852618559548223,0.7699999999999996,0.26999664306640625
2005-03-18,1.332196593284607,82.12999725341797,3.72,4.51,2.494143443311308,1.2258565566886923,-0.06918797698006118,0.7899999999999996,0.7099990844726562
2005-03-21,1.3161011934280396,82.87999725341797,3.72,4.53,2.515168547174176,1.2048314528258244,-0.09166314234369954,0.81,0.9099960327148438
2005-03-22,1.3077024221420288,83.36000061035156,3.86,4.63,2.510639660288008,1.3493603397119918,0.03334767370559977,0.77,1.2399978637695312
2005-03-23,1.299291968345642,84.0,3.84,4.61,2.541144862160325,1.2988551378396749,0.060670012607572765,0.7700000000000005,2.3799972534179688
2005-03-24,1.2931926250457764,84.12999725341797,3.88,4.6,2.534214689745226,1.345785310254774,0.11881332141122058,0.7199999999999998,2.2900009155273438
2005-03-29,1.2937949895858765,84.31999969482422,3.87,4.6,2.538591281364856,1.331408718635144,0.10555216194645167,0.7299999999999995,2.19000244140625
2005-03-30,1.2915056943893433,84.29000091552734,3.86,4.56,2.5253052980800788,1.3346947019199211,0.12986324909409674,0.6999999999999997,1.410003662109375
2005-03-31,1.2966973781585693,84.05999755859375,3.8,4.5,2.471561627792572,1.3284383722074278,-0.020921967504563987,0.7000000000000002,0.6999969482421875
2005-04-01,1.2909055948257446,84.43000030517578,3.75,4.46,2.420002662425492,1.329997337574508,0.03114219973483312,0.71,0.43000030517578125
2005-04-04,1.285000205039978,84.77999877929688,3.74,4.47,2.4252729229906054,1.3147270770093948,-0.031058233245379263,0.7299999999999995,0.6500015258789062
2005-04-05,1.2857933044433594,84.66000366210938,3.75,4.48,2.4261631606101983,1.3238368393898017,-0.007571879245342306,0.7300000000000004,0.34000396728515625
2005-04-06,1.2867032289505005,84.68000030517578,3.7,4.44,2.415184422117401,1.2848155778825991,-0.049879124037321976,0.7400000000000002,0.3899993896484375
2005-04-07,1.285000205039978,84.87000274658203,3.72,4.49,2.386420022614072,1.333579977385928,0.005141605178500264,0.77,0.8100051879882812
2005-04-08,1.2934937477111816,84.47000122070312,3.77,4.5,2.3832437110822164,1.3867562889177836,0.05675895134327558,0.73,0.04000091552734375
2005-04-11,1.2971009016036987,84.16000366210938,3.75,4.45,2.3740836701264967,1.3759163298735033,0.06118925286410848,0.7000000000000002,-0.6199951171875
2005-04-12,1.2915056943893433,84.41999816894531,3.71,4.38,2.3799338766190083,1.3300661233809916,0.006229283991189938,0.6699999999999999,-0.2400054931640625
2005-04-13,1.291205644607544,84.41999816894531,3.66,4.38,2.3691854622503943,1.2908145377496059,0.005998959867006715,0.7199999999999998,-0.26000213623046875
2005-04-14,1.2794922590255737,85.0,3.6,4.37,2.371354426813319,1.228645573186681,-0.10493440419924704,0.77,0.12999725341796875
2005-04-15,1.2870012521743774,84.55999755859375,3.54,4.27,2.3258817112939374,1.2141182887060626,-0.17263800021172093,0.7299999999999995,0.089996337890625
2005-04-18,1.3017951250076294,84.0,3.55,4.27,2.321241266090829,1.2287587339091708,-0.14715759596433253,0.7199999999999998,-0.160003662109375
2005-04-19,1.3065063953399658,83.76000213623047,3.5,4.21,2.293596172259186,1.206403827740814,-0.12366229564017761,0.71,-0.6599960327148438
2005-04-20,1.3086949586868286,83.5199966430664,3.52,4.22,2.291675432809642,1.228324567190358,-0.062489970559247876,0.6999999999999997,-0.9000015258789062
2005-04-21,1.3046995401382446,83.69999694824219,3.65,4.32,2.2973283247379293,1.3526716752620707,0.12402610207538967,0.6700000000000004,-1.3000030517578125
2005-04-22,1.3061991930007935,83.5,3.62,4.26,2.2884812616085743,1.3315187383914258,0.11740044968536312,0.6399999999999997,-1.05999755859375
2005-04-25,1.2993931770324707,83.81999969482422,3.64,4.26,2.2862602050395977,1.3537397949604024,0.12498106105123163,0.6199999999999997,-0.18000030517578125
2005-04-26,1.2984988689422607,83.95999908447266,3.67,4.28,2.2761745435373166,1.3938254564626833,0.1874216287218693,0.6100000000000003,0.1999969482421875
2005-04-27,1.2921065092086792,84.12000274658203,3.64,4.25,2.261234289337814,1.378765710662186,0.15044114347182802,0.6099999999999999,0.600006103515625
2005-04-28,1.2905057668685913,84.3499984741211,3.59,4.19,2.2447868245344718,1.345213175465528,-0.0074584997965425615,0.6000000000000005,0.6500015258789062
2005-04-29,1.287597894668579,84.43000030517578,3.66,4.21,2.2454726759806487,1.4145273240193514,0.08300858562792568,0.5499999999999998,0.9300003051757812
2005-05-02,1.2846039533615112,84.48999786376953,3.64,4.21,2.2295601035951607,1.4104398964048395,0.056700101444437045,0.5699999999999998,0.6699981689453125
2005-05-03,1.2886930704116821,84.51000213623047,3.68,4.21,2.208103951088044,1.4718960489119564,0.07807059244927306,0.5299999999999998,0.5500030517578125
2005-05-04,1.2950012683868408,84.0,3.63,4.2,2.224712344307941,1.4052876556920588,0.026521945029872818,0.5700000000000003,-0.12000274658203125
2005-05-05,1.2956053018569946,83.94000244140625,3.58,4.19,2.215864917653005,1.364135082346995,0.018921906881467,0.6100000000000003,-0.40999603271484375
2005-05-06,1.2811970710754395,84.61000061035156,3.73,4.28,2.2388215751746325,1.4911784248253674,0.076651100806016,0.5500000000000003,0.18000030517578125
2005-05-09,1.2854957580566406,84.63999938964844,3.76,4.29,2.2464399158754595,1.5135600841245402,0.10312018771970077,0.5300000000000002,0.15000152587890625
2005-05-10,1.2886930704116821,84.44999694824219,3.69,4.23,2.2059651908488256,1.4840348091511744,0.012138760239218005,0.5400000000000005,-0.06000518798828125
2005-05-11,1.2813942432403564,84.94000244140625,3.68,4.21,2.2026005071685746,1.4773994928314256,0.07211183713936675,0.5299999999999998,0.94000244140625
2005-05-12,1.2681021690368652,85.48999786376953,3.66,4.18,2.214977485360979,1.445022514639021,0.08088743229202588,0.5199999999999996,1.5499954223632812
2005-05-13,1.2616068124771118,86.0999984741211,3.61,4.12,2.212616411245244,1.3973835887547557,-0.09379483607061179,0.5100000000000002,1.4899978637695312
2005-05-16,1.2639987468719482,86.12000274658203,3.61,4.13,2.218426112950952,1.3915738870490477,-0.12198619707549252,0.52,1.4800033569335938
2005-05-17,1.2603029012680054,86.20999908447266,3.61,4.12,2.218322774644519,1.391677225355481,-0.09235758379569337,0.5100000000000002,1.7600021362304688
2005-05-18,1.2681021690368652,85.81999969482422,3.56,4.07,2.210477322146059,1.3495226778539409,-0.1278768149774847,0.5100000000000002,0.8799972534179688
2005-05-19,1.2635036706924438,86.08999633789062,3.64,4.11,2.220724797577533,1.419275202422467,-0.025747312216553908,0.4700000000000002,0.5999984741210938
2005-05-20,1.2556977272033691,86.62999725341797,3.69,4.13,2.2580057108523137,1.4319942891476862,0.03461070039293057,0.43999999999999995,0.529998779296875
2005-05-23,1.257102608680725,86.4000015258789,3.65,4.07,2.24972277920196,1.4002772207980398,0.008703333748992126,0.4200000000000004,0.279998779296875
2005-05-24,1.2568024396896362,86.37000274658203,3.61,4.04,2.2058732244789137,1.4041267755210862,0.012449550165605228,0.43000000000000016,0.160003662109375
2005-05-25,1.2599060535430908,86.3499984741211,3.61,4.08,2.180298629971664,1.429701370028336,0.08017869217439522,0.4700000000000002,0.529998779296875
2005-05-26,1.251392126083374,86.8499984741211,3.64,4.08,2.195616116158752,1.444383883841248,0.025108681418780865,0.43999999999999995,0.7600021362304688
2005-05-27,1.2581939697265625,86.41999816894531,3.64,4.08,2.1826764919821167,1.4573235080178835,0.025329218870197234,0.43999999999999995,-0.20999908447265625
2005-05-31,1.2307995557785034,87.76000213623047,3.6,4.0,2.166920221387585,1.4330797786124152,0.032802557814375355,0.3999999999999999,1.3600006103515625
2005-06-01,1.2196015119552612,88.11000061035156,3.5,3.91,2.105484407364105,1.3945155926358952,-0.009611182885191027,0.41000000000000014,1.7399978637695312
2005-06-02,1.2266929149627686,87.75,3.52,3.89,2.103176897889991,1.4168231021100088,-0.012878267918327246,0.3700000000000001,1.4000015258789062
2005-06-03,1.223002314567566,88.04000091552734,3.57,3.98,2.077196039510348,1.4928039604896517,0.048420076648403754,0.41000000000000014,1.19000244140625
2005-06-06,1.2260010242462158,87.5999984741211,3.59,3.96,2.084079297379979,1.505920702620021,0.04859719460213752,0.3700000000000001,1.1800003051757812
2005-06-07,1.2278977632522583,87.48999786376953,3.57,3.92,2.049681846390116,1.520318153609884,0.08723837499746878,0.3500000000000001,-0.2700042724609375
2005-06-08,1.2237954139709473,87.87999725341797,3.6,3.95,2.0174074611317216,1.5825925388682784,0.18807694623238325,0.3500000000000001,-0.23000335693359375
2005-06-09,1.2227928638458252,88.06999969482422,3.64,3.98,2.046201943395045,1.593798056604955,0.17697495449494616,0.33999999999999986,0.31999969482421875
2005-06-10,1.2136952877044678,88.69000244140625,3.71,4.05,2.0710953880118983,1.6389046119881017,0.14610065149844997,0.33999999999999986,0.6500015258789062
2005-06-13,1.211798071861267,88.94999694824219,3.71,4.09,2.0645548617955685,1.6454451382044315,0.13952443558441052,0.3799999999999999,1.3499984741210938
2005-06-14,1.202602505683899,89.26000213623047,3.71,4.13,2.0706293565310103,1.6393706434689896,0.11905248985910566,0.41999999999999993,1.7700042724609375
2005-06-15,1.2121946811676025,88.6500015258789,3.72,4.12,2.1263651056534654,1.5936348943465348,0.011042355478256383,0.3999999999999999,0.7700042724609375
2005-06-16,1.2099066972732544,88.72000122070312,3.7,4.09,2.159163612497005,1.5408363875029951,-0.052961669101959874,0.3899999999999997,0.6500015258789062
2005-06-17,1.2278977632522583,87.7300033569336,3.72,4.09,2.147284222394036,1.5727157776059641,-0.06618883438213752,0.36999999999999966,-0.9599990844726562
2005-06-20,1.2151997089385986,88.48999786376953,3.72,4.11,2.1188253767567558,1.6011746232432444,-0.04427051496118706,0.3900000000000001,-0.45999908447265625
2005-06-21,1.2174040079116821,88.18000030517578,3.71,4.06,2.040734023358087,1.669265976641913,0.029895333172923255,0.34999999999999964,-1.0800018310546875
2005-06-22,1.212106466293335,88.55999755859375,3.62,3.95,2.001475202468643,1.6185247975313573,0.024889903184822426,0.33000000000000007,-0.09000396728515625
2005-06-23,1.2029062509536743,89.12000274658203,3.63,3.96,2.0131253549464723,1.6168746450535276,0.0760382575505325,0.33000000000000007,0.40000152587890625
2005-06-24,1.2098042964935303,88.77999877929688,3.59,3.92,2.013498847512335,1.5765011524876646,0.0037853748817004984,0.33000000000000007,1.0499954223632812
2005-06-27,1.2163970470428467,88.44999694824219,3.6,3.9,2.0002464370535344,1.5997535629464656,-0.0014210602967787977,0.2999999999999998,-0.04000091552734375
2005-06-28,1.2073066234588623,88.98999786376953,3.65,3.97,2.0222989132790574,1.6277010867209425,-0.041564889920970405,0.3200000000000003,0.80999755859375
2005-06-29,1.207802414894104,89.11000061035156,3.65,3.99,2.002141226412383,1.647858773587617,0.029333976056259647,0.3400000000000003,0.5500030517578125
2005-06-30,1.2091021537780762,89.11000061035156,3.66,3.94,2.0087405216264917,1.6512594783735084,0.03438483331998077,0.2799999999999998,-0.01000213623046875
2005-07-01,1.193602204322815,90.12999725341797,3.76,4.06,2.026369195672039,1.733630804327961,0.15712965184029626,0.2999999999999998,1.3499984741210938
2005-07-05,1.1931037902832031,90.44000244140625,3.79,4.11,2.140429707889079,1.649570292110921,0.04981672916445534,0.3200000000000003,1.9900054931640625
2005-07-06,1.1929045915603638,90.37999725341797,3.77,4.08,2.144365057084474,1.625634942915526,-0.002066143805416587,0.31000000000000005,1.3899993896484375
2005-07-07,1.1945005655288696,90.27999877929688,3.71,4.05,2.09627269134079,1.61372730865921,-0.034131464928406796,0.33999999999999986,1.1699981689453125
2005-07-08,1.1981070041656494,90.25,3.78,4.11,2.1070653705049103,1.6729346294950895,0.021675151121581138,0.3300000000000005,1.1399993896484375
2005-07-11,1.20689857006073,89.45999908447266,3.81,4.11,2.1409248180825,1.6690751819175,-0.06455562241046087,0.30000000000000027,-0.6699981689453125
2005-07-12,1.223002314567566,88.41000366210938,3.82,4.15,2.1563486338256985,1.6636513661743013,0.014081074063380328,0.3300000000000005,-2.029998779296875
2005-07-13,1.208006739616394,89.30999755859375,3.84,4.17,2.173002021967985,1.6669979780320148,0.04136303511648887,0.33000000000000007,-1.0699996948242188
2005-07-14,1.2093945741653442,89.4000015258789,3.86,4.19,2.1899680253831115,1.6700319746168883,0.056304665957678246,0.3300000000000005,-0.8799972534179688
2005-07-15,1.204601526260376,89.72000122070312,3.86,4.18,2.1995302679981243,1.6604697320018755,-0.012464897493214,0.31999999999999984,-0.529998779296875
2005-07-18,1.2056035995483398,89.63999938964844,3.89,4.22,2.181308270147848,1.708691729852152,0.03961654793465197,0.3299999999999996,0.18000030517578125
2005-07-19,1.2029930353164673,89.8499984741211,3.88,4.2,2.1939659182784057,1.6860340817215942,0.022382715547292875,0.3200000000000003,1.4399948120117188
2005-07-20,1.2158055305480957,89.33999633789062,3.9,4.17,2.20317268404512,1.69682731595488,0.02982933792286513,0.27,0.029998779296875
2005-07-21,1.2161011695861816,88.93000030517578,3.96,4.28,2.1793332043021945,1.7806667956978055,0.11063482108091716,0.3200000000000003,-0.470001220703125
2005-07-22,1.2060980796813965,89.63999938964844,3.92,4.23,2.1579617285450503,1.7620382714549496,0.10156853945307409,0.3100000000000005,-0.0800018310546875
2005-07-25,1.2065054178237915,89.5999984741211,3.95,4.25,2.1588976660699557,1.7911023339300445,0.08241060407789247,0.2999999999999998,-0.04000091552734375
2005-07-26,1.2017064094543457,90.0,3.95,4.24,2.182209352713893,1.7677906472861071,0.08175656556451294,0.29000000000000004,0.15000152587890625
2005-07-27,1.2066947221755981,89.7300033569336,3.99,4.27,2.175121549903388,1.8148784500966122,0.1180511341417323,0.27999999999999936,0.39000701904296875
2005-07-28,1.213194727897644,89.33999633789062,3.96,4.2,2.190342144511324,1.769657855488676,-0.01100894020912957,0.2400000000000002,0.40999603271484375
2005-07-29,1.2124004364013672,89.3499984741211,4.02,4.28,2.196330141012986,1.8236698589870137,0.0616315875320641,0.2600000000000007,-0.29000091552734375
2005-08-01,1.218397855758667,88.80000305175781,4.04,4.32,2.242963576904289,1.7970364230957112,0.005934089165666734,0.28000000000000025,-0.7999954223632812
2005-08-02,1.219393253326416,88.76000213623047,4.06,4.34,2.23931123712001,1.8206887628799895,0.052898115593882356,0.28000000000000025,-1.2399978637695312
2005-08-03,1.23350191116333,87.98999786376953,4.02,4.3,2.2579855128516098,1.7620144871483898,-0.052863962948222376,0.28000000000000025,-1.7400054931640625
2005-08-04,1.2384973764419556,87.80000305175781,4.04,4.32,2.258797350562882,1.7812026494371183,0.011544793948442322,0.28000000000000025,-1.5399932861328125
2005-08-05,1.2365983724594116,88.05999755859375,4.11,4.4,2.2920839524407857,1.8179160475592147,-0.0057538114277990715,0.29000000000000004,-1.2900009155273438
2005-08-08,1.235101580619812,87.91999816894531,4.16,4.42,2.2970124774212985,1.8629875225787016,0.06595109948299038,0.2599999999999998,-0.8800048828125
2005-08-09,1.2378076314926147,87.88999938964844,4.13,4.41,2.298595713496724,1.8314042865032758,0.010715523623286316,0.28000000000000025,-0.8700027465820312
2005-08-10,1.2386049032211304,87.61000061035156,4.13,4.4,2.2909478526289124,1.8390521473710875,0.07703766022269765,0.27000000000000046,-0.37999725341796875
2005-08-11,1.247302770614624,87.0999984741211,4.1,4.32,2.2834728760462,1.8165271239537994,0.03532447451668119,0.22000000000000064,-0.7000045776367188
2005-08-12,1.2444931268692017,86.9800033569336,4.05,4.24,2.249012196811746,1.8009878031882538,-0.016928244370960854,0.1900000000000004,-1.0799942016601562
2005-08-15,1.2371032238006592,87.31999969482422,4.08,4.27,2.2212462092334477,1.8587537907665523,-0.004233731812149255,0.1899999999999995,-0.5999984741210938
2005-08-16,1.234994888305664,87.43000030517578,4.03,4.23,2.1990734899984794,1.8309265100015208,-0.00047777650175495623,0.20000000000000018,-0.45999908447265625
2005-08-17,1.2278074026107788,88.0,4.07,4.28,2.187718600004509,1.8822813999954913,0.0432292526244038,0.20999999999999996,0.3899993896484375
2005-08-18,1.218397855758667,88.58999633789062,4.01,4.21,2.1758046984646446,1.8341953015353551,0.0176681775815557,0.20000000000000018,1.4899978637695312
2005-08-19,1.2154951095581055,88.58000183105469,4.03,4.21,2.180987959115384,1.8490120408846162,0.04802423769636244,0.17999999999999972,1.5999984741210938
2005-08-22,1.223406195640564,88.13999938964844,4.03,4.22,2.1915076762985146,1.8384923237014856,-0.020261467065066707,0.1899999999999995,0.8199996948242188
2005-08-23,1.2234959602355957,88.08000183105469,4.01,4.2,2.1979715802315085,1.8120284197684913,-0.018898090233029574,0.1900000000000004,0.6500015258789062
2005-08-24,1.227400541305542,87.91000366210938,3.99,4.19,2.196216437340069,1.793783562659931,-0.08849783733556027,0.20000000000000018,-0.089996337890625
2005-08-25,1.230193853378296,87.63999938964844,4.0,4.18,2.1821776281012677,1.8178223718987323,-0.016372929636622846,0.17999999999999972,-0.9499969482421875
2005-08-26,1.2294074296951294,87.86000061035156,4.06,4.2,2.1957450139576222,1.8642549860423774,0.015242945157761145,0.14000000000000057,-0.720001220703125
2005-08-29,1.2234959602355957,88.25,4.06,4.2,2.203163080378284,1.8568369196217156,0.018344595920229967,0.14000000000000057,0.1100006103515625
2005-08-30,1.2218068838119507,88.3499984741211,3.97,4.16,2.223580585505104,1.7464194144948961,-0.06560900527359514,0.18999999999999995,0.26999664306640625
2005-08-31,1.234095573425293,87.58000183105469,3.84,4.02,2.182163966277984,1.657836033722016,-0.13594752893791506,0.17999999999999972,-0.3300018310546875
2005-09-01,1.2490007877349854,86.55000305175781,3.72,4.02,2.1384688836598107,1.5815311163401895,-0.2362912555585428,0.2999999999999994,-1.089996337890625
2005-09-02,1.2533055543899536,86.30000305175781,3.75,4.03,2.112662885914128,1.637337114085872,-0.22691787195650548,0.28000000000000025,-1.55999755859375
2005-09-06,1.245795488357544,86.56999969482422,3.8,4.09,2.129561712350473,1.6704382876495267,-0.18639863197218887,0.29000000000000004,-1.6800003051757812
2005-09-07,1.2416036128997803,86.97000122070312,3.87,4.15,2.135836746887776,1.7341632531122242,-0.012256161382671937,0.28000000000000025,-1.3799972534179688
2005-09-08,1.2394031286239624,87.04000091552734,3.87,4.15,2.1295907085320813,1.7404092914679188,0.08257325774590285,0.28000000000000025,-0.5400009155273438
2005-09-09,1.2410951852798462,86.88999938964844,3.88,4.14,2.139886953983722,1.740113046016278,0.15858192967608842,0.2599999999999998,0.339996337890625
2005-09-12,1.2291052341461182,87.70999908447266,3.92,4.18,2.180301303796925,1.739698696203075,0.10236158211720303,0.2599999999999998,1.4099960327148438
2005-09-13,1.2280033826828003,87.75,3.88,4.14,2.182172251878112,1.6978277481218877,0.027389460472361016,0.2599999999999998,1.1800003051757812
2005-09-14,1.2278977632522583,87.66999816894531,3.9,4.17,2.1851137526758326,1.7148862473241673,-0.01927700578805691,0.27,0.6999969482421875
2005-09-15,1.2236007452011108,88.12999725341797,3.9,4.22,2.2108913765233,1.6891086234767,-0.051300667991218685,0.31999999999999984,1.089996337890625
2005-09-16,1.223900318145752,88.05000305175781,3.97,4.26,2.2243521753862234,1.7456478246137768,0.005534778597498846,0.2899999999999996,1.160003662109375
2005-09-19,1.2139016389846802,88.44000244140625,3.93,4.25,2.2156426586920137,1.7143573413079864,-0.025341354895088486,0.31999999999999984,0.7300033569335938
2005-09-20,1.2119008302688599,88.5999984741211,4.0,4.26,2.195043597775592,1.8049564022244078,0.10712865410252004,0.2599999999999998,0.8499984741210938
2005-09-22,1.2154065370559692,88.55999755859375,3.95,4.19,2.173301474847833,1.7766985251521672,0.06181227782799992,0.2400000000000002,0.8899993896484375
2005-09-23,1.2040939331054688,89.20999908447266,4.02,4.25,2.2160768571929608,1.8039231428070388,0.1148145193303387,0.23000000000000043,1.0800018310546875
2005-09-26,1.2073066234588623,89.11000061035156,4.07,4.3,2.257231201512201,1.8127687984877991,0.06712097387402238,0.22999999999999954,1.05999755859375
2005-09-27,1.2018941640853882,89.5999984741211,4.08,4.3,2.2568260775942344,1.8231739224057657,0.10881658109777925,0.21999999999999975,1.1599960327148438
2005-09-28,1.2061998844146729,89.47000122070312,4.09,4.26,2.289866670865881,1.8001333291341188,-0.004823073090288954,0.16999999999999993,0.8700027465820312
2005-09-29,1.2020964622497559,89.4000015258789,4.13,4.29,2.327695285125408,1.8023047148745919,0.025606189722424677,0.16000000000000014,0.8400039672851562
2005-09-30,1.2028049230575562,89.5199966430664,4.18,4.34,2.3295126534786603,1.8504873465213394,0.04656420371430059,0.16000000000000014,0.30999755859375
2005-10-03,1.1912987232208252,90.12999725341797,4.21,4.39,2.3671129585750887,1.8428870414249112,0.030118242937112072,0.17999999999999972,1.0199966430664062
2005-10-04,1.1918951272964478,90.0999984741211,4.22,4.38,2.3433114228042147,1.876688577195785,0.05351465479001938,0.16000000000000014,0.5
2005-10-05,1.2012012004852295,89.9800033569336,4.21,4.36,2.3465014917924503,1.8634985082075497,0.06336517907343087,0.15000000000000036,0.5100021362304688
2005-10-06,1.2171964645385742,88.66000366210938,4.2,4.37,2.353191164498001,1.8468088355019994,0.044504120627407495,0.16999999999999993,-0.7399978637695312
2005-10-07,1.213003396987915,89.16999816894531,4.18,4.35,2.3887491162028933,1.7912508837971064,-0.059236462724233,0.16999999999999993,-0.34999847412109375
2005-10-11,1.1984946727752686,89.97000122070312,4.22,4.39,2.4230519596744413,1.7969480403255584,-0.04593900109935278,0.16999999999999993,-0.15999603271484375
2005-10-12,1.2028049230575562,89.62999725341797,4.24,4.45,2.429236554627936,1.8107634453720642,-0.06592513182372084,0.20999999999999996,-0.470001220703125
2005-10-13,1.2018941640853882,89.80999755859375,4.24,4.48,2.4395672259504173,1.800432774049583,-0.06306573415796679,0.2400000000000002,-0.17000579833984375
2005-10-14,1.2077003717422485,89.3499984741211,4.27,4.48,2.432277475176072,1.8377225248239277,-0.00908631067807164,0.21000000000000085,0.6899948120117188
2005-10-17,1.20110023021698,89.80000305175781,4.29,4.5,2.4718894875596824,1.8181105124403176,0.02685962864321123,0.20999999999999996,0.6300048828125
2005-10-18,1.195500135421753,90.29000091552734,4.27,4.49,2.4703564205462545,1.799643579453745,0.0026955391281866525,0.22000000000000064,0.31999969482421875
2005-10-19,1.1974040269851685,89.98999786376953,4.25,4.47,2.429872751364328,1.8201272486356719,0.00936380326360764,0.21999999999999975,0.3600006103515625
2005-10-20,1.2017930746078491,89.91000366210938,4.27,4.46,2.485790607387352,1.7842093926126474,-0.01622338143693547,0.1900000000000004,0.100006103515625
2005-10-21,1.1954001188278198,90.30999755859375,4.22,4.39,2.4574032188278707,1.762596781172129,-0.0751257436517987,0.16999999999999993,0.9599990844726562
2005-10-24,1.197604775428772,90.11000061035156,4.25,4.45,2.450375616750516,1.7996243832494838,-0.01848612919083381,0.20000000000000018,0.30999755859375
2005-10-25,1.2111963033676147,89.23999786376953,4.34,4.54,2.4899305497072364,1.8500694502927635,0.050425870839018394,0.20000000000000018,-1.0500030517578125
2005-10-26,1.2063016891479492,89.48999786376953,4.38,4.6,2.570526548945864,1.809473451054136,-0.010653797581535951,0.21999999999999975,-0.5
2005-10-27,1.2142995595932007,89.0999984741211,4.36,4.57,2.568827925068803,1.7911720749311972,0.0069626823185497955,0.20999999999999996,-0.8100051879882812
2005-10-28,1.2071025371551514,89.58999633789062,4.4,4.58,2.5908411037059818,1.8091588962940186,0.04656211512188957,0.17999999999999972,-0.720001220703125
2005-10-31,1.1988970041275024,90.06999969482422,4.4,4.57,2.590394882861841,1.8096051171381595,0.009980733888675708,0.16999999999999993,-0.04000091552734375
2005-11-01,1.2023999691009521,90.08000183105469,4.42,4.58,2.617314789319368,1.802685210680632,-0.04738423961213156,0.16000000000000014,0.8400039672851562
2005-11-02,1.206752896308899,89.72000122070312,4.43,4.61,2.664784285460957,1.7652157145390426,-0.04425773651509335,0.1800000000000006,0.23000335693359375
2005-11-03,1.1952000856399536,90.44000244140625,4.47,4.65,2.6566235118193244,1.8133764881806753,0.022204413249478083,0.1800000000000006,1.3400039672851562
2005-11-04,1.1813069581985474,91.26000213623047,4.47,4.66,2.6424611662609365,1.8275388337390632,0.018379937445044625,0.1900000000000004,1.6700057983398438
2005-11-07,1.1793009042739868,91.29000091552734,4.47,4.65,2.7016727045351567,1.768327295464843,-0.041277821673316506,0.1800000000000006,1.220001220703125
2005-11-08,1.1768028736114502,91.37000274658203,4.43,4.57,2.6943420998536056,1.735657900146394,-0.06702731053423783,0.14000000000000057,1.2900009155273438
2005-11-09,1.1778008937835693,91.5,4.49,4.64,2.730480350726681,1.7595196492733192,-0.005696065265723416,0.14999999999999947,1.779998779296875
2005-11-10,1.1675559282302856,92.08000183105469,4.44,4.55,2.7307379186895564,1.709262081310444,-0.10411440687023132,0.10999999999999943,1.6399993896484375
2005-11-14,1.1691941022872925,92.12999725341797,4.5,4.61,2.708203199327671,1.791796800672329,-0.03574203306673418,0.11000000000000032,0.8699951171875
2005-11-15,1.1731994152069092,92.08999633789062,4.47,4.56,2.7249310920155327,1.745068907984467,-0.023258387480376008,0.08999999999999986,0.7999954223632812
2005-11-16,1.1677058935165405,92.33000183105469,4.42,4.49,2.661796019558876,1.7582039804411238,0.02254608029472971,0.07000000000000028,0.9599990844726562
2005-11-17,1.1747982501983643,91.87999725341797,4.37,4.46,2.696149792458587,1.6738502075414132,-0.08566944173190594,0.08999999999999986,0.37999725341796875
2005-11-18,1.1776067018508911,91.93000030517578,4.4,4.5,2.808596314189701,1.5914036858102993,-0.11785839550014465,0.09999999999999964,-0.15000152587890625
2005-11-21,1.1736950874328613,92.02999877929688,4.39,4.46,2.808348125341495,1.5816518746585047,-0.2101449260138244,0.07000000000000028,-0.09999847412109375
2005-11-22,1.181404709815979,91.5,4.32,4.43,2.7763259552896336,1.5436740447103667,-0.20139486327410028,0.10999999999999943,-0.589996337890625
2005-11-23,1.1808048486709595,91.51000213623047,4.36,4.47,2.7485013981403075,1.6114986018596928,-0.14670537858143096,0.10999999999999943,-0.8199996948242188
2005-11-25,1.1724978685379028,92.04000091552734,4.33,4.43,2.701157892451584,1.628842107548416,-0.04500809999299715,0.09999999999999964,0.160003662109375
2005-11-28,1.1850025653839111,90.9800033569336,4.33,4.41,2.7359580915529103,1.5940419084470898,0.002638222636790477,0.08000000000000007,-0.9499969482421875
2005-11-29,1.1768028736114502,91.62000274658203,4.4,4.48,2.734290972189215,1.6657090278107853,0.08405715315228068,0.08000000000000007,-0.40999603271484375
2005-11-30,1.1804981231689453,91.56999969482422,4.42,4.49,2.7647747297680527,1.6552252702319472,0.11155122552158048,0.07000000000000028,0.06999969482421875
2005-12-01,1.1742050647735596,91.81999969482422,4.45,4.52,2.684730254931728,1.7652697450682724,0.15377114320857954,0.0699999999999994,0.30999755859375
2005-12-02,1.1718933582305908,91.94999694824219,4.43,4.52,2.6896712020254085,1.7403287979745912,0.1114866904261751,0.08999999999999986,-0.09000396728515625
2005-12-05,1.1787031888961792,91.4800033569336,4.47,4.57,2.697110071843761,1.7728899281562387,0.17884801970914888,0.10000000000000053,0.5
2005-12-06,1.1798018217086792,91.44000244140625,4.42,4.49,2.692836457873148,1.7271635421268519,0.06145451431606652,0.07000000000000028,-0.18000030517578125
2005-12-07,1.1717971563339233,91.88999938964844,4.42,4.52,2.6954879493646726,1.7245120506353273,0.0692867804033801,0.09999999999999964,0.31999969482421875
2005-12-08,1.1813069581985474,91.26000213623047,4.37,4.47,2.70740015401537,1.66259984598463,-0.10266989908364232,0.09999999999999964,-0.55999755859375
2005-12-09,1.181404709815979,91.25,4.43,4.54,2.7626742071081933,1.6673257928918064,-0.07300300508278479,0.11000000000000032,-0.6999969482421875
2005-12-12,1.1956002712249756,90.3499984741211,4.45,4.56,2.7701153102373643,1.6798846897626358,-0.09300523839360286,0.10999999999999943,-1.1300048828125
2005-12-13,1.1949001550674438,90.37999725341797,4.43,4.54,2.781040524346635,1.6489594756533648,-0.0782040664734871,0.11000000000000032,-1.0600051879882812
2005-12-14,1.1974040269851685,89.83000183105469,4.37,4.45,2.775203441279973,1.5947965587200272,-0.12971549191530007,0.08000000000000007,-2.05999755859375
2005-12-15,1.1967018842697144,90.0199966430664,4.37,4.47,2.78273155827365,1.58726844172635,-0.07533140425828,0.09999999999999964,-1.2400054931640625
2005-12-16,1.2014031410217285,89.69999694824219,4.37,4.45,2.774694225686403,1.595305774313597,-0.07202001857820939,0.08000000000000007,-1.5500030517578125
2005-12-19,1.2006964683532715,89.87000274658203,4.38,4.45,2.7862462513891133,1.5937537486108866,-0.08613094115174924,0.07000000000000028,-0.4799957275390625
2005-12-20,1.1874933242797852,90.77999877929688,4.42,4.47,2.8007204864048654,1.6192795135951346,-0.029679962058230203,0.04999999999999982,0.40000152587890625
2005-12-21,1.1834039688110352,90.94000244140625,4.43,4.49,2.8359387420944437,1.594061257905556,-0.0007353008144712625,0.0600000000000005,1.1100006103515625
2005-12-22,1.187295913696289,90.72000122070312,4.4,4.44,2.8467832317735544,1.553216768226446,-0.03405167349990412,0.040000000000000036,0.7000045776367188
2005-12-23,1.187197208404541,90.83999633789062,4.37,4.38,2.845391506886233,1.524608493113767,-0.0706972811998301,0.009999999999999787,1.1399993896484375
2005-12-27,1.1856067180633545,91.19000244140625,4.35,4.34,2.842875501860507,1.5071244981394925,-0.08662925047139414,-0.009999999999999787,1.3199996948242188
2005-12-28,1.184805989265442,91.26000213623047,4.37,4.38,2.82047987975353,1.54952012024647,-0.06975939334866466,0.009999999999999787,0.48000335693359375
2005-12-29,1.1850025653839111,91.0999984741211,4.38,4.37,2.837143253962105,1.542856746037895,-0.05120451186766095,-0.009999999999999787,0.15999603271484375
2005-12-30,1.184104561805725,91.16999816894531,4.41,4.39,2.805441849257548,1.6045581507424522,0.051341382516006284,-0.020000000000000462,0.4499969482421875
2006-01-03,1.2032970190048218,89.83999633789062,4.34,4.37,2.852530847150719,1.4874691528492807,-0.037139340264486176,0.03000000000000025,-1.0
2006-01-04,1.2111963033676147,89.13999938964844,4.31,4.36,2.763766378949027,1.5462336210509724,0.03910912291147994,0.05000000000000071,-2.0500030517578125
2006-01-05,1.2106977701187134,89.33000183105469,4.32,4.36,2.7364603523394315,1.5835396476605688,0.03401952741409886,0.040000000000000036,-1.9300003051757812
2006-01-06,1.2154065370559692,88.8499984741211,4.36,4.38,2.7402444414717246,1.6197555585282757,0.07689881249038066,0.019999999999999574,-2.25
2006-01-09,1.207496166229248,89.25,4.36,4.38,2.74495057145852,1.6150494285414805,0.010491277799028254,0.019999999999999574,-1.9199981689453125
2006-01-10,1.2064036130905151,89.33000183105469,4.41,4.43,2.783137147977277,1.626862852022723,0.13939369917344235,0.019999999999999574,-0.5099945068359375
2006-01-11,1.2139016389846802,88.98999786376953,4.44,4.46,2.817473617690696,1.6225263823093043,0.07629276125833195,0.019999999999999574,-0.15000152587890625
2006-01-12,1.2045000791549683,89.44000244140625,4.39,4.42,2.7831944271483016,1.6068055728516981,0.023265925191129355,0.03000000000000025,0.1100006103515625
2006-01-13,1.2142995595932007,88.88999938964844,4.34,4.36,2.7835399856202594,1.5564600143797405,-0.06329554414853522,0.020000000000000462,0.04000091552734375
2006-01-17,1.2108443975448608,89.30000305175781,4.33,4.34,2.767718991605337,1.5622810083946632,-0.05276842014681726,0.009999999999999787,0.0500030517578125
2006-01-18,1.210800290107727,89.26000213623047,4.33,4.34,2.80314109090814,1.5268589090918603,-0.10000394293086279,0.009999999999999787,-0.06999969482421875
2006-01-19,1.2091021537780762,89.38999938964844,4.37,4.38,2.84548202532935,1.5245179746706503,-0.09800840763865404,0.009999999999999787,0.40000152587890625
2006-01-20,1.2136069536209106,88.94999694824219,4.37,4.37,2.8494969198539337,1.5205030801460664,-0.08630249270563173,0.0,-0.4900054931640625
2006-01-23,1.2304056882858276,87.94999694824219,4.35,4.36,2.8622239302247348,1.4877760697752649,-0.06868394460447558,0.010000000000000675,-0.94000244140625
2006-01-24,1.2264971733093262,88.05999755859375,4.37,4.4,2.859873514598746,1.510126485401254,-0.05215452299340928,0.03000000000000025,-1.2400054931640625
2006-01-25,1.2244998216629028,88.33000183105469,4.46,4.49,2.8783470348483684,1.5816529651516316,0.05479405605977128,0.03000000000000025,-0.9300003051757812
2006-01-26,1.2214934825897217,88.62000274658203,4.49,4.53,2.873478375178367,1.6165216248216332,0.09200365015098289,0.040000000000000036,-0.7699966430664062
2006-01-27,1.2093945741653442,89.31999969482422,4.51,4.52,2.8948303537741467,1.6151696462258531,0.09466656607978674,0.009999999999999787,0.37000274658203125
2006-01-30,1.208605170249939,89.41999816894531,4.52,4.54,2.9294277067171617,1.590572293282838,0.102796223507573,0.020000000000000462,1.470001220703125
2006-01-31,1.2148454189300537,88.95999908447266,4.54,4.53,2.933042134238885,1.6069578657611152,0.09683138035986127,-0.009999999999999787,0.9000015258789062
2006-02-01,1.2066947221755981,89.51000213623047,4.59,4.57,2.937223737378553,1.652776262621447,0.0711232974698155,-0.019999999999999574,1.1800003051757812
2006-02-02,1.208400845527649,89.37000274658203,4.59,4.57,2.9643997802993822,1.6256002197006176,0.009078594878984436,-0.019999999999999574,0.75
2006-02-03,1.2027037143707275,89.88999938964844,4.59,4.54,2.9500050260585207,1.6399949739414792,0.024825327715626067,-0.04999999999999982,0.5699996948242188
2006-02-06,1.196300983428955,90.29000091552734,4.62,4.55,2.927057036672552,1.692942963327448,0.10237067004461009,-0.07000000000000028,0.8700027465820312
2006-02-07,1.1992995738983154,90.23999786376953,4.61,4.57,2.913206722776918,1.6967932772230823,0.08983541146196705,-0.040000000000000036,1.279998779296875
2006-02-08,1.19650137424469,90.43000030517578,4.64,4.56,2.9193011553601083,1.7206988446398914,0.06792258201844437,-0.08000000000000007,0.9199981689453125
2006-02-09,1.1994003057479858,90.29000091552734,4.66,4.54,2.921602427414624,1.738397572585376,0.11279735288475834,-0.1200000000000001,0.9199981689453125
2006-02-10,1.19070303440094,90.55000305175781,4.69,4.59,2.888117581696847,1.8018824183031534,0.16188744436167424,-0.10000000000000053,0.660003662109375
2006-02-13,1.1911994218826294,90.54000091552734,4.68,4.58,2.912941708153989,1.767058291846011,0.07411532851856295,-0.09999999999999964,0.25
2006-02-14,1.1915968656539917,90.54000091552734,4.69,4.62,2.916338894900738,1.7736611050992623,0.07686782787618007,-0.07000000000000028,0.3000030517578125
2006-02-15,1.1885942220687866,90.72000122070312,4.71,4.61,2.8926636306783404,1.8173363693216595,0.09663752468176812,-0.09999999999999964,0.29000091552734375
2006-02-16,1.19070303440094,90.7300033569336,4.69,4.59,2.9200267574378933,1.769973242562107,0.03157566997673111,-0.10000000000000053,0.44000244140625
2006-02-17,1.1942009925842285,90.63999938964844,4.66,4.54,2.894816122558824,1.765183877441176,-0.036698540861977325,-0.1200000000000001,0.089996337890625
2006-02-21,1.191994547843933,90.55000305175781,4.71,4.57,2.901885122735372,1.8081148772646278,0.0410565854186169,-0.13999999999999968,0.01000213623046875
2006-02-22,1.1915968656539917,90.66999816894531,4.68,4.53,2.90921464295294,1.7707853570470595,-0.002875748052202809,-0.14999999999999947,0.12999725341796875
2006-02-23,1.1921935081481934,90.38999938964844,4.72,4.56,2.954356364122561,1.7656436358774386,-0.051692733444220984,-0.16000000000000014,-0.3300018310546875
2006-02-24,1.1878036260604858,90.61000061035156,4.74,4.58,2.966544776461852,1.7734552235381482,0.0034819809760411324,-0.16000000000000014,-0.12000274658203125
2006-02-27,1.1850025653839111,90.62999725341797,4.74,4.59,2.994081099098313,1.745918900901687,-0.019264976539488998,-0.15000000000000036,-0.01000213623046875
2006-02-28,1.1930042505264282,90.11000061035156,4.69,4.55,3.004790323614269,1.6852096763857314,-0.12290520087889645,-0.14000000000000057,-0.44000244140625
2006-03-01,1.191994547843933,90.22000122070312,4.71,4.59,3.022441710504463,1.687558289495537,-0.08322706755152254,-0.1200000000000001,-0.4499969482421875
2006-03-02,1.203905463218689,89.55999755859375,4.72,4.64,3.0551049925564424,1.6648950074435573,-0.10074862843388122,-0.08000000000000007,-0.8300018310546875
2006-03-03,1.204601526260376,89.66000366210938,4.76,4.68,3.0906427961292957,1.669357203870704,-0.10409801966744414,-0.08000000000000007,-0.9499969482421875
2006-03-06,1.2016053199768066,89.88999938964844,4.77,4.74,3.08998781369852,1.6800121863014796,-0.06590671460020747,-0.02999999999999936,-0.7399978637695312
2006-03-07,1.1890040636062622,90.7699966430664,4.77,4.74,3.0945845848248603,1.6754154151751393,-0.009794261210592126,-0.02999999999999936,0.6599960327148438
2006-03-08,1.1927053928375244,90.62000274658203,4.72,4.73,3.108981548933316,1.6110184510666836,-0.07653983842885337,0.010000000000000675,0.40000152587890625
2006-03-09,1.1904053688049316,90.75,4.72,4.74,3.106322793722429,1.6136772062775706,-0.05121780116598673,0.020000000000000462,1.19000244140625
2006-03-10,1.1911001205444336,90.8499984741211,4.74,4.76,3.1251580758168918,1.6148419241831085,-0.05451527968759562,0.019999999999999574,1.1899948120117188
2006-03-13,1.1967018842697144,90.54000091552734,4.74,4.77,3.1413386885411203,1.59866131145888,-0.08135087484259973,0.02999999999999936,0.6500015258789062
2006-03-14,1.2018941640853882,90.0,4.66,4.71,3.1148696712532145,1.5451303287467857,-0.13028508642835357,0.04999999999999982,-0.7699966430664062
2006-03-15,1.2071025371551514,89.69999694824219,4.69,4.73,3.141754936799241,1.5482450632007594,-0.06277338786592424,0.040000000000000036,-0.9200057983398438
2006-03-16,1.217492938041687,89.06999969482422,4.62,4.65,3.158638297516291,1.4613617024837091,-0.1523155037938615,0.03000000000000025,-1.6800003051757812
2006-03-17,1.2192000150680542,88.91999816894531,4.65,4.68,3.192911158663585,1.4570888413364154,-0.1577530828466931,0.02999999999999936,-1.9300003051757812
2006-03-20,1.216293454170227,89.12999725341797,4.65,4.66,3.164199220278057,1.4858007797219432,-0.11286053173693666,0.009999999999999787,-1.410003662109375
2006-03-21,1.210800290107727,89.62000274658203,4.72,4.71,3.1778110935280406,1.5421889064719592,-0.0029414222748265217,-0.009999999999999787,-0.37999725341796875
2006-03-22,1.2079044580459595,89.72000122070312,4.74,4.7,3.1577662465184853,1.582233753481515,0.033988690280755574,-0.040000000000000036,0.0200042724609375
2006-03-23,1.197203278541565,90.45999908447266,4.77,4.73,3.153764822100489,1.6162351778995108,0.15487347541580165,-0.03999999999999915,1.3899993896484375
2006-03-24,1.2034997940063477,90.06999969482422,4.72,4.67,3.1568546450456783,1.5631453549543215,0.10605651361790613,-0.04999999999999982,1.1500015258789062
2006-03-27,1.20110023021698,90.06999969482422,4.72,4.7,3.134113711034156,1.5858862889658436,0.10008550924390036,-0.019999999999999574,0.94000244140625
2006-03-28,1.20110023021698,90.25,4.81,4.79,3.2232736306913448,1.5867263693086548,0.044537462836695685,-0.019999999999999574,0.6299972534179688
2006-03-29,1.2030943632125854,90.25,4.82,4.81,3.249505480782549,1.5704945192174513,-0.011739234264063647,-0.010000000000000675,0.529998779296875
2006-03-30,1.2167967557907104,89.38999938964844,4.84,4.86,3.274429022808544,1.5655709771914559,-0.050664200708054885,0.020000000000000462,-1.0699996948242188
2006-03-31,1.2115044593811035,89.7300033569336,4.82,4.86,3.2744868828643794,1.545513117135621,-0.017632237818700602,0.040000000000000036,-0.339996337890625
2006-04-03,1.2139016389846802,89.62999725341797,4.86,4.88,3.3173239907014844,1.542676009298516,-0.04321027966732771,0.019999999999999574,-0.44000244140625
2006-04-04,1.2260010242462158,88.83000183105469,4.84,4.87,3.30059379204074,1.5394062079592596,-0.04732016134939521,0.03000000000000025,-1.4199981689453125
2006-04-05,1.2288031578063965,88.62999725341797,4.81,4.84,3.287936294874941,1.5220637051250585,-0.048430814092392804,0.03000000000000025,-1.6200027465820312
2006-04-06,1.2214038372039795,88.95999908447266,4.84,4.9,3.238048098158836,1.6019519018411637,0.03638092464970777,0.0600000000000005,-0.43000030517578125
2006-04-07,1.2094969749450684,89.62999725341797,4.89,4.97,3.2360328705979686,1.653967129402031,0.10845401226641016,0.08000000000000007,-0.100006103515625
2006-04-10,1.2111963033676147,89.72000122070312,4.89,4.97,3.2564545005242382,1.6335454994757614,0.09086949017724555,0.08000000000000007,0.09000396728515625
2006-04-11,1.2148010730743408,89.44000244140625,4.88,4.93,3.2505628866184084,1.6294371133815915,0.09003090542233183,0.04999999999999982,0.6100006103515625
2006-04-12,1.2114017009735107,89.62000274658203,4.91,4.98,3.2460585459240545,1.6639414540759456,0.14187774895088712,0.07000000000000028,0.9900054931640625
2006-04-13,1.2116072177886963,89.62000274658203,4.96,5.05,3.296060044028547,1.6639399559714532,0.061988054130289516,0.08999999999999986,0.660003662109375
2006-04-18,1.2367054224014282,88.23999786376953,4.84,4.99,3.296716386882199,1.5432836131178007,-0.11068351628423034,0.15000000000000036,-1.3899993896484375
2006-04-19,1.2378076314926147,87.79000091552734,4.86,5.04,3.289681862188171,1.5703181378118294,-0.06322736166393206,0.17999999999999972,-1.9300003051757812
2006-04-20,1.230905532836914,88.25,4.89,5.04,3.282895194625358,1.6071048053746417,-0.02233230800694974,0.15000000000000036,-1.19000244140625
2006-04-21,1.234095573425293,88.05000305175781,4.9,5.01,3.273235697213942,1.6267643027860585,-0.03717715128988708,0.10999999999999943,-1.5699996948242188
2006-04-24,1.2388964891433716,87.44999694824219,4.89,4.99,3.284771420523711,1.6052285794762886,-0.05871137649516456,0.10000000000000053,-2.1700057983398438
2006-04-25,1.2428998947143555,87.31999969482422,4.95,5.07,3.342821771990024,1.607178228009976,0.0638946148921753,0.1200000000000001,-0.9199981689453125
2006-04-26,1.2448959350585938,87.22000122070312,4.99,5.12,3.3839393937024287,1.6060606062975715,0.03574246848574214,0.1299999999999999,-0.5699996948242188
2006-04-27,1.2531956434249878,86.62999725341797,4.91,5.09,3.3882976717303155,1.5217023282696847,-0.08540247710495708,0.17999999999999972,-1.6200027465820312
2006-04-28,1.2635995149612427,86.11000061035156,4.87,5.07,3.382991846095796,1.487008153904204,-0.1397561488818546,0.20000000000000018,-1.94000244140625
2006-05-02,1.261702299118042,85.79000091552734,4.92,5.12,3.3858049969257022,1.5341950030742977,-0.07103357640199093,0.20000000000000018,-1.6599960327148438
2006-05-03,1.2623074054718018,85.83999633789062,4.94,5.15,3.371917955556337,1.5680820444436634,-0.039096183566312614,0.20999999999999996,-1.4800033569335938
2006-05-04,1.270099401473999,85.83999633789062,4.97,5.16,3.3954583533466827,1.574541646653317,-0.03151895964425444,0.1900000000000004,-1.3800048828125
2006-05-05,1.272799015045166,85.12000274658203,4.94,5.12,3.3756272148836226,1.5643727851163778,0.04267045684669313,0.17999999999999972,-1.5099945068359375
2006-05-08,1.27029287815094,85.2300033569336,4.97,5.12,3.3865800636552765,1.5834199363447232,0.09641178244051929,0.15000000000000036,-0.8799972534179688
2006-05-09,1.2766989469528198,84.83000183105469,4.97,5.13,3.412536602899706,1.5574633971002938,0.02326839402599612,0.16000000000000014,-0.9599990844726562
2006-05-10,1.2774492502212524,84.5,5.01,5.13,3.391076221827877,1.6189237781721229,0.05084173372845946,0.1200000000000001,-1.339996337890625
2006-05-11,1.2851983308792114,84.2699966430664,4.99,5.14,3.423632482683778,1.5663675173162224,-0.008174129337094715,0.14999999999999947,-1.5699996948242188
2006-05-12,1.2929919958114624,83.95999908447266,5.01,5.19,3.394367347318928,1.6156326526810716,0.051259867564693806,0.1800000000000006,-1.160003662109375
2006-05-15,1.2790013551712036,84.54000091552734,4.99,5.15,3.3437148718007244,1.6462851281992759,0.06286519185455264,0.16000000000000014,-0.69000244140625
2006-05-16,1.285000205039978,84.16999816894531,4.96,5.1,3.3182523656155896,1.6417476343844104,0.0842842372841166,0.13999999999999968,-0.660003662109375
2006-05-17,1.2741937637329102,84.8499984741211,4.97,5.16,3.34321252344788,1.6267874765521197,0.007863698379996897,0.1900000000000004,0.34999847412109375
2006-05-18,1.2850992679595947,84.51000213623047,4.94,5.08,3.313112493815928,1.6268875061840724,0.06051998886785004,0.13999999999999968,0.2400054931640625
2006-05-19,1.2766989469528198,84.87999725341797,4.96,5.05,3.309301017873138,1.6506989821268618,0.035066329445790245,0.08999999999999986,0.9199981689453125
2006-05-22,1.2852975130081177,84.3499984741211,4.94,5.04,3.265457733745168,1.6745422662548326,0.02825713805555674,0.09999999999999964,-0.19000244140625
2006-05-23,1.2782983779907227,84.3499984741211,4.97,5.07,3.277193016387136,1.6928069836128636,0.05105934922845323,0.10000000000000053,0.18000030517578125
2006-05-24,1.277400255203247,84.94999694824219,4.94,5.03,3.266727396839352,1.6732726031606484,0.04648512660852866,0.08999999999999986,0.09999847412109375
2006-05-25,1.2810001373291016,84.6500015258789,4.98,5.07,3.265727413464461,1.7142725865355395,0.08738508035146708,0.08999999999999986,0.1399993896484375
2006-05-26,1.2739015817642212,85.26000213623047,4.96,5.06,3.268593065212825,1.691406934787175,0.04070795266031313,0.09999999999999964,0.3800048828125
2006-05-30,1.2865046262741089,84.27999877929688,4.99,5.09,3.329884658335902,1.6601153416640981,-0.014426924590734469,0.09999999999999964,-0.06999969482421875
2006-05-31,1.2816076278686523,84.72000122070312,5.04,5.12,3.370629055097798,1.669370944902202,-0.023436038710661578,0.08000000000000007,0.37000274658203125
2006-06-01,1.28109872341156,84.79000091552734,5.04,5.11,3.392518172005928,1.647481827994072,-0.025790775166576463,0.07000000000000028,-0.15999603271484375
2006-06-02,1.2918059825897217,84.05000305175781,4.92,5.0,3.364323460293266,1.555676539706734,-0.15859604682880546,0.08000000000000007,-0.5999984741210938
2006-06-05,1.290106177330017,84.13999938964844,4.99,5.02,3.383725660699446,1.6062743393005543,-0.08513259548662067,0.02999999999999936,-1.1200027465820312
2006-06-06,1.2821991443634033,84.7300033569336,4.99,5.01,3.4273107709897737,1.5626892290102266,-0.09742611265387158,0.019999999999999574,0.45000457763671875
2006-06-07,1.2801966667175293,84.98999786376953,5.02,5.02,3.4398470047066976,1.580152995293302,-0.08921794960890006,0.0,0.26999664306640625
2006-06-08,1.2648941278457642,85.91000366210938,5.01,5.0,3.3956840457452997,1.6143159542547,-0.033165873739371854,-0.009999999999999787,1.1200027465820312
2006-06-09,1.2640947103500366,85.72000122070312,5.01,4.98,3.3387845537205285,1.6712154462794713,0.11553890657273724,-0.02999999999999936,1.6699981689453125
2006-06-12,1.258605718612671,85.8499984741211,5.02,4.99,3.327207545321755,1.6927924546782447,0.08651811537769039,-0.02999999999999936,1.7099990844726562
2006-06-13,1.2545949220657349,86.43000030517578,5.02,4.97,3.3068708682428403,1.7131291317571593,0.15043990274693275,-0.04999999999999982,1.6999969482421875
2006-06-14,1.2609069347381592,86.13999938964844,5.11,5.05,3.3364880920864266,1.7735119079135737,0.19335891262027172,-0.0600000000000005,1.1500015258789062
2006-06-15,1.2639987468719482,86.0199966430664,5.14,5.1,3.3746571977506803,1.7653428022493194,0.1510268479946193,-0.040000000000000036,0.10999298095703125
2006-06-16,1.2644941806793213,85.91999816894531,5.16,5.13,3.362925605241677,1.7970743947583232,0.12585894847885193,-0.03000000000000025,0.1999969482421875
2006-06-19,1.258004069328308,86.30999755859375,5.19,5.14,3.403801402858188,1.7861985971418122,0.09340614246356749,-0.05000000000000071,0.45999908447265625
2006-06-20,1.2589067220687866,86.18000030517578,5.19,5.15,3.4220423837582588,1.7679576162417416,0.05482848448458233,-0.040000000000000036,-0.25
2006-06-21,1.2660951614379883,85.77999877929688,5.2,5.16,3.459641685987675,1.740358314012325,-0.03315359390124861,-0.040000000000000036,-0.3600006103515625
2006-06-22,1.2584948539733887,86.38999938964844,5.23,5.2,3.4671180875732146,1.7628819124267858,-0.002460889822533563,-0.03000000000000025,0.37000274658203125
2006-06-23,1.2523951530456543,86.81999969482422,5.27,5.23,3.4984304195177813,1.7715695804822182,-0.02550481427610496,-0.03999999999999915,0.9000015258789062
2006-06-26,1.2589067220687866,86.48999786376953,5.27,5.25,3.528626881788897,1.7413731182111025,-0.04482547893070965,-0.019999999999999574,0.18000030517578125
2006-06-27,1.256897211074829,86.47000122070312,5.24,5.21,3.5599536740316675,1.6800463259683327,-0.08791129027340894,-0.03000000000000025,0.29000091552734375
2006-06-28,1.2545949220657349,86.62999725341797,5.29,5.25,3.556185910155059,1.733814089844941,-0.006544224167384094,-0.040000000000000036,0.8499984741210938
2006-06-29,1.26639986038208,85.87000274658203,5.21,5.22,3.533631065130698,1.676368934869302,-0.08651297755748377,0.009999999999999787,-0.5199966430664062
2006-06-30,1.2782983779907227,85.22000122070312,5.16,5.15,3.5527511483284613,1.6072488516715389,-0.16432072881067938,-0.009999999999999787,-1.5999984741210938
2006-07-03,1.28009831905365,85.18000030517578,5.17,5.15,3.551424569943482,1.6185754300565178,-0.1227976881545847,-0.019999999999999574,-1.30999755859375
2006-07-05,1.2733986377716064,85.5999984741211,5.24,5.23,3.581792185903859,1.6582078140961412,-0.021838511872191546,-0.009999999999999787,-0.8700027465820312
2006-07-06,1.2775959968566895,85.3499984741211,5.22,5.19,3.5902318555118207,1.629768144488179,-0.10404594535676193,-0.02999999999999936,-1.279998779296875
2006-07-07,1.2823965549468994,84.9800033569336,5.17,5.14,3.578712886858928,1.591287113141072,-0.08508182172823009,-0.03000000000000025,-0.8899993896484375
2006-07-10,1.2745022773742676,85.5,5.17,5.13,3.589159291547558,1.5808407084524418,-0.026408143219097013,-0.040000000000000036,0.279998779296875
2006-07-11,1.2767478227615356,85.36000061035156,5.17,5.1,3.564630145437732,1.605369854562268,-0.013205575494249722,-0.07000000000000028,0.18000030517578125
2006-07-12,1.2711971998214722,85.91000366210938,5.17,5.1,3.584827635076908,1.5851723649230918,-0.07303544917304938,-0.07000000000000028,0.31000518798828125
2006-07-13,1.2696961164474487,85.79000091552734,5.12,5.08,3.5476405293088487,1.5723594706911515,-0.05740867379702763,-0.040000000000000036,0.44000244140625
2006-07-14,1.2643983364105225,86.08999633789062,5.08,5.07,3.4968162487570638,1.5831837512429363,-0.008103361898135653,-0.009999999999999787,1.1099929809570312
2006-07-17,1.251799464225769,86.95999908447266,5.12,5.07,3.5058103467664203,1.6141896532335798,0.033348944781137924,-0.04999999999999982,1.4599990844726562
2006-07-18,1.2502031326293945,87.01000213623047,5.19,5.13,3.533933609193537,1.6560663908064632,0.05069653624419512,-0.0600000000000005,1.6500015258789062
2006-07-19,1.2599060535430908,86.45999908447266,5.12,5.06,3.557072372644197,1.562927627355803,-0.02224473756728873,-0.0600000000000005,0.5499954223632812
2006-07-20,1.263296127319336,86.22000122070312,5.06,5.03,3.530123893754125,1.5298761062458746,-0.042483364445276894,-0.02999999999999936,0.43000030517578125
2006-07-21,1.270599603652954,85.93000030517578,5.08,5.05,3.4945602274749192,1.5854397725250808,0.002256021282144527,-0.03000000000000025,-0.15999603271484375
2006-07-24,1.262403130531311,86.33999633789062,5.1,5.05,3.496593681320718,1.6034063186792817,-0.01078333455429803,-0.04999999999999982,-0.6200027465820312
2006-07-25,1.2583998441696167,86.63999938964844,5.11,5.07,3.4881002188834094,1.621899781116591,-0.034166609689872285,-0.040000000000000036,-0.37000274658203125
2006-07-26,1.2712942361831665,85.93000030517578,5.06,5.04,3.53249955173162,1.5275004482683796,-0.03542717908742343,-0.019999999999999574,-0.529998779296875
2006-07-27,1.269599437713623,85.87000274658203,5.07,5.07,3.48888911989852,1.5811108801014804,0.05123477385560582,0.0,-0.34999847412109375
2006-07-28,1.2751035690307617,85.44000244140625,4.98,5.0,3.477087503198474,1.5029124968015264,-0.08252727572355445,0.019999999999999574,-0.48999786376953125
2006-07-31,1.277400255203247,85.30000305175781,4.97,4.99,3.4982348656727758,1.471765134327224,-0.13164118435205774,0.020000000000000462,-1.0399932861328125
2006-08-01,1.2820019721984863,85.05000305175781,4.97,4.99,3.501348971220354,1.4686510287796457,-0.15324875233694524,0.020000000000000462,-1.589996337890625
2006-08-02,1.2791976928710938,85.05000305175781,4.97,4.96,3.4975492305776017,1.472450769422398,-0.05504967884598155,-0.009999999999999787,-0.8799972534179688
2006-08-03,1.2799016237258911,85.0199966430664,4.98,4.96,3.543631049853876,1.4363689501461243,-0.14474192995535606,-0.020000000000000462,-0.850006103515625
2006-08-04,1.2878963947296143,84.56999969482422,4.91,4.91,3.511713963180757,1.3982860368192433,-0.10462645998228304,0.0,-0.8700027465820312
2006-08-07,1.2819033861160278,84.75,4.96,4.93,3.51498152580194,1.44501847419806,-0.026746660129163935,-0.03000000000000025,-0.5500030517578125
2006-08-08,1.2766989469528198,84.66000366210938,4.91,4.93,3.5163017886589665,1.3936982113410337,-0.07495281743861204,0.019999999999999574,-0.3899993896484375
2006-08-09,1.2874983549118042,84.70999908447266,4.91,4.92,3.538296854402936,1.3717031455970643,-0.10074762382533375,0.009999999999999787,-0.34000396728515625
2006-08-10,1.2792959213256836,85.08000183105469,4.93,4.93,3.5280253805688506,1.401974619431149,-0.03439433071497522,0.0,0.06000518798828125
2006-08-11,1.2725075483322144,85.5199966430664,4.96,4.97,3.5717368226280755,1.3882631773719245,-0.010022859447318844,0.009999999999999787,0.9499969482421875
2006-08-14,1.2722970247268677,85.63999938964844,5.01,5.0,3.609774723636502,1.4002252763634977,-0.04479319783456237,-0.009999999999999787,0.8899993896484375
2006-08-15,1.2790995836257935,85.22000122070312,4.94,4.93,3.586048537698728,1.3539514623012723,-0.039746749039761387,-0.010000000000000675,0.55999755859375
2006-08-16,1.2843070030212402,84.87999725341797,4.87,4.87,3.583440487829614,1.286559512170386,-0.08514363342667819,0.0,0.1699981689453125
2006-08-17,1.283202886581421,85.04000091552734,4.89,4.87,3.5749301624297973,1.3150698375702023,-0.08690478186094674,-0.019999999999999574,-0.04000091552734375
2006-08-18,1.2828078269958496,85.08999633789062,4.87,4.84,3.5909065784064644,1.2790934215935357,-0.10916975577838883,-0.03000000000000025,-0.43000030517578125
2006-08-21,1.2872995138168335,84.62999725341797,4.85,4.82,3.5645174476640045,1.2854825523359952,-0.11474272402750252,-0.02999999999999936,-1.0100021362304688
2006-08-22,1.2811970710754395,85.18000030517578,4.87,4.82,3.4868130988564263,1.3831869011435738,0.02923543884230151,-0.04999999999999982,-0.04000091552734375
2006-08-23,1.2781022787094116,85.12999725341797,4.87,4.82,3.492635859674768,1.377364140325232,0.0908046281548458,-0.04999999999999982,0.25
2006-08-24,1.2761938571929932,85.27999877929688,4.88,4.81,3.474710966027275,1.4052890339727249,0.09021919640252252,-0.07000000000000028,0.23999786376953125
2006-08-25,1.2757054567337036,85.37999725341797,4.86,4.79,3.4681830789059678,1.3918169210940325,0.11272349950049687,-0.07000000000000028,0.29000091552734375
2006-08-28,1.2792466878890991,85.2300033569336,4.88,4.8,3.468271029353039,1.4117289706469607,0.1262464183109655,-0.08000000000000007,0.600006103515625
2006-08-29,1.2829065322875977,84.91000366210938,4.87,4.79,3.488173020957796,1.381826979042204,-0.0013599221013698148,-0.08000000000000007,-0.26999664306640625
2006-08-30,1.284092664718628,84.97000122070312,4.83,4.76,3.484891030846558,1.3451089691534421,-0.032255171171789776,-0.07000000000000028,-0.15999603271484375
2006-08-31,1.2809016704559326,85.05000305175781,4.79,4.74,3.5014168878150245,1.2885831121849756,-0.1167059217877493,-0.04999999999999982,-0.2299957275390625
2006-09-01,1.2835981845855713,84.94000244140625,4.77,4.73,3.492624217854323,1.2773757821456764,-0.11444113894835617,-0.03999999999999915,-0.43999481201171875
2006-09-05,1.2823965549468994,85.0,4.8,4.78,3.51331284420739,1.2866871557926096,-0.12504181485435106,-0.019999999999999574,-0.23000335693359375
2006-09-06,1.2819033861160278,85.0999984741211,4.82,4.8,3.556644111110636,1.2633558888893641,-0.11847109015283985,-0.020000000000000462,0.18999481201171875
2006-09-07,1.2732040882110596,85.52999877929688,4.82,4.8,3.584045188732412,1.2359548112675882,-0.10915415788585392,-0.020000000000000462,0.55999755859375
2006-09-08,1.2672985792160034,85.94999694824219,4.8,4.78,3.553471968488294,1.2465280315117058,-0.042055080673269796,-0.019999999999999574,0.899993896484375
2006-09-11,1.2710033655166626,85.91999816894531,4.83,4.8,3.588415812466726,1.2415841875332743,-0.03579159461240211,-0.03000000000000025,0.9799957275390625
2006-09-12,1.2695027589797974,85.91999816894531,4.82,4.78,3.608015454482605,1.2119845455173954,-0.07470261027521419,-0.040000000000000036,0.9199981689453125
2006-09-13,1.2696961164474487,85.87000274658203,4.8,4.77,3.5985975897207108,1.201402410279289,-0.06195347861007505,-0.03000000000000025,0.7700042724609375
2006-09-14,1.2722970247268677,85.66000366210938,4.83,4.79,3.600294160829929,1.2297058391700713,-0.006248972097516958,-0.040000000000000036,0.1300048828125
2006-09-15,1.2651021480560303,85.98999786376953,4.87,4.8,3.5825223110631885,1.2874776889368116,0.04094965742510581,-0.07000000000000028,0.04000091552734375
2006-09-18,1.2706964015960693,85.80999755859375,4.88,4.81,3.6371534150761753,1.2428465849238246,0.0012623973905503405,-0.07000000000000028,-0.1100006103515625
2006-09-19,1.2677003145217896,85.94000244140625,4.79,4.74,3.600288032511517,1.189711967488483,-0.02227257802891236,-0.04999999999999982,0.0200042724609375
2006-09-20,1.2687939405441284,85.80999755859375,4.81,4.73,3.5864053300804684,1.2235946699195313,0.022192259640242185,-0.07999999999999918,-0.06000518798828125
2006-09-21,1.2781022787094116,85.18000030517578,4.71,4.65,3.596120461659448,1.113879538340552,-0.11582630082951928,-0.05999999999999961,-0.48000335693359375
2006-09-22,1.2799999713897705,85.19999694824219,4.67,4.6,3.513647824348172,1.1563521756518278,-0.13112551328498379,-0.07000000000000028,-0.7900009155273438
2006-09-25,1.2745022773742676,85.29000091552734,4.63,4.56,3.454699032138667,1.1753009678613329,-0.06754561706249174,-0.07000000000000028,-0.5199966430664062
2006-09-26,1.2686975002288818,85.62999725341797,4.68,4.59,3.468648405076257,1.2113515949237428,0.021639627435259712,-0.08999999999999986,-0.31000518798828125
2006-09-27,1.270599603652954,85.66000366210938,4.66,4.6,3.485775887522035,1.1742241124779653,-0.04937055744156593,-0.0600000000000005,-0.149993896484375
2006-09-28,1.2703574895858765,85.72000122070312,4.68,4.63,3.514097012820728,1.1659029871792717,0.05202344883871968,-0.04999999999999982,0.5400009155273438
2006-09-29,1.2662074565887451,85.97000122070312,4.71,4.64,3.5173675982416484,1.1926324017583516,0.036280226106523816,-0.07000000000000028,0.7700042724609375
2006-10-02,1.2741937637329102,85.58999633789062,4.66,4.62,3.537177592446427,1.1228224075535733,-0.05247856030775955,-0.040000000000000036,0.29999542236328125
2006-10-03,1.2734960317611694,85.70999908447266,4.67,4.62,3.473778722809633,1.196221277190367,-0.015130317733375698,-0.04999999999999982,0.0800018310546875
2006-10-04,1.2712942361831665,85.83999633789062,4.6,4.57,3.468190583775792,1.1318094162242076,-0.04241469625375771,-0.02999999999999936,0.17999267578125
2006-10-05,1.269551157951355,85.91999816894531,4.65,4.61,3.468857984671801,1.1811420153281995,0.015239028148927858,-0.040000000000000036,0.1999969482421875
2006-10-06,1.260398268699646,86.44000244140625,4.74,4.7,3.469510768900266,1.270489231099734,0.07785682934138238,-0.040000000000000036,0.470001220703125
2006-10-10,1.2531956434249878,87.0199966430664,4.82,4.75,3.527312488407108,1.2926875115928924,0.1698651040393191,-0.07000000000000028,1.4300003051757812
2006-10-11,1.2523951530456543,87.12000274658203,4.85,4.78,3.5408939065791207,1.309106093420879,0.11288481623051183,-0.0699999999999994,1.410003662109375
2006-10-12,1.2559974193572998,86.91999816894531,4.85,4.79,3.53770701216369,1.3122929878363094,0.18048357161210182,-0.05999999999999961,1.0800018310546875
2006-10-13,1.250500202178955,87.12000274658203,4.87,4.81,3.554882056319934,1.315117943680066,0.13397592835186645,-0.0600000000000005,1.2000045776367188
2006-10-16,1.2541072368621826,87.0,4.85,4.79,3.548323743853926,1.3016762561460737,0.031187025046339745,-0.05999999999999961,0.55999755859375
2006-10-17,1.2545005083084106,86.87000274658203,4.83,4.78,3.5275749428977554,1.3024250571022447,0.009737545509352241,-0.04999999999999982,-0.149993896484375
2006-10-18,1.2539026737213135,86.87999725341797,4.85,4.77,3.525652004492439,1.3243479955075608,0.015241902086681858,-0.08000000000000007,-0.2400054931640625
2006-10-19,1.2627060413360596,86.23999786376953,4.85,4.79,3.549121959670809,1.3008780403291906,-0.0114149475071188,-0.05999999999999961,-0.6800003051757812
2006-10-20,1.2616068124771118,86.2699966430664,4.87,4.79,3.5690951547307077,1.3009048452692924,-0.014213098410773561,-0.08000000000000007,-0.850006103515625
2006-10-23,1.255098819732666,86.70999908447266,4.9,4.83,3.596005530566733,1.3039944694332672,0.0023182132871935046,-0.07000000000000028,-0.29000091552734375
2006-10-24,1.2559027671813965,86.62999725341797,4.91,4.83,3.6024448147386137,1.3075551852613865,0.005130128159141822,-0.08000000000000007,-0.2400054931640625
2006-10-25,1.2616068124771118,86.37999725341797,4.88,4.78,3.614710858178012,1.265289141821988,-0.05905885368557273,-0.09999999999999964,-0.5
2006-10-26,1.2694060802459717,85.88999938964844,4.81,4.73,3.6108276739773015,1.199172326022698,-0.10170571430649256,-0.07999999999999918,-0.34999847412109375
2006-10-27,1.2743074893951416,85.55999755859375,4.76,4.68,3.5893475932297383,1.1706524067702615,-0.1302524384990309,-0.08000000000000007,-0.7099990844726562
2006-10-30,1.271795392036438,85.58999633789062,4.78,4.68,3.587350225401304,1.1926497745986961,-0.1113446948345711,-0.10000000000000053,-1.1200027465820312
2006-10-31,1.2766989469528198,85.31999969482422,4.71,4.61,3.634640196252816,1.075359803747184,-0.23219538151420238,-0.09999999999999964,-1.30999755859375
2006-11-01,1.2754452228546143,85.31999969482422,4.66,4.57,3.572880681699521,1.0871193183004793,-0.17816982352150879,-0.08999999999999986,-1.05999755859375
2006-11-02,1.2780042886734009,85.33999633789062,4.67,4.6,3.5945760365494097,1.0754239634505902,-0.12374836257210786,-0.07000000000000028,-0.5500030517578125
2006-11-03,1.2706964015960693,85.70999908447266,4.82,4.72,3.633707521830165,1.1862924781698352,0.015640071399573685,-0.10000000000000053,0.15000152587890625
2006-11-06,1.2725560665130615,85.75,4.82,4.71,3.6611183302427377,1.1588816697572626,-0.033768104841433555,-0.11000000000000032,0.160003662109375
2006-11-07,1.2779062986373901,85.43000030517578,4.77,4.66,3.645778837175638,1.1242211628243615,0.04886135907717737,-0.10999999999999943,0.1100006103515625
2006-11-08,1.2759984731674194,85.41000366210938,4.75,4.64,3.6543584965779967,1.0956415034220033,0.008522185121524029,-0.11000000000000032,0.09000396728515625
2006-11-09,1.283252239227295,85.18000030517578,4.75,4.62,3.668640919537865,1.0813590804621351,0.0059351170115449214,-0.1299999999999999,-0.15999603271484375
2006-11-10,1.2853965759277344,85.05000305175781,4.73,4.59,3.625189088656305,1.1048109113436952,-0.08148156682613994,-0.14000000000000057,-0.6599960327148438
2006-11-13,1.2825939655303955,85.36000061035156,4.76,4.61,3.63222844457624,1.12777155542376,-0.031110114333502636,-0.14999999999999947,-0.3899993896484375
2006-11-14,1.2813942432403564,85.23999786376953,4.74,4.57,3.620123624362111,1.1198763756378893,-0.004344787186472132,-0.16999999999999993,-0.19000244140625
2006-11-15,1.282495141029358,85.33999633789062,4.8,4.61,3.6454749118180096,1.1545250881819902,0.058883584759986896,-0.1899999999999995,-0.07000732421875
2006-11-16,1.2793940305709839,85.5,4.85,4.66,3.642721080226465,1.2072789197735347,0.1259198393113996,-0.1899999999999995,0.31999969482421875
2006-11-17,1.285000205039978,85.37000274658203,4.76,4.61,3.641890659663708,1.1181093403362916,0.013298428992596367,-0.14999999999999947,0.31999969482421875
2006-11-20,1.2818048000335693,85.41999816894531,4.76,4.6,3.60789138511632,1.1521086148836797,0.024337059459919708,-0.16000000000000014,0.05999755859375
2006-11-21,1.2846039533615112,85.23999786376953,4.75,4.58,3.618135789489696,1.131864210510304,0.011987834872414727,-0.16999999999999993,0.0
2006-11-22,1.2938953638076782,84.6500015258789,4.74,4.57,3.6026824445247474,1.1373175554752528,-0.01720753270673736,-0.16999999999999993,-0.6899948120117188
2006-11-24,1.3085066080093384,83.70999908447266,4.73,4.55,3.602452809929929,1.1275471900700715,-0.0797317297034632,-0.1800000000000006,-1.7900009155273438
2006-11-27,1.3133012056350708,83.51000213623047,4.71,4.54,3.612357996502773,1.097642003497227,-0.020467336839064654,-0.16999999999999993,-1.8600006103515625
2006-11-28,1.320393443107605,83.20999908447266,4.67,4.51,3.5773110344524426,1.0926889655475573,-0.059419649336122315,-0.16000000000000014,-2.2099990844726562
2006-11-29,1.3148033618927002,83.44000244140625,4.69,4.52,3.586691269217704,1.1033087307822962,-0.02855547972800787,-0.17000000000000082,-1.7999954223632812
2006-11-30,1.325100064277649,82.91999816894531,4.62,4.46,3.5968945533485,1.0231054466515,-0.11421210882375288,-0.16000000000000014,-1.7300033569335938
2006-12-01,1.334098219871521,82.4800033569336,4.52,4.43,3.587058312256922,0.9329416877430776,-0.19460550232699392,-0.08999999999999986,-1.2299957275390625
2006-12-04,1.3336000442504883,82.48999786376953,4.52,4.43,3.5437038203117237,0.9762961796882759,-0.12134582380895109,-0.08999999999999986,-1.0200042724609375
2006-12-05,1.331894874572754,82.44999694824219,4.52,4.45,3.556920357903777,0.9630796420962224,-0.1296093234513349,-0.0699999999999994,-0.7600021362304688
2006-12-06,1.3286564350128174,82.7699966430664,4.59,4.48,3.5854381640035045,1.0045618359964954,-0.09874689478580079,-0.10999999999999943,-0.6700057983398438
2006-12-07,1.3286035060882568,82.80000305175781,4.58,4.49,3.609773461529665,0.9702265384703352,-0.0528789081811647,-0.08999999999999986,-0.1199951171875
2006-12-08,1.3394052982330322,83.33000183105469,4.68,4.56,3.615132894529777,1.0648671054702228,0.13192541772714517,-0.1200000000000001,0.8499984741210938
2006-12-11,1.325100064277649,83.12000274658203,4.67,4.52,3.656225368289258,1.0137746317107421,0.037478452022466247,-0.15000000000000036,0.6300048828125
2006-12-12,1.3284975290298462,82.97000122070312,4.61,4.49,3.6612621206670095,0.9487378793329908,-0.014341762763231625,-0.1200000000000001,0.5200042724609375
2006-12-13,1.3218071460723877,82.97000122070312,4.7,4.58,3.66862733093512,1.0313726690648801,0.02681083306838472,-0.1200000000000001,0.20000457763671875
2006-12-14,1.3156510591506958,83.6500015258789,4.73,4.6,3.703740976540472,1.0262590234595286,0.05603248498919333,-0.13000000000000078,0.8499984741210938
2006-12-15,1.3098949193954468,84.05999755859375,4.73,4.6,3.696432483840327,1.0335675161596733,-0.031299589310549436,-0.13000000000000078,0.7299957275390625
2006-12-18,1.3105987310409546,83.9800033569336,4.71,4.6,3.734972813440786,0.9750271865592142,-0.03874744515152795,-0.11000000000000032,0.8600006103515625
2006-12-19,1.3207073211669922,83.45999908447266,4.71,4.6,3.75187435331151,0.9581256466884898,0.009387767355498955,-0.11000000000000032,0.48999786376953125
2006-12-20,1.318704605102539,83.5199966430664,4.71,4.6,3.762995025971009,0.947004974028991,-0.08436769503588915,-0.11000000000000032,0.5499954223632812
2006-12-21,1.3183915615081787,83.56999969482422,4.66,4.55,3.774597082572232,0.885402917427768,-0.14085610603176058,-0.11000000000000032,-0.0800018310546875
2006-12-22,1.3136979341506958,83.94000244140625,4.71,4.63,3.782153767803624,0.9278462321963761,-0.10572128396329727,-0.08000000000000007,-0.1199951171875
2006-12-27,1.312508225440979,83.94000244140625,4.77,4.66,3.8126066117493553,0.9573933882506442,-0.017633798308569926,-0.10999999999999943,-0.04000091552734375
2006-12-28,1.3148033618927002,83.81999969482422,4.82,4.7,3.8137936192215895,1.0062063807784107,0.04808073408992097,-0.1200000000000001,0.3600006103515625
2006-12-29,1.3198009729385376,83.72000122070312,4.82,4.71,3.822321507444794,0.9976784925552065,0.05067351852621549,-0.11000000000000032,0.20000457763671875
2007-01-02,1.3275980949401855,83.19999694824219,4.8,4.68,3.800625931424477,0.999374068575523,0.11397115114775502,-0.1200000000000001,-0.37000274658203125
2007-01-03,1.3171066045761108,83.91999816894531,4.76,4.67,3.791158074245045,0.9688419257549548,0.04099569355857868,-0.08999999999999986,-0.0200042724609375
2007-01-04,1.3092947006225586,84.31999969482422,4.71,4.62,3.800532535204709,0.909467464795291,-0.04792592345535329,-0.08999999999999986,0.37999725341796875
2007-01-05,1.2984988689422607,84.62999725341797,4.76,4.65,3.837320165385521,0.9226798346144789,-0.08352654616393185,-0.10999999999999943,0.80999755859375
2007-01-08,1.3040019273757935,84.5999984741211,4.78,4.66,3.8283411826196407,0.9516588173803595,-0.04601967517484695,-0.1200000000000001,0.8799972534179688
2007-01-09,1.2996971607208252,84.73999786376953,4.79,4.66,3.834677535830304,0.9553224641696962,-0.04405160440582678,-0.1299999999999999,1.5400009155273438
2007-01-10,1.2939958572387695,85.08000183105469,4.81,4.69,3.855421549130423,0.9545784508695765,-0.014263474885378269,-0.11999999999999922,1.160003662109375
2007-01-11,1.289507269859314,85.30999755859375,4.86,4.74,3.828511888880151,1.0314881111198493,0.12202064632455834,-0.1200000000000001,0.9899978637695312
2007-01-12,1.292808175086975,85.02999877929688,4.88,4.77,3.854918393089572,1.0250816069104278,0.10240177229594893,-0.11000000000000032,0.40000152587890625
2007-01-16,1.2920063734054565,85.05000305175781,4.86,4.75,3.851554705254077,1.0084452947459233,0.05678647736556375,-0.11000000000000032,0.45000457763671875
2007-01-17,1.2939958572387695,84.9800033569336,4.91,4.79,3.85300438675774,1.0569956132422602,0.10167314907256397,-0.1200000000000001,0.2400054931640625
2007-01-18,1.2960922718048096,84.91000366210938,4.89,4.75,3.8837151596441646,1.006284840355835,0.05170638948625861,-0.13999999999999968,-0.1699981689453125
2007-01-19,1.2968990802764893,84.86000061035156,4.93,4.78,3.8731431150775935,1.0568568849224063,0.025368773802556976,-0.14999999999999947,-0.4499969482421875
2007-01-22,1.2950012683868408,85.0199966430664,4.91,4.76,3.870320892671941,1.0396791073280593,0.014597500417631526,-0.15000000000000036,-0.01000213623046875
2007-01-23,1.3023037910461426,84.66999816894531,4.94,4.81,3.864933059222987,1.0750669407770133,0.06662164603109,-0.13000000000000078,-0.3800048828125
2007-01-24,1.29629385471344,84.94000244140625,4.93,4.81,3.88099146274257,1.0490085372574298,-0.007987075984830394,-0.1200000000000001,-0.04000091552734375
2007-01-25,1.2939958572387695,85.11000061035156,4.98,4.87,3.888613505189406,1.0913864948105942,0.08510165445475915,-0.11000000000000032,0.1999969482421875
2007-01-26,1.2928917407989502,85.27999877929688,4.99,4.88,3.918046167731628,1.0719538322683722,0.015096947345965894,-0.11000000000000032,0.4199981689453125
2007-01-29,1.29629385471344,85.0999984741211,4.99,4.9,3.9191424268149766,1.0708575731850236,0.031178465856964266,-0.08999999999999986,0.0800018310546875
2007-01-30,1.2965964078903198,85.02999877929688,4.98,4.88,3.91031856517675,1.0696814348232504,-0.005385505953762859,-0.10000000000000053,0.3600006103515625
2007-01-31,1.3023037910461426,84.61000061035156,4.94,4.83,3.915583176732055,1.0244168232679454,-0.024591713989484454,-0.11000000000000032,-0.3300018310546875
2007-02-01,1.3018969297409058,84.62999725341797,4.96,4.84,3.8764727530684464,1.0835272469315536,-0.007859247879040687,-0.1200000000000001,-0.48000335693359375
2007-02-02,1.2963947057724,84.95999908447266,4.94,4.83,3.863036640414984,1.0769633595850165,0.005009527316644391,-0.11000000000000032,-0.31999969482421875
2007-02-05,1.2931926250457764,85.08000183105469,4.92,4.81,3.83472781339984,1.08527218660016,0.01441461341513639,-0.11000000000000032,-0.01999664306640625
2007-02-06,1.2983977794647217,84.77999877929688,4.9,4.77,3.848168565402012,1.0518314345979882,-0.017850000225262175,-0.13000000000000078,-0.25
2007-02-07,1.3023037910461426,84.75,4.87,4.74,3.8566485264801966,1.0133514735198035,-0.011065349748141884,-0.1299999999999999,0.1399993896484375
2007-02-08,1.3040019273757935,84.69999694824219,4.87,4.73,3.886079866069134,0.9839201339308663,-0.09960711300068725,-0.13999999999999968,0.06999969482421875
2007-02-09,1.3006945848464966,84.87000274658203,4.92,4.79,3.901493174577253,1.018506825422747,-0.05845653416226959,-0.1299999999999999,-0.089996337890625
2007-02-12,1.29629385471344,85.1500015258789,4.94,4.8,3.904812662316302,1.0351873376836984,-0.05008484891646159,-0.14000000000000057,0.06999969482421875
2007-02-13,1.3032032251358032,84.7300033569336,4.95,4.82,3.913384198197108,1.0366158018028924,-0.015215632795095857,-0.1299999999999999,-0.04999542236328125
2007-02-14,1.3139914274215698,84.19999694824219,4.87,4.74,3.902870231798323,0.9671297682016773,-0.046221705318126194,-0.1299999999999999,-0.5500030517578125
2007-02-15,1.313508152961731,84.01000213623047,4.83,4.7,3.876762570815538,0.9532374291844619,-0.030682704746404443,-0.1299999999999999,-0.6899948120117188
2007-02-16,1.3138015270233154,84.08999633789062,4.83,4.69,3.8770253426032872,0.9529746573967128,-0.06553216802603412,-0.13999999999999968,-0.7800064086914062
2007-02-20,1.3148033618927002,84.19000244140625,4.81,4.68,3.911606183610585,0.8983938163894147,-0.13679352129428368,-0.1299999999999999,-0.9599990844726562
2007-02-21,1.313905119895935,84.20999908447266,4.82,4.69,3.90317911454501,0.9168208854549902,-0.11979491634790218,-0.1299999999999999,-0.5200042724609375
2007-02-22,1.312508225440979,84.31999969482422,4.87,4.73,3.913313002433575,0.956686997566425,-0.01044277063525234,-0.13999999999999968,0.12000274658203125
2007-02-23,1.3168984651565552,84.06999969482422,4.82,4.68,3.9066434557017296,0.9133565442982707,-0.039880884886191126,-0.14000000000000057,0.05999755859375
2007-02-26,1.319400429725647,83.93000030517578,4.77,4.63,3.871887447149806,0.8981125528501934,-0.05486210454651941,-0.13999999999999968,-0.15999603271484375
2007-02-27,1.3232064247131348,83.4800033569336,4.59,4.5,3.8456693633208094,0.7443306366791904,-0.15406317971022432,-0.08999999999999986,-0.7099990844726562
2007-02-28,1.322891354560852,83.56999969482422,4.65,4.56,3.79879515562598,0.8512048443740206,-0.06561604108096963,-0.09000000000000075,-0.6399993896484375
2007-03-01,1.317002534866333,83.68000030517578,4.63,4.56,3.7991623212584136,0.8308376787415863,-0.12584931882483863,-0.07000000000000028,-0.6399993896484375
2007-03-02,1.3164995908737183,83.73999786376953,4.56,4.52,3.78516174673014,0.7748382532698597,-0.13851829102841107,-0.040000000000000036,-0.3300018310546875
2007-03-05,1.3086949586868286,84.1500015258789,4.53,4.51,3.7625284794165657,0.7674715205834346,-0.13064103226675883,-0.020000000000000462,0.220001220703125
2007-03-06,1.3138015270233154,84.06999969482422,4.58,4.53,3.796965431385943,0.783034568614057,0.03870393193486654,-0.04999999999999982,0.589996337890625
2007-03-07,1.3178529739379883,83.77999877929688,4.54,4.5,3.8037492423435615,0.7362507576564385,-0.114954086717582,-0.040000000000000036,0.20999908447265625
2007-03-08,1.314198613166809,84.0999984741211,4.56,4.51,3.819240221437517,0.7407597785624827,-0.09007790017910366,-0.04999999999999982,0.4199981689453125
2007-03-09,1.3115957975387573,84.23999786376953,4.66,4.59,3.848354510028634,0.8116454899713661,0.03680723670150643,-0.07000000000000028,0.5
2007-03-12,1.318791389465332,83.86000061035156,4.62,4.56,3.84475301750669,0.7752469824933099,0.007775461909875325,-0.0600000000000005,-0.29000091552734375
2007-03-13,1.319000244140625,83.7300033569336,4.52,4.5,3.8396578542980606,0.680342145701939,-0.102692422912118,-0.019999999999999574,-0.339996337890625
2007-03-14,1.323504090309143,83.61000061035156,4.54,4.53,3.816014836539648,0.7239851634603522,-0.012265594196086305,-0.009999999999999787,-0.1699981689453125
2007-03-15,1.328303575515747,83.68000030517578,4.57,4.54,3.830767711373353,0.7392322886266474,-0.0015274899358352911,-0.03000000000000025,-0.4199981689453125
2007-03-16,1.3318061828613281,83.2300033569336,4.58,4.55,3.842409881390157,0.7375901186098432,-0.07405537136152285,-0.03000000000000025,-1.0099945068359375
2007-03-19,1.3312920331954956,83.38999938964844,4.61,4.58,3.8728059605431513,0.737194039456849,-0.038052943036460896,-0.03000000000000025,-0.470001220703125
2007-03-20,1.33159339427948,83.11000061035156,4.6,4.56,3.864206223661911,0.7357937763380886,0.05545163063614966,-0.040000000000000036,-0.6200027465820312
2007-03-21,1.3399077653884888,82.7699966430664,4.51,4.53,3.873799801353932,0.6362001986460677,-0.08778496481428455,0.020000000000000462,-0.8400039672851562
2007-03-22,1.3334044218063354,83.08999633789062,4.58,4.6,3.849365242546772,0.7306347574532279,-0.008597531173419437,0.019999999999999574,-0.5900039672851562
2007-03-23,1.3296988010406494,83.27999877929688,4.6,4.62,3.89005278709925,0.7099472129007496,-0.027642905709093668,0.020000000000000462,0.04999542236328125
2007-03-26,1.333191156387329,83.08000183105469,4.56,4.6,3.8986666544730144,0.6613333455269852,-0.07586069392986383,0.040000000000000036,-0.30999755859375
2007-03-27,1.3365052938461304,83.01000213623047,4.58,4.62,3.912516839101906,0.6674831608980942,-0.0683106154399944,0.040000000000000036,-0.09999847412109375
2007-03-28,1.3315047025680542,83.02999877929688,4.53,4.62,3.915428546789406,0.6145714532105941,-0.02162874543547355,0.08999999999999986,0.26000213623046875
2007-03-29,1.3334933519363403,83.08999633789062,4.58,4.64,3.935588929470111,0.6444110705298889,-0.08622368692333904,0.05999999999999961,0.0
2007-03-30,1.3358982801437378,82.93000030517578,4.58,4.65,3.9478875203977566,0.6321124796022435,-0.0778347332985061,0.07000000000000028,-0.34999847412109375
2007-04-02,1.337005615234375,82.87000274658203,4.6,4.65,3.9699984567874136,0.6300015432125861,-0.03133180231439914,0.05000000000000071,-0.20999908447265625
2007-04-03,1.33249831199646,83.1500015258789,4.63,4.67,3.978389085532121,0.651610914467879,-0.01587224643021523,0.040000000000000036,0.1399993896484375
2007-04-04,1.3373990058898926,82.95999908447266,4.61,4.66,3.963210883307901,0.6467891166920992,0.03221766348150501,0.04999999999999982,-0.06999969482421875
2007-04-05,1.3432012796401978,82.68000030517578,4.63,4.68,3.967587701616061,0.6624122983839391,0.018001227854050228,0.04999999999999982,-0.40999603271484375
2007-04-10,1.3432012796401978,82.69999694824219,4.71,4.73,4.007948049696657,0.7020519503033427,0.06993947070109918,0.020000000000000462,-0.23000335693359375
2007-04-11,1.3439956903457642,82.66999816894531,4.73,4.74,4.019894427338018,0.7101055726619823,0.08010402944939621,0.009999999999999787,-0.20000457763671875
2007-04-12,1.3491089344024658,82.37000274658203,4.73,4.74,4.038756790131504,0.6912432098684969,0.039632295400617856,0.009999999999999787,-0.779998779296875
2007-04-13,1.3521004915237427,82.12999725341797,4.76,4.76,4.052050557360417,0.7079494426395829,0.061160325947483773,0.0,-0.8300018310546875
2007-04-16,1.3529053926467896,82.06999969482422,4.74,4.74,4.055428160085747,0.6845718399142529,0.022159541530313742,0.0,-0.6100006103515625
2007-04-17,1.3572019338607788,81.83000183105469,4.68,4.69,4.04607932518824,0.6339206748117601,-0.0681312754915826,0.010000000000000675,-0.8699951171875
2007-04-18,1.361396312713623,81.73999786376953,4.64,4.66,4.039026066747033,0.6009739332529671,-0.10913163940901516,0.020000000000000462,-0.9300003051757812
2007-04-19,1.362434983253479,81.63999938964844,4.64,4.68,4.054483513055474,0.5855164869445257,-0.10572672292397112,0.040000000000000036,-0.7300033569335938
2007-04-20,1.3588987588882446,81.63999938964844,4.64,4.68,4.068791408730245,0.5712085912697544,-0.1367408513698285,0.040000000000000036,-0.48999786376953125
2007-04-23,1.3584003448486328,81.73999786376953,4.62,4.66,4.061739749991235,0.5582602500087654,-0.1263115899054874,0.040000000000000036,-0.3300018310546875
2007-04-24,1.3636053800582886,81.55000305175781,4.58,4.63,4.0458329047645245,0.5341670952354756,-0.0997535795762845,0.04999999999999982,-0.279998779296875
2007-04-25,1.3639029264450073,81.43000030517578,4.63,4.66,4.060794952152574,0.5692050478474258,-0.03176888540554135,0.03000000000000025,-0.30999755859375
2007-04-26,1.3588987588882446,81.75,4.67,4.69,4.069890575478309,0.6001094245216914,0.014592937577165621,0.020000000000000462,0.1100006103515625
2007-04-27,1.3655046224594116,81.52999877929688,4.67,4.71,4.090507242864858,0.5794927571351423,0.008284165865387827,0.040000000000000036,-0.1100006103515625
2007-04-30,1.3652063608169556,81.44999694824219,4.6,4.63,4.0642746586566405,0.5357253413433591,-0.022534908665406306,0.03000000000000025,-0.29000091552734375
2007-05-02,1.3588064908981323,81.73999786376953,4.65,4.65,4.088542973910493,0.5614570260895073,0.027289930854031752,0.0,0.18999481201171875
2007-05-03,1.3556013107299805,81.94999694824219,4.71,4.68,4.10770390189691,0.60229609810309,0.03309105025566428,-0.03000000000000025,0.5199966430664062
2007-05-04,1.3588987588882446,81.73999786376953,4.68,4.65,4.076221431739796,0.6037785682602035,0.003669143738512126,-0.02999999999999936,-0.01000213623046875
2007-05-07,1.360007643699646,81.68000030517578,4.68,4.64,4.108725739426079,0.5712742605739205,-0.008218496561221755,-0.040000000000000036,0.15000152587890625
2007-05-08,1.3540961742401123,81.94000244140625,4.68,4.63,4.092661025800698,0.5873389741993016,0.05161363285594245,-0.04999999999999982,0.4900054931640625
2007-05-09,1.3527040481567383,82.0199966430664,4.73,4.67,4.103072473521828,0.6269275264781724,0.06547050038866509,-0.0600000000000005,0.279998779296875
2007-05-10,1.3483085632324219,82.29000091552734,4.7,4.65,4.09895368801744,0.60104631198256,-0.0012497861205300609,-0.04999999999999982,0.34000396728515625
2007-05-11,1.3521004915237427,82.12000274658203,4.71,4.67,4.078474920477558,0.6315250795224419,0.02774651126223837,-0.040000000000000036,0.3800048828125
2007-05-14,1.3542977571487427,82.06999969482422,4.73,4.69,4.132669354734589,0.5973306452654112,0.02605638469149074,-0.040000000000000036,0.3899993896484375
2007-05-15,1.3596007823944092,81.75,4.75,4.71,4.159353088364684,0.5906469116353161,0.003307937436014541,-0.040000000000000036,-0.19000244140625
2007-05-16,1.3523930311203003,82.16000366210938,4.73,4.71,4.1915358477836255,0.5384641522163749,-0.08846337426179751,-0.020000000000000462,0.14000701904296875
2007-05-17,1.34969162940979,82.31999969482422,4.78,4.76,4.19533239600252,0.5846676039974801,-0.0163787079850799,-0.020000000000000462,0.029998779296875
2007-05-18,1.3512965440750122,82.19999694824219,4.82,4.81,4.202745911147444,0.6172540888525564,-0.014270990669885464,-0.010000000000000675,0.07999420166015625
2007-05-21,1.3466018438339233,82.36000061035156,4.81,4.79,4.213954878095043,0.5960451219049565,-0.0012855233604547323,-0.019999999999999574,0.29000091552734375
2007-05-22,1.3452069759368896,82.38999938964844,4.83,4.83,4.216352695197094,0.6136473048029059,0.023000393167589728,0.0,0.6399993896484375
2007-05-23,1.3458044528961182,82.30999755859375,4.85,4.86,4.240967452650485,0.6090325473495151,0.07056839513314017,0.010000000000000675,0.149993896484375
2007-05-24,1.3430029153823853,82.41000366210938,4.85,4.86,4.241516449400836,0.6084835505991633,0.02381594660168318,0.010000000000000675,0.09000396728515625
2007-05-25,1.3450080156326294,82.33000183105469,4.85,4.86,4.255904879926938,0.594095120073062,-0.023158968779494415,0.010000000000000675,0.1300048828125
2007-05-29,1.3445920944213867,82.30999755859375,4.88,4.88,4.28359643877624,0.5964035612237595,0.0003584393188029722,0.0,-0.0500030517578125
2007-05-30,1.3432012796401978,82.43000030517578,4.89,4.88,4.2829250124751415,0.6070749875248582,-0.006572317278047635,-0.009999999999999787,0.04000091552734375
2007-05-31,1.3456052541732788,82.30000305175781,4.92,4.9,4.310800441492837,0.6091995585071626,0.00016701115764750085,-0.019999999999999574,-0.0099945068359375
2007-06-01,1.3441944122314453,82.31999969482422,4.97,4.95,4.335812602957592,0.6341873970424077,0.025703846443244416,-0.019999999999999574,-0.09000396728515625
2007-06-04,1.349199891090393,82.05999755859375,4.97,4.93,4.341160344331239,0.6288396556687603,0.034744535595698345,-0.040000000000000036,-0.2700042724609375
2007-06-05,1.3520090579986572,81.88999938964844,4.99,4.98,4.352472230501919,0.6375277694980817,0.04112420827432217,-0.009999999999999787,-0.4199981689453125
2007-06-06,1.3492909669876099,81.9000015258789,4.97,4.97,4.3311051335906,0.6388948664093999,0.03181987888454163,0.0,-0.529998779296875
2007-06-07,1.3428045511245728,82.29000091552734,5.03,5.11,4.359167866485072,0.6708321335149279,0.06163257500776531,0.08000000000000007,-0.01000213623046875
2007-06-08,1.3360053300857544,82.69000244140625,5.01,5.12,4.360166455752248,0.6498335442477519,0.015646147205344185,0.11000000000000032,0.37000274658203125
2007-06-11,1.335594892501831,82.70999908447266,5.01,5.14,4.35776816511054,0.6522318348894593,0.023392179220699028,0.1299999999999999,0.6500015258789062
2007-06-12,1.3306012153625488,82.88999938964844,5.08,5.26,4.394830040564592,0.6851699594354077,0.04764218993732605,0.17999999999999972,1.0
2007-06-13,1.3310085535049438,83.04000091552734,5.08,5.2,4.415537175420437,0.6644628245795632,0.02556795817016333,0.1200000000000001,1.1399993896484375
2007-06-14,1.33159339427948,83.12999725341797,5.1,5.23,4.388204527672395,0.711795472327605,0.04096333881267711,0.13000000000000078,0.839996337890625
2007-06-15,1.3379000425338745,82.8499984741211,5.05,5.16,4.411716242614194,0.638283757385806,-0.011549786861945854,0.11000000000000032,0.15999603271484375
2007-06-18,1.341597557067871,82.70999908447266,5.01,5.15,4.406578768936011,0.6034212310639884,-0.04881060382547098,0.14000000000000057,0.0
2007-06-19,1.3424079418182373,82.54000091552734,4.94,5.09,4.36691395856152,0.5730860414384802,-0.11208391799692752,0.14999999999999947,-0.34999847412109375
2007-06-20,1.3396027088165283,82.5199966430664,4.97,5.14,4.417656478182396,0.5523435218176038,-0.11211930276195936,0.16999999999999993,-0.5200042724609375
2007-06-21,1.3394052982330322,82.7300033569336,4.98,5.16,4.392478183962949,0.587521816037051,-0.12427365629055398,0.17999999999999972,-0.399993896484375
2007-06-22,1.347091555595398,82.33999633789062,4.92,5.14,4.407810390513195,0.5121896094868053,-0.12609414789900075,0.21999999999999975,-0.5100021362304688
2007-06-25,1.3468012809753418,82.31999969482422,4.87,5.09,4.362821406416248,0.5071785935837525,-0.09624263748023587,0.21999999999999975,-0.3899993896484375
2007-06-26,1.3448994159698486,82.29000091552734,4.9,5.1,4.366404849159677,0.5335951508403234,-0.0394908905981568,0.1999999999999993,-0.25
2007-06-27,1.345496654510498,82.31999969482422,4.91,5.09,4.345207725388112,0.5647922746118885,0.012448752794284701,0.17999999999999972,-0.1999969482421875
2007-06-28,1.344700574874878,82.33000183105469,4.96,5.12,4.3734196897918505,0.5865803102081495,-0.0009415058289015121,0.16000000000000014,-0.40000152587890625
2007-06-29,1.3536012172698975,81.91999816894531,4.87,5.03,4.384248369328264,0.48575163067173577,-0.026437978815069485,0.16000000000000014,-0.4199981689453125
2007-07-02,1.363493800163269,81.38999938964844,4.86,5.0,4.373851298562969,0.48614870143703115,-0.021029892146721352,0.13999999999999968,-0.9300003051757812
2007-07-03,1.3611923456192017,81.43000030517578,4.89,5.05,4.364162649625657,0.525837350374343,-0.007757800465980402,0.16000000000000014,-0.8600006103515625
2007-07-05,1.3598966598510742,81.54000091552734,4.99,5.16,4.43525464394684,0.5547453560531599,-0.010046918558728635,0.16999999999999993,-0.779998779296875
2007-07-06,1.3629920482635498,81.45999908447266,4.99,5.19,4.467104533519395,0.5228954664806054,-0.06368484372754413,0.20000000000000018,-0.8700027465820312
2007-07-09,1.3623977899551392,81.43000030517578,4.97,5.16,4.449750893050269,0.5202491069497306,0.03449747627799482,0.1900000000000004,-0.48999786376953125
2007-07-10,1.3760079145431519,80.86000061035156,4.85,5.03,4.409660673902049,0.44033932609795023,-0.045809375339080916,0.1800000000000006,-0.529998779296875
2007-07-11,1.3754022121429443,80.7300033569336,4.89,5.09,4.384601986085947,0.5053980139140526,-0.02043933646029039,0.20000000000000018,-0.6999969482421875
2007-07-12,1.378796935081482,80.63999938964844,4.94,5.13,4.431061376640036,0.5089386233599642,-0.045806732693195684,0.1899999999999995,-0.9000015258789062
2007-07-13,1.3784927129745483,80.58000183105469,4.94,5.11,4.436863879736184,0.5031361202638163,-0.019759346216789098,0.16999999999999993,-0.8799972534179688
2007-07-16,1.377695083618164,80.5199966430664,4.89,5.05,4.429333498258108,0.4606665017418914,-0.0595826052078392,0.16000000000000014,-0.910003662109375
2007-07-17,1.379006028175354,80.54000091552734,4.91,5.08,4.438813981232348,0.47118601876765176,0.030846692669701525,0.16999999999999993,-0.31999969482421875
2007-07-18,1.3807005882263184,80.41999816894531,4.84,5.02,4.441625418726314,0.39837458127368564,-0.10702343264036696,0.17999999999999972,-0.31000518798828125
2007-07-19,1.379805088043213,80.41999816894531,4.87,5.04,4.443375190746555,0.42662480925344504,-0.08231381410651917,0.16999999999999993,-0.220001220703125
2007-07-20,1.3833937644958496,80.29000091552734,4.79,4.96,4.375223437877166,0.4147765621228343,-0.08835955814098195,0.16999999999999993,-0.29000091552734375
2007-07-23,1.3804908990859985,80.3499984741211,4.8,4.97,4.358647438410943,0.4413525615890572,-0.019313940152834164,0.16999999999999993,-0.1699981689453125
2007-07-24,1.3824948072433472,80.08000183105469,4.77,4.94,4.353921298307511,0.41607870169248873,-0.05510731707516303,0.17000000000000082,-0.45999908447265625
2007-07-25,1.3726081848144531,80.6500015258789,4.74,4.92,4.34451769882285,0.3954823011771502,-0.0028922800965354156,0.17999999999999972,0.23000335693359375
2007-07-26,1.3750051259994507,80.44999694824219,4.56,4.79,4.292204290280435,0.26779570971956446,-0.15882909953388058,0.23000000000000043,0.029998779296875
2007-07-27,1.3636053800582886,80.94999694824219,4.56,4.8,4.25384585729638,0.30615414270361985,-0.10862241941921447,0.2400000000000002,0.6599960327148438
2007-07-30,1.3711966276168823,80.8499984741211,4.59,4.82,4.234419874440106,0.3555801255598938,-0.0857724360291634,0.23000000000000043,0.5
2007-07-31,1.3672035932540894,80.7699966430664,4.56,4.78,4.277286144938119,0.2827138550618802,-0.13336484663060855,0.22000000000000064,0.6899948120117188
2007-08-01,1.367708444595337,80.87000274658203,4.56,4.76,4.259808649521532,0.30019135047846746,-0.09529095069868276,0.20000000000000018,0.220001220703125
2007-08-02,1.3707079887390137,80.70999908447266,4.59,4.77,4.299063053158083,0.2909369468419172,0.02314123712235272,0.17999999999999972,0.26000213623046875
2007-08-03,1.3787018060684204,80.18000030517578,4.46,4.71,4.260258733925808,0.1997412660741924,-0.10641287662942744,0.25,-0.7699966430664062
2007-08-06,1.3796910047531128,80.25,4.46,4.72,4.241059769027331,0.21894023097266935,-0.13663989458722448,0.2599999999999998,-0.5999984741210938
2007-08-07,1.374098300933838,80.4800033569336,4.56,4.77,4.265940894692926,0.294059105307074,0.011345250245193839,0.20999999999999996,-0.2899932861328125
2007-08-08,1.3803004026412964,80.33999633789062,4.64,4.84,4.328810542861916,0.31118945713808355,0.010998106659616091,0.20000000000000018,-0.5300064086914062
2007-08-09,1.367409110069275,80.73999786376953,4.49,4.79,4.251608030084153,0.2383919699158472,-0.052544976926069964,0.2999999999999998,0.029998779296875
2007-08-10,1.3689066171646118,80.68000030517578,4.47,4.81,4.184199560473562,0.2858004395264375,0.08605917345224512,0.33999999999999986,0.5
2007-08-13,1.3613035678863525,81.05000305175781,4.46,4.78,4.193666422303992,0.26633357769600785,0.0473933467233385,0.3200000000000003,0.8000030517578125
2007-08-14,1.3534914255142212,81.48999786376953,4.39,4.73,4.213182214766779,0.17681778523322045,-0.11724132007385357,0.34000000000000075,1.0099945068359375
2007-08-15,1.3428045511245728,81.81999969482422,4.27,4.69,4.100789589683334,0.16921041031666562,-0.14197904682141793,0.4200000000000008,1.4800033569335938
2007-08-16,1.3424980640411377,81.7300033569336,4.08,4.6,3.968205681930184,0.11179431806981599,-0.12659765184603122,0.5199999999999996,0.9900054931640625
2007-08-17,1.349400281906128,81.43000030517578,4.18,4.68,3.931081671439473,0.24891832856052654,-0.036882110965910986,0.5,0.75
2007-08-20,1.347490906715393,81.4000015258789,4.11,4.64,3.949455708291672,0.1605442917083284,-0.10578928598767945,0.5299999999999994,0.34999847412109375
2007-08-21,1.345496654510498,81.48999786376953,4.05,4.6,3.83225500687849,0.21774499312150963,0.040927207888289185,0.5499999999999998,0.0
2007-08-22,1.3549952507019043,81.25,4.15,4.63,4.004034436921235,0.1459655630787653,-0.023244847237900323,0.47999999999999954,-0.5699996948242188
2007-08-23,1.3556932210922241,81.13999938964844,4.2,4.62,3.996590359570939,0.20340964042906107,0.09161532235924508,0.41999999999999993,-0.5900039672851562
2007-08-24,1.366698980331421,80.66999816894531,4.3,4.63,3.987130345886644,0.312869654113356,0.06395132555282945,0.33000000000000007,-0.7600021362304688
2007-08-27,1.3637913465499878,80.73999786376953,4.28,4.6,4.037161579864616,0.24283842013538415,0.08229412842705575,0.3199999999999994,-0.660003662109375
2007-08-28,1.3598966598510742,80.76000213623047,4.13,4.53,3.9900108698176,0.1399891301823999,-0.07775586293910974,0.40000000000000036,-0.7299957275390625
2007-08-29,1.367409110069275,80.69999694824219,4.14,4.57,3.958385073648008,0.18161492635199172,0.03564936327322643,0.4300000000000006,-0.5500030517578125
2007-08-30,1.3642005920410156,80.79000091552734,4.08,4.51,3.9777159611694457,0.10228403883055437,-0.1011256015985067,0.4299999999999997,-0.34999847412109375
2007-08-31,1.3642005920410156,80.79000091552734,4.15,4.54,4.030244517151535,0.11975548284846571,-0.19311417126489028,0.3899999999999997,0.12000274658203125
2007-09-04,1.3620080947875977,80.87999725341797,4.13,4.56,4.005625413343992,0.12437458665600776,-0.11846383347937639,0.4299999999999997,0.1399993896484375
2007-09-05,1.365392804145813,80.62000274658203,4.03,4.48,3.9852966588190952,0.04470334118090502,-0.09528578900149487,0.4500000000000002,-0.1399993896484375
2007-09-06,1.3696004152297974,80.47000122070312,4.08,4.51,3.957294561495717,0.12270543850428295,-0.058909487847708775,0.4299999999999997,-0.2299957275390625
2007-09-07,1.3775053024291992,79.95999908447266,3.9,4.38,3.884115606063674,0.015884393936326013,-0.08639964489422836,0.48,-0.8300018310546875
2007-09-11,1.384006381034851,79.69999694824219,3.95,4.37,3.859822717299295,0.09017728270070524,-0.02957820014776047,0.41999999999999993,-1.0900039672851562
2007-09-12,1.390801191329956,79.36000061035156,3.95,4.41,3.904316046712775,0.045683953287225076,-0.07869063336878268,0.45999999999999996,-1.5199966430664062
2007-09-13,1.3866932392120361,79.51000213623047,4.08,4.49,3.95883501186462,0.12116498813538001,0.076461646954475,0.41000000000000014,-1.1100006103515625
2007-09-14,1.3878093957901,79.62000274658203,4.05,4.47,3.934248122557121,0.11575187744287874,-0.006953561061404212,0.41999999999999993,-0.8499984741210938
2007-09-17,1.3865010738372803,79.72000122070312,4.08,4.48,3.967947793790696,0.11205220620930412,0.0961678122729781,0.40000000000000036,-0.23999786376953125
2007-09-18,1.3979953527450562,79.20999908447266,4.0,4.5,4.009802528257734,-0.009802528257734089,-0.09997981095843933,0.5,-0.48999786376953125
2007-09-19,1.3969016075134277,79.30000305175781,4.0,4.53,4.012071777155313,-0.012071777155313157,-0.05775573044253823,0.5300000000000002,-0.05999755859375
2007-09-20,1.4078954458236694,78.58000183105469,4.1,4.69,4.052372469025631,0.04762753097436878,-0.07353745716101123,0.5900000000000007,-0.9300003051757812
2007-09-21,1.4092049598693848,78.5999984741211,4.06,4.64,4.023999522524881,0.036000477475118586,-0.07975139996776015,0.5800000000000001,-1.0200042724609375
2007-09-24,1.407400131225586,78.52999877929688,4.05,4.63,4.018116764234643,0.03188323576535712,-0.080168970443947,0.5800000000000001,-1.19000244140625
2007-09-25,1.4152077436447144,78.30999755859375,4.0,4.63,3.99075087620668,0.009249123793320102,0.01905165205105419,0.6299999999999999,-0.9000015258789062
2007-09-26,1.4133076667785645,78.48999786376953,3.97,4.63,4.047355085399502,-0.07735508539950198,-0.06528330824418882,0.6599999999999997,-0.8100051879882812
2007-09-27,1.4152077436447144,78.33999633789062,3.95,4.58,4.058791703220607,-0.10879170322060716,-0.15641923419497594,0.6299999999999999,-0.2400054931640625
2007-09-28,1.4264928102493286,77.72000122070312,3.97,4.59,4.031737696353095,-0.06173769635309467,-0.09773817382821326,0.6199999999999997,-0.8799972534179688
2007-10-01,1.4236091375350952,77.9000015258789,4.02,4.56,3.999922096429356,0.020077903570643763,-0.011805332194713358,0.54,-0.6299972534179688
2007-10-02,1.4152077436447144,78.30000305175781,3.98,4.54,4.001088242276372,-0.021088242276371627,-0.03033736606969173,0.56,-0.0099945068359375
2007-10-03,1.4099997282028198,78.56999969482422,4.02,4.55,3.970579614572309,0.04942038542769067,0.12677547082719265,0.5300000000000002,0.0800018310546875
2007-10-04,1.4135074615478516,78.4800033569336,4.0,4.54,3.970367631311496,0.02963236868850405,0.1384240719091112,0.54,0.14000701904296875
2007-10-05,1.4133076667785645,78.30999755859375,4.08,4.65,3.9969540692992975,0.08304593070070254,0.14478362705379721,0.5700000000000003,0.589996337890625
2007-10-09,1.4106959104537964,78.52999877929688,4.15,4.67,4.010215558336292,0.13978444166370796,0.1197065380930642,0.5199999999999996,0.6299972534179688
2007-10-10,1.414107084274292,78.37999725341797,4.15,4.65,4.055404814544445,0.09459518545555579,0.11568342773192741,0.5,0.07999420166015625
2007-10-11,1.4201923608779907,78.08000183105469,4.13,4.66,4.082108983787047,0.047891016212952664,-0.0015293692147380078,0.5300000000000002,-0.48999786376953125
2007-10-12,1.4190032482147217,78.22000122070312,4.23,4.7,4.135462602082177,0.09453739791782301,0.06490502922931896,0.46999999999999975,-0.26000213623046875
2007-10-15,1.4203940629959106,78.08999633789062,4.22,4.69,4.191742057359716,0.02825794264028403,-0.05478798806041851,0.47000000000000064,-0.220001220703125
2007-10-16,1.4176956415176392,78.25,4.12,4.66,4.16355190576715,-0.04355190576715007,-0.18333634743085803,0.54,-0.279998779296875
2007-10-17,1.4217066764831543,78.12000274658203,4.0,4.57,4.139501223682392,-0.13950122368239182,-0.2340964091379476,0.5700000000000003,-0.2599945068359375
2007-10-18,1.4294904470443726,77.58999633789062,3.93,4.52,4.0615022269011245,-0.13150222690112434,-0.179393243114077,0.5899999999999994,-0.4900054931640625
2007-10-19,1.4296947717666626,77.41000366210938,3.8,4.41,4.008722204455061,-0.20872220445506073,-0.30325960237288374,0.6100000000000003,-0.80999755859375
2007-10-22,1.4179972410202026,78.05999755859375,3.85,4.42,3.9715638790809695,-0.12156387908096944,-0.14982182172125347,0.5699999999999998,-0.029998779296875
2007-10-23,1.4258012771606445,77.58999633789062,3.81,4.41,3.9884208716702494,-0.17842087167024934,-0.13486896590309927,0.6000000000000001,-0.660003662109375
2007-10-24,1.4263097047805786,77.55000305175781,3.74,4.36,3.934977741537499,-0.1949777415374987,-0.05547651785510688,0.6200000000000001,-0.5699996948242188
2007-10-25,1.4326032400131226,77.27999877929688,3.74,4.37,3.912820511276455,-0.1728205112764547,-0.04131828437533036,0.6299999999999999,-0.30999755859375
2007-10-26,1.4393045902252197,77.02999877929688,3.77,4.41,3.942059257235225,-0.17205925723522508,0.03666294721983565,0.6400000000000001,-0.3800048828125
2007-10-29,1.441794753074646,76.83999633789062,3.79,4.39,3.945669967309353,-0.15566996730935312,-0.03410608822838368,0.5999999999999996,-1.220001220703125
2007-10-30,1.44400155544281,76.7699966430664,3.82,4.4,3.9881637589568935,-0.16816375895689362,0.01025711271335572,0.5800000000000005,-0.8199996948242188
2007-10-31,1.4471989870071411,76.4800033569336,3.94,4.48,4.05807275552149,-0.11807275552148999,0.0769049860160087,0.5400000000000005,-1.0699996948242188
2007-11-01,1.442710041999817,76.58999633789062,3.77,4.36,4.020456897445468,-0.2504568974454684,-0.0776363861690137,0.5900000000000003,-0.69000244140625
2007-11-02,1.4487924575805664,76.33999633789062,3.66,4.31,3.964267615253447,-0.3042676152534467,-0.13220835801822162,0.6499999999999995,-0.69000244140625
2007-11-05,1.4478065967559814,76.43000030517578,3.69,4.35,3.9542180475363886,-0.26421804753638867,-0.10854808022703555,0.6599999999999997,-0.40999603271484375
2007-11-06,1.4564096927642822,76.04000091552734,3.7,4.38,3.983201780105325,-0.2832017801053248,-0.1150380211484312,0.6799999999999997,-0.7299957275390625
2007-11-07,1.4623944759368896,75.41000366210938,3.61,4.34,3.938144181120508,-0.3281441811205079,-0.21007142559901792,0.73,-1.0699996948242188
2007-11-08,1.4681053161621094,75.45999908447266,3.47,4.28,3.900041204273777,-0.4300412042737767,-0.17958430682830828,0.81,-1.1299972534179688
2007-11-09,1.467502236366272,75.4000015258789,3.42,4.23,3.838475218283412,-0.41847521828341216,-0.11420760302996547,0.8100000000000005,-0.9399948120117188
2007-11-13,1.4620951414108276,75.87999725341797,3.54,4.26,3.8631863758074094,-0.3231863758074094,-0.05896832827102072,0.7199999999999998,-0.5500030517578125
2007-11-14,1.46500825881958,75.80999755859375,3.57,4.28,3.921583377456835,-0.3515833774568353,-0.0683815973515105,0.7100000000000004,-0.23000335693359375
2007-11-15,1.4620951414108276,76.06999969482422,3.35,4.17,3.87420222870196,-0.5242022287019599,-0.19605804758145196,0.8199999999999998,0.6599960327148438
2007-11-16,1.4634003639221191,75.83000183105469,3.33,4.15,3.842808298477975,-0.5128082984779749,-0.08276709420419825,0.8200000000000003,0.37000274658203125
2007-11-19,1.4668993949890137,75.77999877929688,3.18,4.07,3.807309726782674,-0.6273097267826739,-0.20883450849926177,0.8900000000000001,0.37999725341796875
2007-11-20,1.4833053350448608,75.20999908447266,3.14,4.06,3.792077350169726,-0.6520773501697259,-0.3288909743623165,0.9199999999999995,-0.6699981689453125
2007-11-21,1.4857958555221558,75.06999969482422,2.99,4.0,3.731564813275713,-0.7415648132757129,-0.38998143581887756,1.0099999999999998,-0.7399978637695312
2007-11-23,1.480100154876709,75.05000305175781,3.07,4.01,3.734275889195934,-0.6642758891959342,-0.1400736604939743,0.94,-1.0199966430664062
2007-11-27,1.4837895631790161,75.0999984741211,3.05,3.95,3.7170225666823455,-0.6670225666823457,-0.15421426820437079,0.9000000000000004,-0.7300033569335938
2007-11-28,1.4840978384017944,75.08000183105469,3.17,4.03,3.785827187836212,-0.6158271878362123,0.011482538946461673,0.8600000000000003,-0.6999969482421875
2007-11-29,1.4759929180145264,75.58999633789062,3.06,3.94,3.7702369928570096,-0.7102369928570096,-0.058159642687283686,0.8799999999999999,0.37999725341796875
2007-11-30,1.469594120979309,76.1500015258789,3.04,3.97,3.8208513344591175,-0.7808513344591175,-0.03928652118340459,0.9300000000000002,1.0800018310546875
2007-12-03,1.467007040977478,75.93000030517578,2.9,3.89,3.783816717574744,-0.883816717574744,-0.21954082837880984,0.9900000000000002,0.8799972534179688
2007-12-04,1.4766032695770264,75.69000244140625,2.9,3.89,3.743811365803365,-0.843811365803365,-0.1767887991210193,0.9900000000000002,0.5900039672851562
2007-12-05,1.4598966836929321,76.41000366210938,2.9,3.92,3.756654975003032,-0.8566549750030319,-0.24082778716681963,1.02,1.3300018310546875
2007-12-06,1.4659103155136108,76.37999725341797,3.03,4.02,3.799054121401933,-0.7690541214019331,-0.05881712854492349,0.9899999999999998,0.7900009155273438
2007-12-07,1.4656095504760742,76.29000091552734,3.12,4.12,3.8916665833212503,-0.7716665833212502,0.00918475113786732,1.0,0.1399993896484375
2007-12-10,1.4708911180496216,76.05999755859375,3.17,4.15,3.936002865968723,-0.7660028659687232,0.11781385160602076,0.9800000000000004,0.12999725341796875
2007-12-11,1.466490626335144,76.22000122070312,2.94,3.98,3.949047634405939,-1.0090476344059391,-0.16523626860257412,1.04,0.529998779296875
2007-12-12,1.4716053009033203,76.13999938964844,3.07,4.05,3.9807971863401,-0.9107971863401003,-0.054142211337068424,0.98,-0.2700042724609375
2007-12-13,1.4629936218261719,76.55999755859375,3.21,4.18,4.008101495668672,-0.7981014956686723,-0.0290473742667392,0.9699999999999998,0.18000030517578125
2007-12-14,1.4437098503112793,77.44000244140625,3.31,4.24,4.004791827913885,-0.6947918279138849,0.07687475540736521,0.9300000000000002,1.1500015258789062
2007-12-17,1.4412959814071655,77.4000015258789,3.24,4.2,3.996457749219199,-0.7564577492191988,0.009545116749524407,0.96,1.3400039672851562
2007-12-19,1.4383935928344727,77.58999633789062,3.12,4.06,3.971310166177618,-0.8513101661776177,0.15773746822832146,0.9399999999999995,1.3699951171875
2007-12-20,1.433301329612732,77.79000091552734,3.09,4.04,3.9788435290241937,-0.8888435290241938,0.021953657315906483,0.9500000000000002,1.6500015258789062
2007-12-21,1.438807487487793,77.72000122070312,3.19,4.18,3.986953585177517,-0.7969535851775169,0.0011479104911553684,0.9899999999999998,1.160003662109375
2007-12-24,1.439698338508606,77.56999969482422,3.24,4.23,3.991296397732306,-0.7512963977323057,-0.05650456981842078,0.9900000000000002,0.12999725341796875
2007-12-27,1.4613901376724243,76.61000061035156,3.24,4.21,4.035315875226671,-0.7953158752266711,-0.03885812600747229,0.9699999999999998,-0.7900009155273438
2007-12-28,1.4718002080917358,76.22000122070312,3.12,4.11,4.016561864971293,-0.896561864971293,-0.0452516987936753,0.9900000000000002,-1.3699951171875
2007-12-31,1.4601097106933594,76.69999694824219,3.05,4.04,4.0142926206861205,-0.9642926206861206,-0.07544909166192681,0.9900000000000002,-1.0900039672851562
2008-01-02,1.4716920852661133,75.97000122070312,2.88,3.91,3.929657788000105,-1.049657788000105,-0.2527042028225881,1.0300000000000002,-1.75
2008-01-03,1.4744912385940552,75.88999938964844,2.83,3.91,3.853391382254772,-1.023391382254772,-0.2720949845224663,1.08,-1.6800003051757812
2008-01-04,1.4754921197891235,75.79000091552734,2.74,3.88,3.7923273855001183,-1.052327385500118,-0.25701151027344693,1.1399999999999997,-0.8199996948242188
2008-01-07,1.468299388885498,76.16999816894531,2.76,3.86,3.820811581177058,-1.0608115811770582,-0.16424971620576523,1.1,-0.0500030517578125
2008-01-08,1.5570987462997437,76.11000061035156,2.76,3.86,3.8589414131410886,-1.0989414131410888,-0.1346487924549682,1.1,-0.589996337890625
2008-01-09,1.466404676437378,76.41999816894531,2.69,3.82,3.797863009049697,-1.107863009049697,-0.058205221049592026,1.13,0.4499969482421875
2008-01-10,1.480100154876709,75.93000030517578,2.71,3.91,3.8207441855116273,-1.1107441855116273,-0.08735280325685535,1.2000000000000002,0.04000091552734375
2008-01-11,1.4790055751800537,75.9800033569336,2.59,3.82,3.787421080327424,-1.1974210803274241,-0.14509369482730605,1.23,0.19000244140625
2008-01-14,1.4869003295898438,75.61000061035156,2.58,3.81,3.743256929983101,-1.1632569299831008,-0.10244534880604261,1.23,-0.55999755859375
2008-01-15,1.4802095890045166,75.56999969482422,2.53,3.72,3.705219241989009,-1.175219241989009,-0.07627782884792023,1.1900000000000004,-0.5400009155273438
2008-01-16,1.466404676437378,76.26000213623047,2.51,3.74,3.6694272367210345,-1.1594272367210348,-0.051564227671337726,1.2300000000000004,-0.15999603271484375
2008-01-17,1.4640002250671387,76.16999816894531,2.44,3.66,3.600737235276084,-1.160737235276084,-0.04999304976445673,1.2200000000000002,0.23999786376953125
2008-01-18,1.4617959260940552,76.37999725341797,2.36,3.66,3.5496157368045083,-1.1896157368045084,0.007805343522915731,1.3000000000000003,0.399993896484375
2008-01-22,1.4647936820983887,76.3499984741211,2.08,3.52,3.3926150838797917,-1.3126150838797916,-0.14935815389669083,1.44,0.7399978637695312
2008-01-23,1.4632076025009155,76.4000015258789,2.09,3.51,3.345221586237684,-1.2552215862376843,-0.08000234424867525,1.42,0.8300018310546875
2008-01-24,1.4774104356765747,75.69000244140625,2.25,3.68,3.522776852623422,-1.272776852623422,-0.11334961590238724,1.4300000000000002,-0.5699996948242188
2008-01-25,1.467502236366272,75.97000122070312,2.23,3.61,3.5942309297486883,-1.3642309297486883,-0.20349369447260424,1.38,-0.1999969482421875
2008-01-28,1.4788086414337158,75.58000183105469,2.2,3.61,3.4698515996979484,-1.2698515996979483,-0.08023586289343987,1.4099999999999997,-0.7999954223632812
2008-01-29,1.4771921634674072,75.54000091552734,2.29,3.69,3.505096104340224,-1.215096104340224,0.09751897953956767,1.4,-0.80999755859375
2008-01-30,1.483107328414917,75.02999877929688,2.3,3.78,3.533491894380197,-1.2334918943801974,0.021729691857486966,1.48,-1.3700027465820312
2008-01-31,1.4865025281906128,75.18000030517578,2.17,3.67,3.423041482779869,-1.253041482779869,0.019735369843552952,1.5,-0.5100021362304688
2008-02-01,1.4799906015396118,75.44999694824219,2.09,3.62,3.436603154582052,-1.346603154582052,0.017627775166636273,1.5300000000000002,-0.5200042724609375
2008-02-04,1.4827995300292969,75.37000274658203,2.08,3.68,3.4350604319416416,-1.3550604319416415,-0.08520883224369324,1.6,-0.20999908447265625
2008-02-05,1.4638073444366455,76.12000274658203,1.93,3.61,3.308740014241675,-1.3787400142416752,-0.16364390990145128,1.68,0.5800018310546875
2008-02-06,1.4617104530334473,76.13999938964844,1.96,3.61,3.302894732128258,-1.3428947321282578,-0.10940283774806048,1.65,1.1100006103515625
2008-02-07,1.4478904008865356,76.94000244140625,1.99,3.74,3.201679022085894,-1.211679022085894,0.04136246069397509,1.7500000000000002,1.7600021362304688
2008-02-08,1.5570987462997437,76.66999816894531,1.93,3.64,3.155189966177481,-1.2251899661774812,0.12141318840457083,1.7100000000000002,1.220001220703125
2008-02-11,1.450200080871582,76.58000183105469,1.93,3.62,3.125337563655205,-1.1953375636552053,0.15972286828643623,1.6900000000000002,1.2099990844726562
2008-02-12,1.4581936597824097,76.31999969482422,1.94,3.66,3.185293985173515,-1.245293985173515,0.13344602906816028,1.7200000000000002,0.1999969482421875
2008-02-13,1.455604076385498,76.4000015258789,1.91,3.7,3.2090590357548896,-1.2990590357548897,0.04383569637336815,1.7900000000000003,0.26000213623046875
2008-02-14,1.4644076824188232,76.1500015258789,1.93,3.85,3.259439942883749,-1.329439942883749,-0.11776092079785494,1.9200000000000002,-0.7900009155273438
2008-02-15,1.4676098823547363,76.0999984741211,1.91,3.76,3.20005870590064,-1.29005870590064,-0.06486873972315887,1.8499999999999999,-0.5699996948242188
2008-02-19,1.4729926586151123,76.0,2.06,3.89,3.2826979066368143,-1.2226979066368142,-0.027360342981608943,1.83,-0.5800018310546875
2008-02-20,1.4722987413406372,76.12000274658203,2.14,3.93,3.319251068692948,-1.179251068692948,0.06604291648056693,1.79,-0.1999969482421875
2008-02-21,1.4815034866333008,75.5999984741211,1.98,3.77,3.421385397053723,-1.4413853970537231,-0.14232636129883347,1.79,-0.8000030517578125
2008-02-22,1.4826017618179321,75.5199966430664,1.98,3.79,3.396157736163381,-1.416157736163381,-0.08671779327963214,1.81,-0.6300048828125
2008-02-25,1.4835914373397827,75.52999877929688,2.13,3.91,3.3822554750634306,-1.2522554750634307,0.03780323083720938,1.7800000000000002,-0.5699996948242188
2008-02-26,1.4996100664138794,74.76000213623047,2.04,3.88,3.4311194529892,-1.3911194529892001,-0.16842154635238593,1.8399999999999999,-1.2399978637695312
2008-02-27,1.5118072032928467,74.20999908447266,2.01,3.85,3.371630814147501,-1.3616308141475013,-0.18237974545455327,1.8400000000000003,-1.910003662109375
2008-02-28,1.5195951461791992,73.72000122070312,1.87,3.71,3.324568125467479,-1.4545681254674787,-0.013182728413755562,1.8399999999999999,-1.8799972534179688
2008-02-29,1.519202709197998,73.70999908447266,1.65,3.53,3.202318596602991,-1.552318596602991,-0.13616086043961007,1.88,-1.80999755859375
2008-03-03,1.5200109481811523,73.69999694824219,1.61,3.54,3.2155378702929247,-1.6055378702929246,-0.3532823952294939,1.93,-1.8300018310546875
2008-03-04,1.5210051536560059,73.66000366210938,1.65,3.63,3.256127677622037,-1.606127677622037,-0.21500822463283686,1.98,-1.0999984741210938
2008-03-05,1.527697205543518,73.4800033569336,1.66,3.7,3.2746670000944613,-1.6146670000944614,-0.2530361859469601,2.04,-0.7299957275390625
2008-03-06,1.5385088920593262,73.0,1.53,3.62,3.2967456145148013,-1.7667456145148013,-0.31217748904732256,2.09,-0.720001220703125
2008-03-07,1.5336012840270996,73.02999877929688,1.53,3.56,3.2913744464011216,-1.7613744464011216,-0.20905584979813052,2.0300000000000002,-0.6800003051757812
2008-03-10,1.534095287322998,72.98999786376953,1.47,3.46,3.2561076574462438,-1.7861076574462438,-0.18056978715331917,1.99,-0.7099990844726562
2008-03-11,1.5341894626617432,73.27999877929688,1.74,3.6,3.357820703104185,-1.617820703104185,-0.0116930254821479,1.86,-0.3800048828125
2008-03-12,1.5540015697479248,72.4000015258789,1.63,3.49,3.369600443089335,-1.7396004430893353,-0.12493344299487386,1.8600000000000003,-1.0800018310546875
2008-03-13,1.5622069835662842,72.06999969482422,1.63,3.56,3.295037571781475,-1.665037571781475,0.10170804273332634,1.9300000000000002,-0.9300003051757812
2008-03-14,1.561792254447937,71.66000366210938,1.47,3.44,3.32342754453706,-1.85342754453706,-0.09205309813593843,1.97,-1.3699951171875
2008-03-17,1.574803113937378,71.45999908447266,1.35,3.34,3.223790804939426,-1.8737908049394258,-0.08768314749318207,1.9899999999999998,-1.529998779296875
2008-03-18,1.565802812576294,71.56999969482422,1.58,3.48,3.315790154611523,-1.7357901546115229,-0.11796945150733795,1.9,-1.7099990844726562
2008-03-19,1.5638928413391113,72.13999938964844,1.54,3.38,3.388472576983804,-1.848472576983804,-0.1088721338944687,1.8399999999999999,-0.26000213623046875
2008-03-20,1.54421067237854,72.75,1.59,3.34,3.4830006138351,-1.8930006138351,-0.22796304205362516,1.7499999999999998,0.6800003051757812
2008-03-25,1.5612071752548218,72.27999877929688,1.79,3.51,3.586924273434211,-1.796924273434211,0.05650327110284903,1.7199999999999998,0.6199951171875
2008-03-26,1.5824036598205566,71.51000213623047,1.71,3.51,3.6012892408192925,-1.8912892408192925,-0.01749843587986666,1.7999999999999998,0.0500030517578125
2008-03-27,1.5814026594161987,71.66000366210938,1.73,3.56,3.575291650234232,-1.8452916502342318,-0.10950149562270894,1.83,0.09000396728515625
2008-03-28,1.5760937929153442,71.68000030517578,1.67,3.47,3.609927105482069,-1.9399271054820693,-0.0914545284982653,1.8000000000000003,-0.45999908447265625
2008-03-31,1.5757957696914673,71.80000305175781,1.62,3.45,3.5955453032314653,-1.9755453032314652,-0.08254468939636506,1.83,-0.9499969482421875
2008-04-02,1.5677913427352905,72.26000213623047,1.88,3.6,3.650998444914145,-1.7709984449141452,0.025925828520065863,1.7200000000000002,-0.01999664306640625
2008-04-03,1.5667105913162231,72.22000122070312,1.91,3.61,3.642309271444028,-1.7323092714440282,0.15897996937526426,1.7,0.7099990844726562
2008-04-04,1.5736879110336304,72.0199966430664,1.83,3.5,3.6149163220507456,-1.7849163220507456,0.06037532818348623,1.67,0.35999298095703125
2008-04-07,1.5704996585845947,72.19999694824219,1.95,3.57,3.6664616014944538,-1.7164616014944538,0.22346550398761544,1.6199999999999999,0.5199966430664062
2008-04-08,1.5578023195266724,72.2300033569336,1.87,3.58,3.665186177505424,-1.7951861775054239,0.1803591257260413,1.71,0.43000030517578125
2008-04-09,1.5824036598205566,71.83000183105469,1.77,3.49,3.648584367636025,-1.8785843676360248,-0.10758592272187961,1.7200000000000002,-0.43000030517578125
2008-04-10,1.57420814037323,72.12000274658203,1.84,3.55,3.5996254298401804,-1.7596254298401803,-0.02731615839615209,1.7099999999999997,-0.09999847412109375
2008-04-11,1.5822033882141113,71.80999755859375,1.76,3.49,3.568277504654142,-1.8082775046541422,-0.02336118260339659,1.7300000000000002,-0.20999908447265625
2008-04-14,1.5825037956237793,71.87999725341797,1.78,3.53,3.5976389213206863,-1.8176389213206863,-0.10117731982623246,1.7499999999999998,-0.31999969482421875
2008-04-15,1.5786067247390747,72.0199966430664,1.84,3.6,3.6552990486369152,-1.8152990486369152,-0.020112871131491294,1.76,-0.2100067138671875
2008-04-16,1.5958125591278076,71.41000366210938,1.98,3.72,3.6918694495288937,-1.7118694495288937,0.16671491810713102,1.7400000000000002,-0.4199981689453125
2008-04-17,1.5902043581008911,71.68000030517578,2.13,3.75,3.755204473522962,-1.6252044735229623,0.13442095631721807,1.62,-0.44000244140625
2008-04-18,1.5733908414840698,72.01000213623047,2.19,3.77,3.877366824590743,-1.6873668245907432,0.120910680063399,1.58,0.20000457763671875
2008-04-21,1.5911911725997925,71.6500015258789,2.2,3.75,3.857903072161313,-1.6579030721613126,0.15973584915937367,1.5499999999999998,-0.2299957275390625
2008-04-22,1.5987977981567383,71.33000183105469,2.24,3.74,4.003971060937189,-1.7639710609371884,0.051327987699726796,1.5,-0.6899948120117188
2008-04-23,1.58740234375,71.81999969482422,2.22,3.77,3.9351673513859113,-1.7151673513859111,-0.0032979018570173935,1.5499999999999998,0.40999603271484375
2008-04-24,1.568406105041504,72.54000091552734,2.41,3.87,3.91822738107968,-1.50822738107968,0.11697709244328225,1.46,0.8600006103515625
2008-04-25,1.5636972188949585,72.79000091552734,2.44,3.91,3.920173373840616,-1.480173373840616,0.20719345075012718,1.4700000000000002,0.779998779296875
2008-04-28,1.5652881860733032,72.79000091552734,2.36,3.86,3.905611834497548,-1.545611834497548,0.11229123766376459,1.5,1.1399993896484375
2008-04-29,1.556710958480835,72.88999938964844,2.35,3.85,3.862542569007776,-1.5125425690077758,0.2514284919294125,1.5,1.55999755859375
2008-04-30,1.5622069835662842,72.51000213623047,2.29,3.77,3.856624053714866,-1.566624053714866,0.14854329767104524,1.48,0.69000244140625
2008-05-02,1.5434004068374634,73.5,2.47,3.89,3.906987020269593,-1.436987020269593,0.07124036081008711,1.42,0.9599990844726562
2008-05-05,1.5498108863830566,73.19000244140625,2.42,3.88,3.896489142526709,-1.476489142526709,0.0036842313139069383,1.46,0.40000152587890625
2008-05-06,1.553591012954712,73.0,2.38,3.93,3.810820271731741,-1.4308202717317413,0.11479156276580671,1.5500000000000003,0.20999908447265625
2008-05-07,1.5385088920593262,73.51000213623047,2.31,3.87,3.8409912497292735,-1.5309912497292735,-0.018448680721497634,1.56,0.6200027465820312
2008-05-08,1.5464078187942505,73.4800033569336,2.25,3.79,3.8027537474343287,-1.5527537474343287,0.013870306280537203,1.54,0.970001220703125
2008-05-09,1.5489946603775024,73.05000305175781,2.25,3.77,3.7395117512094735,-1.4895117512094735,-0.05252473093988064,1.52,-0.4499969482421875
2008-05-12,1.5540015697479248,72.94999694824219,2.3,3.78,3.79072659380224,-1.4907265938022403,-0.014237451275531221,1.48,-0.2400054931640625
2008-05-13,1.547700047492981,73.2699966430664,2.47,3.9,3.886722213258217,-1.416722213258217,0.01409805847352441,1.4299999999999997,0.26999664306640625
2008-05-14,1.546910047531128,73.4000015258789,2.53,3.92,3.949224798738352,-1.4192247987383522,0.1117664509909213,1.3900000000000001,-0.1100006103515625
2008-05-15,1.5450935363769531,73.3499984741211,2.45,3.83,4.018135229028566,-1.5681352290285657,-0.015381481594237023,1.38,-0.1300048828125
2008-05-16,1.5596001148223877,72.83999633789062,2.47,3.85,4.033534065997581,-1.563534065997581,-0.07402231478810739,1.38,-0.2100067138671875
2008-05-19,1.5527950525283813,73.04000091552734,2.42,3.83,4.019257027114115,-1.599257027114115,-0.10853043331187484,1.4100000000000001,0.09000396728515625
2008-05-20,1.5654107332229614,72.4000015258789,2.34,3.78,4.03416808123111,-1.6941680812311102,-0.2774458679728933,1.44,-0.8699951171875
2008-05-21,1.5788060426712036,71.94000244140625,2.41,3.81,4.120240686137047,-1.7102406861370465,-0.29101588739869433,1.4,-1.4599990844726562
2008-05-22,1.573192834854126,72.27999877929688,2.56,3.92,4.183687258778352,-1.6236872587783515,-0.05555202974978579,1.3599999999999999,-1.0699996948242188
2008-05-23,1.5785070657730103,71.88999938964844,2.46,3.85,4.204835845115998,-1.7448358451159978,-0.18130177911841683,1.3900000000000001,-0.9499969482421875
2008-05-27,1.5690950155258179,72.33999633789062,2.55,3.93,4.195409203384551,-1.6454092033845509,-0.046152176270435774,1.3800000000000003,-0.7000045776367188
2008-05-28,1.5656068325042725,72.55000305175781,2.62,4.03,4.223127997569507,-1.6031279975695067,0.09104008366160343,1.4100000000000001,0.15000152587890625
2008-05-29,1.5518070459365845,73.0199966430664,2.67,4.08,4.307342015011799,-1.6373420150117992,0.07289867112524728,1.4100000000000001,1.0799942016601562
2008-05-30,1.5540982484817505,72.87999725341797,2.66,4.06,4.281174106483883,-1.621174106483883,0.002513152294468579,1.3999999999999995,0.5999984741210938
2008-06-02,1.5546056032180786,72.93000030517578,2.51,3.98,4.248272920164446,-1.7382729201644462,0.00656292495155153,1.4700000000000002,1.0400009155273438
2008-06-03,1.5450220108032227,73.23999786376953,2.45,3.92,4.32546644195712,-1.87546644195712,-0.2300572385725692,1.4699999999999998,0.9000015258789062
2008-06-04,1.5432575941085815,73.41999816894531,2.47,3.98,4.269095924494285,-1.7990959244942846,-0.19596792692477782,1.5099999999999998,0.8699951171875
2008-06-05,1.5588949918746948,73.04000091552734,2.52,4.06,4.501077157114809,-1.9810771571148087,-0.3437351421030095,1.5399999999999996,0.0200042724609375
2008-06-06,1.5785070657730103,72.38999938964844,2.4,3.94,4.587073185042647,-2.1870731850426472,-0.5658990785587643,1.54,-0.48999786376953125
2008-06-09,1.5643576383590698,72.8499984741211,2.73,4.02,4.655862747169787,-1.9258627471697873,-0.1875898270053411,1.2899999999999996,-0.0800018310546875
2008-06-10,1.5464078187942505,73.69999694824219,2.91,4.11,4.590927115856964,-1.6809271158569636,0.19453932610015645,1.2000000000000002,0.45999908447265625
2008-06-11,1.555790662765503,73.20999908447266,2.83,4.1,4.53546390426725,-1.7054639042672504,0.09363202022703421,1.2699999999999996,-0.20999908447265625
2008-06-12,1.5460968017578125,73.86000061035156,3.03,4.23,4.574346637611254,-1.544346637611254,0.4367305195035547,1.2000000000000006,0.8199996948242188
2008-06-13,1.5369009971618652,74.1500015258789,3.05,4.27,4.604433195539016,-1.5544331955390165,0.6326399895036308,1.2199999999999998,1.7600021362304688
2008-06-16,1.5473887920379639,73.61000061035156,3.02,4.25,4.713763744066501,-1.693763744066501,0.23209900310328635,1.23,0.7600021362304688
2008-06-17,1.5521925687789917,73.51000213623047,2.94,4.23,4.645706671611431,-1.705706671611431,-0.02477955575446744,1.2900000000000005,-0.18999481201171875
2008-06-18,1.553808331489563,73.44000244140625,2.89,4.16,4.636510521778339,-1.746510521778339,-0.04104661751108862,1.27,0.23000335693359375
2008-06-19,1.550988793373108,73.4800033569336,2.99,4.22,4.69254937843155,-1.7025493784315495,-0.1582027408202955,1.2299999999999995,-0.37999725341796875
2008-06-20,1.5627930164337158,73.02999877929688,2.88,4.16,4.622248444021901,-1.742248444021901,-0.18781524848288456,1.2800000000000002,-1.1200027465820312
2008-06-23,1.5522888898849487,73.43000030517578,2.98,4.19,4.583726701999321,-1.6037267019993213,0.09003704206717966,1.2100000000000004,-0.18000030517578125
2008-06-24,1.5570018291473389,73.23999786376953,2.87,4.1,4.5401792962007725,-1.6701792962007724,0.035527375410658646,1.2299999999999995,-0.2700042724609375
2008-06-25,1.5673980712890625,72.93000030517578,2.82,4.12,4.583702787892584,-1.763702787892584,-0.01719226611424496,1.3000000000000003,-0.5100021362304688
2008-06-26,1.5752992630004883,72.48999786376953,2.68,4.07,4.538368018593172,-1.8583680185931715,-0.15581864016162195,1.3900000000000001,-0.9900054931640625
2008-06-27,1.5752992630004883,72.36000061035156,2.65,3.99,4.498623143956031,-1.8486231439560314,-0.1063746999341304,1.3400000000000003,-0.6699981689453125
2008-06-30,1.57500159740448,72.45999908447266,2.63,3.99,4.619391970344079,-1.9893919703440792,-0.3856652683447579,1.3600000000000003,-0.970001220703125
2008-07-02,1.5878056287765503,72.02999877929688,2.6,3.99,4.644998310867589,-2.0449983108675887,-0.3748190146668162,1.3900000000000001,-1.2099990844726562
2008-07-03,1.5700066089630127,72.73999786376953,2.54,3.99,4.512146917081721,-1.9721469170817212,-0.20844412918913724,1.4500000000000002,-0.19000244140625
2008-07-07,1.5720057487487793,72.66999816894531,2.47,3.95,4.431633744627096,-1.9616337446270955,-0.10326572603392403,1.48,0.18000030517578125
2008-07-08,1.5333895683288574,73.01000213623047,2.47,3.91,4.42588650515577,-1.9558865051557697,-0.10726336119973823,1.44,0.6500015258789062
2008-07-09,1.5735888481140137,72.58000183105469,2.41,3.85,4.4550400643564885,-2.0450400643564883,-0.05564809401240911,1.44,0.12000274658203125
2008-07-10,1.5785070657730103,72.48999786376953,2.44,3.83,4.429284708518429,-1.9892847085184289,0.055713602349159785,1.3900000000000001,0.45999908447265625
2008-07-11,1.5948964357376099,72.0999984741211,2.59,3.96,4.405612421488973,-1.8156124214889733,0.1565344955927479,1.37,-0.6399993896484375
2008-07-14,1.589092493057251,71.91999816894531,2.47,3.9,4.393893384990228,-1.9238933849902282,0.03774035963686728,1.4299999999999997,-0.75
2008-07-15,1.5899008512496948,71.87000274658203,2.39,3.87,4.321495756986529,-1.931495756986529,0.024390748169240695,1.48,-1.1399993896484375
2008-07-16,1.5822033882141113,72.05999755859375,2.44,3.97,4.356205607434846,-1.9162056074348457,0.12883445692164264,1.5300000000000002,-0.5200042724609375
2008-07-17,1.585590124130249,72.23999786376953,2.58,4.07,4.398676237097996,-1.8186762370979963,0.17060847142043256,1.4900000000000002,-0.25
2008-07-18,1.5853890180587769,72.19000244140625,2.66,4.11,4.500624761238413,-1.8406247612384128,-0.025012339749439505,1.4500000000000002,0.09000396728515625
2008-07-21,1.5913937091827393,71.98999786376953,2.66,4.09,4.613105263637472,-1.9531052636374717,-0.029211878647243505,1.4299999999999997,0.06999969482421875
2008-07-22,1.5792051553726196,72.44999694824219,2.74,4.14,4.565582372739627,-1.8255823727396265,0.10591338424690244,1.3999999999999995,0.5799942016601562
2008-07-23,1.5692428350448608,72.80999755859375,2.81,4.16,4.591811423535669,-1.7818114235356686,0.13439418389917712,1.35,0.75
2008-07-24,1.568873643875122,72.93000030517578,2.61,4.03,4.459284036718529,-1.849284036718529,-0.030607799620532727,1.4200000000000004,0.69000244140625
2008-07-25,1.5672998428344727,72.86000061035156,2.7,4.13,4.443596773046596,-1.7435967730465958,0.09702798819181702,1.4299999999999997,0.6699981689453125
2008-07-28,1.5741338729858398,72.6500015258789,2.59,4.06,4.394474220177009,-1.804474220177009,0.14863104346046274,1.4699999999999998,0.660003662109375
2008-07-29,1.5590895414352417,73.30999755859375,2.65,4.09,4.379401294954143,-1.7294012949541435,0.09618107778548302,1.44,0.8600006103515625
2008-07-30,1.5573655366897583,73.31999969482422,2.64,4.07,4.351400256445103,-1.7114002564451032,0.07041116709056539,1.4300000000000002,0.5100021362304688
2008-07-31,1.5593082904815674,73.2300033569336,2.52,3.99,4.313970614539645,-1.7939706145396452,0.0553134221788838,1.4700000000000002,0.3000030517578125
2008-08-08,1.5048909187316895,75.8499984741211,2.51,3.94,4.09620669219427,-1.5862066921942706,0.1573900808523252,1.4300000000000002,2.9899978637695312
2008-08-26,1.4647936820983887,77.25,2.35,3.79,4.002370724442574,-1.6523707244425743,0.1521034957344347,1.44,4.599998474121094
2008-08-27,1.4725805521011353,77.05000305175781,2.31,3.77,4.118394076338495,-1.808394076338495,-0.0789927813843514,1.46,3.7400054931640625
2008-08-28,1.4714103937149048,77.1500015258789,2.37,3.79,4.181019428344739,-1.8110194283447392,-0.09961917189963598,1.42,3.8300018310546875
2008-08-29,1.4670931100845337,77.37999725341797,2.36,3.83,4.133201985617549,-1.7732019856175492,0.020768628922096077,1.4700000000000002,4.149993896484375
2008-09-02,1.4515894651412964,78.05999755859375,2.26,3.74,4.11791986446672,-1.8579198644667203,-0.27171317227244973,1.4800000000000004,2.2099990844726562
2008-09-03,1.4486035108566284,78.08999633789062,2.26,3.71,4.091423456564536,-1.8314234565645364,-0.17905273212196215,1.4500000000000002,0.839996337890625
2008-09-04,1.4264928102493286,78.61000061035156,2.2,3.64,4.069691983294857,-1.8696919832948566,-0.061297906956361725,1.44,1.55999755859375
2008-09-05,1.4274905920028687,78.93000030517578,2.23,3.66,3.9695230117624094,-1.7395230117624094,0.07149641658232975,1.4300000000000002,1.779998779296875
2008-09-08,1.5050041675567627,79.58999633789062,2.3,3.66,4.022709041830825,-1.722709041830825,0.05049294378672409,1.3600000000000003,2.2099990844726562
2008-09-09,1.414847493171692,79.25,2.23,3.62,4.025413607674739,-1.7954136076747393,0.06250625679198096,1.3900000000000001,1.19000244140625
2008-09-10,1.3984057903289795,79.8499984741211,2.22,3.65,4.00621491708429,-1.78621491708429,0.04520853948024639,1.4299999999999997,1.7600021362304688
2008-09-11,1.3995996713638306,80.1500015258789,2.18,3.64,3.94940718673163,-1.7694071867316299,0.10028479656322675,1.46,1.5400009155273438
2008-09-12,1.4239943027496338,78.97000122070312,2.23,3.74,3.99557849407291,-1.7655784940729102,-0.02605548231050081,1.5100000000000002,0.04000091552734375
2008-09-15,1.4268999099731445,78.91000366210938,1.78,3.47,3.825532838307889,-2.0455328383078886,-0.3228237964770635,1.6900000000000002,-0.67999267578125
2008-09-16,1.4135074615478516,79.06999969482422,1.89,3.48,3.747823556420789,-1.857823556420789,-0.06240994874604966,1.59,-0.18000030517578125
2008-09-17,1.4329315423965454,78.0999984741211,1.64,3.41,3.8324084348114495,-2.1924084348114494,-0.4061935177271594,1.7700000000000002,-1.75
2008-09-18,1.4304922819137573,78.0199966430664,1.78,3.54,3.863050683335708,-2.083050683335708,-0.3136434966040782,1.76,-2.1300048828125
2008-09-19,1.441794753074646,77.68000030517578,2.16,3.78,4.002952234852318,-1.8429522348523175,-0.07737374077940729,1.6199999999999997,-1.2900009155273438
2008-09-22,1.4795963764190674,76.1500015258789,2.13,3.83,4.104286386762482,-1.9742863867624818,0.07124645154540676,1.7000000000000002,-2.7600021362304688
2008-09-23,1.4692918062210083,76.47000122070312,2.11,3.85,4.03579578064334,-1.9257957806433406,-0.06797222422255156,1.7400000000000002,-2.5999984741210938
2008-09-24,1.4633146524429321,76.79000091552734,2.03,3.8,3.924702022200388,-1.8947020222003883,0.2977064126110611,1.77,-1.30999755859375
2008-09-25,1.4641932249069214,76.98999786376953,2.16,3.88,3.930835394171251,-1.7708353941712507,0.3122152891644574,1.7199999999999998,-1.029998779296875
2008-09-26,1.4598966836929321,76.94999694824219,2.11,3.85,3.833298921026225,-1.7232989210262253,0.11965331382609223,1.7400000000000002,-0.7300033569335938
2008-09-29,1.4393253326416016,77.47000122070312,1.7,3.61,3.650186350078678,-1.9501863500786782,0.02410003668380356,1.91,1.3199996948242188
2008-09-30,1.409641981124878,79.44999694824219,2.0,3.85,3.5866077675233203,-1.5866077675233203,0.3391880131200202,1.85,2.9799957275390625
2008-10-01,1.4016202688217163,79.45999908447266,1.82,3.77,3.567885703977451,-1.747885703977451,0.1468163182229374,1.95,2.6699981689453125
2008-10-02,1.380795955657959,80.44000244140625,1.62,3.66,3.4654836211503905,-1.8454836211503904,-0.07464822697913975,2.04,3.4500045776367188
2008-10-03,1.3784927129745483,80.30999755859375,1.6,3.63,3.294346960442284,-1.6943469604422838,0.02895196058394145,2.03,3.3600006103515625
2008-10-06,1.3504936695098877,81.68000030517578,1.43,3.48,3.1339875029076447,-1.7039875029076448,0.24619884717103346,2.05,4.209999084472656
2008-10-07,1.3588064908981323,80.97000122070312,1.47,3.5,3.0799757610792744,-1.6099757610792744,-0.023367993555954092,2.0300000000000002,1.5200042724609375
2008-10-08,1.4957072734832764,80.91000366210938,1.65,3.72,3.004103474850694,-1.3541034748506942,0.39378222912675676,2.0700000000000003,1.4500045776367188
2008-10-09,1.3598041534423828,81.16000366210938,1.65,3.84,3.0445969125297045,-1.3945969125297046,0.4508867086206858,2.19,0.720001220703125
2008-10-10,1.3398001194000244,83.0,1.62,3.89,2.9797433170860304,-1.3597433170860302,0.3346036433562536,2.27,2.69000244140625
2008-10-14,1.3618041276931763,81.36000061035156,1.82,4.08,3.1757722011931886,-1.3557722011931885,0.34821530171445625,2.26,-0.31999969482421875
2008-10-15,1.3443931341171265,82.05000305175781,1.64,4.04,3.2013560773299967,-1.5613560773299968,0.04861968374927761,2.4000000000000004,1.0800018310546875
2008-10-16,1.3489997386932373,82.45999908447266,1.61,3.99,3.109009727327017,-1.499009727327017,-0.14490625247632294,2.38,1.5499954223632812
2008-10-17,1.3422999382019043,82.41000366210938,1.64,3.98,2.9111668479483503,-1.2711668479483504,0.12343006458135419,2.34,1.25
2008-10-20,1.3313274383544922,83.0999984741211,1.71,3.91,2.976643255783906,-1.2666432557839062,0.093100061302124,2.2,0.09999847412109375
2008-10-21,1.3061139583587646,83.98999786376953,1.58,3.76,2.9452938390404166,-1.3652938390404166,-0.009521637847228037,2.1799999999999997,2.6299972534179688
2008-10-22,1.2816734313964844,85.37000274658203,1.53,3.65,2.8519616415114943,-1.3219616415114943,0.2393944358185025,2.12,3.3199996948242188
2008-10-23,1.2944984436035156,85.36000061035156,1.54,3.63,2.829118817243598,-1.289118817243598,0.2098909100834192,2.09,2.9000015258789062
2008-10-24,1.2629930973052979,86.44000244140625,1.57,3.76,2.7720730176252117,-1.2020730176252117,0.06909383032313876,2.1899999999999995,4.029998779296875
2008-10-27,1.2464631795883179,86.93000030517578,1.59,3.79,2.701886202165225,-1.111886202165225,0.1547570536186813,2.2,3.8300018310546875
2008-10-28,1.2809016704559326,87.02999877929688,1.65,3.89,2.6451854910049235,-0.9951854910049236,0.370108348035493,2.24,3.0400009155273438
2008-10-29,1.2959243059158325,85.06999969482422,1.58,3.93,2.675992468343116,-1.0959924683431161,0.22596917316837817,2.35,-0.3000030517578125
2008-10-30,1.2868025302886963,84.55999755859375,1.59,4.0,2.714049817553987,-1.1240498175539868,0.16506899968961108,2.41,-0.8000030517578125
2008-10-31,1.2701960802078247,85.62999725341797,1.56,4.01,2.675773159235401,-1.1157731592354008,0.08629985838981091,2.4499999999999997,-0.8100051879882812
2008-11-03,1.2617977857589722,86.3499984741211,1.45,3.96,2.7348355429389297,-1.2848355429389298,-0.17294934077370483,2.51,-0.5800018310546875
2008-11-04,1.2983977794647217,84.77999877929688,1.39,3.81,2.71316943117201,-1.32316943117201,-0.3279839401670863,2.42,-2.25
2008-11-05,1.2918059825897217,84.61000061035156,1.36,3.73,2.734704448293237,-1.374704448293237,-0.27871197995012076,2.37,-0.45999908447265625
2008-11-06,1.2695027589797974,85.88999938964844,1.28,3.75,2.7266731803207755,-1.4466731803207755,-0.3226233627667887,2.4699999999999998,1.3300018310546875
2008-11-07,1.2714072465896606,85.91000366210938,1.33,3.83,2.644836856593315,-1.314836856593315,-0.1990636973579143,2.5,0.28000640869140625
2008-11-10,1.2747948169708252,85.91000366210938,1.27,3.82,2.6464263311915985,-1.3764263311915985,-0.09159078825266875,2.55,-0.43999481201171875
2008-11-12,1.2459040880203247,87.47000122070312,1.19,3.75,2.5396631780725296,-1.3496631780725297,-0.026493746900519755,2.56,2.69000244140625
2008-11-13,1.2788705825805664,86.94000244140625,1.24,3.84,2.498134923404866,-1.2581349234048662,0.11656952488837069,2.5999999999999996,2.3300018310546875
2008-11-14,1.2596997022628784,86.36000061035156,1.22,3.72,2.562697925683422,-1.342697925683422,0.10397525463735358,2.5,0.470001220703125
2008-11-17,1.2643983364105225,86.80999755859375,1.22,3.68,2.5042577848671748,-1.2842577848671748,0.030579071726140272,2.46,0.899993896484375
2008-11-18,1.2636953592300415,87.37000274658203,1.15,3.53,2.4872318005232774,-1.3372318005232775,0.039194530668321015,2.38,1.4599990844726562
2008-11-19,1.2505314350128174,87.30999755859375,1.09,3.38,2.44486883934003,-1.3548688393400299,-0.005205661267500217,2.29,-0.160003662109375
2008-11-20,1.243904948234558,87.97000122070312,1.0,3.1,2.3207846423574,-1.3207846423574,-0.06264971895253368,2.1,1.029998779296875
2008-11-21,1.2590969800949097,88.19000244140625,1.09,3.2,2.3566050660655185,-1.2666050660655184,0.07609285961790357,2.1100000000000003,1.8300018310546875
2008-11-24,1.291772723197937,86.08000183105469,1.31,3.35,2.349061784559153,-1.039061784559153,0.2451960003080218,2.04,-0.7299957275390625
2008-11-25,1.303407073020935,85.0,1.15,3.11,2.4315593916870157,-1.2815593916870158,0.05567240883626168,1.96,-2.3700027465820312
2008-11-26,1.289923071861267,85.66999816894531,1.09,2.99,2.420697894883505,-1.330697894883505,0.02417094445652479,1.9000000000000001,-1.6399993896484375
2008-11-28,1.269792914390564,86.5199966430664,1.0,2.93,2.3758833385913034,-1.3758833385913034,-0.05509869623390351,1.9300000000000002,-1.4500045776367188
2008-12-01,1.2599060535430908,86.72000122070312,0.9,2.72,2.3421903722185093,-1.4421903722185094,-0.17558530615299106,1.8200000000000003,-1.470001220703125
2008-12-02,1.2713264226913452,86.69999694824219,0.9,2.68,2.342847835984947,-1.442847835984947,-0.40378605142579405,1.7800000000000002,0.6199951171875
2008-12-03,1.2707933187484741,87.02999877929688,0.87,2.67,2.3069988536732677,-1.4369988536732676,-0.1554394619862518,1.7999999999999998,2.029998779296875
2008-12-04,1.277400255203247,86.44000244140625,0.82,2.55,2.2986761573102603,-1.4786761573102605,-0.14797826242675538,1.73,0.7700042724609375
2008-12-05,1.2716983556747437,87.12000274658203,0.93,2.67,2.392703304266762,-1.4627033042667619,-0.08681996567545847,1.7399999999999998,0.600006103515625
2008-12-08,1.4918025732040405,85.55999755859375,0.97,2.77,2.4679348152901843,-1.4979348152901844,-0.05574444307167492,1.8,-1.160003662109375
2008-12-09,1.2926075458526611,85.83999633789062,0.84,2.67,2.560310999806296,-1.720310999806296,-0.27746316382134895,1.83,-0.8600006103515625
2008-12-10,1.3014055490493774,85.4800033569336,0.86,2.69,2.5428078121767967,-1.6828078121767969,-0.24580895850352924,1.83,-1.5499954223632812
2008-12-11,1.3329956531524658,83.83000183105469,0.79,2.64,2.496050090929702,-1.7060500909297018,-0.22737393361944136,1.85,-2.6100006103515625
2008-12-12,1.33539879322052,83.63999938964844,0.78,2.6,2.4586443160749765,-1.6786443160749764,-0.21594101180821457,1.82,-3.4800033569335938
2008-12-15,1.3696004152297974,82.2699966430664,0.75,2.53,2.469463289047267,-1.7194632890472672,-0.22152847375708284,1.7799999999999998,-3.2900009155273438
2008-12-16,1.4061928987503052,80.68000030517578,0.65,2.37,2.435050038965261,-1.7850500389652613,-0.06473903915896528,1.7200000000000002,-5.159996032714844
2008-12-17,1.440839171409607,78.91000366210938,0.73,2.2,2.261720665311201,-1.5317206653112012,0.15108714686559566,1.4700000000000002,-6.569999694824219
2008-12-18,1.4293065071105957,79.47000122070312,0.68,2.08,2.2343585298138144,-1.5543585298138143,0.15169156111588755,1.4,-4.3600006103515625
2008-12-19,1.392602562904358,81.30000305175781,0.74,2.13,2.180806472850501,-1.440806472850501,0.23783784322447543,1.39,-2.339996337890625
2008-12-22,1.3959071636199951,81.08999633789062,0.87,2.16,2.1660527809341774,-1.2960527809341773,0.4234105081130899,1.29,-1.1800003051757812
2008-12-23,1.3937865495681763,81.23999786376953,0.9,2.18,2.1666691584873843,-1.2666691584873844,0.5183808804778769,1.2800000000000002,0.55999755859375
2008-12-24,1.4008938074111938,81.20999908447266,0.9,2.2,2.158969867598572,-1.258969867598572,0.2727507977126291,1.3000000000000003,2.2999954223632812
2008-12-29,1.4039028882980347,80.68000030517578,0.78,2.13,2.134761662027873,-1.354761662027873,0.1995968677859412,1.3499999999999999,1.2099990844726562
2008-12-30,1.4140071868896484,80.9000015258789,0.75,2.11,2.1422049182456604,-1.3922049182456604,0.04860155460484061,1.3599999999999999,-0.40000152587890625
2008-12-31,1.3979953527450562,81.30999755859375,0.76,2.25,2.137652319032287,-1.377652319032287,-0.0815995380981096,1.49,0.220001220703125
2009-01-02,1.3922922611236572,81.83999633789062,0.88,2.46,2.1017091083446244,-1.2217091083446245,0.04496005014275983,1.58,0.5999984741210938
2009-01-05,1.3645915985107422,82.63999938964844,0.78,2.49,2.0638258051151634,-1.2838258051151634,-0.02485593751659132,1.7100000000000002,1.4300003051757812
2009-01-06,1.3510043621063232,82.8499984741211,0.8,2.51,2.106721653636808,-1.306721653636808,0.04804000839106504,1.7099999999999997,2.1699981689453125
2009-01-07,1.3610997200012207,82.27999877929688,0.82,2.52,2.023337517932728,-1.2033375179327281,0.18886740031293225,1.7000000000000002,1.3799972534179688
2009-01-08,1.3699005842208862,81.54000091552734,0.83,2.47,1.9630295217649123,-1.1330295217649122,0.24462279726737468,1.6400000000000001,0.23000335693359375
2009-01-09,1.345496654510498,82.66000366210938,0.75,2.43,1.8606154842971567,-1.1106154842971567,0.11109362404746781,1.6800000000000002,0.82000732421875
2009-01-12,1.3360053300857544,83.0199966430664,0.74,2.34,1.8587757296947165,-1.1187757296947165,0.16505007542044692,1.5999999999999999,0.37999725341796875
2009-01-13,1.3202017545700073,84.2699966430664,0.76,2.33,1.838591000911554,-1.078591000911554,0.228130652725254,1.57,1.4199981689453125
2009-01-14,1.3217023611068726,84.41999816894531,0.73,2.24,1.825018175640769,-1.095018175640769,0.10831934229195905,1.5100000000000002,2.1399993896484375
2009-01-15,1.3158068656921387,84.44000244140625,0.73,2.23,1.8397664650151684,-1.1097664650151684,0.023263056749743827,1.5,2.9000015258789062
2009-01-16,1.3292039632797241,84.20999908447266,0.73,2.36,1.8719079153716964,-1.1419079153716964,-0.03129243107453972,1.63,1.5499954223632812
2009-01-20,1.2884937524795532,86.22000122070312,0.73,2.4,1.8456400885956912,-1.1156400885956912,0.0031356410990253103,1.67,3.2000045776367188
2009-01-21,1.3005084991455078,85.81999969482422,0.78,2.56,1.827291654813521,-1.047291654813521,0.03129934609803309,1.78,1.5500030517578125
2009-01-22,1.3006776571273804,85.5199966430664,0.75,2.62,1.771341449269253,-1.021341449269253,0.07367672637151612,1.87,1.0999984741210938
2009-01-23,1.2964956760406494,85.61000061035156,0.83,2.65,1.7308058753596307,-0.9008058753596307,0.20896058965553765,1.8199999999999998,1.1699981689453125
2009-01-26,1.319191575050354,84.7300033569336,0.85,2.7,1.9530935713583208,-1.103093571358321,0.03881434401337547,1.85,0.5200042724609375
2009-01-27,1.3215975761413574,84.43000030517578,0.87,2.59,1.983180631819436,-1.1131806318194362,0.0024594567762550312,1.7199999999999998,-1.7900009155273438
2009-01-28,1.3153221607208252,84.66999816894531,0.89,2.71,1.9055974392575177,-1.0155974392575176,0.03169421555600338,1.8199999999999998,-1.1500015258789062
2009-01-29,1.2937949895858765,85.27999877929688,0.95,2.87,1.8487130497443505,-0.8987130497443505,0.12262839952490245,1.9200000000000002,-0.23999786376953125
2009-01-30,1.2836971282958984,86.0,0.94,2.87,1.7872565045746085,-0.8472565045746085,0.0535493707850222,1.9300000000000002,0.3899993896484375
2009-02-02,1.2814927101135254,86.06999969482422,0.89,2.76,1.7492421730186667,-0.8592421730186667,0.2438513983396543,1.8699999999999997,1.339996337890625
2009-02-03,1.3012869358062744,85.05000305175781,0.96,2.89,1.6937568951688535,-0.7337568951688536,0.3794237366505826,1.9300000000000002,0.6200027465820312
2009-02-04,1.2855618000030518,85.69999694824219,0.98,2.95,1.7535262097099067,-0.7735262097099067,0.24207122954761084,1.9700000000000002,1.029998779296875
2009-02-05,1.2791157960891724,86.05999755859375,0.98,2.95,1.6479579859647029,-0.6679579859647029,0.2307550637796476,1.9700000000000002,0.779998779296875
2009-02-06,1.2927078008651733,85.3499984741211,0.99,3.05,1.6496450713438624,-0.6596450713438624,0.18761143323074614,2.0599999999999996,-0.6500015258789062
2009-02-09,1.2959076166152954,84.79000091552734,1.05,3.07,1.6902629258798507,-0.6402629258798507,0.218979247138816,2.0199999999999996,-1.279998779296875
2009-02-10,1.2914056777954102,85.80999755859375,0.92,2.9,1.664999076823018,-0.744999076823018,-0.011242181654164463,1.98,0.7599945068359375
2009-02-11,1.2868025302886963,85.77999877929688,0.93,2.78,1.6052124084069883,-0.6752124084069883,0.09831380130291845,1.8499999999999996,0.0800018310546875
2009-02-12,1.28909170627594,86.55000305175781,0.89,2.75,1.559577453992815,-0.6695774539928151,-0.001619468028112192,1.8599999999999999,0.4900054931640625
2009-02-13,1.2866039276123047,86.04000091552734,0.97,2.89,1.5802061930413358,-0.6102061930413358,0.04943887830252658,1.9200000000000002,0.69000244140625
2009-02-17,1.2581939697265625,87.58000183105469,0.87,2.64,1.462526365754862,-0.592526365754862,0.047736560124988725,1.77,2.7900009155273438
2009-02-18,1.256897211074829,88.01000213623047,0.97,2.74,1.4828658150188367,-0.5128658150188368,0.23213326180418126,1.7700000000000002,2.2000045776367188
2009-02-19,1.2659028768539429,87.44000244140625,1.01,2.85,1.6279962667184078,-0.6179962667184078,0.05721614168858047,1.84,1.660003662109375
2009-02-20,1.2932929992675781,86.48999786376953,0.96,2.78,1.575182113261187,-0.615182113261187,0.054395340731628106,1.8199999999999998,-0.06000518798828125
2009-02-23,1.267812728881836,87.23999786376953,0.96,2.78,1.5865609386113158,-0.6265609386113158,-0.016354745569979956,1.8199999999999998,1.1999969482421875
2009-02-24,1.2873989343643188,86.88999938964844,1.03,2.8,1.5238704625447963,-0.4938704625447963,0.09865590321006568,1.7699999999999998,-0.69000244140625
2009-02-25,1.2724264860153198,87.91000366210938,1.09,2.95,1.4922514045930042,-0.4022514045930041,0.11061441042583264,1.86,-0.09999847412109375
2009-02-26,1.2720541954040527,87.7300033569336,1.08,2.98,1.600294717712327,-0.5202947177123269,0.09770154900608086,1.9,0.29000091552734375
2009-02-27,1.2678931951522827,88.01000213623047,1.0,3.02,1.5568905412475926,-0.5568905412475926,0.05829157201359436,2.02,1.5200042724609375
2009-03-02,1.256407618522644,88.94000244140625,0.89,2.91,1.491865892065321,-0.6018658920653209,0.02469504654599486,2.02,1.7000045776367188
2009-03-03,1.253179907798767,88.91000366210938,0.91,2.93,1.4731584297043223,-0.5631584297043223,-0.06928796715952601,2.02,2.0200042724609375
2009-03-04,1.2638070583343506,88.58000183105469,0.97,3.01,1.446070877279752,-0.47607087727975195,-0.07381947268674782,2.04,0.6699981689453125
2009-03-05,1.2546736001968384,89.11000061035156,0.9,2.83,1.4480660117490876,-0.5480660117490875,-0.027771294036760596,1.9300000000000002,1.3799972534179688
2009-03-06,1.2638070583343506,88.51000213623047,0.91,2.83,1.4651317638173045,-0.5551317638173044,0.0017587774302881831,1.92,0.5
2009-03-09,1.2622755765914917,89.01000213623047,0.96,2.89,1.5381162137947562,-0.5781162137947562,0.023749678270564734,1.9300000000000002,0.06999969482421875
2009-03-10,1.2716660499572754,88.93000030517578,1.01,2.99,1.5576785836912546,-0.5476785836912546,0.015479846013067733,1.9800000000000002,0.01999664306640625
2009-03-11,1.2806720733642578,87.87000274658203,1.03,2.95,1.6266667145123463,-0.5966667145123463,-0.12059583723259437,1.9200000000000002,-0.7099990844726562
2009-03-12,1.289889931678772,87.66000366210938,1.03,2.89,1.5650275537792986,-0.5350275537792986,0.013038457969788975,1.86,-1.4499969482421875
2009-03-13,1.2929919958114624,87.43000030517578,0.98,2.89,1.5863776605436604,-0.6063776605436604,-0.05124589672635593,1.9100000000000001,-1.0800018310546875
2009-03-16,1.2976058721542358,86.94999694824219,1.0,2.97,1.5739832358796475,-0.5739832358796475,0.004132977915108693,1.9700000000000002,-2.0600051879882812
2009-03-17,1.3033220767974854,86.93000030517578,1.05,3.02,1.597308645780126,-0.547308645780126,0.00036993791112860386,1.97,-2.0
2009-03-18,1.3483994007110596,84.5999984741211,0.82,2.51,1.6125352833154754,-0.7925352833154754,-0.19586856880312908,1.69,-3.2700042724609375
2009-03-19,1.3661948442459106,83.12999725341797,0.87,2.61,1.6073071357060782,-0.7373071357060782,-0.20227958192677964,1.7399999999999998,-4.530006408691406
2009-03-20,1.3581973314285278,83.83999633789062,0.89,2.65,1.5206123294293583,-0.6306123294293583,-0.02423466888569792,1.7599999999999998,-3.5900039672851562
2009-03-23,1.3620452880859375,83.43000030517578,0.93,2.68,1.5431507268237263,-0.6131507268237263,-0.03916749094407879,1.75,-3.5199966430664062
2009-03-24,1.348126769065857,83.86000061035156,0.93,2.68,1.602728163730499,-0.672728163730499,-0.1254195179503731,1.75,-3.0699996948242188
2009-03-25,1.3576995134353638,83.80999755859375,0.96,2.81,1.620144140965146,-0.6601441409651461,0.13239114235032934,1.85,-0.7900009155273438
2009-03-26,1.3530701398849487,84.16999816894531,0.9,2.76,1.628757926922272,-0.728757926922272,0.008549208783806161,1.8599999999999999,1.0400009155273438
2009-03-27,1.3292039632797241,85.11000061035156,0.9,2.78,1.524796341554677,-0.624796341554677,0.005815987874681294,1.88,1.2700042724609375
2009-03-30,1.318617582321167,85.87000274658203,0.84,2.73,1.4802095913520985,-0.6402095913520985,-0.02705886452837225,1.8900000000000001,2.44000244140625
2009-03-31,1.3246963024139404,85.43000030517578,0.81,2.71,1.461562374259633,-0.651562374259633,0.021165789470866003,1.9,1.5699996948242188
2009-04-01,1.3240998983383179,85.5,0.83,2.68,1.4509317214647146,-0.6209317214647146,0.03921241950043142,1.85,1.69000244140625
2009-04-02,1.346692442893982,84.44999694824219,0.88,2.77,1.5780602312690468,-0.6980602312690468,0.03069769565322522,1.8900000000000001,0.279998779296875
2009-04-03,1.34890878200531,84.16999816894531,0.96,2.91,1.658081243397216,-0.6980812433972161,-0.07328490184253911,1.9500000000000002,-0.94000244140625
2009-04-06,1.340572476387024,84.56999969482422,0.94,2.95,1.69861096524276,-0.75861096524276,-0.11840137389066141,2.0100000000000002,-1.3000030517578125
2009-04-07,1.3277391195297241,85.29000091552734,0.91,2.93,1.6460171201504878,-0.7360171201504878,-0.08445474589085478,2.02,-0.1399993896484375
2009-04-08,1.3251352310180664,85.36000061035156,0.93,2.86,1.6291264517266069,-0.6991264517266068,-0.07819473026189216,1.9299999999999997,-0.1399993896484375
2009-04-09,1.3159972429275513,85.79000091552734,0.96,2.96,1.627832149342022,-0.6678321493420221,0.030228081927024752,2.0,1.3400039672851562
2009-04-14,1.327404260635376,84.63999938964844,0.86,2.8,1.5809208741055427,-0.7209208741055427,-0.02283963070832662,1.94,0.470001220703125
2009-04-15,1.3225939273834229,85.08000183105469,0.86,2.82,1.5341318588162995,-0.6741318588162996,0.08447910642646039,1.96,0.5100021362304688
2009-04-16,1.3180439472198486,85.2300033569336,0.91,2.86,1.5902637585157486,-0.6802637585157486,0.05575336163473921,1.9499999999999997,-0.05999755859375
2009-04-17,1.3044953346252441,85.9800033569336,0.99,2.98,1.6359989041582463,-0.6459989041582463,0.05312754756836047,1.99,0.6200027465820312
2009-04-20,1.2928917407989502,86.63999938964844,0.93,2.88,1.600154346753301,-0.670154346753301,-0.0023221974112789256,1.9499999999999997,0.8499984741210938
2009-04-21,1.2934937477111816,86.58000183105469,0.96,2.94,1.5867635870211585,-0.6267635870211585,0.0941572870843842,1.98,1.94000244140625
2009-04-22,1.300576090812683,86.19000244140625,1.0,2.98,1.63073106785201,-0.6307310678520099,0.043400790964289615,1.98,1.1100006103515625
2009-04-23,1.3140950202941895,85.5199966430664,0.97,2.96,1.6231225934323803,-0.6531225934323803,0.02714116508336828,1.99,0.2899932861328125
2009-04-24,1.3258028030395508,84.70999908447266,0.99,3.03,1.5840308337874736,-0.5940308337874736,0.05196807037077278,2.04,-1.2700042724609375
2009-04-27,1.3018969297409058,85.69999694824219,0.9,2.95,1.521417412151115,-0.621417412151115,0.04873693460218598,2.0500000000000003,-0.94000244140625
2009-04-28,1.313094139099121,85.16000366210938,0.95,3.05,1.5162574710589158,-0.5662574710589159,0.060506115962242646,2.0999999999999996,-1.4199981689453125
2009-04-29,1.3265942335128784,84.47000122070312,0.94,3.12,1.5021595933046985,-0.5621595933046986,0.06857147454731138,2.18,-1.720001220703125
2009-04-30,1.323521614074707,84.61000061035156,0.91,3.16,1.526532644007114,-0.616532644007114,0.03658994942526628,2.25,-0.9099960327148438
2009-05-04,1.3418675661087036,83.97000122070312,0.94,3.19,1.5215942016568729,-0.5815942016568729,0.012436632130600644,2.25,-0.7399978637695312
2009-05-05,1.33159339427948,84.16000366210938,0.98,3.2,1.521834254344554,-0.541834254344554,0.079583157806561,2.22,-1.5399932861328125
2009-05-06,1.3312920331954956,83.80000305175781,0.96,3.18,1.4912801388379997,-0.5312801388379997,0.034977332220916146,2.22,-1.3600006103515625
2009-05-07,1.3392080068588257,83.94000244140625,1.0,3.29,1.547234014959942,-0.547234014959942,0.014925578344756607,2.29,-0.529998779296875
2009-05-08,1.3639029264450073,82.52999877929688,1.0,3.29,1.47471183126931,-0.47471183126930994,0.14182081273780411,2.29,-2.0800018310546875
2009-05-11,1.358991026878357,82.68000030517578,0.92,3.17,1.4510045376298162,-0.5310045376298161,0.05058966402705678,2.25,-1.2900009155273438
2009-05-12,1.364498496055603,82.30999755859375,0.9,3.17,1.4914647338107438,-0.5914647338107438,-0.049630479466189814,2.27,-1.850006103515625
2009-05-13,1.3588618040084839,82.5,0.89,3.11,1.413924326048332,-0.5239243260483321,0.007355812789667682,2.2199999999999998,-1.3000030517578125
2009-05-14,1.3636053800582886,82.27999877929688,0.87,3.1,1.4198608868890434,-0.5498608868890434,-0.002626871929101493,2.23,-1.660003662109375
2009-05-15,1.350201964378357,83.0199966430664,0.88,3.14,1.4133901188897111,-0.5333901188897111,-0.05867828762040117,2.2600000000000002,0.48999786376953125
2009-05-18,1.3558034896850586,82.66999816894531,0.93,3.22,1.3903055277485177,-0.46030552774851763,0.07069900988129851,2.29,-0.01000213623046875
2009-05-19,1.3632335662841797,81.9800033569336,0.91,3.25,1.4430922720942423,-0.5330922720942423,0.05837246171650157,2.34,-0.32999420166015625
2009-05-20,1.3772966861724854,80.98999786376953,0.87,3.19,1.5094874681480328,-0.6394874681480328,-0.11556314209970076,2.32,-1.5100021362304688
2009-05-21,1.3906078338623047,80.55999755859375,0.89,3.35,1.445250561891804,-0.5552505618918039,-0.005389675002760441,2.46,-1.720001220703125
2009-05-22,1.4003052711486816,79.95999908447266,0.92,3.45,1.4810964728346234,-0.5610964728346234,-0.027706353944912276,2.5300000000000002,-3.05999755859375
2009-05-26,1.3994038105010986,80.12999725341797,0.96,3.5,1.5715287803229518,-0.6115287803229519,-0.15122325257443425,2.54,-2.5400009155273438
2009-05-27,1.3833937644958496,80.33000183105469,0.96,3.71,1.5996985559154937,-0.6396985559154937,-0.10660628382125148,2.75,-1.6500015258789062
2009-05-28,1.3931069374084473,80.43000030517578,0.97,3.67,1.5931917917261922,-0.6231917917261922,0.0162956764218406,2.7,-0.55999755859375
2009-05-29,1.4157087802886963,80.43000030517578,0.92,3.47,1.528623404723418,-0.6086234047234179,-0.05337284283161403,2.5500000000000003,-0.12999725341796875
2009-06-01,1.4163904190063477,79.16999816894531,0.97,3.71,1.5386797633349216,-0.5686797633349217,-0.007583290500298268,2.74,-0.7900009155273438
2009-06-02,1.4308607578277588,78.4000015258789,0.96,3.65,1.5054937318001156,-0.5454937318001156,0.06603504852283626,2.69,-1.7299957275390625
2009-06-03,1.4149675369262695,79.5,0.91,3.56,1.4698016033984025,-0.5598016033984025,0.07989695251709128,2.65,-0.8300018310546875
2009-06-04,1.4177961349487305,79.41000366210938,0.96,3.72,1.5944314741295795,-0.6344314741295796,-0.011239682403387352,2.7600000000000002,-1.0199966430664062
2009-06-05,1.3971943855285645,80.66999816894531,1.32,3.84,1.738508440221514,-0.418508440221514,0.1901149645019039,2.5199999999999996,0.23999786376953125
2009-06-08,1.3902984857559204,80.91000366210938,1.42,3.91,1.777273254289308,-0.357273254289308,0.21140650904561364,2.49,1.7400054931640625
2009-06-09,1.4063313007354736,79.79000091552734,1.33,3.86,1.7580513883668945,-0.4280513883668944,0.11744234343322124,2.53,1.3899993896484375
2009-06-10,1.3983862400054932,80.33000183105469,1.38,3.98,1.7513203899962926,-0.3713203899962927,0.18848121340210977,2.6,0.8300018310546875
2009-06-11,1.4110939502716064,79.41000366210938,1.35,3.88,1.7945920532831754,-0.4445920532831753,0.18983942084640426,2.53,0.0
2009-06-12,1.4001091718673706,80.13999938964844,1.3,3.81,1.7395570172316506,-0.4395570172316505,-0.021048577010136515,2.51,-0.529998779296875
2009-06-15,1.3784927129745483,81.13999938964844,1.26,3.76,1.6964482173433373,-0.4364482173433373,-0.07917496305402927,2.5,0.2299957275390625
2009-06-16,1.382991909980774,80.70999908447266,1.23,3.67,1.6760379938430692,-0.4460379938430692,-0.01798660547617481,2.44,0.9199981689453125
2009-06-17,1.393805980682373,80.16999816894531,1.19,3.68,1.6100204714490922,-0.42002047144909227,-0.04870008145279958,2.49,-0.160003662109375
2009-06-18,1.3914979696273804,80.61000061035156,1.28,3.86,1.6167226933829448,-0.3367226933829448,0.1078693599002305,2.58,1.1999969482421875
2009-06-19,1.3947001695632935,80.26000213623047,1.25,3.79,1.5967052475231416,-0.3467052475231416,0.09285176970850895,2.54,0.12000274658203125
2009-06-22,1.386520266532898,80.77999877929688,1.17,3.72,1.5438859748525071,-0.3738859748525072,0.06256224249083009,2.5500000000000003,-0.3600006103515625
2009-06-23,1.4072020053863525,79.83999633789062,1.14,3.65,1.5726694273223774,-0.43266942732237745,0.013368566520691738,2.51,-0.8700027465820312
2009-06-24,1.3940973281860352,80.55999755859375,1.19,3.72,1.491239517297123,-0.30123951729712295,0.11878095415196932,2.5300000000000002,0.3899993896484375
2009-06-25,1.3985623121261597,80.4000015258789,1.12,3.55,1.4437169920745376,-0.3237169920745375,0.01300570130840728,2.4299999999999997,-0.20999908447265625
2009-06-26,1.4053035974502563,79.87999725341797,1.1,3.52,1.4270589856004214,-0.32705898560042135,0.019646261922720232,2.42,-0.3800048828125
2009-06-29,1.408609390258789,79.83999633789062,1.11,3.51,1.469789012153666,-0.359789012153666,0.014096962698841198,2.3999999999999995,-0.94000244140625
2009-06-30,1.4038830995559692,80.12999725341797,1.11,3.53,1.501303952617291,-0.391303952617291,0.04136547470508645,2.42,0.29000091552734375
2009-07-01,1.414087176322937,79.62999725341797,1.05,3.55,1.4681709489277366,-0.41817094892773654,-0.11693143163061359,2.5,-0.9300003051757812
2009-07-02,1.3957513570785522,80.1500015258789,0.98,3.51,1.3655778403701522,-0.3855778403701522,-0.06186084829561467,2.53,-0.25
2009-07-06,1.3977022171020508,80.44999694824219,0.96,3.52,1.3363164941692085,-0.37631649416920854,-0.04925750856878719,2.56,0.5699996948242188
2009-07-07,1.3915947675704956,80.62000274658203,0.98,3.47,1.3428103978465478,-0.3628103978465478,-0.003021385692881795,2.49,0.7800064086914062
2009-07-08,1.3879058361053467,80.7699966430664,0.91,3.33,1.3436997452714703,-0.43369974527147026,-0.042395792654179254,2.42,0.6399993896484375
2009-07-09,1.4027999639511108,79.86000061035156,0.94,3.44,1.3688330187038185,-0.4288330187038185,-0.010662069776081973,2.5,0.23000335693359375
2009-07-10,1.3933980464935303,80.2300033569336,0.91,3.32,1.3411432039579143,-0.4311432039579143,-0.04556536358776209,2.4099999999999997,0.0800018310546875
2009-07-13,1.3990123271942139,80.12999725341797,0.92,3.38,1.3402810994631489,-0.42028109946314884,-0.043964605293940306,2.46,-0.31999969482421875
2009-07-14,1.3971552848815918,80.18000030517578,0.97,3.5,1.3874131749374508,-0.4174131749374508,-0.054602777090903,2.5300000000000002,-0.44000244140625
2009-07-15,1.4101985692977905,79.31999969482422,1.03,3.63,1.4206733901882629,-0.39067339018826286,0.0430263550832074,2.5999999999999996,-1.4499969482421875
2009-07-16,1.414107084274292,79.22000122070312,1.0,3.59,1.3783576210894006,-0.37835762108940063,0.05047539761441788,2.59,-0.6399993896484375
2009-07-17,1.4104969501495361,79.3499984741211,1.02,3.67,1.405230524334801,-0.3852305243348009,0.045912679623113406,2.65,-0.8800048828125
2009-07-20,1.421181321144104,78.91000366210938,0.99,3.61,1.459213765132839,-0.46921376513283897,-0.04893266566969012,2.62,-1.2199935913085938
2009-07-21,1.4198495149612427,78.93000030517578,0.96,3.5,1.438687299995582,-0.478687299995582,-0.061274125058131235,2.54,-1.25
2009-07-22,1.4205957651138306,78.70999908447266,0.98,3.58,1.423171660596276,-0.4431716605962761,-0.05249827040801325,2.6,-0.6100006103515625
2009-07-23,1.416330337524414,78.80000305175781,1.08,3.72,1.4202438514647426,-0.34024385146474256,0.03811376962465807,2.64,-0.4199981689453125
2009-07-24,1.4212015867233276,78.75,1.05,3.7,1.4619220083249405,-0.4119220083249404,-0.026691483990139542,2.6500000000000004,-0.5999984741210938
2009-07-27,1.4247043132781982,78.62999725341797,1.08,3.75,1.528893199754634,-0.44889319975463393,0.020320565378205036,2.67,-0.28000640869140625
2009-07-28,1.4146071672439575,78.8499984741211,1.12,3.72,1.488340724044407,-0.368340724044407,0.11034657595117503,2.6,-0.0800018310546875
2009-07-29,1.4014631509780884,79.62999725341797,1.17,3.69,1.478346160752584,-0.30834616075258414,0.13482549984369196,2.52,0.9199981689453125
2009-07-30,1.4084903001785278,79.29000091552734,1.19,3.67,1.4857382345088146,-0.29573823450881465,0.04450561695592792,2.48,0.48999786376953125
2009-07-31,1.4260046482086182,78.3499984741211,1.13,3.52,1.433445621490206,-0.30344562149020615,0.10847638683473426,2.39,-0.40000152587890625
2009-08-03,1.4411921501159668,77.63999938964844,1.18,3.66,1.472924785870817,-0.29292478587081705,0.15596841388381688,2.4800000000000004,-0.9899978637695312
2009-08-04,1.4419610500335693,77.7699966430664,1.2,3.7,1.507536574075064,-0.30753657407506396,0.060804149969343024,2.5,-1.0800018310546875
2009-08-05,1.4411712884902954,77.5199966430664,1.23,3.8,1.580300239292347,-0.3503002392923471,-0.04195407853976296,2.57,-2.1100006103515625
2009-08-06,1.4372979402542114,78.06999969482422,1.22,3.79,1.6132765618758187,-0.3932765618758187,-0.09753832736700407,2.5700000000000003,-1.220001220703125
2009-08-07,1.419103980064392,78.97000122070312,1.32,3.89,1.6875887089724624,-0.3675887089724623,-0.06414308748225617,2.5700000000000003,0.6200027465820312
2009-08-10,1.413107991218567,79.26000213623047,1.24,3.8,1.6815994220962802,-0.4415994220962802,-0.14867463622546317,2.5599999999999996,1.6200027465820312
2009-08-11,1.4150075912475586,79.18000030517578,1.21,3.71,1.58896177179349,-0.3789617717934901,-0.07142519771842615,2.5,1.410003662109375
2009-08-12,1.4217066764831543,78.79000091552734,1.18,3.72,1.5872078924097188,-0.4072078924097189,-0.05690765311737178,2.54,1.2700042724609375
2009-08-13,1.4275925159454346,78.48999786376953,1.12,3.59,1.5306380108066178,-0.41063801080661766,-0.01736144893079894,2.4699999999999998,0.4199981689453125
2009-08-14,1.42069673538208,78.88999938964844,1.07,3.55,1.4737668982240235,-0.40376689822402345,-0.03617818925156113,2.4799999999999995,-0.0800018310546875
2009-08-17,1.4105963706970215,79.29000091552734,1.04,3.48,1.465017143482647,-0.4250171434826471,0.01658227861363315,2.44,0.029998779296875
2009-08-18,1.4165109395980835,78.94000244140625,1.06,3.51,1.4780112601016264,-0.41801126010162637,-0.03904948830813626,2.4499999999999997,-0.23999786376953125
2009-08-19,1.4253947734832764,78.47000122070312,1.01,3.45,1.4459836933574075,-0.4359836933574075,-0.028775800947688612,2.4400000000000004,-0.31999969482421875
2009-08-20,1.4260046482086182,78.37999725341797,1.03,3.42,1.4536587021940166,-0.4236587021940166,-0.01302069138739892,2.3899999999999997,-0.1100006103515625
2009-08-21,1.4320902824401855,78.04000091552734,1.13,3.56,1.5220808640776364,-0.39208086407763654,0.011686034146386914,2.43,-0.8499984741210938
2009-08-24,1.4293065071105957,78.2699966430664,1.05,3.48,1.5271615557703786,-0.47716155577037855,-0.05214441228773148,2.4299999999999997,-1.0200042724609375
2009-08-25,1.4284082651138306,78.23999786376953,1.05,3.45,1.4830975643274746,-0.4330975643274746,-0.015086304225848224,2.4000000000000004,-0.7000045776367188
2009-08-26,1.4236294031143188,78.66000366210938,1.06,3.44,1.4621592851848626,-0.40215928518486255,0.03382440817254495,2.38,0.19000244140625
2009-08-27,1.4372979402542114,78.01000213623047,1.04,3.47,1.4619758089704886,-0.4219758089704886,0.0016828932235279925,2.43,-0.3699951171875
2009-08-28,1.4359976053237915,78.37000274658203,1.01,3.46,1.4672902758436366,-0.4572902758436366,-0.06520941176600004,2.45,0.3300018310546875
2009-08-31,1.434267520904541,78.16999816894531,0.97,3.4,1.4593973277661634,-0.4893973277661634,-0.01223577199578485,2.4299999999999997,-0.09999847412109375
2009-09-01,1.4212015867233276,78.76000213623047,0.92,3.38,1.4366019138332904,-0.5166019138332903,-0.08350434950581576,2.46,0.5200042724609375
2009-09-02,1.4274091720581055,78.37999725341797,0.89,3.29,1.4097905763239804,-0.5197905763239804,-0.11763129113911786,2.4,-0.28000640869140625
2009-09-03,1.4256386756896973,78.45999908447266,0.91,3.33,1.375544787974698,-0.465544787974698,-0.04356897900420942,2.42,0.4499969482421875
2009-09-04,1.4294085502624512,78.13999938964844,0.94,3.45,1.34395029541113,-0.40395029541113003,0.05333998043250654,2.5100000000000002,-0.23000335693359375
2009-09-08,1.4504104852676392,77.31999969482422,0.93,3.47,1.31531507879585,-0.38531507879585003,0.10408224897031337,2.54,-0.8499984741210938
2009-09-09,1.4547992944717407,77.08999633789062,0.93,3.48,1.3420573325595833,-0.4120573325595832,0.10454458127370714,2.55,-1.6700057983398438
2009-09-10,1.4581297636032104,76.81999969482422,0.9,3.36,1.279506004080969,-0.3795060040809689,0.1402845722430115,2.46,-1.55999755859375
2009-09-11,1.4580022096633911,76.61000061035156,0.9,3.34,1.2695627430619056,-0.3695627430619056,0.09598204491279239,2.44,-1.8499984741210938
2009-09-14,1.4643217325210571,76.69999694824219,0.94,3.42,1.2918810083890744,-0.35188100838907443,0.0520692870220556,2.48,-1.44000244140625
2009-09-15,1.4670931100845337,76.54000091552734,0.96,3.47,1.3221317260644028,-0.3621317260644028,0.023183352731447227,2.5100000000000002,-0.779998779296875
2009-09-16,1.4711940288543701,76.23999786376953,1.01,3.48,1.342929286803528,-0.33292928680352807,0.07912804575605514,2.4699999999999998,-0.8499984741210938
2009-09-17,1.4732965230941772,76.19000244140625,0.98,3.42,1.3784636283787746,-0.3984636283787746,-0.018957624297805675,2.44,-0.6299972534179688
2009-09-18,1.4716053009033203,76.43000030517578,1.03,3.49,1.379095873977772,-0.34909587397777186,0.020466869084133754,2.46,-0.18000030517578125
2009-09-21,1.468407154083252,76.77999877929688,1.02,3.49,1.3421070146853171,-0.3221070146853171,0.02977399370375733,2.47,0.0800018310546875
2009-09-22,1.4811961650848389,76.12000274658203,1.02,3.46,1.344902312305153,-0.3249023123051529,0.03722941375924993,2.44,-0.4199981689453125
2009-09-23,1.4726022481918335,76.05000305175781,0.96,3.44,1.3472187923290777,-0.38721879232907774,-0.054289505525549675,2.48,-0.18999481201171875
2009-09-24,1.4650940895080566,76.9000015258789,0.93,3.4,1.2951694845907906,-0.36516948459079057,0.03329414378798401,2.4699999999999998,0.7099990844726562
2009-09-25,1.4684934616088867,76.80999755859375,0.98,3.34,1.3062689208001894,-0.32626892080018943,0.022826953177582432,2.36,0.37999725341796875
2009-09-28,1.462159276008606,77.05000305175781,0.98,3.31,1.295176763728168,-0.31517676372816794,0.006930250957149164,2.33,0.2700042724609375
2009-09-29,1.4591723680496216,77.12000274658203,1.0,3.31,1.3283700723173053,-0.3283700723173053,-0.003467760012152432,2.31,1.0
2009-09-30,1.465502142906189,76.6500015258789,0.95,3.31,1.3271789362654804,-0.3771789362654805,0.010039856063597252,2.3600000000000003,0.5999984741210938
2009-10-01,1.4515894651412964,77.19000244140625,0.87,3.21,1.3414905311952583,-0.4714905311952583,-0.10632104660446773,2.34,0.29000091552734375
2009-10-02,1.4590020179748535,77.0,0.88,3.24,1.299261015683344,-0.41926101568334395,-0.09299209488315452,2.3600000000000003,0.19000244140625
2009-10-05,1.465996265411377,76.63999938964844,0.88,3.24,1.2977208089657253,-0.4177208089657253,-0.10254404523755734,2.3600000000000003,-0.410003662109375
2009-10-06,1.4721685647964478,76.33999633789062,0.91,3.27,1.3230169524476378,-0.4130169524476378,-0.0846468801303325,2.36,-0.7800064086914062
2009-10-07,1.4711507558822632,76.48999786376953,0.87,3.21,1.3281674655378743,-0.45816746553787435,-0.08098852927239386,2.34,-0.160003662109375
2009-10-08,1.4781310558319092,75.97000122070312,0.9,3.27,1.317371753704968,-0.41737175370496804,0.05411877749029026,2.37,-1.220001220703125
2009-10-09,1.473405122756958,76.43000030517578,0.98,3.4,1.4492140152469606,-0.4692140152469606,-0.04995299956361665,2.42,-0.5699996948242188
2009-10-13,1.4846047163009644,75.9800033569336,0.91,3.34,1.3772927397920145,-0.46729273979201447,-0.04957193082628919,2.4299999999999997,-0.6599960327148438
2009-10-14,1.4932059049606323,75.55000305175781,0.96,3.45,1.4077834608762625,-0.44778346087626253,-0.03476650842862472,2.49,-0.7899932861328125
2009-10-15,1.4955954551696777,75.4800033569336,0.97,3.49,1.4610978164139068,-0.4910978164139068,-0.032930350876032466,2.5200000000000005,-1.0099945068359375
2009-10-16,1.4908016920089722,75.5999984741211,0.97,3.43,1.4895880999122602,-0.5195880999122602,-0.10221634620729214,2.46,-0.37000274658203125
2009-10-19,1.496490716934204,75.51000213623047,0.99,3.41,1.4871722342636036,-0.4971722342636036,-0.02795821901664297,2.42,-0.9199981689453125
2009-10-20,1.4934512376785278,75.56999969482422,0.95,3.35,1.4532321208987802,-0.5032321208987802,-0.035939381106765755,2.4000000000000004,-0.410003662109375
2009-10-21,1.500690221786499,74.97000122070312,1.0,3.42,1.4746760611662943,-0.47467606116629435,-0.02689260029003182,2.42,-0.5800018310546875
2009-10-22,1.504189133644104,75.08999633789062,0.97,3.44,1.466822290640578,-0.4968222906405779,-0.005724474226671106,2.4699999999999998,-0.39000701904296875
2009-10-23,1.5010056495666504,75.47000122070312,1.04,3.51,1.4922349107499335,-0.4522349107499335,0.06735318916232669,2.4699999999999998,-0.12999725341796875
2009-10-26,1.4861712455749512,76.05999755859375,1.06,3.59,1.4851617132709378,-0.42516171327093777,0.0720105209926658,2.53,0.5499954223632812
2009-10-27,1.4817010164260864,76.13999938964844,0.99,3.49,1.4063472554118648,-0.4163472554118648,0.08688486548691543,2.5,0.5699996948242188
2009-10-28,1.4718002080917358,76.43000030517578,0.95,3.44,1.387510142185144,-0.43751014218514395,0.0371659189811504,2.49,1.4599990844726562
2009-10-29,1.4840097427368164,75.91999816894531,0.98,3.53,1.465275078515753,-0.4852750785157529,0.011547212124825013,2.55,0.8300018310546875
2009-10-30,1.4732965230941772,76.30000305175781,0.9,3.41,1.4290947232588862,-0.5290947232588862,-0.07685981250895269,2.5100000000000002,0.8300018310546875
2009-11-02,1.4774104356765747,76.29000091552734,0.92,3.45,1.409240832609135,-0.489240832609135,-0.06407911933819721,2.5300000000000002,0.23000335693359375
2009-11-03,1.473101258277893,76.38999938964844,0.92,3.5,1.3854257823187737,-0.46542578231877363,-0.04907852690690884,2.58,0.25
2009-11-04,1.4869003295898438,75.63999938964844,0.91,3.57,1.427345221245402,-0.517345221245402,-0.07983507906025811,2.6599999999999997,-0.7900009155273438
2009-11-05,1.4878073930740356,75.73999786376953,0.9,3.57,1.4317132591021156,-0.5317132591021155,-0.04643818058636262,2.67,-0.18000030517578125
2009-11-06,1.4848912954330444,75.81999969482422,0.86,3.54,1.4325140293953895,-0.5725140293953895,-0.043419306136503355,2.68,-0.48000335693359375
2009-11-09,1.5008028745651245,75.02999877929688,0.87,3.52,1.3677666547538516,-0.4977666547538516,-0.008525822144716644,2.65,-1.2600021362304688
2009-11-10,1.4989807605743408,75.0199966430664,0.85,3.5,1.356148378220367,-0.506148378220367,-0.04072259590159333,2.65,-1.3700027465820312
2009-11-12,1.4856854677200317,75.5999984741211,0.82,3.45,1.360397405540589,-0.540397405540589,-0.02305218429518696,2.6300000000000003,-0.04000091552734375
2009-11-13,1.490890622138977,75.33000183105469,0.82,3.43,1.3367088642856684,-0.5167088642856684,0.015004394816447109,2.6100000000000003,-0.40999603271484375
2009-11-16,1.498374342918396,74.91000366210938,0.78,3.33,1.334375436578601,-0.5543754365786009,0.018138592816788646,2.55,-0.9099960327148438
2009-11-17,1.4876967668533325,75.37000274658203,0.78,3.33,1.3360483494651652,-0.5560483494651651,-0.0582816947113135,2.55,0.34000396728515625
2009-11-18,1.495394229888916,75.18000030517578,0.77,3.36,1.333996897725509,-0.563996897725509,-0.057848519505142026,2.59,0.160003662109375
2009-11-19,1.4916245937347412,75.29000091552734,0.73,3.35,1.3111087761783895,-0.5811087761783895,-0.040711370637800504,2.62,-0.30999755859375
2009-11-20,1.4863920211791992,75.66000366210938,0.75,3.36,1.3709606903591316,-0.6209606903591316,-0.10425182607346317,2.61,0.3300018310546875
2009-11-23,1.496199607849121,75.08999633789062,0.77,3.37,1.395271798043403,-0.625271798043403,-0.07089636146480216,2.6,0.17999267578125
2009-11-24,1.496669888496399,75.06999969482422,0.73,3.32,1.3668183059623624,-0.6368183059623624,-0.08076995649719731,2.59,-0.3000030517578125
2009-11-25,1.5127906799316406,74.2699966430664,0.73,3.28,1.4067896999614289,-0.6767896999614289,-0.11279280223591992,2.55,-0.910003662109375
2009-11-27,1.4990930557250977,75.0,0.68,3.21,1.3228206318334237,-0.6428206318334236,-0.06171185565503412,2.53,-0.29000091552734375
2009-11-30,1.5038950443267822,74.87999725341797,0.67,3.21,1.3374993162706257,-0.6674993162706256,-0.04653862591149405,2.54,-0.7800064086914062
2009-12-01,1.5090012550354004,74.36000061035156,0.67,3.28,1.316743032242481,-0.6467430322424809,-0.021471234199077815,2.61,-0.7299957275390625
2009-12-02,1.5069773197174072,74.66999816894531,0.72,3.32,1.3197586956992196,-0.5997586956992196,0.03705961026314286,2.5999999999999996,-0.40000152587890625
2009-12-03,1.506545901298523,74.62999725341797,0.74,3.39,1.3575085104229012,-0.6175085104229012,0.05928118953852768,2.6500000000000004,0.3600006103515625
2009-12-04,1.485707402229309,75.91000366210938,0.84,3.48,1.4124156131596493,-0.5724156131596493,0.07040501867377436,2.64,0.910003662109375
2009-12-07,1.4841198921203613,75.7699966430664,0.78,3.44,1.3786610228615173,-0.5986610228615172,0.06883829340910841,2.66,0.8899993896484375
2009-12-08,1.4697020053863525,76.30999755859375,0.73,3.4,1.2898870606899937,-0.5598870606899937,0.08685597155248714,2.67,1.9499969482421875
2009-12-09,1.4737958908081055,76.04000091552734,0.76,3.45,1.298267096626427,-0.5382670966264269,0.06149159907279267,2.6900000000000004,1.3700027465820312
2009-12-10,1.4729492664337158,76.04000091552734,0.78,3.49,1.324203864234751,-0.5442038642347509,0.07330464618815036,2.71,1.410003662109375
2009-12-11,1.4619027376174927,76.56999969482422,0.83,3.55,1.3557445176646303,-0.5257445176646304,0.04667109549501891,2.7199999999999998,0.6599960327148438
2009-12-14,1.4656953811645508,76.3499984741211,0.87,3.56,1.33036183123142,-0.46036183123142005,0.13829919163009718,2.69,0.5800018310546875
2009-12-15,1.4542070627212524,76.95999908447266,0.88,3.6,1.3364150207378032,-0.45641502073780316,0.10347203995219056,2.72,0.6500015258789062
2009-12-16,1.452601671218872,77.0,0.85,3.61,1.3048383656879612,-0.4548383656879612,0.0834287309384657,2.76,0.9599990844726562
2009-12-17,1.4346996545791626,77.69000244140625,0.77,3.5,1.2428618641135305,-0.4728618641135305,0.07134200012122038,2.73,1.6500015258789062
2009-12-18,1.4349054098129272,77.81999969482422,0.82,3.55,1.2468432332039043,-0.4268432332039044,0.09890128446072599,2.73,1.25
2009-12-21,1.428673505783081,78.04000091552734,0.89,3.69,1.2549047093148704,-0.3649047093148704,0.09545712191654965,2.8,1.69000244140625
2009-12-22,1.4254355430603027,78.25,0.95,3.76,1.268600879352255,-0.318600879352255,0.13781414138554815,2.8099999999999996,1.2900009155273438
2009-12-23,1.4336096048355103,77.9000015258789,0.96,3.77,1.2710843393532985,-0.3110843393532985,0.14375402633466272,2.81,0.9000015258789062
2009-12-24,1.4384970664978027,77.83999633789062,1.0,3.82,1.270305564451749,-0.2703055644517489,0.20255629966178157,2.82,0.149993896484375
2009-12-28,1.437504529953003,77.62999725341797,1.09,3.85,1.3200331671718897,-0.2300331671718896,0.19681006603201479,2.76,-0.19000244140625
2009-12-29,1.434308648109436,77.83000183105469,1.09,3.82,1.3616959090002678,-0.27169590900026774,0.09320880031460266,2.7299999999999995,-0.20999908447265625
2009-12-30,1.4342057704925537,77.91000366210938,1.08,3.8,1.382050737780384,-0.3020507377803838,0.01655014157187118,2.7199999999999998,-0.339996337890625
2009-12-31,1.4327058792114258,77.86000061035156,1.14,3.85,1.3788289608893545,-0.23882896088935457,0.07225537846394392,2.71,-0.04000091552734375
2010-01-04,1.4423978328704834,77.52999877929688,1.09,3.85,1.445750382301465,-0.35575038230146494,-0.08544481784971603,2.76,-0.30999755859375
2010-01-05,1.4365959167480469,77.62000274658203,1.01,3.77,1.4086188706949705,-0.3986188706949705,-0.1685857035230809,2.76,-0.0099945068359375
2010-01-06,1.4404033422470093,77.48999786376953,1.01,3.85,1.4020826371085937,-0.3920826371085937,-0.12038672810832596,2.84,-0.34000396728515625
2010-01-07,1.4318032264709473,77.91000366210938,1.03,3.85,1.3828672715324446,-0.35286727153244457,-0.050816533752060744,2.8200000000000003,0.0
2010-01-08,1.44110906124115,77.47000122070312,0.96,3.83,1.350297608901346,-0.3902976089013461,-0.15146864801199156,2.87,-0.3899993896484375
2010-01-11,1.4511260986328125,77.0,0.95,3.85,1.3188378222776906,-0.3688378222776907,-0.013087439976225745,2.9000000000000004,-0.529998779296875
2010-01-12,1.447659969329834,76.94999694824219,0.92,3.74,1.312689384042881,-0.392689384042881,0.005929486652089477,2.8200000000000003,-0.6700057983398438
2010-01-13,1.4523905515670776,76.8499984741211,0.97,3.8,1.3155748721799956,-0.3455748721799956,0.046507764928598094,2.83,-0.6399993896484375
2010-01-14,1.4499897956848145,76.7300033569336,0.94,3.76,1.3037890365896556,-0.36378903658965567,-0.010921765057211097,2.82,-1.1800003051757812
2010-01-15,1.4390974044799805,77.31999969482422,0.89,3.7,1.2610600957648936,-0.3710600957648936,0.0192375131364525,2.81,-0.15000152587890625
2010-01-19,1.4281021356582642,77.5,0.93,3.73,1.305395157829723,-0.3753951578297229,-0.006557335552032195,2.8,0.5
2010-01-20,1.4110342264175415,78.33999633789062,0.92,3.68,1.2791481637695603,-0.35914816376956027,0.03354122027332074,2.7600000000000002,1.3899993896484375
2010-01-21,1.4097015857696533,78.31999969482422,0.87,3.62,1.2800295741924848,-0.41002957419248476,-0.06445470201248915,2.75,1.470001220703125
2010-01-22,1.414107084274292,78.27999877929688,0.84,3.62,1.2150696633421465,-0.37506966334214653,-0.011280626752490863,2.7800000000000002,1.5499954223632812
2010-01-25,1.4150075912475586,78.19000244140625,0.86,3.66,1.2399394876104064,-0.3799394876104064,-0.008879391845512785,2.8000000000000003,0.8700027465820312
2010-01-26,1.4082324504852295,78.43000030517578,0.87,3.65,1.231758815468551,-0.36175881546855104,0.013636342361171838,2.78,0.9300003051757812
2010-01-27,1.4030951261520386,78.68000030517578,0.9,3.66,1.2358262873115429,-0.33582628731154285,0.02332187645801742,2.7600000000000002,0.34000396728515625
2010-01-28,1.3968042135238647,78.9000015258789,0.87,3.68,1.2475131330929412,-0.3775131330929412,0.03251644109954355,2.81,0.5800018310546875
2010-01-29,1.3866932392120361,79.45999908447266,0.82,3.63,1.247835725828413,-0.427835725828413,-0.052766062486266474,2.81,1.1800003051757812
2010-02-01,1.3926994800567627,79.23999786376953,0.86,3.68,1.2589080176881176,-0.39890801768811757,-0.018968530077711154,2.8200000000000003,1.0499954223632812
2010-02-02,1.3976240158081055,79.01000213623047,0.86,3.67,1.2895384474444165,-0.4295384474444165,-0.06777963197586545,2.81,0.5800018310546875
2010-02-03,1.3901052474975586,79.37000274658203,0.88,3.73,1.3031671302327543,-0.4231671302327543,-0.08734084292121147,2.85,0.69000244140625
2010-02-04,1.3744947910308838,79.91999816894531,0.8,3.62,1.288193751553741,-0.4881937515537409,-0.11068061846079968,2.8200000000000003,1.0199966430664062
2010-02-05,1.368007779121399,80.44000244140625,0.77,3.59,1.2458527285907994,-0.4758527285907994,-0.04801700276238641,2.82,0.9800033569335938
2010-02-08,1.3654673099517822,80.30000305175781,0.79,3.62,1.1974330166820848,-0.40743301668208476,-0.008524998993967192,2.83,1.0600051879882812
2010-02-09,1.378207802772522,79.86000061035156,0.84,3.67,1.2009196849373756,-0.3609196849373756,0.06861876250704091,2.83,0.8499984741210938
2010-02-10,1.3753266334533691,80.02999877929688,0.91,3.72,1.19849564807719,-0.28849564807718997,0.13467148215556435,2.81,0.6599960327148438
2010-02-11,1.3681762218475342,79.98999786376953,0.91,3.73,1.228503529963204,-0.3185035299632041,0.16969022159053682,2.82,0.06999969482421875
2010-02-12,1.363493800163269,80.31999969482422,0.84,3.69,1.181848244099982,-0.34184824409998205,0.13400448449081737,2.85,-0.12000274658203125
2010-02-16,1.3767088651657104,79.69999694824219,0.82,3.66,1.187939206656123,-0.367939206656123,0.03949381002596175,2.8400000000000003,-0.600006103515625
2010-02-17,1.3606922626495361,80.37999725341797,0.87,3.74,1.144834300589771,-0.274834300589771,0.0860853843476046,2.87,0.5199966430664062
2010-02-18,1.3461486101150513,80.4000015258789,0.9,3.79,1.1455584130613994,-0.24555841306139936,0.04293723501579061,2.89,0.37000274658203125
2010-02-19,1.3615074157714844,80.63999938964844,0.95,3.78,1.1807974159447814,-0.23079741594478143,0.08770611401842265,2.83,0.6500015258789062
2010-02-22,1.3605626821517944,80.51000213623047,0.91,3.8,1.1754675039377396,-0.26546750393773955,0.0763807401622425,2.8899999999999997,0.19000244140625
2010-02-23,1.3527040481567383,80.8499984741211,0.87,3.69,1.0803152247317542,-0.21031522473175424,0.15762398192436877,2.82,1.1500015258789062
2010-02-24,1.354316234588623,80.8499984741211,0.87,3.7,1.0949768212197273,-0.22497682121972729,0.0498574793700437,2.83,0.470001220703125
2010-02-25,1.3536012172698975,80.79000091552734,0.82,3.64,1.0458154460215503,-0.22581544602155035,0.019742967039849013,2.8200000000000003,0.3899993896484375
2010-02-26,1.3631035089492798,80.36000061035156,0.81,3.61,1.0247537961082038,-0.21475379610820378,0.01604361983657765,2.8,-0.279998779296875
2010-03-01,1.356208086013794,80.66000366210938,0.8,3.61,1.0430014068847655,-0.24300140688476546,0.022466097052974088,2.8099999999999996,0.15000152587890625
2010-03-02,1.3620638847351074,80.5199966430664,0.8,3.62,1.0294662496046152,-0.22946624960461515,-0.01915102487286091,2.8200000000000003,-0.3300018310546875
2010-03-03,1.3701633214950562,79.9800033569336,0.82,3.63,1.071947885264941,-0.25194788526494094,-0.026971064045213655,2.81,-0.8699951171875
2010-03-04,1.3584003448486328,80.55999755859375,0.86,3.61,1.058625827564359,-0.19862582756435898,0.027189618457191367,2.75,-0.23000335693359375
2010-03-05,1.3628991842269897,80.43000030517578,0.91,3.69,1.0852605495858616,-0.17526054958586157,0.03949324652234221,2.78,0.06999969482421875
2010-03-08,1.3616927862167358,80.43000030517578,0.9,3.72,1.0730176516175671,-0.1730176516175671,0.06998375526719836,2.8200000000000003,-0.23000335693359375
2010-03-09,1.3606922626495361,80.58999633789062,0.89,3.71,1.0511781795409956,-0.16117817954099556,0.06828807006361959,2.82,0.06999969482421875
2010-03-10,1.3643310070037842,80.44999694824219,0.92,3.73,1.0765120803052957,-0.15651208030529562,0.09543580495964532,2.81,0.46999359130859375
2010-03-11,1.3685319423675537,80.31999969482422,0.97,3.73,1.1040372075033138,-0.13403720750331383,0.06458862006104515,2.76,-0.23999786376953125
2010-03-12,1.376993179321289,79.83000183105469,0.97,3.71,1.1412232337883852,-0.17122323378838522,0.0040373157974763485,2.74,-0.5999984741210938
2010-03-15,1.3677457571029663,80.25,0.96,3.71,1.1189829254640282,-0.15898292546402826,0.014034726153538846,2.75,-0.18000030517578125
2010-03-16,1.3768794536590576,79.75,0.93,3.66,1.1076894633670082,-0.1776894633670082,-0.016511283826012635,2.73,-0.839996337890625
2010-03-17,1.3738338947296143,79.63999938964844,0.95,3.65,1.0407365910074842,-0.09073659100748421,0.06577548929781141,2.7,-0.80999755859375
2010-03-18,1.361396312713623,80.22000122070312,0.98,3.68,1.072960757014453,-0.09296075701445305,0.04107645048886077,2.7,-0.09999847412109375
2010-03-19,1.353692889213562,80.72000122070312,1.02,3.7,1.0848673333447865,-0.06486733334478645,0.10635590044359877,2.68,0.8899993896484375
2010-03-22,1.356704831123352,80.6500015258789,1.01,3.67,1.070457067815641,-0.060457067815641086,0.09852585764838717,2.66,0.40000152587890625
2010-03-23,1.3468012809753418,80.9000015258789,1.02,3.69,1.0474185047586655,-0.027418504758665474,0.15027095860834272,2.67,1.1500015258789062
2010-03-24,1.3331022262573242,81.83999633789062,1.08,3.84,1.0693782015384594,0.010621798461540655,0.10135838946902487,2.76,2.1999969482421875
2010-03-25,1.3307074308395386,82.12000274658203,1.1,3.91,1.0682095933896187,0.03179040661038135,0.1247511636248344,2.81,1.9000015258789062
2010-03-26,1.3410038948059082,81.68000030517578,1.04,3.86,1.0859947599848532,-0.04599475998485314,0.01887257335993331,2.82,0.9599990844726562
2010-03-29,1.3481086492538452,81.36000061035156,1.04,3.88,1.0618389307835463,-0.021838930783546262,0.038618137032094824,2.84,0.7099990844726562
2010-03-30,1.3424079418182373,81.47000122070312,1.06,3.88,1.072229148495592,-0.012229148495591868,0.015189356263073606,2.82,0.5699996948242188
2010-03-31,1.3508037328720093,81.06999969482422,1.02,3.84,1.052205346378655,-0.03220534637865491,-0.04282714484019556,2.82,-0.7699966430664062
2010-04-01,1.3584003448486328,80.77999877929688,1.05,3.89,1.0600457367244298,-0.010045736724429766,-0.041836143334811116,2.84,-1.3400039672851562
2010-04-06,1.3401951789855957,81.38999938964844,1.14,3.98,1.0779342318612513,0.062065768138748645,0.10806052812360178,2.84,-0.29000091552734375
2010-04-07,1.3348461389541626,81.44000244140625,1.06,3.89,1.0647264178683935,-0.004726417868393451,0.01711251291515281,2.83,0.0800018310546875
2010-04-08,1.336112380027771,81.52999877929688,1.09,3.91,1.0341264639625392,0.055873536037460925,0.06810268453305279,2.8200000000000003,0.05999755859375
2010-04-09,1.3500925302505493,81.08999633789062,1.08,3.9,1.089685681272145,-0.009685681272144864,0.022519665106510045,2.82,0.01999664306640625
2010-04-12,1.3596007823944092,80.55999755859375,1.07,3.87,1.1060533487335733,-0.03605334873357324,-0.026007612009143477,2.8,-0.220001220703125
2010-04-13,1.3608589172363281,80.51000213623047,1.07,3.84,1.0674425222747732,0.0025574777252268532,-0.05950829041352179,2.7699999999999996,-0.8799972534179688
2010-04-14,1.3655978441238403,80.19000244140625,1.07,3.88,1.0609273578366811,0.009072642163318934,0.013799060031712385,2.8099999999999996,-1.25
2010-04-15,1.3574045896530151,80.4800033569336,1.04,3.86,1.056532073355336,-0.01653207335533602,-0.07240560939279694,2.82,-1.0499954223632812
2010-04-16,1.3504024744033813,80.81999969482422,0.98,3.79,1.017764634050193,-0.037764634050192925,-0.02807895277804806,2.81,-0.26999664306640625
2010-04-19,1.348726749420166,81.0,1.01,3.83,1.000345663520423,0.00965433647957692,0.04570768521315016,2.8200000000000003,0.44000244140625
2010-04-20,1.343508243560791,81.05000305175781,1.05,3.82,1.0281759171237796,0.021824082876220396,0.019266605150993543,2.7699999999999996,0.5400009155273438
2010-04-21,1.3389928340911865,81.16000366210938,1.03,3.77,1.0299177073214856,8.229267851445066e-05,-0.008990349484804483,2.74,0.970001220703125
2010-04-22,1.3269991874694824,81.56999969482422,1.07,3.8,1.0583355569179695,0.011664443082030518,0.028196516437366537,2.7299999999999995,1.089996337890625
2010-04-23,1.338401436805725,81.3499984741211,1.1,3.84,1.0590752616289325,0.04092473837106758,0.0786893724212605,2.7399999999999998,0.529998779296875
2010-04-26,1.3401232957839966,81.4800033569336,1.09,3.83,1.0942932722671688,-0.004293272267168691,-0.01394760874674561,2.74,0.48000335693359375
2010-04-27,1.3170719146728516,82.1500015258789,1.03,3.71,1.0818434706876778,-0.051843470687677806,-0.0736675535638982,2.6799999999999997,1.0999984741210938
2010-04-28,1.321283221244812,82.37999725341797,1.03,3.8,1.0839866339333493,-0.05398663393334924,-0.05406892661186369,2.7699999999999996,1.2199935913085938
2010-04-29,1.3262951374053955,82.0,1.01,3.76,1.065499328479545,-0.055499328479545085,-0.0671637715615756,2.75,0.43000030517578125
2010-04-30,1.3298048973083496,81.87000274658203,0.97,3.69,1.0114874126529525,-0.04148741265295253,-0.08241215102402011,2.7199999999999998,0.5200042724609375
2010-05-03,1.3199926614761353,82.2699966430664,1.0,3.72,1.0202138921398358,-0.02021389213983582,-0.01592061987266713,2.72,0.7899932861328125
2010-05-04,1.2963947057724,83.30000305175781,0.96,3.63,0.9822672871531488,-0.02226728715314885,0.029576183534528955,2.67,1.1500015258789062
2010-05-05,1.2814927101135254,84.08000183105469,0.88,3.58,0.8623749489737376,0.01762505102626244,0.07161168495961168,2.7,1.7000045776367188
2010-05-06,1.263296127319336,84.88999938964844,0.75,3.41,0.8017168710298794,-0.05171687102987943,0.003782457449665655,2.66,2.8899993896484375
2010-05-07,1.2756078243255615,84.44999694824219,0.83,3.45,0.7411237578761241,0.0888762421238759,0.13036365477682843,2.62,2.5799942016601562
2010-05-10,1.2779226303100586,84.16000366210938,0.87,3.57,0.8173862124323876,0.05261378756761237,0.07282767970744819,2.6999999999999997,1.8900070190429688
2010-05-11,1.2629930973052979,84.47000122070312,0.85,3.56,0.826316461079752,0.023683538920247993,0.045950826073396844,2.71,1.1699981689453125
2010-05-12,1.2639029026031494,84.83000183105469,0.89,3.56,0.8146509675595959,0.07534903244040414,0.0577239814141417,2.67,0.75
2010-05-13,1.2541072368621826,85.20999908447266,0.87,3.55,0.8149994325246701,0.05500056747532989,0.10671743850520932,2.6799999999999997,0.31999969482421875
2010-05-14,1.2360023260116577,86.0999984741211,0.79,3.44,0.7585432710872233,0.03145672891277673,-0.05741951321109917,2.65,1.6500015258789062
2010-05-17,1.2392956018447876,86.20999908447266,0.81,3.47,0.8190142702286023,-0.00901427022860224,-0.06162805779621461,2.66,2.0499954223632812
2010-05-18,1.217893362045288,87.16000366210938,0.76,3.38,0.8752493858117021,-0.11524938581170208,-0.13893292473195007,2.62,2.69000244140625
2010-05-19,1.2393416166305542,86.38999938964844,0.8,3.36,0.8605219815022913,-0.06052198150229127,-0.1358710139426954,2.5599999999999996,1.55999755859375
2010-05-20,1.2478941679000854,85.56999969482422,0.76,3.25,0.823527582688188,-0.06352758268818803,-0.11852815016351792,2.49,0.3600006103515625
2010-05-21,1.2567076683044434,85.37000274658203,0.76,3.2,0.8329076688256707,-0.07290766882567068,-0.10436439773844741,2.4400000000000004,-0.7299957275390625
2010-05-24,1.234994888305664,86.20999908447266,0.77,3.23,0.8265452252062986,-0.056545225206298566,-0.04753095497769633,2.46,0.0
2010-05-25,1.2345983982086182,86.77999877929688,0.81,3.18,0.8379967703195128,-0.027996770319512754,0.08725261549218932,2.37,-0.3800048828125
2010-05-26,1.217300295829773,87.12000274658203,0.82,3.21,0.8939709252638386,-0.07397092526383864,-0.013448943761547372,2.39,0.7300033569335938
2010-05-27,1.2347966432571411,86.18000030517578,0.87,3.34,0.9339568432679386,-0.0639568432679386,-0.00042926057975056775,2.4699999999999998,0.6100006103515625
2010-05-28,1.227400541305542,86.4800033569336,0.76,3.31,0.5774976198012052,0.18250238019879483,0.2554100490244655,2.55,1.1100006103515625
2010-06-01,1.2233014106750488,86.63999938964844,0.78,3.29,0.5609460536667172,0.2190539463332828,0.27559917153958136,2.51,0.43000030517578125
2010-06-02,1.223900318145752,86.79000091552734,0.82,3.35,0.5690801835975128,0.2509198164024872,0.2789165867219999,2.5300000000000002,0.01000213623046875
2010-06-03,1.216944694519043,87.13999938964844,0.82,3.39,0.6017866605945734,0.21821333940542653,0.29218426466926517,2.5700000000000003,0.01999664306640625
2010-06-04,1.1971030235290527,88.2300033569336,0.72,3.2,0.5804960317777108,0.13950396822228917,0.20346081149022777,2.4800000000000004,2.0500030517578125
2010-06-07,1.1922929286956787,88.4000015258789,0.74,3.17,0.5908007123652737,0.14919928763472634,-0.03330309256406849,2.4299999999999997,1.9199981689453125
2010-06-08,1.197203278541565,88.38999938964844,0.74,3.18,0.5796932975005862,0.1603067024994138,-0.05874724383386898,2.4400000000000004,1.75
2010-06-09,1.1991989612579346,87.9000015258789,0.74,3.2,0.5626673356248979,0.1773326643751021,-0.07358715202738508,2.46,1.1100006103515625
2010-06-10,1.2109030485153198,87.16999816894531,0.79,3.33,0.5802606875744245,0.20973931242557553,-0.008474026979851002,2.54,0.029998779296875
2010-06-11,1.2114017009735107,87.51000213623047,0.75,3.24,0.545571693895941,0.20442830610405904,0.06492433788176988,2.49,-0.720001220703125
2010-06-14,1.2218068838119507,86.51000213623047,0.77,3.28,0.5700470138303131,0.19995298616968693,0.05075369853496059,2.51,-1.8899993896484375
2010-06-15,1.2319064140319824,85.9800033569336,0.79,3.32,0.6048937441916222,0.1851062558083778,0.024799553308963995,2.53,-2.4099960327148438
2010-06-16,1.2311935424804688,86.08000183105469,0.75,3.27,0.5952646911488579,0.15473530885114206,-0.022597355523960028,2.52,-1.8199996948242188
2010-06-17,1.238206148147583,85.69000244140625,0.72,3.21,0.6177452932034289,0.10225470679657112,-0.10748460562900441,2.49,-1.4799957275390625
2010-06-18,1.2392956018447876,85.69999694824219,0.74,3.24,0.6567241044581649,0.08327589554183512,-0.12115241056222392,2.5,-1.8100051879882812
2010-06-21,1.2316029071807861,85.93000030517578,0.74,3.26,0.7003969353219284,0.03960306467807162,-0.1603499214916153,2.5199999999999996,-0.5800018310546875
2010-06-22,1.2275059223175049,86.11000061035156,0.71,3.18,0.6881577636941771,0.021842236305822826,-0.16326401950255498,2.47,0.12999725341796875
2010-06-23,1.2319064140319824,85.73999786376953,0.66,3.13,0.6941932170339511,-0.03419321703395106,-0.18892852588509312,2.4699999999999998,-0.34000396728515625
2010-06-24,1.2337453365325928,85.7300033569336,0.67,3.14,0.6587237519966562,0.011276248003343814,-0.0909784587932273,2.47,0.04000091552734375
2010-06-25,1.2373021841049194,85.30999755859375,0.65,3.12,0.6890579211137156,-0.03905792111371553,-0.12233381665555065,2.47,-0.3899993896484375
2010-06-28,1.2277017831802368,85.6500015258789,0.62,3.05,0.6910238738456693,-0.07102387384566933,-0.11062693852374095,2.4299999999999997,-0.279998779296875
2010-06-29,1.2186353206634521,86.02999877929688,0.61,2.97,0.6545374802051667,-0.04453748020516668,-0.0663797165109895,2.3600000000000003,-0.0800018310546875
2010-06-30,1.223002314567566,86.0199966430664,0.61,2.97,0.6931339475492422,-0.0831339475492422,-0.04894073051529113,2.3600000000000003,0.279998779296875
2010-07-01,1.2507504224777222,84.72000122070312,0.63,2.96,0.7272795680542454,-0.09727956805424542,-0.10855581605758924,2.33,-1.0100021362304688
2010-07-02,1.257102608680725,84.43000030517578,0.63,3.0,0.726503118335402,-0.09650311833540204,-0.057445197221686506,2.37,-0.8799972534179688
2010-07-06,1.262403130531311,84.08000183105469,0.62,2.95,0.7264110406789157,-0.10641104067891571,-0.035387166833246386,2.33,-1.5699996948242188
2010-07-07,1.2633121013641357,83.81999969482422,0.63,3.0,0.7076872105954382,-0.07768721059543815,-0.03314973039027147,2.37,-2.2099990844726562
2010-07-08,1.2694060802459717,83.81999969482422,0.63,3.04,0.7747291998088117,-0.14472919980881171,-0.06159525225956952,2.41,-2.1999969482421875
2010-07-09,1.2643983364105225,83.94999694824219,0.63,3.07,0.8006564898064337,-0.17065648980643366,-0.07337692175218824,2.44,-0.7700042724609375
2010-07-12,1.2590018510818481,84.19999694824219,0.65,3.08,0.7611721351590837,-0.11117213515908364,-0.014669016823681602,2.43,-0.23000335693359375
2010-07-13,1.2720866203308105,83.63999938964844,0.67,3.15,0.7662556534490175,-0.09625565344901743,0.010155387229898283,2.48,-0.44000244140625
2010-07-14,1.274047613143921,83.43000030517578,0.62,3.07,0.8180246701319913,-0.19802467013199132,-0.12033745953655317,2.4499999999999997,-0.3899993896484375
2010-07-15,1.2928582429885864,82.55999755859375,0.61,3.0,0.846244907235477,-0.23624490723547698,-0.09151570742666526,2.39,-1.2600021362304688
2010-07-16,1.2931926250457764,82.48999786376953,0.61,2.96,0.8365375803303128,-0.2265375803303128,-0.05588109052387913,2.35,-1.4599990844726562
2010-07-19,1.2939456701278687,82.51000213623047,0.61,2.99,0.8918873497899447,-0.2818873497899447,-0.17071521463086103,2.3800000000000003,-1.6899948120117188
2010-07-20,1.289307713508606,82.75,0.61,2.98,0.8424413777234694,-0.2324413777234694,-0.13618572427445197,2.37,-0.8899993896484375
2010-07-21,1.276796817779541,83.38999938964844,0.58,2.9,0.8028954740758181,-0.2228954740758181,-0.02487080394382679,2.32,-0.04000091552734375
2010-07-22,1.2903059720993042,82.5999984741211,0.6,2.96,0.790024387302888,-0.19002438730288806,0.04622051993258891,2.36,0.04000091552734375
2010-07-23,1.291305661201477,82.45999908447266,0.6,3.02,0.8082109123099253,-0.20821091230992528,0.018326668020387515,2.42,-0.029998779296875
2010-07-26,1.299899935722351,82.08999633789062,0.62,3.03,0.8589280429305566,-0.23892804293055658,0.04295930685938809,2.4099999999999997,-0.42000579833984375
2010-07-27,1.2990893125534058,82.18000030517578,0.65,3.08,0.9293910477012872,-0.2793910477012872,-0.0469496699778178,2.43,-0.5699996948242188
2010-07-28,1.2992243766784668,82.18000030517578,0.61,3.03,0.8984183266140255,-0.28841832661402556,-0.06552285253820744,2.42,-1.2099990844726562
2010-07-29,1.307805061340332,81.63999938964844,0.59,3.03,0.9052170980767228,-0.3152170980767228,-0.12519271077383476,2.44,-0.9599990844726562
2010-07-30,1.3039000034332275,81.54000091552734,0.55,2.94,0.8718460158303822,-0.3218460158303822,-0.11363510352045691,2.3899999999999997,-0.9199981689453125
2010-08-02,1.3175925016403198,80.94000244140625,0.56,2.99,0.8920488239601094,-0.3320488239601094,-0.09312078102955279,2.43,-1.149993896484375
2010-08-03,1.3225064277648926,80.5999984741211,0.53,2.94,0.8165024050176861,-0.2865024050176861,-0.007111357316398892,2.41,-1.5800018310546875
2010-08-04,1.3225064277648926,80.88999938964844,0.56,2.98,0.816198168857514,-0.2561981688575139,0.03222015775651166,2.42,-1.2900009155273438
2010-08-05,1.3158068656921387,80.81999969482422,0.53,2.94,0.8232689495354306,-0.2932689495354306,0.021948148541292234,2.41,-0.8199996948242188
2010-08-06,1.3181308507919312,80.41000366210938,0.5,2.86,0.8255562108902437,-0.32555621089024367,-0.0037101950598614764,2.36,-1.1299972534179688
2010-08-09,1.3285682201385498,80.70999908447266,0.54,2.86,0.7989643361021372,-0.2589643361021372,0.07308448785797217,2.32,-0.23000335693359375
2010-08-10,1.3229963779449463,80.80000305175781,0.52,2.79,0.7921923376357269,-0.2721923376357269,0.014310067381959168,2.27,0.20000457763671875
2010-08-11,1.3184958696365356,82.29000091552734,0.54,2.72,0.7055474055572986,-0.16554740555729852,0.09065076330021538,2.18,1.4000015258789062
2010-08-12,1.284406065940857,82.63999938964844,0.55,2.74,0.6808865902311803,-0.1308865902311802,0.16238235930425038,2.1900000000000004,1.8199996948242188
2010-08-13,1.2829889059066772,82.94999694824219,0.54,2.68,0.680176235984082,-0.1401762359840819,0.18537997490616176,2.14,2.5399932861328125
2010-08-16,1.277090311050415,82.52999877929688,0.51,2.58,0.6618383356500919,-0.15183833565009186,0.10712600045204534,2.0700000000000003,1.8199996948242188
2010-08-17,1.2811970710754395,82.2300033569336,0.52,2.64,0.6862256088818275,-0.16622560888182747,0.10596672875389945,2.12,1.4300003051757812
2010-08-18,1.2879958152770996,82.22000122070312,0.51,2.64,0.6650712172844644,-0.15507121728446438,0.010476188272834142,2.13,-0.06999969482421875
2010-08-19,1.28564453125,82.44999694824219,0.49,2.58,0.6629964114659244,-0.17299641146592437,-0.04210982123474416,2.09,-0.19000244140625
2010-08-20,1.2808033227920532,83.05999755859375,0.49,2.62,0.6351193303345752,-0.14511933033457525,-0.004943094350493338,2.13,0.1100006103515625
2010-08-23,1.2710033655166626,83.12000274658203,0.49,2.6,0.6424503742430945,-0.1524503742430945,-0.0006120385930026284,2.1100000000000003,0.5900039672851562
2010-08-24,1.2635036706924438,83.1500015258789,0.5,2.5,0.5816196474586919,-0.08161964745869188,0.08460596142313559,2.0,0.9199981689453125
2010-08-25,1.263296127319336,83.26000213623047,0.53,2.54,0.6074341108383785,-0.07743411083837848,0.0776371064460859,2.01,1.0400009155273438
2010-08-26,1.26639986038208,82.93000030517578,0.51,2.5,0.6311078119585909,-0.12110781195859088,0.05188859950733349,1.99,0.48000335693359375
2010-08-27,1.2706480026245117,82.91999816894531,0.56,2.66,0.6368475375822524,-0.07684753758225238,0.06827179275232287,2.1,-0.1399993896484375
2010-08-30,1.2753963470458984,83.16000366210938,0.5,2.54,0.6167223353350599,-0.11672233533505993,0.035728038908034554,2.04,0.04000091552734375
2010-08-31,1.266592264175415,83.19999694824219,0.47,2.47,0.6238669481373098,-0.15386694813730983,-0.07224730067861795,2.0,0.04999542236328125
2010-09-01,1.268729567527771,82.5199966430664,0.5,2.58,0.6478878017547554,-0.14788780175475535,-0.07045369091637688,2.08,-0.7400054931640625
2010-09-02,1.2802950143814087,82.45999908447266,0.5,2.63,0.6437164800549824,-0.1437164800549824,-0.022608668096391504,2.13,-0.470001220703125
2010-09-03,1.2825939655303955,83.0999984741211,0.52,2.72,0.6744914024483162,-0.15449140244831616,-0.07764386486606378,2.2,0.18000030517578125
2010-09-07,1.2868356704711914,82.81999969482422,0.49,2.61,0.6219829552948553,-0.13198295529485526,-0.01526061995979533,2.12,-0.34000396728515625
2010-09-08,1.2677966356277466,82.58999633789062,0.52,2.66,0.6723399802390451,-0.15233998023904505,0.001526967898264786,2.14,-0.6100006103515625
2010-09-09,1.2732040882110596,82.66999816894531,0.57,2.77,0.720436578453197,-0.15043657845319702,-0.002548776698441668,2.2,0.15000152587890625
2010-09-10,1.269309401512146,82.69999694824219,0.58,2.81,0.7554651844057481,-0.1754651844057481,-0.03174870435076571,2.23,0.23999786376953125
2010-09-13,1.2716983556747437,81.91000366210938,0.53,2.74,0.7803908617217679,-0.25039086172176783,-0.09589945927345167,2.21,-1.1899948120117188
2010-09-14,1.2872000932693481,81.08000183105469,0.5,2.68,0.7604303493657558,-0.2604303493657558,-0.12844739407090056,2.18,-1.7399978637695312
2010-09-15,1.2991737127304077,81.48999786376953,0.5,2.74,0.7922779204288712,-0.29227792042887124,-0.1399379401898262,2.24,-1.0999984741210938
2010-09-16,1.3015071153640747,81.23999786376953,0.48,2.77,0.8570688323569902,-0.3770688323569902,-0.22663225390379316,2.29,-1.4300003051757812
2010-09-17,1.3075997829437256,81.4000015258789,0.48,2.75,0.8189263665105146,-0.33892636651051467,-0.16346118210476657,2.27,-1.2999954223632812
2010-09-20,1.3043931722640991,81.33999633789062,0.47,2.72,0.8468793124856098,-0.3768793124856098,-0.12648845076384196,2.25,-0.57000732421875
2010-09-21,1.3066941499710083,80.44000244140625,0.43,2.61,0.8508820661617238,-0.4208820661617238,-0.16045171679596798,2.1799999999999997,-0.6399993896484375
2010-09-22,1.3256973028182983,79.83000183105469,0.44,2.56,0.821946784599797,-0.381946784599797,-0.08966886417092573,2.12,-1.6599960327148438
2010-09-23,1.3391003608703613,80.01000213623047,0.45,2.56,0.759001778971198,-0.309001778971198,0.06806705338579216,2.11,-1.2299957275390625
2010-09-24,1.331912636756897,79.38999938964844,0.45,2.62,0.7742141581724353,-0.3242141581724353,0.014712208338079347,2.17,-2.0100021362304688
2010-09-27,1.3479087352752686,79.33999633789062,0.44,2.54,0.7732356899317783,-0.33323568993177827,0.04364362255383153,2.1,-2.0
2010-09-28,1.3439054489135742,79.01000213623047,0.37,2.48,0.7802909817425077,-0.41029098174250767,0.010591084419216135,2.11,-1.4300003051757812
2010-09-29,1.3570915460586548,78.69000244140625,0.44,2.52,0.837414674176352,-0.39741467417635196,-0.015467889576554983,2.08,-1.1399993896484375
2010-09-30,1.3628062009811401,78.72000122070312,0.42,2.53,0.8993213420614998,-0.47932134206149984,-0.17031956309030183,2.11,-1.2900009155273438
2010-10-01,1.3622123003005981,78.08999633789062,0.42,2.54,0.9292960561209652,-0.5092960561209652,-0.18508189794852986,2.12,-1.3000030517578125
2010-10-04,1.377695083618164,78.44999694824219,0.41,2.5,0.8756241975951959,-0.46562419759519597,-0.1323885076634177,2.09,-0.8899993896484375
2010-10-05,1.367409110069275,77.75,0.41,2.5,0.8646727400838192,-0.45467274008381925,-0.044381758341311583,2.09,-1.2600021362304688
2010-10-06,1.3833937644958496,77.38999938964844,0.38,2.41,0.835726863515837,-0.455726863515837,-0.058312189339485065,2.0300000000000002,-1.3000030517578125
2010-10-07,1.3920016288757324,77.38999938964844,0.36,2.41,0.855028381358661,-0.495028381358661,-0.015707039297161163,2.0500000000000003,-1.3300018310546875
2010-10-08,1.3927963972091675,77.31999969482422,0.35,2.41,0.8619759866010623,-0.5119759866010624,-0.0026799304800971813,2.06,-0.7699966430664062
2010-10-12,1.3880213499069214,77.36000061035156,0.37,2.44,0.8154666322674067,-0.4454666322674067,0.020157565327789284,2.07,-1.089996337890625
2010-10-13,1.3916915655136108,77.06999969482422,0.37,2.46,0.8262047280419162,-0.45620472804191625,-0.001531987958097003,2.09,-0.6800003051757812
2010-10-14,1.3967260122299194,76.6500015258789,0.38,2.52,0.8375186700826469,-0.4575186700826469,-0.0017918065668098837,2.14,-0.7399978637695312
2010-10-15,1.4072020053863525,77.04000091552734,0.37,2.59,0.8579904358470165,-0.4879904358470165,0.0070379455116444944,2.2199999999999998,-0.34999847412109375
2010-10-18,1.3964334726333618,76.93000030517578,0.38,2.52,0.9305297874700424,-0.5505297874700424,-0.03855380086898008,2.14,-0.3899993896484375
2010-10-19,1.3935922384262085,78.18000030517578,0.37,2.5,0.9589729056487328,-0.5889729056487328,-0.14350627338132615,2.13,0.8199996948242188
2010-10-20,1.3739094734191895,77.16999816894531,0.35,2.51,0.9968416346883412,-0.6468416346883412,-0.19063690664642496,2.1599999999999997,0.09999847412109375
2010-10-21,1.3963165283203125,77.41999816894531,0.37,2.57,1.0204166624127613,-0.6504166624127613,-0.1928979923301144,2.1999999999999997,0.7699966430664062
2010-10-22,1.3916915655136108,77.47000122070312,0.35,2.59,1.0510683359087292,-0.7010683359087292,-0.21307790006171268,2.2399999999999998,0.43000030517578125
2010-10-25,1.3944084644317627,77.0999984741211,0.37,2.59,1.0265555468420535,-0.6565555468420535,-0.10602575937201109,2.2199999999999998,0.1699981689453125
2010-10-26,1.3948947191238403,77.70999908447266,0.4,2.67,1.080951325735253,-0.680951325735253,-0.09197842008652013,2.27,-0.470001220703125
2010-10-27,1.3854252099990845,78.1500015258789,0.4,2.75,1.100520274054166,-0.700520274054166,-0.05367863936582473,2.35,0.9800033569335938
2010-10-28,1.377808928489685,77.30999755859375,0.37,2.69,1.088469481754902,-0.7184694817549021,-0.0680528193421408,2.32,-0.1100006103515625
2010-10-29,1.377808928489685,77.2699966430664,0.34,2.63,1.0622926331387073,-0.7222926331387072,-0.021224297229977984,2.29,-0.20000457763671875
2010-11-01,1.397506833076477,77.30000305175781,0.34,2.66,1.060206738224588,-0.720206738224588,-0.0636511913825345,2.3200000000000003,0.20000457763671875
2010-11-02,1.3910914659500122,76.72000122070312,0.34,2.63,1.0598566352112373,-0.7198566352112372,-0.03890530947598425,2.29,-0.9899978637695312
2010-11-03,1.4036072492599487,76.4800033569336,0.34,2.67,1.0392865482834193,-0.6992865482834192,0.001233725770746763,2.33,-1.6699981689453125
2010-11-04,1.4127286672592163,75.87999725341797,0.33,2.53,1.0279130334090183,-0.6979130334090182,0.020556448345883882,2.1999999999999997,-1.4300003051757812
2010-11-05,1.422798991203308,76.55000305175781,0.38,2.58,0.9984822307343464,-0.6184822307343464,0.10381040240436079,2.2,-0.7199935913085938
2010-11-08,1.407578468322754,77.02999877929688,0.41,2.6,1.000930788276455,-0.5909307882764552,0.12927594994813285,2.19,-0.2700042724609375
2010-11-09,1.3869625329971313,77.44000244140625,0.46,2.72,0.9992374781512184,-0.5392374781512184,0.18061915706001885,2.2600000000000002,0.720001220703125
2010-11-10,1.377201795578003,77.62999725341797,0.44,2.65,1.006728868976064,-0.5667288689760641,0.13255767930735507,2.21,1.149993896484375
2010-11-12,1.3621008396148682,78.08000183105469,0.51,2.76,1.0379072207373985,-0.5279072207373985,0.17000581267161974,2.25,2.2000045776367188
2010-11-15,1.3693190813064575,78.5199966430664,0.53,2.92,1.0790308076406383,-0.5490308076406383,0.06945142309370811,2.3899999999999997,1.9699935913085938
2010-11-16,1.357478380203247,79.20999908447266,0.51,2.85,1.0644043532270593,-0.5544043532270593,0.0365264350493959,2.34,2.1800003051757812
2010-11-17,1.3490543365478516,79.08000183105469,0.5,2.89,1.068007708591178,-0.5680077085911781,-0.028770230439959743,2.39,1.6399993896484375
2010-11-18,1.355399250984192,78.62000274658203,0.52,2.9,1.1001675990073183,-0.5801675990073183,-0.013438730031254176,2.38,0.9900054931640625
2010-11-19,1.365728497505188,78.5,0.52,2.88,1.1173002044429452,-0.5973002044429452,-0.0693929837055467,2.36,0.4199981689453125
2010-11-22,1.3744381666183472,78.68000030517578,0.49,2.8,1.072033001742664,-0.582033001742664,-0.03300219410202576,2.3099999999999996,0.160003662109375
2010-11-23,1.3601926565170288,79.68000030517578,0.45,2.77,0.9892369889822205,-0.5392369889822204,0.015167364244838888,2.32,0.470001220703125
2010-11-24,1.3386342525482178,79.87000274658203,0.53,2.93,0.999629446370606,-0.469629446370606,0.09837826222057211,2.4000000000000004,0.7900009155273438
2010-11-26,1.3339736461639404,80.36000061035156,0.51,2.87,1.0162773168834516,-0.5062773168834516,0.07389028212386672,2.3600000000000003,1.7399978637695312
2010-11-29,1.3238019943237305,80.83999633789062,0.52,2.84,0.9992761574148794,-0.4792761574148794,0.11802404702806579,2.32,2.339996337890625
2010-11-30,1.3103927373886108,81.19999694824219,0.45,2.81,0.9853636444557368,-0.5353636444557368,0.04666935728692723,2.36,2.5199966430664062
2010-12-01,1.2992074489593506,80.70999908447266,0.53,2.97,0.9962801845186664,-0.4662801845186664,0.07295680446355401,2.4400000000000004,1.029998779296875
2010-12-02,1.3124909400939941,80.30000305175781,0.55,3.01,0.954148561089041,-0.40414856108904096,0.06548088528156504,2.46,0.43000030517578125
2010-12-03,1.3215975761413574,79.37999725341797,0.49,3.03,0.9602289338198332,-0.4702289338198332,0.03604838306361835,2.54,-0.9800033569335938
2010-12-06,1.341597557067871,79.56999969482422,0.42,2.95,0.9119056285552134,-0.4919056285552134,-0.012629471140334025,2.5300000000000002,-1.2699966430664062
2010-12-07,1.328691840171814,79.86000061035156,0.54,3.15,0.938903995308184,-0.398903995308184,0.13645964914755282,2.61,-1.339996337890625
2010-12-08,1.3244681358337402,80.0,0.63,3.26,1.0071608330017665,-0.3771608330017665,0.08911935151689987,2.63,-0.7099990844726562
2010-12-09,1.3250824213027954,80.06999969482422,0.64,3.23,1.059150684253269,-0.41915068425326896,-0.015002123164227998,2.59,-0.23000335693359375
2010-12-10,1.3242051601409912,80.06999969482422,0.64,3.32,1.0841755027803848,-0.44417550278038476,0.02605343103944846,2.6799999999999997,0.69000244140625
2010-12-13,1.319713830947876,79.27999877929688,0.61,3.29,1.0965954990989129,-0.48659549909891286,0.00531012945630055,2.68,-0.29000091552734375
2010-12-14,1.3395488262176514,79.37000274658203,0.66,3.49,1.0860566056230647,-0.4260566056230647,-0.0271526103148807,2.83,-0.48999786376953125
2010-12-15,1.336094617843628,80.26000213623047,0.68,3.53,1.0921314166216656,-0.4121314166216655,-0.03497058361989902,2.8499999999999996,0.26000213623046875
2010-12-16,1.3224014043807983,80.18000030517578,0.66,3.47,1.1113209385406708,-0.4513209385406708,-0.032170254287401834,2.81,0.1100006103515625
2010-12-17,1.323994755744934,80.37000274658203,0.61,3.33,1.1012216243753443,-0.49122162437534433,-0.04704612159495958,2.72,0.3000030517578125
2010-12-20,1.3164995908737183,80.62999725341797,0.62,3.36,1.0758047302195122,-0.4558047302195122,0.030790768879400687,2.7399999999999998,1.3499984741210938
2010-12-21,1.3118022680282593,80.72000122070312,0.63,3.35,1.0873115688045631,-0.45731156880456314,-0.03125496318149845,2.72,1.3499984741210938
2010-12-22,1.3090033531188965,80.7300033569336,0.65,3.36,1.022103316486249,-0.37210331648624895,0.04002810013541658,2.71,0.470001220703125
2010-12-23,1.3115441799163818,80.5,0.67,3.41,0.98780528107608,-0.31780528107607997,0.13351565746459082,2.74,0.31999969482421875
2010-12-27,1.3079760074615479,80.37000274658203,0.71,3.36,1.0068919546740085,-0.29689195467400853,0.1943296697013358,2.65,0.0
2010-12-28,1.3189654350280762,80.36000061035156,0.75,3.5,0.9385299180330892,-0.18852991803308916,0.267274812186423,2.75,-0.26999664306640625
2010-12-29,1.3086265325546265,79.80000305175781,0.64,3.35,0.9540148573541424,-0.31401485735414236,0.14329671145042078,2.71,-0.9199981689453125
2010-12-30,1.3224539756774902,79.5199966430664,0.66,3.38,0.932226222150604,-0.272226222150604,0.09987709433564496,2.7199999999999998,-1.2100067138671875
2010-12-31,1.3301233053207397,79.02999877929688,0.61,3.3,0.9286900958709948,-0.31869009587099484,-0.0008848147949148677,2.69,-1.470001220703125
2011-01-03,1.3357912302017212,79.12999725341797,0.61,3.36,0.9023597218375276,-0.29235972183752756,0.004532232836480965,2.75,-1.2400054931640625
2011-01-04,1.3356841802597046,79.44000244140625,0.63,3.36,0.9155394309418649,-0.28553943094186485,-0.09700951290877569,2.73,-0.9199981689453125
2011-01-05,1.3321077823638916,80.26000213623047,0.71,3.5,0.9485338373372728,-0.23853383733727285,0.07548102001686952,2.79,0.45999908447265625
2011-01-06,1.3156856298446655,80.79000091552734,0.68,3.44,0.9810233793605811,-0.3010233793605811,-0.02879715720997711,2.76,1.2700042724609375
2011-01-07,1.2979933023452759,81.01000213623047,0.6,3.34,0.9550413257360512,-0.3550413257360512,-0.036351229865056345,2.7399999999999998,1.9800033569335938
2011-01-10,1.289507269859314,80.87999725341797,0.59,3.32,0.9472239154310148,-0.35722391543101484,-0.06486419359348727,2.73,1.75
2011-01-11,1.2964956760406494,80.8499984741211,0.6,3.37,0.945509807401264,-0.345509807401264,-0.05997037645939918,2.77,1.4099960327148438
2011-01-12,1.2983977794647217,80.02999877929688,0.61,3.4,1.0277471069025472,-0.41774710690254724,-0.1792132695652744,2.79,-0.23000335693359375
2011-01-13,1.3128355741500854,79.19000244140625,0.59,3.34,1.1240949679981938,-0.5340949679981938,-0.23307158863761268,2.75,-1.5999984741210938
2011-01-14,1.335327386856079,79.16000366210938,0.59,3.35,1.1819352031737338,-0.5919352031737338,-0.23689387743768264,2.7600000000000002,-1.8499984741210938
2011-01-18,1.3283917903900146,78.95999908447266,0.6,3.39,1.25445925501167,-0.65445925501167,-0.2972353395806552,2.79,-1.9199981689453125
2011-01-19,1.3378105163574219,78.63999938964844,0.6,3.37,1.2211322905810684,-0.6211322905810684,-0.2756224831798044,2.77,-2.2099990844726562
2011-01-20,1.3452069759368896,78.81999969482422,0.65,3.47,1.314482754212425,-0.6644827542124251,-0.24673564730987785,2.8200000000000003,-1.2099990844726562
2011-01-21,1.3468012809753418,78.20999908447266,0.63,3.44,1.3586012379190362,-0.7286012379190362,-0.1945062699208424,2.81,-0.9800033569335938
2011-01-24,1.361952543258667,78.05000305175781,0.65,3.43,1.3506951299256904,-0.7006951299256904,-0.10875992675195656,2.7800000000000002,-1.1100006103515625
2011-01-25,1.3644053936004639,78.0,0.62,3.35,1.3457308198063076,-0.7257308198063076,-0.07127156479463759,2.73,-0.9599990844726562
2011-01-26,1.3686069250106812,77.9000015258789,0.62,3.45,1.388238571191843,-0.768238571191843,-0.14710628061077458,2.83,-0.7399978637695312
2011-01-27,1.3710086345672607,77.7300033569336,0.59,3.42,1.4060806704959743,-0.8160806704959743,-0.15159791628354924,2.83,-1.089996337890625
2011-01-28,1.3723068237304688,78.12999725341797,0.54,3.36,1.5021814735566863,-0.9621814735566863,-0.23358023563765007,2.82,-0.0800018310546875
2011-01-31,1.3572757244110107,77.73999786376953,0.58,3.42,1.4815746164577306,-0.9015746164577306,-0.20087948653204024,2.84,-0.31000518798828125
2011-02-01,1.3713847398757935,77.06999969482422,0.61,3.48,1.4796454720798158,-0.8696454720798158,-0.1439146522735082,2.87,-0.9300003051757812
2011-02-02,1.382991909980774,77.16000366210938,0.67,3.52,1.4928003052072931,-0.8228003052072931,-0.05456173401545006,2.85,-0.7399978637695312
2011-02-03,1.3817880153656006,77.75,0.71,3.58,1.4564847536419654,-0.7464847536419654,0.0695959168540089,2.87,0.01999664306640625
2011-02-04,1.362453579902649,78.04000091552734,0.77,3.68,1.480573595793527,-0.7105735957935271,0.2516078777631592,2.91,-0.089996337890625
2011-02-07,1.357496738433838,78.02999877929688,0.78,3.68,1.4749775450134026,-0.6949775450134026,0.20659707144432804,2.9000000000000004,0.29000091552734375
2011-02-08,1.359194278717041,78.0,0.86,3.75,1.502813546218753,-0.6428135462187531,0.2268319258610627,2.89,0.9300003051757812
2011-02-09,1.3626948595046997,77.63999938964844,0.81,3.65,1.5267497424919432,-0.7167497424919431,0.10605056271534996,2.84,0.4799957275390625
2011-02-10,1.372099757194519,78.25,0.85,3.7,1.542959013332596,-0.6929590133325961,0.053525740309369296,2.85,0.5
2011-02-11,1.3601926565170288,78.45999908447266,0.85,3.64,1.5033275816061344,-0.6533275816061345,0.05724601418739261,2.79,0.4199981689453125
2011-02-14,1.3510043621063232,78.61000061035156,0.87,3.62,1.5125437595682367,-0.6425437595682367,0.05243378544516586,2.75,0.5800018310546875
2011-02-15,1.3481086492538452,78.56999969482422,0.84,3.61,1.5223838715579885,-0.6823838715579885,-0.039570325339235435,2.77,0.5699996948242188
2011-02-16,1.3498555421829224,78.22000122070312,0.86,3.62,1.4828638305583453,-0.6228638305583453,0.09388591193359785,2.7600000000000002,0.5800018310546875
2011-02-17,1.357533574104309,78.0,0.8,3.58,1.445935618564536,-0.645935618564536,0.04702339476806017,2.7800000000000002,-0.25
2011-02-18,1.3626019954681396,77.66000366210938,0.78,3.59,1.4850045025897576,-0.7050045025897576,-0.05167692098362309,2.8099999999999996,-0.7999954223632812
2011-02-22,1.3682323694229126,77.7699966430664,0.74,3.46,1.5296359469292395,-0.7896359469292396,-0.14709218736100282,2.7199999999999998,-0.8400039672851562
2011-02-23,1.3673717975616455,77.41000366210938,0.74,3.49,1.5382565152116303,-0.7982565152116303,-0.1158726436536418,2.75,-1.1599960327148438
2011-02-24,1.3764055967330933,77.05999755859375,0.73,3.46,1.5152105856262288,-0.7852105856262288,-0.16234675506788354,2.73,-1.160003662109375
2011-02-25,1.381998062133789,77.27999877929688,0.72,3.42,1.5319145335135134,-0.8119145335135134,-0.16597891494897743,2.7,-0.720001220703125
2011-02-28,1.373437762260437,76.88999938964844,0.69,3.42,1.5279470555864516,-0.8379470555864517,-0.1329425529966941,2.73,-0.7700042724609375
2011-03-01,1.3821508884429932,77.05000305175781,0.66,3.41,1.544762114534315,-0.8847621145343149,-0.0951261676050753,2.75,-0.7199935913085938
2011-03-02,1.3771828413009644,76.66999816894531,0.69,3.46,1.5343903169307236,-0.8443903169307236,-0.046133801719093315,2.77,-0.7400054931640625
2011-03-03,1.3866548538208008,76.4800033569336,0.79,3.58,1.7237760780702396,-0.9337760780702395,-0.14856549244401074,2.79,-0.5799942016601562
2011-03-04,1.3958877325057983,76.4000015258789,0.68,3.49,1.7378690823633345,-1.0578690823633345,-0.24595454884982115,2.81,-0.8799972534179688
2011-03-07,1.3990709781646729,76.5,0.7,3.51,1.7486467879978391,-1.0486467879978392,-0.2106997324113875,2.8099999999999996,-0.3899993896484375
2011-03-08,1.3963944911956787,76.80000305175781,0.73,3.56,1.720362764872995,-0.9903627648729951,-0.10560065033868027,2.83,-0.25
2011-03-09,1.3897961378097534,76.72000122070312,0.7,3.48,1.7214230346008823,-1.0214230346008824,-0.1770327176701587,2.7800000000000002,0.0500030517578125
2011-03-10,1.3902212381362915,77.27999877929688,0.65,3.37,1.6884689047611987,-1.0384689047611988,-0.10469282669095925,2.72,0.7999954223632812
2011-03-11,1.3801289796829224,76.77999877929688,0.64,3.4,1.6542024807274331,-1.014202480727433,0.043666601635901525,2.76,0.37999725341796875
2011-03-14,1.3934563398361206,76.3499984741211,0.61,3.36,1.6406249201723089,-1.030624920172309,0.01802186782553017,2.75,-0.15000152587890625
2011-03-15,1.3992079496383667,76.33000183105469,0.63,3.33,1.5537466266774604,-0.9237466266774604,0.06661613819553469,2.7,-0.470001220703125
2011-03-16,1.3986209630966187,76.68000030517578,0.58,3.22,1.518872742316954,-0.938872742316954,0.0825502922839284,2.64,-0.04000091552734375
2011-03-17,1.3884838819503784,76.04000091552734,0.6,3.25,1.5734863257239318,-0.9734863257239318,0.06498257903726701,2.65,-1.2399978637695312
2011-03-18,1.4032920598983765,75.72000122070312,0.61,3.28,1.6115645061802302,-1.0015645061802303,0.012637974547202724,2.67,-1.05999755859375
2011-03-21,1.4170527458190918,75.4000015258789,0.67,3.34,1.7012925191721755,-1.0312925191721756,-0.0006675989998665699,2.67,-0.9499969482421875
2011-03-22,1.4217066764831543,75.43000030517578,0.68,3.34,1.704393559407935,-1.024393559407935,-0.10064693273047454,2.6599999999999997,-0.9000015258789062
2011-03-23,1.4168118238449097,75.79000091552734,0.69,3.36,1.6866731477576506,-0.9966731477576507,-0.057800405440696756,2.67,-0.8899993896484375
2011-03-24,1.4105963706970215,75.66000366210938,0.72,3.42,1.6930454984131995,-0.9730454984131995,0.00044082731073225023,2.7,-0.37999725341796875
2011-03-25,1.4171934127807617,76.22000122070312,0.79,3.46,1.7190619253468475,-0.9290619253468475,0.07250258083338279,2.67,0.5
2011-03-28,1.402603268623352,76.12999725341797,0.81,3.47,1.7549238407854095,-0.9449238407854095,0.0863686783867661,2.66,0.7299957275390625
2011-03-29,1.4079747200012207,76.25,0.81,3.5,1.7603796120392206,-0.9503796120392205,0.07401394736871447,2.69,0.8199996948242188
2011-03-30,1.411113977432251,76.12000274658203,0.8,3.47,1.7704255172825571,-0.9704255172825571,0.026247630475093597,2.67,0.3300018310546875
2011-03-31,1.4121301174163818,75.86000061035156,0.8,3.47,1.7909984054775985,-0.9909984054775984,-0.017952907064398893,2.67,0.1999969482421875
2011-04-01,1.415869116783142,75.83000183105469,0.8,3.46,1.8303352438779108,-1.0303352438779108,-0.10127331853106325,2.66,-0.3899993896484375
2011-04-04,1.4223334789276123,75.91000366210938,0.77,3.45,1.8200142088601237,-1.0500142088601236,-0.10509036807471417,2.68,-0.21999359130859375
2011-04-05,1.422009825706482,75.87999725341797,0.84,3.5,1.8129744862753483,-0.9729744862753483,-0.022594874236127827,2.66,-0.37000274658203125
2011-04-06,1.4219088554382324,75.51000213623047,0.85,3.56,1.8372293633540744,-0.9872293633540744,-0.016803846071517303,2.71,-0.6100006103515625
2011-04-07,1.4335273504257202,75.58999633789062,0.81,3.58,1.848074018777877,-1.038074018777877,-0.04707561330027854,2.77,-0.2700042724609375
2011-04-08,1.430206060409546,75.06999969482422,0.83,3.59,1.92210172594778,-1.09210172594778,-0.061766482069869344,2.76,-0.7600021362304688
2011-04-11,1.446215271949768,75.05999755859375,0.85,3.59,1.917167695222388,-1.067167695222388,-0.017153486362264436,2.7399999999999998,-0.850006103515625
2011-04-12,1.4437931776046753,74.8499984741211,0.77,3.52,1.8672389152106503,-1.0972389152106503,-0.12426442893530198,2.75,-1.029998779296875
2011-04-13,1.447638988494873,74.9800033569336,0.75,3.49,1.8960698561975864,-1.1460698561975864,-0.15884049284351198,2.74,-0.529998779296875
2011-04-14,1.444210171699524,74.68000030517578,0.77,3.51,1.8624526531125964,-1.0924526531125964,-0.054378634334719456,2.7399999999999998,-0.9099960327148438
2011-04-15,1.4432096481323242,74.83000183105469,0.71,3.43,1.8780602156443704,-1.1680602156443705,-0.07595848969659036,2.72,-0.23999786376953125
2011-04-18,1.4412959814071655,75.5,0.69,3.4,1.807506157997428,-1.1175061579974281,-0.05033846277504006,2.71,0.44000244140625
2011-04-19,1.4223941564559937,75.02999877929688,0.68,3.39,1.847987936017556,-1.167987936017556,-0.0707490208069057,2.71,0.18000030517578125
2011-04-20,1.433794617652893,74.37000274658203,0.69,3.43,1.85991202772538,-1.16991202772538,-0.023842171527793665,2.74,-0.6100006103515625
2011-04-21,1.4513999223709106,74.0,0.68,3.42,1.824893105388012,-1.1448931053880118,-0.05244045227541538,2.7399999999999998,-0.6800003051757812
2011-04-26,1.4578959941864014,73.83999633789062,0.65,3.34,1.8115302169793708,-1.1615302169793709,0.006529998664999592,2.69,-0.9900054931640625
2011-04-27,1.4687954187393188,73.5199966430664,0.65,3.39,1.850832725296784,-1.200832725296784,-0.08332656729935595,2.74,-1.9800033569335938
2011-04-28,1.4779999256134033,73.12000274658203,0.62,3.34,1.84365284569326,-1.2236528456932598,-0.05566490967570381,2.7199999999999998,-1.9099960327148438
2011-04-29,1.4844063520431519,72.93000030517578,0.61,3.32,1.858867387985832,-1.248867387985832,-0.07895536026045202,2.71,-1.44000244140625
2011-05-02,1.4793994426727295,72.94999694824219,0.61,3.31,1.8711125329630804,-1.2611125329630806,-0.11621942757506876,2.7,-1.0500030517578125
2011-05-03,1.4823819398880005,73.13999938964844,0.61,3.28,1.88725073290046,-1.2772507329004599,-0.115720515921089,2.67,-0.6999969482421875
2011-05-04,1.4833273887634277,73.02999877929688,0.6,3.25,1.966887951411034,-1.3668879514110341,-0.16605522611425005,2.65,-0.48999786376953125
2011-05-05,1.4829754829406738,74.19000244140625,0.58,3.18,1.8398074510161595,-1.2598074510161594,-0.0361546053228996,2.6,1.0699996948242188
2011-05-06,1.454439640045166,74.83999633789062,0.57,3.19,1.827166409126098,-1.2571664091260981,-0.008299021140266039,2.62,1.9099960327148438
2011-05-09,1.4352967739105225,74.73999786376953,0.57,3.17,1.7788639513083009,-1.208863951308301,0.052248581654779525,2.6,1.7900009155273438
2011-05-10,1.4376078844070435,74.61000061035156,0.59,3.23,1.779040234557293,-1.189040234557293,0.08821049834316685,2.64,1.470001220703125
2011-05-11,1.44110906124115,75.33000183105469,0.56,3.19,1.7879269231868649,-1.2279269231868648,0.13896102822416934,2.63,2.3000030517578125
2011-05-12,1.4211004972457886,75.23999786376953,0.57,3.22,1.7494716364744105,-1.1794716364744104,0.08033581454174898,2.6500000000000004,1.0499954223632812
2011-05-13,1.423791527748108,75.76000213623047,0.57,3.18,1.769183957527665,-1.1991839575276653,0.05798245159843285,2.6100000000000003,0.9200057983398438
2011-05-16,1.4077963829040527,75.47000122070312,0.54,3.15,1.7920365434851433,-1.2520365434851433,-0.04317259217684222,2.61,0.7300033569335938
2011-05-17,1.415808916091919,75.4000015258789,0.55,3.12,1.7846151851709655,-1.2346151851709655,-0.04557495061367245,2.5700000000000003,0.7900009155273438
2011-05-18,1.4268999099731445,75.47000122070312,0.58,3.18,1.7902570280080885,-1.2102570280080887,0.01766989517877615,2.6,0.1399993896484375
2011-05-19,1.4255167245864868,75.12000274658203,0.55,3.17,1.8366529077135116,-1.2866529077135116,-0.10718127123910115,2.62,-0.1199951171875
2011-05-20,1.4316186904907227,75.43000030517578,0.55,3.15,1.777187524497822,-1.2271875244978219,-0.0280035669701566,2.5999999999999996,-0.3300018310546875
2011-05-23,1.4105764627456665,76.0999984741211,0.55,3.13,1.7270333056284053,-1.1770333056284052,0.07500323785673801,2.58,0.6299972534179688
2011-05-24,1.403666377067566,75.87999725341797,0.56,3.12,1.7352979229567742,-1.1752979229567742,0.05931726221419131,2.56,0.4799957275390625
2011-05-25,1.4099003076553345,75.93000030517578,0.54,3.13,1.6818058249048633,-1.1418058249048633,0.06845120310322539,2.59,0.45999908447265625
2011-05-26,1.4084903001785278,75.55000305175781,0.48,3.07,1.6616691507598793,-1.1816691507598793,0.10498375695363227,2.59,0.43000030517578125
2011-05-27,1.4135074615478516,74.94999694824219,0.48,3.07,1.6279755964783549,-1.147975596478355,0.07921192801946697,2.59,-0.48000335693359375
2011-05-31,1.4322338104248047,74.63999938964844,0.45,3.05,1.6715277336245942,-1.2215277336245942,-0.04449442799618897,2.5999999999999996,-1.4599990844726562
2011-06-01,1.4427932500839233,74.68000030517578,0.44,2.96,1.6553804903256706,-1.2153804903256706,-0.04008256736889648,2.52,-1.1999969482421875
2011-06-02,1.434493899345398,74.33000183105469,0.45,3.04,1.66127499247834,-1.2112749924783401,-0.06946916757347688,2.59,-1.5999984741210938
2011-06-03,1.4486035108566284,73.77999877929688,0.42,2.99,1.6740538747769471,-1.2540538747769472,-0.07238472401706786,2.5700000000000003,-1.7700042724609375
2011-06-06,1.465502142906189,73.94999694824219,0.43,3.01,1.7076123264017284,-1.2776123264017285,-0.1296367299233736,2.5799999999999996,-1.0
2011-06-07,1.458299994468689,73.5199966430664,0.39,3.01,1.7391058893625728,-1.3491058893625727,-0.12757815573797848,2.6199999999999997,-1.1200027465820312
2011-06-08,1.4686013460159302,73.93000030517578,0.39,2.98,1.7241839613247514,-1.3341839613247513,-0.11880347099908062,2.59,-0.75
2011-06-09,1.4601950645446777,74.19000244140625,0.43,3.01,1.672534279254529,-1.242534279254529,-0.031259286776188944,2.5799999999999996,-0.1399993896484375
2011-06-10,1.451568365097046,74.79000091552734,0.41,2.99,1.635468308375538,-1.225468308375538,0.02858556640140919,2.58,1.0100021362304688
2011-06-13,1.4332603216171265,74.51000213623047,0.4,3.0,1.6174726452908947,-1.2174726452908948,0.060139681110833676,2.6,0.5600051879882812
2011-06-14,1.4416908025741577,74.33000183105469,0.45,3.11,1.6539556503608313,-1.2039556503608313,0.1451502390017414,2.6599999999999997,0.8100051879882812
2011-06-15,1.4450031518936157,75.5999984741211,0.38,2.98,1.6235764682657068,-1.2435764682657067,0.09060749305904459,2.6,1.6699981689453125
2011-06-16,1.4181982278823853,75.75,0.38,2.93,1.5594926841211512,-1.179492684121151,0.06304159513337804,2.5500000000000003,1.55999755859375
2011-06-17,1.419909954071045,74.98999786376953,0.38,2.94,1.593208456737111,-1.213208456737111,0.01225985163842691,2.56,0.1999969482421875
2011-06-20,1.4285101890563965,75.02999877929688,0.38,2.97,1.6101553540896971,-1.230155354089697,-0.012682708798802178,2.5900000000000003,0.5199966430664062
2011-06-21,1.4325416088104248,74.54000091552734,0.4,2.99,1.6073466623874677,-1.2073466623874678,-0.0033910120266364974,2.5900000000000003,0.20999908447265625
2011-06-22,1.4381660223007202,74.77999877929688,0.39,3.01,1.5896738466620643,-1.1996738466620642,0.043902621603642444,2.6199999999999997,-0.8199996948242188
2011-06-23,1.4314342737197876,75.44999694824219,0.35,2.93,1.486159885085634,-1.1361598850856338,0.04333279903551723,2.58,-0.3000030517578125
2011-06-24,1.427001714706421,75.66999816894531,0.35,2.88,1.4863638632051803,-1.1363638632051805,0.07684459353193063,2.53,0.6800003051757812
2011-06-27,1.4171332120895386,75.38999938964844,0.41,2.95,1.4883666904766275,-1.0783666904766276,0.15178866361306942,2.54,0.3600006103515625
2011-06-28,1.4316802024841309,75.05999755859375,0.48,3.05,1.570028462839714,-1.090028462839714,0.11731819954775369,2.57,0.5199966430664062
2011-06-29,1.4357914924621582,74.69000244140625,0.47,3.14,1.6035915186665275,-1.1335915186665275,0.0660823279955367,2.67,-0.089996337890625
2011-06-30,1.4478904008865356,74.30000305175781,0.45,3.18,1.6536397986912832,-1.2036397986912832,-0.06747991360564942,2.73,-1.149993896484375
2011-07-01,1.4496954679489136,74.3499984741211,0.5,3.22,1.704345863917965,-1.204345863917965,-0.06798200071278448,2.72,-1.3199996948242188
2011-07-05,1.4553074836730957,74.69000244140625,0.44,3.16,1.7096076770038102,-1.2696076770038103,-0.1912409865271827,2.72,-0.6999969482421875
2011-07-06,1.4428139925003052,75.12000274658203,0.43,3.12,1.6483062641979545,-1.2183062641979545,-0.1282778013582404,2.69,0.06000518798828125
2011-07-07,1.4331575632095337,74.95999908447266,0.49,3.17,1.671505400082383,-1.181505400082383,-0.04791388141585551,2.6799999999999997,0.26999664306640625
2011-07-08,1.4364513158798218,75.18000030517578,0.4,3.03,1.5821329857571402,-1.18213298575714,0.021506812934143138,2.63,0.8799972534179688
2011-07-11,1.4201923608779907,75.98999786376953,0.37,2.94,1.465165436920005,-1.0951654369200048,0.10918042699796016,2.57,1.6399993896484375
2011-07-12,1.4040604829788208,75.80999755859375,0.37,2.92,1.448153780328181,-1.078153780328181,0.19145389667562918,2.55,1.1199951171875
2011-07-13,1.3969016075134277,75.20999908447266,0.37,2.92,1.4015933173290942,-1.031593317329094,0.18671294686886042,2.55,0.089996337890625
2011-07-14,1.4234267473220825,75.25,0.38,2.98,1.4125732322731324,-1.0325732322731325,0.14893216780925056,2.6,0.29000091552734375
2011-07-15,1.4157286882400513,75.12999725341797,0.37,2.94,1.3477030886893682,-0.9777030886893682,0.20442989706777193,2.57,-0.0500030517578125
2011-07-18,1.4123096466064453,75.4800033569336,0.37,2.94,1.331866243207807,-0.961866243207807,0.13329919371219778,2.57,-0.5099945068359375
2011-07-19,1.411193609237671,75.22000122070312,0.39,2.91,1.374186574067431,-0.984186574067431,0.09396720626075006,2.52,-0.589996337890625
2011-07-20,1.417293906211853,74.79000091552734,0.4,2.96,1.3927849898440503,-0.9927849898440503,0.038808327485043814,2.56,-0.4199981689453125
2011-07-21,1.427001714706421,74.0199966430664,0.4,3.03,1.503713095987106,-1.1037130959871058,-0.0711398637139733,2.63,-1.2300033569335938
2011-07-22,1.4420026540756226,74.19999694824219,0.4,2.99,1.482426589640711,-1.0824265896407108,-0.10472350095134264,2.5900000000000003,-0.9300003051757812
2011-07-25,1.4388489723205566,74.05999755859375,0.42,3.03,1.4697954389499743,-1.0497954389499744,-0.0879291957421674,2.61,-1.4200057983398438
2011-07-26,1.4371533393859863,73.47000122070312,0.41,2.99,1.4583741711818206,-1.0483741711818206,-0.0641875971143896,2.58,-1.75
2011-07-27,1.450810194015503,74.08999633789062,0.44,3.01,1.376122724447802,-0.9361227244478021,0.05666226539624819,2.57,-0.7000045776367188
2011-07-28,1.4372979402542114,74.22000122070312,0.42,2.98,1.3707509460407332,-0.9507509460407333,0.15296214994637247,2.56,0.20000457763671875
2011-07-29,1.4331985712051392,73.9000015258789,0.36,2.82,1.3197972515383596,-0.9597972515383596,0.12262933810235122,2.46,-0.29999542236328125
2011-08-01,1.4363688230514526,74.26000213623047,0.38,2.77,1.297536210307116,-0.917536210307116,0.13225922864285844,2.39,0.20000457763671875
2011-08-02,1.4262080192565918,74.51000213623047,0.33,2.66,1.2436368050795965,-0.9136368050795964,0.1347373661022242,2.33,1.0400009155273438
2011-08-03,1.417333960533142,74.04000091552734,0.33,2.64,1.2363827641025031,-0.9063827641025031,0.02973996034529902,2.31,-0.04999542236328125
2011-08-04,1.4352967739105225,75.12000274658203,0.27,2.47,1.14870522258095,-0.87870522258095,0.07204572345978333,2.2,0.9000015258789062
2011-08-05,1.4067071676254272,74.5999984741211,0.28,2.58,1.0212401908472144,-0.7412401908472144,0.21855706069114522,2.3,0.6999969482421875
2011-08-08,1.4294085502624512,74.79000091552734,0.27,2.4,0.9300490317071852,-0.6600490317071852,0.25748717859993075,2.13,0.529998779296875
2011-08-09,1.4170728921890259,74.61000061035156,0.19,2.2,0.9200394797784064,-0.7300394797784064,0.18359732530119,2.0100000000000002,0.09999847412109375
2011-08-10,1.4383108615875244,74.63999938964844,0.19,2.17,0.7705422678752025,-0.5805422678752026,0.3258404962273005,1.98,0.5999984741210938
2011-08-11,1.4124692678451538,74.68000030517578,0.19,2.34,0.7755912258202056,-0.5855912258202056,0.29311399676074434,2.15,-0.44000244140625
2011-08-12,1.4226369857788086,74.61000061035156,0.2,2.24,0.8520739501072265,-0.6520739501072266,0.0891662407399878,2.04,0.01000213623046875
2011-08-15,1.4274091720581055,73.83999633789062,0.19,2.29,0.8829993482773735,-0.6929993482773735,-0.03295031657018832,2.1,-0.9500045776367188
2011-08-16,1.4438347816467285,74.01000213623047,0.2,2.23,0.8800989945518662,-0.6800989945518663,0.049940485226540154,2.03,-0.5999984741210938
2011-08-17,1.439801812171936,73.66999816894531,0.19,2.17,0.8746762741931968,-0.6846762741931969,-0.1041340063179943,1.98,-0.970001220703125
2011-08-18,1.4429181814193726,74.23999786376953,0.2,2.08,0.708004347713399,-0.5080043477133991,0.07758687810680653,1.8800000000000001,-0.44000244140625
2011-08-19,1.4324390888214111,73.98999786376953,0.2,2.07,0.7945711859656006,-0.5945711859656007,0.05750276414162592,1.8699999999999999,-0.6200027465820312
2011-08-22,1.4369261264801025,74.06999969482422,0.22,2.1,0.8280856132493726,-0.6080856132493726,0.08491373502800093,1.8800000000000001,0.23000335693359375
2011-08-23,1.436100721359253,73.87000274658203,0.22,2.15,0.7910065787250684,-0.5710065787250684,0.10909241582679785,1.93,-0.1399993896484375
2011-08-24,1.4437098503112793,74.01000213623047,0.23,2.29,0.8580940853160381,-0.6280940853160382,0.05658218887715871,2.06,0.34000396728515625
2011-08-25,1.44123375415802,74.27999877929688,0.22,2.23,0.8251646885571404,-0.6051646885571405,-0.09716034084374137,2.01,0.04000091552734375
2011-08-26,1.4372979402542114,73.80999755859375,0.2,2.19,0.7669905659288756,-0.5669905659288756,0.027580620036725012,1.99,-0.18000030517578125
2011-08-29,1.449506402015686,73.72000122070312,0.2,2.28,0.9099913662558912,-0.7099913662558912,-0.1019057530065186,2.0799999999999996,-0.34999847412109375
2011-08-30,1.4524328708648682,73.94000244140625,0.2,2.19,0.815388252313858,-0.6153882523138581,-0.04438167358878964,1.99,0.06999969482421875
2011-08-31,1.4433138370513916,74.12999725341797,0.2,2.23,0.8594407727240168,-0.6594407727240168,-0.031346687407978635,2.03,0.1199951171875
2011-09-01,1.4374631643295288,74.4800033569336,0.19,2.15,0.854494823411678,-0.6644948234116781,-0.05933013485453764,1.96,0.20000457763671875
2011-09-02,1.4262080192565918,74.75,0.2,2.02,0.7362420187231538,-0.5362420187231538,0.030748547205721843,1.82,0.94000244140625
2011-09-06,1.4063115119934082,75.91999816894531,0.21,1.98,0.6634122803768139,-0.4534122803768139,0.2565790858790773,1.77,2.1999969482421875
2011-09-07,1.4003249406814575,75.45999908447266,0.21,2.05,0.6765648323743052,-0.46656483237430524,0.14882341993955284,1.8399999999999999,1.5199966430664062
2011-09-08,1.4085696935653687,76.23999786376953,0.19,2.0,0.6130942044361072,-0.4230942044361072,0.23634656828790962,1.81,2.1100006103515625
2011-09-09,1.3904144763946533,77.19000244140625,0.17,1.93,0.5577893802855027,-0.3877893802855027,0.2767054431261754,1.76,2.7099990844726562
2011-09-12,1.3600815534591675,77.56999969482422,0.21,1.94,0.5873322641040406,-0.37733226410404064,0.15890975461911316,1.73,2.8199996948242188
2011-09-13,1.3660268783569336,76.91000366210938,0.21,2.0,0.6761421556307141,-0.46614215563071415,-0.012729875253900236,1.79,0.9900054931640625
2011-09-14,1.3686069250106812,76.83000183105469,0.19,2.03,0.7212099341057328,-0.5312099341057328,-0.06464510173142757,1.8399999999999999,1.3700027465820312
2011-09-15,1.3746082782745361,76.23999786376953,0.21,2.09,0.8289232484643849,-0.618923248464385,-0.19582904402827778,1.88,0.0
2011-09-16,1.3869048357009888,76.58000183105469,0.18,2.08,0.7517730710429193,-0.5717730710429194,-0.18398369075741672,1.9000000000000001,-0.6100006103515625
2011-09-19,1.3701446056365967,77.38999938964844,0.16,1.97,0.6608027648407,-0.5008027648407,-0.12347050073665933,1.81,-0.18000030517578125
2011-09-20,1.3605626821517944,77.02999877929688,0.18,1.95,0.6610356307582927,-0.48103563075829275,-0.014893475127578604,1.77,0.1199951171875
2011-09-21,1.369394063949585,77.33999633789062,0.21,1.88,0.6681877502882847,-0.45818775028828473,0.07302218381744807,1.67,0.5099945068359375
2011-09-22,1.3586033582687378,78.37999725341797,0.2,1.72,0.6556422866712757,-0.45564228667127565,0.1632809617931093,1.52,2.1399993896484375
2011-09-23,1.348090410232544,78.30000305175781,0.23,1.84,0.6219613545512498,-0.3919613545512498,0.1798117164916696,1.61,1.720001220703125
2011-09-26,1.3547013998031616,78.36000061035156,0.25,1.91,0.6286600130152616,-0.37866001301526164,0.12214275182543832,1.66,0.970001220703125
2011-09-27,1.351807951927185,77.51000213623047,0.25,2.0,0.7781274225421048,-0.5281274225421048,-0.04709179178381201,1.75,0.48000335693359375
2011-09-28,1.3582342863082886,77.8499984741211,0.27,2.03,0.7826625792982571,-0.5126625792982571,-0.05447482900997236,1.7599999999999998,0.5100021362304688
2011-09-29,1.3537662029266357,77.91999816894531,0.27,1.99,0.7859982743407885,-0.5159982743407885,-0.060355987669512834,1.72,-0.45999908447265625
2011-09-30,1.3585848808288574,78.55000305175781,0.25,1.92,0.7458998687388385,-0.4958998687388385,-0.1039385141875887,1.67,0.25
2011-10-03,1.336094617843628,79.44999694824219,0.24,1.8,0.7144812796552028,-0.4744812796552028,-0.09582126663994117,1.56,1.089996337890625
2011-10-04,1.3195048570632935,79.5999984741211,0.25,1.81,0.6586477916383147,-0.40864779163831466,0.1194796309037901,1.56,2.089996337890625
2011-10-05,1.3330134153366089,78.91000366210938,0.25,1.92,0.7308238350207672,-0.4808238350207672,0.031838744277489894,1.67,1.0600051879882812
2011-10-06,1.333991527557373,78.52999877929688,0.29,2.01,0.7818015318810915,-0.4918015318810915,0.024196742459696996,1.7199999999999998,0.6100006103515625
2011-10-07,1.3428946733474731,78.72000122070312,0.3,2.1,0.8196152225820095,-0.5196152225820094,-0.023715353843170917,1.8,0.1699981689453125
2011-10-11,1.3635495901107788,77.58000183105469,0.32,2.18,0.8423279560106921,-0.5223279560106922,-0.04784667635548934,1.86,-1.8699951171875
2011-10-12,1.3645730018615723,76.98999786376953,0.29,2.24,0.8876465509365947,-0.5976465509365947,-0.18899875929828003,1.9500000000000002,-2.6100006103515625
2011-10-13,1.379196286201477,76.98999786376953,0.29,2.19,0.8470781576604779,-0.557078157660478,-0.07625432263971077,1.9,-1.9200057983398438
2011-10-14,1.3735508918762207,76.62000274658203,0.28,2.26,0.8809419701125075,-0.6009419701125075,-0.109140438231416,1.9799999999999998,-1.9099960327148438
2011-10-17,1.3879058361053467,77.13999938964844,0.28,2.18,0.8070155812369069,-0.5270155812369068,-0.00740035865489741,1.9000000000000001,-1.5800018310546875
2011-10-18,1.3744003772735596,77.12999725341797,0.28,2.19,0.838507746834629,-0.558507746834629,-0.03617979082393685,1.91,-0.45000457763671875
2011-10-19,1.3740037679672241,77.11000061035156,0.28,2.18,0.86405000222838,-0.58405000222838,0.013596548708214695,1.9000000000000001,0.12000274658203125
2011-10-20,1.3765003681182861,76.97000122070312,0.28,2.2,0.9227476564864744,-0.6427476564864744,-0.08566949882599639,1.9200000000000002,-0.01999664306640625
2011-10-21,1.377903938293457,76.30000305175781,0.3,2.23,0.9249860752248832,-0.6249860752248833,-0.024044105112375758,1.93,-0.31999969482421875
2011-10-24,1.3847730159759521,76.0199966430664,0.3,2.25,0.89090384362722,-0.59090384362722,-0.0638882623903132,1.95,-1.1200027465820312
2011-10-25,1.3922340869903564,76.25,0.26,2.14,0.8600583817987613,-0.6000583817987613,-0.04155063496413225,1.8800000000000001,-0.8799972534179688
2011-10-26,1.3904531002044678,76.19999694824219,0.28,2.23,0.7803082284231773,-0.5003082284231772,0.08374177380520276,1.95,-0.910003662109375
2011-10-27,1.387694001197815,74.87000274658203,0.31,2.42,0.859690221260278,-0.5496902212602781,0.09305743522619625,2.11,-2.0999984741210938
2011-10-28,1.4173942804336548,75.08999633789062,0.28,2.34,0.8654956837164804,-0.5854956837164804,0.03949039150840283,2.0599999999999996,-1.2100067138671875
2011-10-31,1.4140071868896484,76.16999816894531,0.25,2.17,0.8090178255587928,-0.5590178255587928,0.03188601806842728,1.92,0.15000152587890625
2011-11-01,1.386001467704773,77.26000213623047,0.23,2.01,0.707845702098665,-0.47784570209866506,0.1222126797000962,1.7799999999999998,1.0100021362304688
2011-11-02,1.3655978441238403,77.01000213623047,0.23,2.03,0.7452982281241083,-0.5152982281241083,-0.014989999700931067,1.7999999999999998,0.8100051879882812
2011-11-03,1.3690004348754883,76.66999816894531,0.24,2.09,0.6907732762295868,-0.45077327622958685,0.09891694503069126,1.8499999999999999,1.7999954223632812
2011-11-04,1.382991909980774,76.91000366210938,0.22,2.06,0.6855013333162897,-0.46550133331628973,0.11999435040019069,1.84,1.82000732421875
2011-11-07,1.3789299726486206,76.95999908447266,0.25,2.04,0.7024431016172913,-0.4524431016172913,0.10657472394150147,1.79,0.7900009155273438
2011-11-08,1.3760079145431519,76.66999816894531,0.25,2.1,0.7120750760643029,-0.46207507606430287,0.01577062603436219,1.85,-0.5900039672851562
2011-11-09,1.3826478719711304,77.93000030517578,0.24,2.0,0.7103392476296964,-0.47033924762969637,0.04495898049441194,1.76,0.9199981689453125
2011-11-10,1.3526674509048462,77.63999938964844,0.24,2.04,0.786682469532511,-0.546682469532511,-0.09590919330292413,1.8,0.970001220703125
2011-11-14,1.3787018060684204,77.55999755859375,0.24,2.04,0.8431943681693967,-0.6031943681693968,-0.13769303485310702,1.8,0.649993896484375
2011-11-15,1.362416386604309,77.87999725341797,0.26,2.06,0.92894683298542,-0.66894683298542,-0.21650373136812873,1.8,0.9199981689453125
2011-11-16,1.350712537765503,78.16000366210938,0.26,2.01,0.969680507128852,-0.709680507128852,-0.24760543106454913,1.7499999999999998,1.4900054931640625
2011-11-17,1.3441040515899658,78.29000091552734,0.27,1.96,0.964948288982132,-0.694948288982132,-0.22460904135243565,1.69,0.3600006103515625
2011-11-18,1.3458044528961182,78.0199966430664,0.29,2.01,0.9813113235873188,-0.6913113235873187,-0.14462885405480774,1.7199999999999998,0.37999725341796875
2011-11-21,1.3529969453811646,78.30000305175781,0.27,1.97,0.9342657702919004,-0.6642657702919004,-0.061071402122503615,1.7,0.7400054931640625
2011-11-22,1.348435878753662,78.2300033569336,0.26,1.94,0.9511970315056796,-0.6911970315056796,-0.022250198520259556,1.68,0.350006103515625
2011-11-23,1.3521919250488281,79.0,0.26,1.89,1.0267463277610336,-0.7667463277610336,-0.057065820632181574,1.63,0.839996337890625
2011-11-25,1.3331022262573242,79.61000061035156,0.28,1.97,1.0722131482763533,-0.7922131482763533,-0.09726485929422124,1.69,1.3199996948242188
2011-11-28,1.3313452005386353,79.29000091552734,0.26,1.97,0.986949397201971,-0.7269493972019709,-0.03563807361465221,1.71,1.2700042724609375
2011-11-29,1.3316997289657593,79.0,0.27,2.0,0.9534337063399712,-0.6834337063399711,-0.019167936048070766,1.73,0.6999969482421875
2011-11-30,1.3324095010757446,78.38999938964844,0.25,2.08,0.7427330006655184,-0.4927330006655184,0.19846403084016118,1.83,0.15999603271484375
2011-12-01,1.3443931341171265,78.31999969482422,0.27,2.11,0.6798030353485647,-0.40980303534856466,0.3569432924124689,1.8399999999999999,-0.6800003051757812
2011-12-02,1.346692442893982,78.62999725341797,0.25,2.05,0.6800655007851826,-0.4300655007851826,0.3621476474911707,1.7999999999999998,-0.9800033569335938
2011-12-05,1.3419036865234375,78.61000061035156,0.27,2.04,0.6753305400846963,-0.40533054008469627,0.32161885711727467,1.77,-0.6800003051757812
2011-12-06,1.3386701345443726,78.51000213623047,0.25,2.08,0.7053988119314052,-0.4553988119314052,0.22803489440856595,1.83,-0.48999786376953125
2011-12-07,1.3412017822265625,78.4800033569336,0.24,2.02,0.6661526068572456,-0.42615260685724565,0.06658039380827274,1.78,0.09000396728515625
2011-12-08,1.3403747081756592,78.80999755859375,0.22,1.99,0.6464795011276747,-0.42647950112767474,-0.016676465779110083,1.77,0.48999786376953125
2011-12-09,1.3345433473587036,78.62999725341797,0.22,2.07,0.666454971280259,-0.446454971280259,-0.01638947049507644,1.8499999999999999,0.0
2011-12-12,1.3371665477752686,79.56999969482422,0.24,2.03,0.6371075408724041,-0.3971075408724041,0.008222999212292192,1.7899999999999998,0.9599990844726562
2011-12-13,1.3171066045761108,80.25,0.24,1.96,0.6516521971744917,-0.41165219717449175,0.04374661475691344,1.72,1.7399978637695312
2011-12-14,1.3019137382507324,80.52999877929688,0.25,1.92,0.6227447498876815,-0.37274474988768147,0.05340785696956418,1.67,2.0499954223632812
2011-12-15,1.2988024950027466,80.23999786376953,0.26,1.92,0.5285656496411982,-0.2685656496411982,0.15791385148647652,1.66,1.4300003051757812
2011-12-16,1.302965521812439,80.25,0.24,1.86,0.4554167998626681,-0.2154167998626681,0.23103817141759092,1.62,1.6200027465820312
2011-12-19,1.3036959171295166,80.25,0.24,1.82,0.5132696823515015,-0.2732696823515015,0.12383785852090257,1.58,0.6800003051757812
2011-12-20,1.3007792234420776,79.87999725341797,0.26,1.94,0.5120142958145746,-0.2520142958145746,0.15963790135991718,1.68,-0.37000274658203125
2011-12-21,1.3087977170944214,80.0199966430664,0.28,1.98,0.5131010981106401,-0.23310109811064006,0.1396436517770414,1.7,-0.5100021362304688
2011-12-22,1.3040019273757935,79.91999816894531,0.28,1.97,0.515062613985265,-0.23506261398526496,0.033503035655933266,1.69,-0.31999969482421875
2011-12-23,1.3056023120880127,80.01000213623047,0.28,2.03,0.4649620604018265,-0.1849620604018265,0.030454739460841596,1.7499999999999998,-0.23999786376953125
2011-12-27,1.3050570487976074,79.79000091552734,0.3,2.02,0.4234593579820909,-0.1234593579820909,0.1498103243694106,1.72,-0.45999908447265625
2011-12-28,1.307206630706787,80.48999786376953,0.28,1.93,0.4150197066131567,-0.13501970661315665,0.11699458920141792,1.65,0.6100006103515625
2011-12-29,1.292724609375,80.4800033569336,0.28,1.91,0.3909528516566973,-0.11095285165669727,0.12214824645394279,1.63,0.4600067138671875
2011-12-30,1.2956053018569946,80.16999816894531,0.25,1.89,0.4062171579213949,-0.1562171579213949,0.07884545606387006,1.64,0.25
2012-01-03,1.2940963506698608,79.61000061035156,0.27,1.97,0.4602450963680429,-0.19024509636804288,-0.005283035966216376,1.7,-0.40000152587890625
2012-01-04,1.3056023120880127,80.08999633789062,0.25,2.0,0.4615639828484366,-0.21156398284843658,-0.08810462486634568,1.75,0.29999542236328125
2012-01-05,1.2931424379348755,80.94000244140625,0.27,2.02,0.5126434052915063,-0.2426434052915063,-0.10762369867834964,1.75,0.45000457763671875
2012-01-06,1.279606819152832,81.23999786376953,0.25,1.98,0.5358372984830833,-0.28583729848308326,-0.174884446826386,1.73,0.7599945068359375
2012-01-09,1.2680377960205078,81.05000305175781,0.26,1.98,0.527176238733172,-0.267176238733172,-0.11095908081177708,1.72,0.8800048828125
2012-01-10,1.2775959968566895,80.80000305175781,0.24,2.0,0.5340984782910163,-0.2940984782910163,-0.10385338192297344,1.76,1.19000244140625
2012-01-11,1.2751848697662354,81.3499984741211,0.24,1.93,0.4673290891655781,-0.2273290891655781,-0.01576510631714151,1.69,1.2600021362304688
2012-01-12,1.272394061088562,80.7699966430664,0.22,1.94,0.4052069912686731,-0.1852069912686731,0.0574364140228332,1.72,-0.17000579833984375
2012-01-13,1.2820513248443604,81.43000030517578,0.24,1.89,0.4220590251669975,-0.1820590251669975,0.10377827331608575,1.65,0.19000244140625
2012-01-17,1.2667046785354614,81.18000030517578,0.21,1.87,0.4516065666049409,-0.24160656660494093,0.025569672128231052,1.6600000000000001,0.12999725341796875
2012-01-18,1.2745997905731201,80.5999984741211,0.24,1.92,0.4689353930754625,-0.2289353930754625,0.0651630852155538,1.68,-0.20000457763671875
2012-01-19,1.2866039276123047,80.20999908447266,0.26,2.01,0.4754336655662303,-0.21543366556623028,0.01189542359934781,1.7499999999999998,-1.1399993896484375
2012-01-20,1.2964956760406494,80.22000122070312,0.26,2.05,0.4867367870460894,-0.2267367870460894,-0.041529795777416306,1.7899999999999998,-0.5499954223632812
2012-01-23,1.2884771823883057,79.69000244140625,0.26,2.09,0.4966302716538264,-0.23663027165382639,-0.05457124648682887,1.8299999999999998,-1.7399978637695312
2012-01-24,1.3026939630508423,79.86000061035156,0.24,2.08,0.5086142549806936,-0.2686142549806936,-0.027007688375752653,1.84,-1.3199996948242188
2012-01-25,1.304103970527649,79.56999969482422,0.22,2.01,0.4920991701621175,-0.2720991701621175,-0.043163777086654975,1.7899999999999998,-1.029998779296875
2012-01-26,1.3107362985610962,79.41000366210938,0.22,1.96,0.471317655680199,-0.25131765568019904,-0.035883990113968756,1.74,-0.7999954223632812
2012-01-27,1.3092775344848633,78.9000015258789,0.22,1.93,0.4606197464727035,-0.24061974647270348,-0.013882959426614078,1.71,-1.3199996948242188
2012-01-30,1.3207945823669434,79.16000366210938,0.22,1.87,0.4657829582047634,-0.2457829582047634,-0.009152686550937011,1.6500000000000001,-0.529998779296875
2012-01-31,1.3139568567276,79.27999877929688,0.22,1.83,0.4498906654590446,-0.2298906654590446,0.03872358952164898,1.61,-0.5800018310546875
2012-02-01,1.3077024221420288,78.91999816894531,0.23,1.87,0.4233339201368062,-0.1933339201368062,0.07876525002531129,1.6400000000000001,-0.6500015258789062
2012-02-02,1.317002534866333,78.97000122070312,0.23,1.86,0.3940914377319844,-0.1640914377319844,0.08722621794821464,1.6300000000000001,-0.44000244140625
2012-02-03,1.3137152194976807,78.94000244140625,0.23,1.97,0.3993153047690225,-0.16931530476902248,0.071304441703681,1.74,0.04000091552734375
2012-02-06,1.31271493434906,79.08999633789062,0.24,1.93,0.3819687691110416,-0.14196876911104162,0.10381418909372178,1.69,-0.07000732421875
2012-02-07,1.3121638298034668,78.56999969482422,0.25,2.0,0.3975814827309696,-0.1475814827309696,0.082309182728075,1.75,-0.7099990844726562
2012-02-08,1.3248542547225952,78.63999938964844,0.27,2.01,0.4167944066620501,-0.14679440666205007,0.04653951347475613,1.7399999999999998,-0.279998779296875
2012-02-09,1.3248542547225952,78.55999755859375,0.27,2.04,0.4321859253094526,-0.16218592530945258,0.0019055124225318132,1.77,-0.410003662109375
2012-02-10,1.3278449773788452,79.11000061035156,0.27,1.96,0.4187912251943713,-0.14879122519437127,0.020524079574651216,1.69,0.1699981689453125
2012-02-13,1.3236793279647827,78.94000244140625,0.29,1.99,0.4214992258767562,-0.13149922587675622,0.010469543234285394,1.7,-0.149993896484375
2012-02-14,1.3157894611358643,79.58000183105469,0.29,1.92,0.4316900896451558,-0.14169008964515584,0.0058913930858137675,1.63,1.0100021362304688
2012-02-15,1.3133701086044312,79.66999816894531,0.29,1.93,0.4296381806779061,-0.13963818067790612,0.007156225984143949,1.64,1.029998779296875
2012-02-16,1.3058068752288818,79.33999633789062,0.29,1.99,0.4527999240639149,-0.1627999240639149,-0.0006139987544623304,1.7,0.779998779296875
2012-02-17,1.3126804828643799,79.33000183105469,0.29,2.01,0.471360713430955,-0.181360713430955,-0.03256948823658373,1.7199999999999998,0.220001220703125
2012-02-21,1.3204805850982666,79.04000091552734,0.31,2.05,0.4784328818608743,-0.1684328818608743,-0.036933655984118074,1.7399999999999998,0.09999847412109375
2012-02-22,1.324327826499939,79.20999908447266,0.29,2.01,0.4660537581169843,-0.17605375811698432,-0.03436366847182848,1.7199999999999998,-0.37000274658203125
2012-02-23,1.325574278831482,78.80999755859375,0.31,1.99,0.4477894803275477,-0.13778948032754768,0.0018487003503584454,1.68,-0.8600006103515625
2012-02-24,1.337363362312317,78.3499984741211,0.31,1.98,0.4300836454499044,-0.12008364544990441,0.042716278614010506,1.67,-0.9899978637695312
2012-02-27,1.3467106819152832,78.55999755859375,0.3,1.92,0.400480961128578,-0.10048096112857802,0.08087975230237698,1.6199999999999999,-0.7700042724609375
2012-02-28,1.3406623601913452,78.2699966430664,0.3,1.94,0.389421136456848,-0.08942113645684802,0.07901174540402628,1.64,-0.7700042724609375
2012-02-29,1.3477997779846191,78.7300033569336,0.3,1.98,0.3727058498823243,-0.07270584988232431,0.10334790823466,1.68,-0.4799957275390625
2012-03-01,1.3320900201797485,78.77999877929688,0.3,2.03,0.3647945621720172,-0.06479456217201723,0.07299491815553044,1.7299999999999998,-0.029998779296875
2012-03-02,1.3322675228118896,79.4000015258789,0.28,1.99,0.3362836149828734,-0.056283614982873376,0.06380003046703103,1.71,1.0500030517578125
2012-03-05,1.318617582321167,79.31999969482422,0.31,2.0,0.3414298896040293,-0.031429889604029315,0.0690510715245487,1.69,0.7600021362304688
2012-03-06,1.3225764036178589,79.86000061035156,0.3,1.96,0.3446257187327255,-0.04462571873272553,0.04479541772412249,1.66,1.5900039672851562
2012-03-07,1.3123359680175781,79.70999908447266,0.3,1.98,0.3387607012399689,-0.03876070123996889,0.03394514864235543,1.68,0.9799957275390625
2012-03-08,1.3139914274215698,79.16000366210938,0.32,2.03,0.323014445986387,-0.0030144459863870043,0.06178011618563023,1.7099999999999997,0.3800048828125
2012-03-09,1.327492356300354,80.04000091552734,0.33,2.04,0.3382687534298361,-0.008268753429836073,0.0480148615530373,1.71,0.6399993896484375
2012-03-12,1.312508225440979,79.87000274658203,0.33,2.04,0.3357116783419895,-0.00571167834198949,0.025718211262039825,1.71,0.5500030517578125
2012-03-13,1.3168290853500366,80.19000244140625,0.35,2.14,0.356695023854507,-0.006695023854507043,0.037930694878218485,1.79,0.3300018310546875
2012-03-14,1.30804443359375,80.55999755859375,0.4,2.29,0.3916602304917616,0.008339769508238448,0.047100470748207335,1.8900000000000001,0.8499984741210938
2012-03-15,1.3022528886795044,80.1500015258789,0.37,2.29,0.4285827820875676,-0.05858278208756762,-0.055568336101180615,1.92,0.9899978637695312
2012-03-16,1.3078734874725342,79.77999877929688,0.37,2.31,0.5014380360253732,-0.13143803602537318,-0.12316928259553711,1.94,-0.26000213623046875
2012-03-19,1.3177140951156616,79.44999694824219,0.39,2.39,0.4865940857538078,-0.09659408575380779,-0.0908824074118183,2.0,-0.42000579833984375
2012-03-20,1.3229262828826904,79.58999633789062,0.41,2.38,0.4892191885924934,-0.07921918859249344,-0.0725241647379864,1.97,-0.600006103515625
2012-03-21,1.323766827583313,79.62999725341797,0.39,2.31,0.4659379152825207,-0.0759379152825207,-0.08427768479075914,1.92,-0.9300003051757812
2012-03-22,1.3218770027160645,79.73999786376953,0.37,2.29,0.4443077977859424,-0.07430779778594243,-0.01572501569837481,1.92,-0.410003662109375
2012-03-23,1.3204805850982666,79.33999633789062,0.37,2.25,0.4154143957653824,-0.04541439576538242,0.08602364025999076,1.88,-0.44000244140625
2012-03-26,1.328303575515747,78.93000030517578,0.36,2.26,0.408979188941907,-0.048979188941907004,0.047614896811900786,1.9,-0.5199966430664062
2012-03-27,1.3360053300857544,79.04000091552734,0.33,2.2,0.4131385443144664,-0.08313854431446638,-0.003919355721972939,1.87,-0.5499954223632812
2012-03-28,1.3328713178634644,79.16000366210938,0.34,2.21,0.3928663100435092,-0.05286631004350917,0.023071605239011528,1.8699999999999999,-0.46999359130859375
2012-03-29,1.3326226472854614,79.18000030517578,0.33,2.18,0.3871826430048419,-0.05718264300484188,0.01712515478110055,1.85,-0.55999755859375
2012-03-30,1.3313806056976318,78.93000030517578,0.33,2.23,0.3925908927875978,-0.06259089278759777,-0.017176497022215353,1.9,-0.40999603271484375
2012-04-02,1.3358268737792969,78.81999969482422,0.33,2.22,0.3676337596146108,-0.037633759614610796,0.011345429327296208,1.8900000000000001,-0.1100006103515625
2012-04-03,1.3333333730697632,79.4800033569336,0.36,2.3,0.3757082000942127,-0.0157082000942127,0.06743034422025368,1.94,0.44000244140625
2012-04-04,1.3225239515304565,79.76000213623047,0.35,2.25,0.3693711021046093,-0.019371102104609295,0.033495207938899874,1.9,0.5999984741210938
2012-04-05,1.314405918121338,80.06999969482422,0.35,2.19,0.362300041395625,-0.012300041395625017,0.044882601609216866,1.8399999999999999,0.8899993896484375
2012-04-10,1.311131477355957,79.88999938964844,0.28,2.01,0.3526638861451605,-0.07266388614516045,-0.010072993357562676,1.7299999999999998,0.9599990844726562
2012-04-11,1.3073604106903076,79.77999877929688,0.3,2.05,0.356461579862934,-0.056461579862933986,-0.01882782024832319,1.7499999999999998,0.9599990844726562
2012-04-12,1.311991572380066,79.27999877929688,0.29,2.08,0.3392878296790211,-0.04928782967902112,-0.033579629584808424,1.79,-0.20000457763671875
2012-04-13,1.318913221359253,79.87999725341797,0.27,2.02,0.3335392206732885,-0.06353922067328849,-0.04416811856867919,1.75,0.1199951171875
2012-04-16,1.30565345287323,79.55000305175781,0.27,2.0,0.3609292460585207,-0.09092924605852071,-0.07862920466289569,1.73,-0.5199966430664062
2012-04-17,1.3126804828643799,79.47000122070312,0.27,2.03,0.3746268743337744,-0.10462687433377438,-0.03196298818861393,1.7599999999999998,-0.4199981689453125
2012-04-18,1.3135426044464111,79.52999877929688,0.27,2.0,0.3704888593173097,-0.10048885931730966,-0.04402727945437568,1.73,-0.25
2012-04-19,1.311991572380066,79.55999755859375,0.27,1.98,0.4050052074423789,-0.13500520744237887,-0.08571737776335775,1.71,0.279998779296875
2012-04-20,1.314578652381897,79.18000030517578,0.29,1.99,0.4041683845250929,-0.11416838452509293,-0.05062916385180444,1.7,-0.6999969482421875
2012-04-23,1.3204805850982666,79.41999816894531,0.27,1.96,0.4129624917222672,-0.14296249172226716,-0.05203324566374645,1.69,-0.1300048828125
2012-04-24,1.3152011632919312,79.22000122070312,0.27,2.0,0.3959189923511461,-0.12591899235114606,-0.021292118017371686,1.73,-0.25
2012-04-25,1.3197835683822632,79.01000213623047,0.26,2.01,0.3722353806187177,-0.11223538061871768,-0.01174652130140802,1.7499999999999998,-0.5199966430664062
2012-04-26,1.323276400566101,78.91000366210938,0.26,1.98,0.3416511401684579,-0.08165114016845787,0.053354067273921,1.72,-0.649993896484375
2012-04-27,1.319087266921997,78.69999694824219,0.26,1.96,0.3397193263822853,-0.0797193263822853,0.03444905814280763,1.7,-0.48000335693359375
2012-04-30,1.3241524696350098,78.79000091552734,0.27,1.95,0.3185770747288687,-0.048577074728868685,0.09438541699339847,1.68,-0.6299972534179688
2012-05-02,1.3239772319793701,79.12999725341797,0.27,1.96,0.2955928385536275,-0.025592838553627484,0.10032615379751858,1.69,-0.09000396728515625
2012-05-03,1.3147515058517456,79.22000122070312,0.28,1.96,0.3003595585282239,-0.020359558528223853,0.09187582209049383,1.68,0.20999908447265625
2012-05-04,1.3156163692474365,79.47000122070312,0.27,1.91,0.2709537769822221,-0.0009537769822220987,0.08069736318623577,1.64,0.55999755859375
2012-05-07,1.297033667564392,79.5999984741211,0.27,1.92,0.2569229143406737,0.013077085659326304,0.0927964120416116,1.65,0.9000015258789062
2012-05-08,1.306165099143982,79.7300033569336,0.27,1.88,0.2627630913526273,0.007236908647372697,0.05581398337624138,1.6099999999999999,0.94000244140625
2012-05-09,1.299545168876648,80.08000183105469,0.27,1.87,0.2849625818619845,-0.014962581861984459,0.010630256691643025,1.6,0.9500045776367188
2012-05-10,1.2936609983444214,80.11000061035156,0.27,1.89,0.2760797266245207,-0.006079726624520665,0.014279831903703188,1.6199999999999999,0.8899993896484375
2012-05-11,1.2934937477111816,80.27999877929688,0.27,1.84,0.2700408664861795,-4.086648617945832e-05,0.0009129104960426404,1.57,0.80999755859375
2012-05-14,1.289989709854126,80.5999984741211,0.29,1.78,0.267993528923574,0.022006471076426004,0.0089293854170997,1.49,1.0
2012-05-15,1.283202886581421,81.22000122070312,0.29,1.76,0.2823386715484455,0.007661328451554483,0.00042441980418178593,1.47,1.4899978637695312
2012-05-16,1.273560881614685,81.37000274658203,0.3,1.76,0.2881349937891082,0.011865006210891815,0.026827588072876274,1.46,1.2900009155273438
2012-05-17,1.2730745077133179,81.37999725341797,0.32,1.7,0.2487734227891982,0.0712265772108018,0.07730630383532247,1.38,1.2699966430664062
2012-05-18,1.269841194152832,81.29000091552734,0.32,1.71,0.2623686982437805,0.0576313017562195,0.05767216824239896,1.39,1.0100021362304688
2012-05-21,1.2773023843765259,81.08000183105469,0.3,1.75,0.2536838777392045,0.04631612226079551,0.024309651184369507,1.45,0.48000335693359375
2012-05-22,1.281065821647644,81.66999816894531,0.3,1.79,0.2474953477283845,0.05250465227161549,0.04484332382006101,1.49,0.4499969482421875
2012-05-23,1.2664639949798584,82.08999633789062,0.28,1.73,0.2222526891008982,0.05774731089910182,0.04588230468821,1.45,0.7199935913085938
2012-05-24,1.2561235427856445,82.29000091552734,0.29,1.77,0.201082852322183,0.08891714767781697,0.017690570467015165,1.48,0.910003662109375
2012-05-25,1.2536041736602783,82.4000015258789,0.3,1.75,0.1936454377682634,0.10635456223173659,0.04872326047551709,1.45,1.1100006103515625
2012-05-29,1.2525050640106201,82.44000244140625,0.3,1.74,0.1886153356311073,0.11138466436889269,0.06506854210809718,1.44,1.3600006103515625
2012-05-30,1.2478163242340088,83.01000213623047,0.27,1.63,0.187194095381332,0.08280590461866802,0.030301252347052526,1.3599999999999999,1.3400039672851562
2012-05-31,1.2374706268310547,83.04000091552734,0.27,1.59,0.1688157885086862,0.10118421149131382,0.043436900592212,1.32,0.9500045776367188
2012-06-01,1.2362467050552368,82.88999938964844,0.25,1.47,0.1367296664267048,0.11327033357329519,0.02435318589547822,1.22,0.5999984741210938
2012-06-04,1.2402331829071045,82.55000305175781,0.25,1.53,0.1582545342489094,0.0917454657510906,-0.014609096480645983,1.28,0.15000152587890625
2012-06-05,1.2509382963180542,82.80000305175781,0.25,1.57,0.1551449941591149,0.0948550058408851,-0.016529658528007585,1.32,0.3600006103515625
2012-06-06,1.2462612390518188,82.31999969482422,0.26,1.66,0.2083894909325208,0.051610509067479216,-0.031195395551188804,1.4,-0.69000244140625
2012-06-07,1.2573871612548828,82.05000305175781,0.27,1.66,0.2446951683444771,0.025304831655522914,-0.0758793798357909,1.39,-0.9899978637695312
2012-06-08,1.2570710182189941,82.51000213623047,0.28,1.65,0.2155859509521409,0.06441404904785913,-0.048856284525436056,1.3699999999999999,-0.37999725341796875
2012-06-11,1.2645422220230103,82.51000213623047,0.27,1.6,0.2392396186408873,0.030760381359112715,-0.06098508439197789,1.33,-0.04000091552734375
2012-06-12,1.2478163242340088,82.41000366210938,0.3,1.67,0.2842529802418774,0.015747019758122593,-0.07910798608276251,1.3699999999999999,-0.3899993896484375
2012-06-13,1.2504688501358032,82.05000305175781,0.3,1.61,0.2896599695977055,0.010340030402294476,-0.04127047866518474,1.31,-0.26999664306640625
2012-06-14,1.2573871612548828,81.9000015258789,0.3,1.64,0.2770488102780888,0.02295118972191118,-0.002353641933611733,1.3399999999999999,-0.15000152587890625
2012-06-15,1.262785792350769,81.58999633789062,0.29,1.6,0.2392111034683965,0.050788896531603483,-0.01362515251625565,1.31,-0.9200057983398438
2012-06-18,1.27048659324646,81.94000244140625,0.29,1.59,0.2224563729728395,0.06754362702716049,0.036783245668047776,1.3,-0.5699996948242188
2012-06-19,1.2597631216049194,81.37000274658203,0.3,1.64,0.2500387119369085,0.04996128806309147,0.034214268304968876,1.3399999999999999,-1.0400009155273438
2012-06-20,1.2680699825286865,81.48999786376953,0.32,1.65,0.3034819488199085,0.01651805118009153,0.006178020777797055,1.3299999999999998,-0.5600051879882812
2012-06-21,1.2680699825286865,82.31999969482422,0.32,1.63,0.2722970532177582,0.047702946782241795,0.024751757060330615,1.3099999999999998,0.4199981689453125
2012-06-22,1.255177617073059,82.22000122070312,0.31,1.69,0.2773716705985531,0.03262832940144689,-0.018160567130156596,1.38,0.6300048828125
2012-06-25,1.2537612915039062,82.45999908447266,0.31,1.63,0.2395513963606799,0.0704486036393201,0.0029049766121596043,1.3199999999999998,0.5199966430664062
2012-06-26,1.2504688501358032,82.37000274658203,0.31,1.66,0.2564566622308657,0.05354333776913428,0.0035820497060428114,1.3499999999999999,1.0
2012-06-27,1.248751163482666,82.55999755859375,0.31,1.65,0.2610777912117052,0.048922208788294785,0.032404157608203255,1.3399999999999999,1.0699996948242188
2012-06-28,1.2473493814468384,82.66999816894531,0.31,1.6,0.2547525517764022,0.055247448223597784,0.0075445014413559885,1.29,0.34999847412109375
2012-06-29,1.2440905570983887,81.6500015258789,0.33,1.67,0.2686377686610068,0.06136223133899321,0.028733901937546324,1.3399999999999999,-0.5699996948242188
2012-07-02,1.2655184268951416,81.87000274658203,0.3,1.61,0.2389824127543791,0.0610175872456209,-0.009431016393699199,1.31,-0.589996337890625
2012-07-03,1.2581782341003418,81.77999877929688,0.3,1.65,0.2023949787112053,0.0976050212887947,0.044061683519660416,1.3499999999999999,-0.5900039672851562
2012-07-05,1.2516272068023682,82.80999755859375,0.28,1.62,0.1274285940771173,0.15257140592288274,0.10364919713458795,1.34,0.25
2012-07-06,1.2391574382781982,83.29000091552734,0.27,1.57,0.0458600105088846,0.2241399894911154,0.16889254126751763,1.3,0.6200027465820312
2012-07-09,1.227144479751587,83.16000366210938,0.27,1.53,0.0395124840382816,0.2304875159617184,0.1691252846227252,1.26,1.5100021362304688
2012-07-10,1.2318304777145386,83.36000061035156,0.27,1.53,0.0433428151455697,0.22665718485443032,0.16563959760880942,1.26,1.4899978637695312
2012-07-11,1.2256402969360352,83.56999969482422,0.27,1.54,0.0129058678901277,0.2570941321098723,0.1594891108210776,1.27,1.7900009155273438
2012-07-12,1.2247247695922852,83.6500015258789,0.25,1.5,0.0048448056535166,0.2451551943464834,0.09258378842360065,1.25,0.8400039672851562
2012-07-13,1.2192742824554443,83.30000305175781,0.25,1.52,-0.0109128751157232,0.2609128751157232,0.03677288562460779,1.27,0.01000213623046875
2012-07-16,1.2248897552490234,83.08999633789062,0.24,1.5,-0.022951784440881,0.26295178444088096,0.03246426847916256,1.26,-0.07000732421875
2012-07-17,1.2268433570861816,83.02999877929688,0.25,1.53,-0.0174567287903348,0.2674567287903348,0.04079954393590446,1.28,-0.3300018310546875
2012-07-18,1.2295585870742798,82.94999694824219,0.22,1.52,-0.0168494769355502,0.2368494769355502,-0.020244655174322113,1.3,-0.6200027465820312
2012-07-19,1.2277470827102661,82.9000015258789,0.22,1.54,-0.0141112724159269,0.2341112724159269,-0.011043921930556477,1.32,-0.75
2012-07-20,1.2276867628097534,83.47000122070312,0.22,1.49,-0.0288546553993827,0.2488546553993827,-0.012058219716340496,1.27,0.1699981689453125
2012-07-23,1.2127091884613037,83.70999908447266,0.22,1.47,0.0150636948094193,0.2049363051905807,-0.05801547925030026,1.25,0.6200027465820312
2012-07-24,1.212415099143982,84.01000213623047,0.22,1.44,0.0466652750956422,0.1733347249043578,-0.09412200388597697,1.22,0.9800033569335938
2012-07-25,1.2061853408813477,83.5199966430664,0.22,1.43,0.0617709667301937,0.1582290332698063,-0.07862044366574389,1.21,0.5699996948242188
2012-07-26,1.2140341997146606,82.80999755859375,0.23,1.45,0.0324602341009843,0.1975397658990157,-0.03657150651691121,1.22,-0.09000396728515625
2012-07-27,1.2280486822128296,82.70999908447266,0.25,1.58,0.0363776679769163,0.2136223320230837,-0.035232323376299,1.33,-0.7600021362304688
2012-07-30,1.230466365814209,82.79000091552734,0.23,1.53,-0.0065599489404801,0.2365599489404801,0.0316236437498994,1.3,-0.9199981689453125
2012-07-31,1.2259409427642822,82.63999938964844,0.23,1.51,-0.022894358090622,0.252894358090622,0.07955963318626419,1.28,-1.3700027465820312
2012-08-01,1.2294074296951294,83.05999755859375,0.24,1.56,-0.0398076024842444,0.2798076024842444,0.1215785692144381,1.32,-0.45999908447265625
2012-08-02,1.2241400480270386,83.33000183105469,0.24,1.51,-0.0350628033450277,0.2750628033450277,0.077523037446012,1.27,0.5200042724609375
2012-08-03,1.218026876449585,82.37999725341797,0.24,1.6,-0.0034084472596687,0.2434084472596687,0.029786115236585003,1.36,-0.3300018310546875
2012-08-06,1.2428536415100098,82.2699966430664,0.24,1.59,-0.0187505475627975,0.2587505475627975,0.02219059862231737,1.35,-0.5200042724609375
2012-08-07,1.2390038967132568,82.20999908447266,0.27,1.66,0.0036421176549437,0.2663578823450563,0.013463524254434311,1.39,-0.43000030517578125
2012-08-08,1.2386969327926636,82.38999938964844,0.29,1.68,-0.0162495181268411,0.3062495181268411,0.02644191564259668,1.39,-0.6699981689453125
2012-08-09,1.237332820892334,82.63999938964844,0.29,1.69,-0.0130949172491856,0.3030949172491856,0.028032113904157885,1.4,-0.69000244140625
2012-08-10,1.2294074296951294,82.55000305175781,0.27,1.65,-0.0329149041660548,0.3029149041660548,0.05950645690638612,1.38,0.17000579833984375
2012-08-13,1.2277169227600098,82.44000244140625,0.27,1.65,-0.0121551985642103,0.28215519856421034,0.02340465100141287,1.38,0.17000579833984375
2012-08-14,1.2327415943145752,82.4800033569336,0.27,1.73,0.0049792965949482,0.2650207034050518,-0.001337178940004513,1.46,0.2700042724609375
2012-08-15,1.2325897216796875,82.6500015258789,0.27,1.8,0.0182891989370519,0.25171080106294813,-0.05453871706389296,1.53,0.26000213623046875
2012-08-16,1.2289540767669678,82.36000061035156,0.29,1.83,0.0079510697005176,0.28204893029948236,-0.02104598694970322,1.54,-0.279998779296875
2012-08-17,1.2357884645462036,82.5999984741211,0.29,1.81,0.0160347352678904,0.2739652647321096,-0.02894963943394524,1.52,0.04999542236328125
2012-08-20,1.233258605003357,82.45999908447266,0.29,1.82,0.0210908685657438,0.26890913143425615,-0.013246067129954187,1.53,0.01999664306640625
2012-08-21,1.2353304624557495,81.91000366210938,0.31,1.8,0.0298354244457064,0.2801645755542936,0.015143872149241788,1.49,-0.5699996948242188
2012-08-22,1.2476606369018555,81.48999786376953,0.26,1.71,0.0320889710392151,0.2279110289607849,-0.02379977210216322,1.45,-1.160003662109375
2012-08-23,1.2534469366073608,81.36000061035156,0.26,1.68,0.0170244808949577,0.2429755191050423,-0.03907341119444005,1.42,-1.0
2012-08-24,1.2561235427856445,81.58999633789062,0.28,1.68,0.0050561308437666,0.2749438691562334,0.0009786044241238412,1.4,-1.0100021362304688
2012-08-27,1.250437617301941,81.66000366210938,0.28,1.65,0.0119609230455886,0.2680390769544114,-0.0008700544798447285,1.3699999999999999,-0.7999954223632812
2012-08-28,1.250156283378601,81.37000274658203,0.27,1.64,0.0202344723216558,0.24976552767834423,-0.030399047875949353,1.3699999999999999,-0.5400009155273438
2012-08-29,1.257228970527649,81.55000305175781,0.27,1.66,0.0302696856999649,0.2397303143000351,0.011819285339250196,1.39,0.06000518798828125
2012-08-30,1.2531328201293945,81.68000030517578,0.27,1.63,0.0081525628641339,0.2618474371358661,0.018871918030823803,1.3599999999999999,0.31999969482421875
2012-08-31,1.2510946989059448,81.25,0.22,1.57,0.0148515904850805,0.2051484095149195,-0.06979545964131392,1.35,-0.339996337890625
2012-09-04,1.2586532831192017,81.31999969482422,0.23,1.59,0.022505228090651,0.207494771909349,-0.06054430504506242,1.36,-0.34000396728515625
2012-09-05,1.2534469366073608,81.23999786376953,0.25,1.6,0.014185294279942,0.235814705720058,-0.01395082195828623,1.35,-0.1300048828125
2012-09-06,1.2602394819259644,81.08000183105469,0.27,1.68,0.0667503228589541,0.20324967714104591,-0.03648063715898919,1.41,-0.470001220703125
2012-09-07,1.2632642984390259,80.25,0.25,1.67,0.0753608194304868,0.17463918056951322,-0.08720825656635289,1.42,-1.4300003051757812
2012-09-10,1.2795906066894531,80.36000061035156,0.25,1.68,0.0867802551609524,0.1632197448390476,-0.04192866467587189,1.43,-0.8899993896484375
2012-09-11,1.2761613130569458,79.86000061035156,0.25,1.7,0.0830751021707678,0.1669248978292322,-0.04056987408011681,1.45,-1.4599990844726562
2012-09-12,1.2851818799972534,79.73999786376953,0.25,1.77,0.0981413778766295,0.1518586221233705,-0.08395608359668749,1.52,-1.5
2012-09-13,1.2903226613998413,79.26000213623047,0.24,1.75,0.0835780756576616,0.1564219243423384,-0.04682775279870752,1.51,-1.8199996948242188
2012-09-14,1.299376368522644,78.8499984741211,0.27,1.88,0.1286321856546672,0.14136781434533283,-0.03327136622418039,1.6099999999999999,-1.4000015258789062
2012-09-17,1.3116475343704224,79.01000213623047,0.25,1.85,0.1306946651162266,0.1193053348837734,-0.04391440995527421,1.6,-1.3499984741210938
2012-09-18,1.3110111951828003,79.25,0.25,1.82,0.1121868379405417,0.13781316205945832,-0.029111735769773883,1.57,-0.6100006103515625
2012-09-19,1.3046314716339111,79.05999755859375,0.27,1.79,0.1074807729130555,0.16251922708694452,0.010660604963574016,1.52,-0.6800003051757812
2012-09-20,1.3058239221572876,79.41000366210938,0.27,1.8,0.0983666441428483,0.17163335585715173,0.015211431514813328,1.53,0.15000152587890625
2012-09-21,1.2973533868789673,79.33000183105469,0.27,1.77,0.0988582327149534,0.1711417672850466,0.02977395293971377,1.5,0.48000335693359375
2012-09-24,1.2968486547470093,79.5199966430664,0.27,1.74,0.0985597942818024,0.17144020571819762,0.052134870834424224,1.47,0.5099945068359375
2012-09-25,1.2941633462905884,79.55000305175781,0.27,1.7,0.0976056769539779,0.17239432304602212,0.0345811609865638,1.43,0.3000030517578125
2012-09-26,1.2900062799453735,79.88999938964844,0.26,1.64,0.0841163808451956,0.1758836191548044,0.013364392067859887,1.38,0.8300018310546875
2012-09-27,1.2881617546081543,79.55000305175781,0.25,1.66,0.07976346980863,0.17023653019137,-0.0013968256657817257,1.41,0.1399993896484375
2012-09-28,1.2913223505020142,79.94000244140625,0.23,1.65,0.0713007962426099,0.1586992037573901,-0.012442563527656492,1.42,0.6100006103515625
2012-10-01,1.2809016704559326,79.81999969482422,0.25,1.64,0.089371173291072,0.160628826708928,-0.010811379009269623,1.39,0.3000030517578125
2012-10-02,1.2888258695602417,79.73999786376953,0.23,1.64,0.0845828862699273,0.1454171137300727,-0.026977209315949408,1.41,0.18999481201171875
2012-10-03,1.2916558980941772,79.97000122070312,0.23,1.64,0.0774495090247398,0.15255049097526022,-0.023333128179544194,1.41,0.0800018310546875
2012-10-04,1.2923235893249512,79.3499984741211,0.23,1.7,0.0791003271203587,0.15089967287964132,-0.019336857311728683,1.47,-0.20000457763671875
2012-10-05,1.3017443418502808,79.33999633789062,0.27,1.75,0.0879043015327121,0.1820956984672879,0.023396494709897797,1.48,-0.600006103515625
2012-10-09,1.2976900339126587,79.94999694824219,0.25,1.74,0.0759725258816232,0.1740274741183768,0.013398647409448794,1.49,0.12999725341796875
2012-10-10,1.2858428955078125,79.91999816894531,0.27,1.72,0.0639468608606477,0.2060531391393523,0.06063602540927959,1.45,0.18000030517578125
2012-10-11,1.2858428955078125,79.77999877929688,0.28,1.7,0.0747471470931078,0.2052528529068922,0.052702361931632,1.42,-0.19000244140625
2012-10-12,1.293326497077942,79.69000244140625,0.27,1.69,0.0611775371252889,0.20882246287471112,0.05792278999506981,1.42,0.34000396728515625
2012-10-15,1.2943308353424072,79.73999786376953,0.27,1.7,0.0621474469884599,0.20785255301154013,0.025756854544252222,1.43,0.40000152587890625
2012-10-16,1.2968486547470093,79.37000274658203,0.27,1.75,0.0899619182612867,0.18003808173871333,0.006010607620336533,1.48,-0.5799942016601562
2012-10-17,1.3107877969741821,79.0199966430664,0.3,1.83,0.1126570379316103,0.18734296206838968,-0.01871017707096262,1.53,-0.9000015258789062
2012-10-18,1.3116475343704224,79.37000274658203,0.29,1.86,0.1288380641491833,0.16116193585081667,-0.04409091705607554,1.57,-0.40999603271484375
2012-10-19,1.3069161176681519,79.63999938964844,0.3,1.79,0.1287202969641163,0.1712797030358837,-0.03754275983882743,1.49,-0.0500030517578125
2012-10-22,1.3022528886795044,79.6500015258789,0.32,1.83,0.147915870176122,0.172084129823878,-0.03576842318766213,1.51,-0.089996337890625
2012-10-23,1.3070186376571655,79.9800033569336,0.29,1.79,0.1348646585913955,0.1551353414086045,-0.024902740330108836,1.5,0.6100006103515625
2012-10-24,1.2973533868789673,79.97000122070312,0.29,1.8,0.1203902346709688,0.1696097653290312,-0.017733196739358498,1.51,0.9500045776367188
2012-10-25,1.2965123653411865,80.04000091552734,0.31,1.86,0.1181411389286846,0.1918588610713154,0.030696925220498716,1.55,0.6699981689453125
2012-10-26,1.2938284873962402,80.06999969482422,0.3,1.78,0.0960084200166413,0.2039915799833587,0.032711876947475016,1.48,0.43000030517578125
2012-10-31,1.2962603569030762,79.91999816894531,0.3,1.72,0.085641221772831,0.21435877822716898,0.04227464840329098,1.42,0.26999664306640625
2012-11-01,1.2965123653411865,80.05000305175781,0.3,1.75,0.0820305055929511,0.21796949440704888,0.06283415299844439,1.45,0.06999969482421875
2012-11-02,1.2948336601257324,80.58999633789062,0.28,1.75,0.0665004505332778,0.21349954946672223,0.04388978413769104,1.47,0.6199951171875
2012-11-05,1.2827913761138916,80.75,0.28,1.72,0.0594114734050679,0.2205885265949321,0.02872966552361672,1.44,0.7099990844726562
2012-11-06,1.2802459001541138,80.61000061035156,0.3,1.78,0.0510212565706851,0.2489787434293149,0.044987163445956185,1.48,0.5400009155273438
2012-11-07,1.2808033227920532,80.76000213623047,0.27,1.68,0.0189759423556563,0.2510240576443437,0.036665279417174734,1.41,0.8400039672851562
2012-11-08,1.2759984731674194,80.79000091552734,0.27,1.62,0.0218686054258729,0.2481313945741271,0.03016190016707823,1.35,0.7399978637695312
2012-11-09,1.274534821510315,81.02999877929688,0.27,1.61,0.0150359133431834,0.25496408665681664,0.04146453719009441,1.34,0.44000244140625
2012-11-13,1.2709709405899048,81.08000183105469,0.27,1.59,0.0120803187557574,0.25791968124424264,0.03733115464931053,1.32,0.3300018310546875
2012-11-14,1.2709709405899048,81.05999755859375,0.25,1.59,0.0269083246597414,0.2230916753402586,-0.025887068089056303,1.34,0.4499969482421875
2012-11-15,1.273236632347107,81.08000183105469,0.24,1.58,0.0184752867509843,0.22152471324901568,-0.02949934439532803,1.34,0.31999969482421875
2012-11-16,1.2784454822540283,81.26000213623047,0.24,1.58,0.0127345193458712,0.2272654806541288,-0.020865913919998313,1.34,0.470001220703125
2012-11-19,1.2759497165679932,80.87000274658203,0.25,1.61,0.021899002743539,0.228100997256461,-0.026863089400355644,1.36,-0.15999603271484375
2012-11-20,1.276943564414978,80.95999908447266,0.27,1.66,0.0420100810069623,0.22798991899303772,-0.029929762251204917,1.39,-0.12000274658203125
2012-11-21,1.281443476676941,80.93000030517578,0.27,1.69,0.0606925182331359,0.20930748176686412,-0.013784193573394471,1.42,-0.12999725341796875
2012-11-23,1.2875149250030518,80.19000244140625,0.29,1.7,0.050509762161897,0.23949023783810297,0.01796552458908729,1.41,-0.8899993896484375
2012-11-26,1.2965964078903198,80.25,0.27,1.66,0.0453161635883985,0.2246838364116015,-0.002581644242527298,1.39,-1.0100021362304688
2012-11-27,1.298701286315918,80.4000015258789,0.27,1.64,0.0566913894513425,0.21330861054865752,-0.014792386707803473,1.3699999999999999,-0.470001220703125
2012-11-28,1.2938284873962402,80.33999633789062,0.27,1.63,0.0264400333851093,0.2435599666148907,0.01557004762185299,1.3599999999999999,-0.6200027465820312
2012-11-29,1.2953367233276367,80.19999694824219,0.25,1.62,0.039257108109068,0.210742891890932,0.001435410124067893,1.37,-0.7300033569335938
2012-11-30,1.2973533868789673,80.1500015258789,0.25,1.62,0.0364797140971484,0.2135202859028516,-0.025969951935251367,1.37,-0.04000091552734375
2012-12-03,1.299680233001709,79.87999725341797,0.25,1.63,0.0472007257762343,0.2027992742237657,-0.0218845621878358,1.38,-0.37000274658203125
2012-12-05,1.3099292516708374,79.7699966430664,0.25,1.6,0.0293709536772355,0.2206290463227645,0.007320435774106987,1.35,-0.6300048828125
2012-12-06,1.3070186376571655,80.26000213623047,0.25,1.59,0.0087066678641432,0.2412933321358568,-0.0022666344790339132,1.34,-0.07999420166015625
2012-12-07,1.2963443994522095,80.41999816894531,0.25,1.64,-0.0304089250847567,0.2804089250847567,0.06966603319382467,1.39,0.220001220703125
2012-12-10,1.2906056642532349,80.33000183105469,0.24,1.63,-0.0321375695101431,0.2721375695101431,0.058617283607291515,1.39,0.18000030517578125
2012-12-11,1.2938284873962402,80.05999755859375,0.24,1.66,-0.025953295594181,0.265953295594181,0.06315402137041531,1.42,0.18000030517578125
2012-12-12,1.3013207912445068,79.88999938964844,0.25,1.72,-0.0253739283371294,0.2753739283371294,0.05474488201436492,1.47,0.12000274658203125
2012-12-13,1.3066771030426025,79.93000030517578,0.27,1.74,-0.026086211516394,0.296086211516394,0.05479287938053723,1.47,-0.3300018310546875
2012-12-14,1.3078734874725342,79.5999984741211,0.24,1.72,-0.0249597005375652,0.2649597005375652,-0.015449224547191498,1.48,-0.8199996948242188
2012-12-17,1.3165863752365112,79.56999969482422,0.25,1.78,-0.0055362090904891,0.2555362090904891,-0.016601360419654043,1.53,-0.7600021362304688
2012-12-18,1.316482424736023,79.36000061035156,0.28,1.84,0.0091410691613309,0.27085893083866913,0.004905635244488116,1.56,-0.6999969482421875
2012-12-19,1.323101282119751,79.25,0.28,1.82,0.0198436156563643,0.26015638434363575,-0.015217543993493676,1.54,-0.6399993896484375
2012-12-20,1.3215277194976807,79.26000213623047,0.28,1.81,0.0078688362378205,0.27213116376217955,-0.023955047754214476,1.53,-0.6699981689453125
2012-12-21,1.323766827583313,79.62000274658203,0.26,1.77,0.0047949337682573,0.2552050662317427,-0.009754634305822463,1.51,0.0200042724609375
2012-12-24,1.3182003498077393,79.63999938964844,0.26,1.79,-0.0012962017913817,0.2612962017913817,0.005759992700892613,1.53,0.06999969482421875
2012-12-27,1.3225764036178589,79.62000274658203,0.26,1.74,0.0047158787235659,0.25528412127643413,-0.015574809562235004,1.48,0.26000213623046875
2012-12-28,1.3250298500061035,79.68000030517578,0.27,1.73,-0.0104175273747038,0.2804175273747038,0.020261143031068074,1.46,0.43000030517578125
2012-12-31,1.3227688074111938,79.7699966430664,0.25,1.78,-0.0130237684373786,0.2630237684373786,-0.009107395324800927,1.53,0.5099945068359375
2013-01-02,1.3197835683822632,79.8499984741211,0.27,1.86,0.027952111825142,0.242047888174858,-0.01315717805688471,1.59,0.2299957275390625
2013-01-03,1.3182177543640137,80.43000030517578,0.27,1.92,0.0547676608729297,0.21523233912707032,-0.04606386266431137,1.65,0.7900009155273438
2013-01-04,1.3032711744308472,80.5,0.27,1.93,0.098205372676003,0.17179462732399703,-0.0834894939524371,1.66,0.8799972534179688
2013-01-07,1.3067454099655151,80.26000213623047,0.27,1.92,0.0978278120842492,0.1721721879157508,-0.10824533945895301,1.65,0.5800018310546875
2013-01-08,1.312508225440979,80.3499984741211,0.25,1.89,0.0836874430702701,0.1663125569297299,-0.09671121150764872,1.64,0.5800018310546875
2013-01-09,1.3082326650619507,80.55999755859375,0.24,1.88,0.0740492001656627,0.1659507998343373,-0.0760970883405207,1.64,0.7099990844726562
2013-01-10,1.305483102798462,79.73999786376953,0.26,1.91,0.1055643121106686,0.1544356878893314,-0.06079665123773892,1.65,-0.69000244140625
2013-01-11,1.327316164970398,79.55999755859375,0.26,1.89,0.1319494153951619,0.12805058460483812,-0.04374404271915891,1.63,-0.94000244140625
2013-01-14,1.3362016677856445,79.48999786376953,0.26,1.89,0.1312905682224849,0.12870943177751512,-0.04346275613823569,1.63,-0.7700042724609375
2013-01-15,1.3377926349639893,79.77999877929688,0.26,1.86,0.1350511711398438,0.12494882886015621,-0.041363728069573696,1.6,-0.5699996948242188
2013-01-16,1.330849051475525,79.80000305175781,0.26,1.84,0.1357079397052087,0.12429206029479131,-0.04165873953954599,1.58,-0.7599945068359375
2013-01-17,1.32908034324646,79.6500015258789,0.28,1.89,0.1971506784726044,0.08284932152739563,-0.07158636636193577,1.6099999999999999,-0.089996337890625
2013-01-18,1.3372559547424316,80.05000305175781,0.26,1.87,0.2069915177820003,0.0530084822179997,-0.07504210238683842,1.61,0.4900054931640625
2013-01-22,1.3311502933502197,79.87000274658203,0.26,1.86,0.1864453789194287,0.07355462108057131,-0.05515481069694381,1.6,0.3800048828125
2013-01-23,1.331398367881775,79.91999816894531,0.26,1.86,0.1744197167353887,0.08558028326461131,-0.039368545595544896,1.6,0.1399993896484375
2013-01-24,1.330849051475525,79.94999694824219,0.23,1.88,0.173073549985919,0.056926450014081004,-0.06736561028071031,1.65,0.149993896484375
2013-01-25,1.3369340896606445,79.75,0.28,1.98,0.2742903082637027,0.005709691736297318,-0.07713962979109831,1.7,0.09999847412109375
2013-01-28,1.3466018438339233,79.77999877929688,0.29,2.0,0.3279453544698656,-0.03794535446986563,-0.09095383668786533,1.71,-0.2700042724609375
2013-01-29,1.3446282148361206,79.55999755859375,0.3,2.03,0.2993718721381295,0.0006281278618704977,-0.07292649321870082,1.7299999999999998,-0.31000518798828125
2013-01-30,1.34916353225708,79.27999877929688,0.27,2.03,0.3339817640896507,-0.06398176408965067,-0.14956204735426198,1.7599999999999998,-0.6399993896484375
2013-01-31,1.3568336963653564,79.20999908447266,0.27,2.02,0.3152915375658032,-0.045291537565803175,-0.10221798757988418,1.75,-0.7399978637695312
2013-02-01,1.3610997200012207,79.12999725341797,0.27,2.04,0.2615271127350991,0.008472887264900919,0.0027631955286036014,1.77,-0.6200027465820312
2013-02-04,1.3648709058761597,79.55000305175781,0.25,2.0,0.2577726221131127,-0.007772622113112693,0.03017273235675294,1.75,-0.2299957275390625
2013-02-05,1.3511687517166138,79.48999786376953,0.27,2.04,0.2751855869857831,-0.005185586985783086,-0.005813714847653584,1.77,-0.06999969482421875
2013-02-06,1.3581420183181763,79.72000122070312,0.27,2.0,0.2642325444689879,0.0057674555310121,0.06974921962066277,1.73,0.44000244140625
2013-02-07,1.3523930311203003,80.19000244140625,0.25,1.99,0.224765720330323,0.025234279669677007,0.07052581723548018,1.74,0.9800033569335938
2013-02-08,1.3389389514923096,80.25,0.25,1.99,0.218822785910703,0.031177214089296995,0.022704326824396076,1.74,1.1200027465820312
2013-02-11,1.3368269205093384,80.30999755859375,0.27,1.99,0.2169748789756869,0.053025121024313115,0.06079774313742581,1.72,0.7599945068359375
2013-02-12,1.340356707572937,80.11000061035156,0.29,2.02,0.2347398728592096,0.05526012714079037,0.06044571412657346,1.73,0.6200027465820312
2013-02-13,1.3452069759368896,80.08999633789062,0.29,2.05,0.2492650171773109,0.040734982822689086,0.034967527291676986,1.7599999999999998,0.3699951171875
2013-02-14,1.3444474935531616,80.45999908447266,0.27,2.0,0.2192795214408383,0.05072047855916173,0.025486198889484724,1.73,0.26999664306640625
2013-02-15,1.3352917432785034,80.58000183105469,0.29,2.01,0.2161113737674176,0.07388862623258238,0.04271141214328539,1.7199999999999998,0.3300018310546875
2013-02-19,1.3347214460372925,80.47000122070312,0.29,2.03,0.2162630927697435,0.07373690723025647,0.020711786205943356,1.7399999999999998,0.160003662109375
2013-02-20,1.3395847082138062,81.08999633789062,0.27,2.02,0.2329190789031745,0.03708092109682551,-0.018179206043964863,1.75,0.9799957275390625
2013-02-21,1.327316164970398,81.45999908447266,0.26,1.99,0.2040633078959079,0.055936692104092106,0.01520170928140302,1.73,1.3700027465820312
2013-02-22,1.3194352388381958,81.4800033569336,0.27,1.97,0.1654057059208047,0.10459429407919532,0.05387381552003359,1.7,1.0200042724609375
2013-02-25,1.319591999053955,81.66999816894531,0.25,1.88,0.1914101375764887,0.0585898624235113,-0.015298763809071081,1.63,1.089996337890625
2013-02-26,1.3065063953399658,81.87000274658203,0.25,1.88,0.1301622050646953,0.11983779493530469,0.04610088770504822,1.63,1.4000015258789062
2013-02-27,1.3065917491912842,81.5999984741211,0.27,1.91,0.1020543962529307,0.16794560374706932,0.1308646826502438,1.64,0.5100021362304688
2013-02-28,1.3150973320007324,81.9800033569336,0.25,1.89,0.1023372457842355,0.1476627542157645,0.09172606211167239,1.64,0.5200042724609375
2013-03-01,1.3059945106506348,82.30999755859375,0.25,1.86,0.081328518377298,0.168671481622702,0.06407718754350669,1.61,0.8299942016601562
2013-03-04,1.3016934394836426,82.22000122070312,0.24,1.88,0.0848603072323541,0.1551396927676459,0.09654983034413459,1.64,0.5500030517578125
2013-03-05,1.3036110401153564,82.08999633789062,0.25,1.9,0.0978331671887611,0.15216683281123888,0.03232903787593419,1.65,0.21999359130859375
2013-03-06,1.3048527240753174,82.45999908447266,0.25,1.95,0.0919894678126445,0.1580105321873555,-0.00993507155971382,1.7,0.8600006103515625
2013-03-07,1.297858476638794,82.08000183105469,0.25,2.0,0.1241055031007878,0.1258944968992122,-0.021768257316552297,1.75,0.09999847412109375
2013-03-08,1.311131477355957,82.69999694824219,0.27,2.06,0.1366065254396016,0.1333934745603984,-0.03527800706230361,1.79,0.3899993896484375
2013-03-11,1.2988024950027466,82.56999969482422,0.27,2.07,0.1215589272276504,0.14844107277234964,-0.006698619995296251,1.7999999999999998,0.34999847412109375
2013-03-12,1.3032711744308472,82.58000183105469,0.27,2.03,0.1149138093502286,0.15508619064977142,0.0029193578385325325,1.7599999999999998,0.4900054931640625
2013-03-13,1.3029316663742065,82.88999938964844,0.27,2.04,0.1109933178173041,0.15900668218269592,0.000996149995340423,1.77,0.43000030517578125
2013-03-14,1.2958402633666992,82.61000061035156,0.27,2.04,0.1118020218650164,0.15819797813498362,0.032303481235771425,1.77,0.529998779296875
2013-03-15,1.3012362718582153,82.26000213623047,0.25,2.01,0.100354712583067,0.149645287416933,0.016251812856534598,1.7599999999999998,-0.43999481201171875
2013-03-18,1.2892745733261108,82.69000244140625,0.26,1.96,0.0781277259574984,0.1818722740425016,0.03343120127015198,1.7,0.12000274658203125
2013-03-19,1.2944984436035156,82.98999786376953,0.24,1.92,0.0729814242973865,0.1670185757026135,0.011932385052842082,1.68,0.40999603271484375
2013-03-20,1.2863887548446655,82.77999877929688,0.26,1.96,0.0808717210739033,0.17912827892609673,0.020121596743400805,1.7,-0.1100006103515625
2013-03-21,1.2941633462905884,82.80000305175781,0.27,1.95,0.084993643680959,0.185006356319041,0.026808378184057374,1.68,0.19000244140625
2013-03-22,1.2904890775680542,82.52999877929688,0.26,1.93,0.0925643460593144,0.1674356539406856,0.0177903665237526,1.67,0.26999664306640625
2013-03-25,1.302405595779419,82.87000274658203,0.24,1.93,0.080152844200489,0.15984715579951098,-0.022025118242990638,1.69,0.18000030517578125
2013-03-26,1.2858428955078125,82.87999725341797,0.25,1.92,0.0851504517847967,0.1648495482152033,-0.0021690274874101856,1.67,-0.1100006103515625
2013-03-27,1.2860082387924194,83.20999908447266,0.25,1.87,0.0637544366635114,0.18624556333648862,0.007117284410391889,1.62,0.43000030517578125
2013-03-28,1.277791976928711,82.98999786376953,0.25,1.87,0.0665872863952619,0.1834127136047381,-0.0015936427143029008,1.62,0.18999481201171875
2013-04-02,1.2850167751312256,82.94000244140625,0.25,1.88,0.0879838440623514,0.16201615593764862,-0.005419498003036982,1.63,0.410003662109375
2013-04-03,1.2820513248443604,82.72000122070312,0.24,1.83,0.0759599211116164,0.1640400788883836,0.004192923088872619,1.59,-0.15000152587890625
2013-04-04,1.2850167751312256,82.68000030517578,0.22,1.78,0.0575649166259202,0.1624350833740798,-0.0024144648411235092,1.56,-0.1999969482421875
2013-04-05,1.2928247451782227,82.5,0.24,1.72,0.0523479491477063,0.1876520508522937,0.0014064875158050771,1.48,-0.7099990844726562
2013-04-08,1.2992074489593506,82.75,0.24,1.76,0.0585547612555683,0.1814452387444317,-0.0019674748603064063,1.52,-0.23999786376953125
2013-04-09,1.3029316663742065,82.30999755859375,0.24,1.78,0.0746798868560709,0.16532011314392908,0.003303957206280461,1.54,-0.6300048828125
2013-04-10,1.3080273866653442,82.52999877929688,0.24,1.84,0.0966012953090924,0.1433987046909076,-0.020641374197475998,1.6,-0.19000244140625
2013-04-11,1.3055341243743896,82.25,0.24,1.82,0.087317697224043,0.15268230277595699,-0.009752780598122818,1.58,-0.43000030517578125
2013-04-12,1.311475396156311,82.30999755859375,0.22,1.75,0.0766081281668698,0.1433918718331302,-0.04426017901916349,1.53,-0.19000244140625
2013-04-15,1.3099292516708374,82.41999816894531,0.22,1.72,0.0773429019402645,0.1426570980597355,-0.03878814068469619,1.5,-0.3300018310546875
2013-04-16,1.3054660558700562,81.75,0.24,1.75,0.080937684945535,0.159062315054465,-0.006257798089464084,1.51,-0.55999755859375
2013-04-17,1.3178702592849731,82.66000366210938,0.24,1.73,0.0700559584230151,0.1699440415769849,0.026545336886077298,1.49,0.1300048828125
2013-04-18,1.3034920692443848,82.55000305175781,0.24,1.72,0.060249803375795,0.179750196624205,0.02706789384824801,1.48,0.3000030517578125
2013-04-19,1.3053126335144043,82.70999908447266,0.24,1.73,0.0760057707043135,0.1639942292956865,0.020602357462556287,1.49,0.40000152587890625
2013-04-22,1.3055682182312012,82.68000030517578,0.24,1.72,0.0540156731464569,0.1859843268535431,0.0433272287938076,1.48,0.26000213623046875
2013-04-23,1.306165099143982,83.02999877929688,0.23,1.74,0.0594065207813967,0.1705934792186033,0.011531164164138297,1.51,1.279998779296875
2013-04-24,1.2994438409805298,82.93000030517578,0.23,1.73,0.0471932215814878,0.1828067784185122,0.012862736841527306,1.5,0.26999664306640625
2013-04-25,1.3017443418502808,82.73999786376953,0.23,1.74,0.0532393824671197,0.1767606175328803,-0.00298957909132469,1.51,0.18999481201171875
2013-04-26,1.3007283210754395,82.4800033569336,0.22,1.7,0.0479047663329015,0.1720952336670985,0.008101004371412007,1.48,-0.2299957275390625
2013-04-29,1.3042571544647217,82.1500015258789,0.2,1.7,0.0423920716144703,0.15760792838552973,-0.028376398468013375,1.5,-0.529998779296875
2013-04-30,1.3095861673355103,81.7300033569336,0.22,1.7,0.0428256217003126,0.1771743782996874,0.006580899081084113,1.48,-1.2999954223632812
2013-05-02,1.3182177543640137,82.20999908447266,0.2,1.66,0.0216280699387345,0.1783719300612655,-0.004434848357246696,1.46,-0.720001220703125
2013-05-03,1.3065063953399658,82.0999984741211,0.22,1.78,0.0226878285772214,0.1973121714227786,0.020551553889898294,1.56,-0.6399993896484375
2013-05-06,1.3123359680175781,82.31999969482422,0.22,1.8,0.0390413986150814,0.1809586013849186,0.008863367717820092,1.58,-0.160003662109375
2013-05-07,1.3070186376571655,82.30000305175781,0.22,1.82,0.051806291057113,0.168193708942887,0.01058578055735726,1.6,0.15000152587890625
2013-05-08,1.3077024221420288,81.9000015258789,0.22,1.81,0.0514750494028346,0.1685249505971654,-0.008649427702522,1.59,0.1699981689453125
2013-05-09,1.3161357641220093,82.79000091552734,0.22,1.81,0.0403572135238392,0.1796427864761608,0.0012708564148952994,1.59,0.5800018310546875
2013-05-10,1.303441047668457,83.13999938964844,0.26,1.9,0.0699005322730799,0.1900994677269201,-0.007212703695858497,1.64,1.0400009155273438
2013-05-13,1.2965291738510132,83.26000213623047,0.24,1.92,0.065094669776053,0.174905330223947,-0.006053271160971596,1.68,0.94000244140625
2013-05-14,1.2988024950027466,83.56999969482422,0.26,1.96,0.0630670596013236,0.19693294039867643,0.028739231455789438,1.7,1.2699966430664062
2013-05-15,1.2937111854553223,83.83000183105469,0.26,1.94,0.0622383040592002,0.19776169594079981,0.029236745343634407,1.68,1.9300003051757812
2013-05-16,1.2882447242736816,83.7699966430664,0.23,1.87,0.041985659704097,0.18801434029590303,0.008371553819742222,1.6400000000000001,0.9799957275390625
2013-05-17,1.2883278131484985,84.27999877929688,0.26,1.95,0.0279512921523701,0.2320487078476299,0.0419492401207098,1.69,1.1399993896484375
2013-05-20,1.2835652828216553,83.80999755859375,0.26,1.97,0.0378095328426097,0.22219046715739033,0.04728513693344333,1.71,0.5499954223632812
2013-05-21,1.2891082763671875,83.86000061035156,0.26,1.94,0.0579248063091908,0.2020751936908092,0.005142253292132776,1.68,0.29000091552734375
2013-05-22,1.2919062376022339,84.25,0.26,2.03,0.0401850717152498,0.21981492828475022,0.022053232343950402,1.7699999999999998,0.4199981689453125
2013-05-23,1.2842081785202026,83.80000305175781,0.26,2.02,0.0573620007299129,0.2026379992700871,0.014623658974184078,1.76,0.03000640869140625
2013-05-24,1.2925074100494385,83.69999694824219,0.26,2.01,0.0752098141847956,0.1847901858152044,-0.047258522032425504,1.7499999999999998,-0.5800018310546875
2013-05-28,1.2933933734893799,84.13999938964844,0.29,2.15,0.0813334871680209,0.20866651283197907,-0.013523954325411258,1.8599999999999999,0.3300018310546875
2013-05-29,1.2846370935440063,83.63999938964844,0.3,2.13,0.1252781776061948,0.17472182239380518,-0.02735337129700402,1.8299999999999998,-0.220001220703125
2013-05-30,1.294783353805542,83.01000213623047,0.31,2.13,0.1378510406283708,0.1721489593716292,-0.047665968913121026,1.8199999999999998,-1.2399978637695312
2013-05-31,1.3043931722640991,83.37999725341797,0.3,2.16,0.1278335009536828,0.1721664990463172,-0.030471500223769904,1.86,-0.42000579833984375
2013-06-03,1.2996464967727661,82.68000030517578,0.3,2.13,0.1488621685745279,0.1511378314254721,-0.0336523543897323,1.8299999999999998,-1.0199966430664062
2013-06-04,1.3072919845581055,82.7699966430664,0.32,2.14,0.158832789100503,0.161167210899497,-0.04749930193248206,1.82,-1.3700027465820312
2013-06-05,1.3073433637619019,82.56999969482422,0.3,2.1,0.1558095864344855,0.14419041356551449,-0.030531408828290696,1.8,-1.0699996948242188
2013-06-06,1.3093289136886597,81.5199966430664,0.3,2.08,0.2025777790295122,0.09742222097048778,-0.07472673840114141,1.78,-1.4900054931640625
2013-06-07,1.3245558738708496,81.69000244140625,0.32,2.17,0.2134486281554188,0.10655137184458122,-0.06561512720173598,1.8499999999999999,-1.6899948120117188
2013-06-10,1.3224014043807983,81.6500015258789,0.32,2.22,0.2292713486318676,0.09072865136813241,-0.060409180057339695,1.9000000000000001,-1.029998779296875
2013-06-11,1.3224014043807983,81.05999755859375,0.34,2.2,0.2811996152240046,0.05880038477599542,-0.10236682612350159,1.86,-1.7099990844726562
2013-06-12,1.3224014043807983,80.95999908447266,0.34,2.25,0.2590111344102679,0.08098886558973212,-0.06320154797578237,1.91,-1.6100006103515625
2013-06-13,1.3339558839797974,80.62000274658203,0.32,2.19,0.2241357006171429,0.0958642993828571,-0.001557921587630684,1.8699999999999999,-0.899993896484375
2013-06-14,1.3367911577224731,80.66999816894531,0.29,2.14,0.1965227718054123,0.09347722819458767,-0.013074143649993542,1.85,-1.0200042724609375
2013-06-17,1.3348639011383057,80.56999969482422,0.27,2.19,0.1921459087835604,0.07785409121643963,-0.012874560151692777,1.92,-1.0800018310546875
2013-06-18,1.3363088369369507,80.62000274658203,0.27,2.2,0.2217903844943327,0.048209615505667325,-0.010590769270328093,1.9300000000000002,-0.43999481201171875
2013-06-19,1.3389928340911865,81.43000030517578,0.31,2.33,0.2153270955688095,0.0946729044311905,0.013684038841458385,2.02,0.470001220703125
2013-06-20,1.329186201095581,81.83999633789062,0.33,2.41,0.3166024741197075,0.013397525880292527,-0.08246677350256457,2.08,1.2199935913085938
2013-06-21,1.323556661605835,82.31999969482422,0.38,2.52,0.3302874728296237,0.04971252717037633,-0.043764701024211344,2.14,1.6500015258789062
2013-06-24,1.3105300664901733,82.43000030517578,0.42,2.57,0.4125432812806329,0.007456718719367095,-0.07039737249707254,2.15,1.8600006103515625
2013-06-25,1.313232183456421,82.58000183105469,0.43,2.6,0.3727712617871148,0.05722873821288521,0.009019122707217886,2.17,1.9599990844726562
2013-06-26,1.3079760074615479,82.94999694824219,0.39,2.55,0.3124204089903672,0.0775795910096328,-0.017093313421557704,2.1599999999999997,1.5199966430664062
2013-06-27,1.301337718963623,82.91000366210938,0.36,2.49,0.2787013921775694,0.08129860782243059,0.06790108194213806,2.1300000000000003,1.07000732421875
2013-06-28,1.3035939931869507,83.16999816894531,0.36,2.52,0.2995856986837757,0.06041430131622427,0.010701774145847942,2.16,0.8499984741210938
2013-07-01,1.3014055490493774,82.9800033569336,0.34,2.5,0.2771933312113437,0.06280666878865632,0.05534995006928922,2.16,0.5500030517578125
2013-07-02,1.306762456893921,83.54000091552734,0.34,2.48,0.248376189470389,0.09162381052961102,0.03439507231672581,2.14,0.9599990844726562
2013-07-03,1.2978922128677368,83.2300033569336,0.36,2.52,0.2450717996689269,0.1149282003310731,0.037348609321440296,2.16,0.28000640869140625
2013-07-05,1.2907721996307373,84.41999816894531,0.4,2.73,0.1926575799821632,0.20734242001783681,0.12604381219540622,2.33,1.5099945068359375
2013-07-08,1.2829065322875977,84.19999694824219,0.37,2.65,0.1558341450514153,0.2141658549485847,0.15375155363236043,2.28,1.029998779296875
2013-07-09,1.2871006727218628,84.58000183105469,0.37,2.65,0.1504488443298886,0.2195511556701114,0.1567444868814551,2.28,1.5999984741210938
2013-07-10,1.278183937072754,84.04000091552734,0.38,2.7,0.154571511171266,0.225428488828734,0.133804678299123,2.3200000000000003,0.5
2013-07-11,1.3187741041183472,82.75,0.34,2.6,0.1727886209496776,0.16721137905032243,0.05228317871924934,2.2600000000000002,-0.48000335693359375
2013-07-12,1.3097747564315796,82.98999786376953,0.37,2.61,0.1555360821788802,0.2144639178211198,0.007121497803282972,2.2399999999999998,-1.4300003051757812
2013-07-15,1.3059945106506348,83.04000091552734,0.34,2.57,0.1341544193672907,0.20584558063270933,-0.00832027431587537,2.23,-1.1599960327148438
2013-07-16,1.3058750629425049,82.43000030517578,0.34,2.55,0.1217680661650537,0.21823193383494632,-0.0013192218351650853,2.21,-2.1500015258789062
2013-07-17,1.3151146173477173,82.70999908447266,0.32,2.52,0.1104451445241077,0.2095548554758923,-0.0158736333528417,2.2,-1.3300018310546875
2013-07-18,1.3116990327835083,82.81999969482422,0.32,2.56,0.1030118954163898,0.2169881045836102,0.04977672553328777,2.24,0.06999969482421875
2013-07-19,1.3110626935958862,82.58000183105469,0.32,2.5,0.093335160389639,0.226664839610361,0.012200921789241204,2.18,-0.40999603271484375
2013-07-22,1.3159972429275513,82.22000122070312,0.32,2.5,0.1105500801905057,0.2094499198094943,0.0036043391767849597,2.18,-0.8199996948242188
2013-07-23,1.3190349340438843,82.01000213623047,0.33,2.53,0.1592138372495912,0.1707861627504088,-0.047445771084537514,2.1999999999999997,-0.4199981689453125
2013-07-24,1.3223315477371216,82.30000305175781,0.34,2.61,0.1815801744712843,0.15841982552871572,-0.051135029947176586,2.27,-0.40999603271484375
2013-07-25,1.319087266921997,81.97000122070312,0.32,2.61,0.1780292343782483,0.1419707656217517,-0.0750173389618585,2.29,-0.8499984741210938
2013-07-26,1.3274219036102295,81.62000274658203,0.31,2.58,0.1754975779734859,0.1345024220265141,-0.09216241758384688,2.27,-0.9599990844726562
2013-07-29,1.3287447690963745,81.66000366210938,0.33,2.61,0.1801948431840543,0.14980515681594572,-0.05964476299354857,2.28,-0.55999755859375
2013-07-30,1.3263654708862305,81.83000183105469,0.33,2.63,0.1766707083223262,0.1533292916776738,-0.017456871072734997,2.3,-0.18000030517578125
2013-07-31,1.3264886140823364,81.44999694824219,0.31,2.6,0.1845091969484911,0.1254908030515089,-0.03292902247720683,2.29,-0.850006103515625
2013-08-01,1.3301409482955933,82.33999633789062,0.35,2.74,0.1847222585528207,0.16527774144717927,0.023306975825427567,2.39,0.3699951171875
2013-08-02,1.3211959600448608,81.91000366210938,0.3,2.63,0.1758203821205777,0.12417961787942228,-0.01032280414709183,2.33,0.29000091552734375
2013-08-05,1.3278977870941162,81.87999725341797,0.32,2.67,0.1812642470785141,0.1387357529214859,-0.011069403894459817,2.35,0.21999359130859375
2013-08-06,1.3257501125335693,81.5999984741211,0.32,2.67,0.1946178822372344,0.12538211776276562,-0.027947173914908197,2.35,-0.23000335693359375
2013-08-07,1.3308136463165283,81.29000091552734,0.32,2.61,0.1941656576465971,0.1258343423534029,0.0003435393018940136,2.29,-0.15999603271484375
2013-08-08,1.334098219871521,81.01000213623047,0.3,2.58,0.1927641461900631,0.10723585380993689,-0.058041887637242384,2.2800000000000002,-1.3299942016601562
2013-08-09,1.3380074501037598,81.12999725341797,0.32,2.57,0.1915237453950338,0.1284762546049662,0.004296636725543923,2.25,-0.7800064086914062
2013-08-12,1.3339380025863647,81.33000183105469,0.32,2.61,0.1899554837866346,0.1300445162133654,-0.008691236708120498,2.29,-0.5499954223632812
2013-08-13,1.3292922973632812,81.7300033569336,0.34,2.71,0.2377063533499388,0.10229364665006122,-0.0230884711127044,2.37,0.1300048828125
2013-08-14,1.326559066772461,81.69999694824219,0.34,2.71,0.2451887954747609,0.09481120452523911,-0.031023137828163794,2.37,0.40999603271484375
2013-08-15,1.3264182806015015,81.12999725341797,0.36,2.77,0.2637292522677437,0.0962707477322563,-0.010965106077680586,2.41,0.1199951171875
2013-08-16,1.33539879322052,81.26000213623047,0.36,2.84,0.250979489158313,0.10902051084168701,-0.019455743763279187,2.48,0.1300048828125
2013-08-19,1.332906723022461,81.2300033569336,0.36,2.88,0.2701363795902893,0.08986362040971069,-0.04018089580365472,2.52,-0.09999847412109375
2013-08-20,1.3333866596221924,80.91000366210938,0.36,2.82,0.2544150478066531,0.1055849521933469,0.0032913055432856886,2.46,-0.8199996948242188
2013-08-21,1.3421016931533813,81.31999969482422,0.38,2.87,0.2712726774633949,0.10872732253660511,0.013916118011365997,2.49,-0.37999725341796875
2013-08-22,1.334294080734253,81.48999786376953,0.42,2.9,0.2739923487433273,0.1460076512566727,0.0497369035244164,2.48,0.3600006103515625
2013-08-23,1.335505723953247,81.33999633789062,0.4,2.82,0.3208533958845132,0.0791466041154868,-0.029873906726200217,2.42,0.07999420166015625
2013-08-26,1.33865225315094,81.37000274658203,0.41,2.79,0.2807134782494498,0.12928652175055017,0.03942290134083948,2.38,0.1399993896484375
2013-08-27,1.3379179239273071,81.16999816894531,0.38,2.72,0.2720560712355855,0.1079439287644145,0.0023589765710675947,2.3400000000000003,0.2599945068359375
2013-08-28,1.3392080068588257,81.41999816894531,0.4,2.78,0.2759354908311997,0.1240645091688003,0.015337186632195188,2.38,0.09999847412109375
2013-08-29,1.3334933519363403,81.94999694824219,0.39,2.75,0.268217176407747,0.12178282359225301,-0.02422482766441969,2.36,0.45999908447265625
2013-08-30,1.3236267566680908,82.08999633789062,0.39,2.78,0.2727822960707846,0.11721770392921543,0.03807109981372864,2.3899999999999997,0.75
2013-09-03,1.319000244140625,82.36000061035156,0.43,2.86,0.2894088801644279,0.1405911198355721,0.011304598085021933,2.4299999999999997,0.9899978637695312
2013-09-04,1.317401647567749,82.16999816894531,0.46,2.9,0.299443307086217,0.160556692913783,0.052612764149368496,2.44,1.0
2013-09-05,1.320062279701233,82.62999725341797,0.52,2.98,0.3533788970112552,0.16662110298874483,0.04255659381994453,2.46,1.2099990844726562
2013-09-06,1.3118367195129395,82.1500015258789,0.46,2.94,0.2973915331011283,0.1626084668988717,0.0408256433066187,2.48,0.20000457763671875
2013-09-09,1.3174188137054443,81.79000091552734,0.45,2.9,0.2996166729265836,0.1503833270734164,0.03316562314420096,2.4499999999999997,-0.29999542236328125
2013-09-10,1.3258028030395508,81.81999969482422,0.5,2.96,0.327256662502184,0.172743337497816,0.03215221766224391,2.46,-0.5400009155273438
2013-09-11,1.326629400253296,81.5199966430664,0.47,2.93,0.3016324215569881,0.16836757844301187,0.007810885529228873,2.46,-0.6500015258789062
2013-09-12,1.3315579891204834,81.48999786376953,0.45,2.92,0.2736557179583503,0.1763442820416497,0.009723179052904873,2.4699999999999998,-1.1399993896484375
2013-09-13,1.3298933506011963,81.44999694824219,0.45,2.9,0.2790740752924878,0.17092592470751222,0.008317457808640516,2.4499999999999997,-0.7000045776367188
2013-09-16,1.3359339237213135,81.25,0.41,2.88,0.2639610326516042,0.14603896734839578,-0.004344359725020619,2.4699999999999998,-0.5400009155273438
2013-09-17,1.3337956666946411,81.16999816894531,0.39,2.86,0.2736660620503444,0.11633393794965563,-0.05640939954816038,2.4699999999999998,-0.6500015258789062
2013-09-18,1.3357912302017212,80.23999786376953,0.34,2.69,0.2879263320140524,0.05207366798594765,-0.11629391045706422,2.35,-1.279998779296875
2013-09-19,1.3523015975952148,80.36000061035156,0.34,2.76,0.2411584383465137,0.09884156165348632,-0.07750272038816339,2.42,-1.1299972534179688
2013-09-20,1.353417992591858,80.44000244140625,0.34,2.75,0.2569191924984459,0.08308080750155411,-0.08784511720595811,2.41,-1.0099945068359375
2013-09-23,1.3534547090530396,80.44999694824219,0.35,2.72,0.2351542109673823,0.11484578903261769,-0.031193178315778086,2.37,-0.8000030517578125
2013-09-24,1.349892020225525,80.55999755859375,0.35,2.67,0.2219595253045341,0.12804047469546587,0.011706536745810237,2.32,-0.6100006103515625
2013-09-25,1.347182273864746,80.33000183105469,0.36,2.63,0.2354831449091885,0.12451685509081148,0.07244318710486383,2.27,0.09000396728515625
2013-09-26,1.351698398590088,80.5199966430664,0.34,2.66,0.2346666756139739,0.10533332438602613,0.006491762732539819,2.3200000000000003,0.15999603271484375
2013-09-27,1.348617672920227,80.2699966430664,0.34,2.64,0.2104915848129795,0.12950841518702053,0.046427607685466415,2.3000000000000003,-0.17000579833984375
2013-09-30,1.349545955657959,80.22000122070312,0.33,2.64,0.219325764165057,0.11067423583494301,-0.004171553197674677,2.31,-0.2299957275390625
2013-10-01,1.3525211811065674,80.0999984741211,0.33,2.66,0.2132588616350794,0.11674113836492062,-0.011299336330545251,2.33,-0.45999908447265625
2013-10-02,1.352338194847107,79.87999725341797,0.31,2.63,0.2123663669138658,0.09763363308613421,-0.02688322200467727,2.32,-0.45000457763671875
2013-10-03,1.3591018915176392,79.7699966430664,0.33,2.62,0.2161506580607479,0.11384934193925211,0.00851601755322598,2.29,-0.75
2013-10-04,1.362416386604309,80.12000274658203,0.33,2.66,0.2189390134565747,0.1110609865434253,-0.01844742864359522,2.33,-0.149993896484375
2013-10-07,1.356999397277832,79.94000244140625,0.37,2.65,0.2030730798711344,0.1669269201288656,0.05625268429392258,2.28,-0.279998779296875
2013-10-09,1.3598041534423828,80.37000274658203,0.37,2.68,0.2216549635709324,0.1483450364290676,0.031603898064146985,2.31,0.2700042724609375
2013-10-10,1.352027416229248,80.41999816894531,0.35,2.71,0.2310383370312898,0.11896166296871019,0.021328029882575983,2.36,0.5400009155273438
2013-10-11,1.3526674509048462,80.36000061035156,0.35,2.7,0.2220445309277834,0.12795546907221658,0.014106127132964469,2.35,0.5900039672851562
2013-10-15,1.3558586835861206,80.4800033569336,0.37,2.75,0.2291317898843758,0.1408682101156242,0.029807223572198893,2.38,0.3600006103515625
2013-10-16,1.3521736860275269,80.5,0.34,2.69,0.2623143676516357,0.07768563234836434,-0.08924128778050125,2.35,0.55999755859375
2013-10-17,1.3522467613220215,79.6500015258789,0.33,2.61,0.2286105102928632,0.10138948970713682,-0.04695554672193078,2.28,-0.720001220703125
2013-10-18,1.366698980331421,79.63999938964844,0.33,2.6,0.2087903111484799,0.12120968885152011,0.002248025882809923,2.27,-0.779998779296875
2013-10-21,1.3681949377059937,79.68000030517578,0.33,2.63,0.2147330354931389,0.11526696450686111,-0.012688504565355474,2.3,-0.6800003051757812
2013-10-22,1.36759614944458,79.23999786376953,0.31,2.54,0.1936556173645445,0.11634438263545549,-0.02452382748016871,2.23,-1.2400054931640625
2013-10-23,1.3778469562530518,79.26000213623047,0.31,2.51,0.1878319402775443,0.1221680597224557,0.04448242737409136,2.1999999999999997,-1.2399978637695312
2013-10-24,1.3780938386917114,79.19000244140625,0.33,2.53,0.1955266283998344,0.13447337160016562,0.0330838818930288,2.1999999999999997,-0.45999908447265625
2013-10-25,1.380395531654358,79.18000030517578,0.32,2.53,0.212379801880759,0.107620198119241,-0.013589490732279108,2.21,-0.45999908447265625
2013-10-28,1.3805290460586548,79.25,0.32,2.54,0.210344333785251,0.10965566621474901,-0.005611298292112099,2.22,-0.43000030517578125
2013-10-29,1.3789299726486206,79.62999725341797,0.31,2.53,0.2099352281476489,0.1000647718523511,-0.016279610783104387,2.2199999999999998,0.3899993896484375
2013-10-30,1.374306082725525,79.75,0.33,2.55,0.1856831357148278,0.1443168642851722,0.022148804562716506,2.2199999999999998,0.48999786376953125
2013-10-31,1.3724011182785034,80.19999694824219,0.31,2.57,0.148712521112095,0.161287478887905,0.02681410728773939,2.26,1.0099945068359375
2013-11-01,1.3579760789871216,80.7300033569336,0.33,2.65,0.1388034668993945,0.19119653310060553,0.08357633498136452,2.32,1.5500030517578125
2013-11-04,1.349400281906128,80.55000305175781,0.32,2.63,0.1358649543742487,0.1841350456257513,0.0744793794110023,2.31,1.3000030517578125
2013-11-05,1.351698398590088,80.70999908447266,0.32,2.69,0.1774067975877322,0.1425932024122678,0.0425284305599167,2.37,1.0800018310546875
2013-11-06,1.3473094701766968,80.4800033569336,0.3,2.67,0.1749262969602423,0.12507370303975768,-0.01924316124541453,2.37,0.7300033569335938
2013-11-07,1.351807951927185,80.81999969482422,0.29,2.63,0.1136431034026683,0.17635689659733167,0.015069417709426658,2.34,0.6200027465820312
2013-11-08,1.3409138917922974,81.20999908447266,0.32,2.77,0.1426435636319123,0.1773564363680877,-0.01384009673251782,2.45,0.4799957275390625
2013-11-12,1.3409318923950195,81.19000244140625,0.34,2.8,0.1317226116017713,0.20827738839822874,0.024142342772477426,2.46,0.6399993896484375
2013-11-13,1.3439956903457642,80.93000030517578,0.32,2.75,0.1123485227659246,0.2076514772340754,0.0650582748218076,2.43,0.220001220703125
2013-11-14,1.3489633798599243,80.9800033569336,0.29,2.69,0.1180882577405255,0.17191174225947448,0.0468380392197168,2.4,0.5
2013-11-15,1.3448994159698486,80.83999633789062,0.31,2.71,0.1262480072273284,0.1837519927726716,0.007395096175339927,2.4,0.01999664306640625
2013-11-18,1.3483994007110596,80.83000183105469,0.31,2.67,0.1219137777018675,0.1880862222981325,0.010729785930044783,2.36,-0.37999725341796875
2013-11-19,1.3504389524459839,80.69999694824219,0.29,2.71,0.1285453443494111,0.1614546556505889,-0.046822732747639845,2.42,-0.4900054931640625
2013-11-20,1.3567416667938232,81.11000061035156,0.28,2.8,0.1335583287206168,0.14644167127938323,-0.061209805954692165,2.5199999999999996,0.18000030517578125
2013-11-21,1.3433817625045776,81.05000305175781,0.29,2.79,0.1369851944341791,0.1530148055658209,-0.018896936693653582,2.5,0.06999969482421875
2013-11-22,1.347182273864746,80.70999908447266,0.31,2.75,0.1515011872938361,0.1584988127061639,-0.025253180066507702,2.44,-0.12999725341796875
2013-11-25,1.355233907699585,80.91999816894531,0.3,2.74,0.1473285604093517,0.1526714395906483,-0.03541478270748419,2.4400000000000004,0.089996337890625
2013-11-26,1.3527590036392212,80.61000061035156,0.29,2.71,0.1408993428195031,0.1491006571804969,-0.012353998470091998,2.42,-0.089996337890625
2013-11-27,1.3567785024642944,80.73999786376953,0.28,2.74,0.1449526780929506,0.13504732190704943,-0.0113943493723338,2.46,-0.37000274658203125
2013-11-29,1.360396146774292,80.68000030517578,0.28,2.75,0.1425077566575052,0.13749224334249482,-0.01552256222332607,2.4699999999999998,-0.37000274658203125
2013-12-02,1.3585110902786255,80.91000366210938,0.3,2.81,0.1517112918867278,0.1482887081132722,-0.010210104592891706,2.5100000000000002,0.20000457763671875
2013-12-03,1.3542062044143677,80.62000274658203,0.28,2.79,0.1502850902175305,0.12971490978246952,-0.022956529808178777,2.51,-0.29999542236328125
2013-12-04,1.3590649366378784,80.62999725341797,0.3,2.84,0.171137437668595,0.128862562331405,-0.020238094849091892,2.54,0.01999664306640625
2013-12-05,1.3586403131484985,80.2699966430664,0.3,2.88,0.2125215597453187,0.0874784402546813,-0.04756888165236814,2.58,-0.470001220703125
2013-12-06,1.3669979572296143,80.2699966430664,0.3,2.88,0.2256740092133995,0.07432599078660049,-0.06316625255589434,2.58,-0.410003662109375
2013-12-09,1.3706516027450562,80.12999725341797,0.3,2.86,0.2261715397388553,0.0738284602611447,-0.07446024785212749,2.56,-0.7800064086914062
2013-12-10,1.3740227222442627,79.97000122070312,0.3,2.81,0.226637693830042,0.07336230616995798,-0.05635260361251154,2.5100000000000002,-0.6500015258789062
2013-12-11,1.37644362449646,79.88999938964844,0.31,2.86,0.2400453333779308,0.0699546666220692,-0.0589078957093358,2.55,-0.7399978637695312
2013-12-12,1.3786067962646484,80.19999694824219,0.34,2.89,0.2604608161469102,0.07953918385308983,-0.00793925640159146,2.5500000000000003,-0.06999969482421875
2013-12-13,1.3750807046890259,80.20999908447266,0.34,2.88,0.261790556709045,0.07820944329095503,0.00388345250435454,2.54,-0.05999755859375
2013-12-16,1.3739283084869385,80.06999969482422,0.34,2.89,0.2602428243761689,0.07975717562383111,0.00592871536268641,2.5500000000000003,-0.05999755859375
2013-12-17,1.3762919902801514,80.05999755859375,0.34,2.85,0.2504815644959386,0.08951843550406141,0.01615612933410343,2.5100000000000002,0.089996337890625
2013-12-18,1.3771259784698486,80.11000061035156,0.32,2.89,0.2531631371111982,0.0668368628888018,-0.0031178037332673936,2.5700000000000003,0.220001220703125
2013-12-19,1.3684945106506348,80.62999725341797,0.35,2.94,0.2574269176333685,0.09257308236663148,0.013033898513541642,2.59,0.43000030517578125
2013-12-20,1.3655791282653809,80.58000183105469,0.37,2.89,0.2601366284257311,0.1098633715742689,0.03165392828331387,2.52,0.37000274658203125
2013-12-23,1.3678393363952637,80.44999694824219,0.38,2.94,0.2519541118329451,0.12804588816705492,0.04828871254322381,2.56,0.37999725341796875
2013-12-24,1.3699944019317627,80.52999877929688,0.38,2.99,0.250463398178808,0.12953660182119198,0.040018166317130566,2.6100000000000003,0.470001220703125
2013-12-27,1.3696191310882568,80.38999938964844,0.4,3.02,0.2720007568628118,0.12799924313718825,0.06116238024838644,2.62,0.279998779296875
2013-12-30,1.3750240802764893,80.0,0.39,2.99,0.2540546121730385,0.13594538782696153,0.04337230546033005,2.6,-0.6299972534179688
2013-12-31,1.3810056447982788,80.04000091552734,0.38,3.04,0.2482694912188021,0.1317305087811979,0.02186713720692901,2.66,-0.5400009155273438
2014-01-02,1.3766709566116333,80.62999725341797,0.39,3.0,0.2541735149590778,0.1358264850409222,0.007780596873867285,2.61,0.18000030517578125
2014-01-03,1.3666616678237915,80.79000091552734,0.41,3.01,0.2493429255966885,0.16065707440331148,0.0311204725821195,2.5999999999999996,0.26000213623046875
2014-01-06,1.3596007823944092,80.6500015258789,0.4,2.98,0.240272391043641,0.159727608956359,0.03172836581917077,2.58,0.26000213623046875
2014-01-07,1.3631964921951294,80.83000183105469,0.4,2.96,0.2436146136617489,0.1563853863382511,0.02043999851128958,2.56,0.8300018310546875
2014-01-08,1.3616372346878052,81.04000091552734,0.43,3.01,0.2461059738793487,0.18389402612065128,0.052163517339453375,2.5799999999999996,1.0
2014-01-09,1.3572019338607788,81.01000213623047,0.44,2.97,0.247340866454957,0.192659133545043,0.056832648504120786,2.5300000000000002,0.3800048828125
2014-01-10,1.360710859298706,80.66000366210938,0.39,2.88,0.2214768746335282,0.16852312536647182,0.007866050963160343,2.4899999999999998,-0.12999725341796875
2014-01-13,1.3671848773956299,80.51000213623047,0.39,2.84,0.2150492669731596,0.17495073302684042,0.015223124070481403,2.4499999999999997,-0.1399993896484375
2014-01-14,1.3669979572296143,80.61000061035156,0.39,2.88,0.2282490342670691,0.1617509657329309,0.005365579394679798,2.4899999999999998,-0.220001220703125
2014-01-15,1.3668484687805176,81.0,0.41,2.9,0.2465700728848006,0.16342992711519938,-0.020464099005451902,2.4899999999999998,-0.04000091552734375
2014-01-16,1.359933614730835,80.9000015258789,0.41,2.86,0.2220829823394234,0.18791701766057659,-0.004742115884466408,2.4499999999999997,-0.1100006103515625
2014-01-17,1.3618041276931763,81.26000213623047,0.4,2.84,0.2061207199541916,0.19387928004580843,0.025356154679336607,2.44,0.5999984741210938
2014-01-21,1.3549033403396606,81.0999984741211,0.4,2.85,0.1983559609182785,0.20164403908172152,0.0266933060548811,2.45,0.589996337890625
2014-01-22,1.355913758277893,81.16999816894531,0.44,2.87,0.2078992409172833,0.2321007590827167,0.0703497933497858,2.43,0.55999755859375
2014-01-23,1.354224443435669,80.44000244140625,0.39,2.79,0.1987189960530395,0.19128100394696052,0.027851076831761135,2.4,-0.55999755859375
2014-01-24,1.3689066171646118,80.45999908447266,0.37,2.75,0.1730981676970806,0.19690183230291938,0.008984814642342798,2.38,-0.44000244140625
2014-01-27,1.3687942028045654,80.5,0.37,2.78,0.1834622723055656,0.18653772769443439,-0.007341552351374042,2.4099999999999997,-0.7600021362304688
2014-01-28,1.3674652576446533,80.56999969482422,0.38,2.77,0.1789498579464474,0.2010501420535526,-0.0005938970281689215,2.39,-0.529998779296875
2014-01-29,1.3655046224594116,80.51000213623047,0.36,2.69,0.1643540454413079,0.19564595455869208,-0.03645480452402464,2.33,-0.6599960327148438
2014-01-30,1.365859031677246,81.08999633789062,0.36,2.72,0.1403023580507452,0.21969764194925478,0.02841663800229427,2.3600000000000003,0.649993896484375
2014-01-31,1.3558770418167114,81.2699966430664,0.34,2.67,0.1075917425352668,0.23240825746473323,0.03550642516181385,2.33,0.80999755859375
2014-02-03,1.3488178253173828,81.01000213623047,0.3,2.61,0.1059171707134249,0.1940828292865751,0.007545101592140724,2.31,0.5100021362304688
2014-02-04,1.3525028228759766,81.12000274658203,0.31,2.64,0.1076109028482834,0.2023890971517166,0.0013389550981640075,2.33,0.5500030517578125
2014-02-05,1.3515887260437012,81.02999877929688,0.32,2.7,0.1096821592033574,0.21031784079664262,0.014671886237950543,2.3800000000000003,0.5199966430664062
2014-02-06,1.3535096645355225,80.88999938964844,0.33,2.73,0.1542773659145728,0.1757226340854272,-0.043975007863827575,2.4,-0.1999969482421875
2014-02-07,1.3592127561569214,80.69000244140625,0.3,2.71,0.1238674107544679,0.1761325892455321,-0.05627566821920113,2.41,-0.5799942016601562
2014-02-10,1.361933946609497,80.66999816894531,0.32,2.7,0.1340463076509741,0.1859536923490259,-0.008129136937549214,2.3800000000000003,-0.34000396728515625
2014-02-11,1.364610195159912,80.62999725341797,0.35,2.75,0.1360091442200328,0.21399085577996718,0.01160175862825058,2.4,-0.4900054931640625
2014-02-12,1.3639029264450073,80.68000030517578,0.35,2.8,0.1296222900001251,0.22037770999987488,0.010059869203232263,2.4499999999999997,-0.34999847412109375
2014-02-13,1.3590095043182373,80.29000091552734,0.32,2.73,0.1156591401488973,0.2043408598511027,0.028618225765675492,2.41,-0.5999984741210938
2014-02-14,1.3678767681121826,80.12999725341797,0.32,2.75,0.1275318077119447,0.1924681922880553,0.01633560304252321,2.43,-0.5600051879882812
2014-02-18,1.3704450130462646,80.01000213623047,0.31,2.71,0.1295156211938821,0.1804843788061179,-0.005469313542908,2.4,-0.6599960327148438
2014-02-19,1.376197338104248,80.16999816894531,0.33,2.73,0.1204131042185121,0.20958689578148793,-0.0044039599984792566,2.4,-0.45999908447265625
2014-02-20,1.3730417490005493,80.29000091552734,0.34,2.76,0.1330460353127875,0.20695396468721253,-0.013423745312662355,2.42,-0.3899993896484375
2014-02-21,1.372118592262268,80.23999786376953,0.33,2.73,0.1290578422176054,0.2009421577823946,-0.003398702068708098,2.4,-0.0500030517578125
2014-02-24,1.3737962245941162,80.20999908447266,0.35,2.75,0.1412346984224464,0.20876530157755357,0.016297109289498263,2.4,0.0800018310546875
2014-02-25,1.3736075162887573,80.1500015258789,0.34,2.7,0.1386314577582292,0.20136854224177084,0.02088416343565294,2.3600000000000003,0.1399993896484375
2014-02-26,1.3746082782745361,80.41000366210938,0.33,2.67,0.115010379158579,0.21498962084142104,0.005402725059933111,2.34,0.2400054931640625
2014-02-27,1.3681949377059937,80.29000091552734,0.33,2.65,0.0961266176767847,0.2338733823232153,0.02691941763600278,2.32,0.0
2014-02-28,1.3707455396652222,79.77999877929688,0.33,2.66,0.1554750532464797,0.17452494675352032,-0.026417211028874288,2.33,-0.45999908447265625
2014-03-03,1.377695083618164,80.06999969482422,0.32,2.6,0.1335660669356491,0.1864339330643509,-0.022331368513202665,2.2800000000000002,-0.1399993896484375
2014-03-04,1.373701810836792,80.16000366210938,0.33,2.7,0.1237309061048206,0.20626909389517942,0.00490055165340858,2.37,0.01000213623046875
2014-03-05,1.374117136001587,80.11000061035156,0.33,2.7,0.1319035076904682,0.1980964923095318,-0.016893128531889234,2.37,-0.3000030517578125
2014-03-06,1.3734188079833984,79.68000030517578,0.37,2.74,0.1739469783626015,0.1960530216373985,-0.03782036068581682,2.37,-0.6100006103515625
2014-03-07,1.3863087892532349,79.72000122070312,0.38,2.8,0.1914344404242554,0.1885655595757446,0.014040612822224297,2.42,-0.05999755859375
2014-03-10,1.3878673315048218,79.75,0.37,2.79,0.1781051231361123,0.1918948768638877,0.005460943799536794,2.42,-0.31999969482421875
2014-03-11,1.3878865242004395,79.7699966430664,0.37,2.77,0.179734509217146,0.19026549078285399,-0.016003603112325432,2.4,-0.39000701904296875
2014-03-12,1.385809302330017,79.61000061035156,0.37,2.73,0.1662084306515603,0.2037915693484397,0.0056950770389078975,2.36,-0.5
2014-03-13,1.3904531002044678,79.62000274658203,0.34,2.66,0.1605218081213162,0.17947819187868383,-0.01657482975871466,2.3200000000000003,-0.05999755859375
2014-03-14,1.3865394592285156,79.44000244140625,0.36,2.65,0.1493733532375447,0.2106266467624553,0.02206108718671068,2.29,-0.279998779296875
2014-03-17,1.39130437374115,79.38999938964844,0.38,2.7,0.1618114824798788,0.2181885175201212,0.02629364065623349,2.3200000000000003,-0.3600006103515625
2014-03-18,1.3926606178283691,79.41000366210938,0.36,2.68,0.1678601943924151,0.1921398056075849,0.0018743148247309105,2.3200000000000003,-0.35999298095703125
2014-03-19,1.3930875062942505,79.98999786376953,0.47,2.78,0.1792655713644539,0.2907344286355461,0.0869428592871064,2.3099999999999996,0.37999725341796875
2014-03-20,1.381921648979187,80.20999908447266,0.45,2.79,0.2237131706092068,0.2262868293907932,0.04680863751210937,2.34,0.589996337890625
2014-03-21,1.378207802772522,80.11000061035156,0.45,2.75,0.2207849223799232,0.2292150776200768,0.01858843085762152,2.3,0.6699981689453125
2014-03-24,1.3795576095581055,79.93000030517578,0.47,2.74,0.2032457105493983,0.26675428945060164,0.04856577193048045,2.2700000000000005,0.5400009155273438
2014-03-25,1.3838915824890137,79.94000244140625,0.47,2.75,0.1818032652959815,0.28819673470401846,0.09605692909643357,2.2800000000000002,0.529998779296875
2014-03-26,1.3819025754928589,79.9800033569336,0.45,2.71,0.1630278402725231,0.2869721597274769,-0.0037622689080691885,2.26,-0.0099945068359375
2014-03-27,1.378207802772522,80.11000061035156,0.45,2.69,0.141661418454793,0.308338581545207,0.08205175215441379,2.2399999999999998,-0.09999847412109375
2014-03-28,1.3741360902786255,80.18000030517578,0.45,2.73,0.1518692874135343,0.29813071258646573,0.06891563496638892,2.28,0.06999969482421875
2014-03-31,1.3752131462097168,80.0999984741211,0.44,2.73,0.1717926110965528,0.2682073889034472,0.001453099452845552,2.29,0.1699981689453125
2014-04-01,1.3775053024291992,80.08000183105469,0.44,2.77,0.1773126315198685,0.2626873684801315,-0.025509366223886942,2.33,0.1399993896484375
2014-04-02,1.379481554031372,80.22000122070312,0.47,2.82,0.1898221416696195,0.28017785833038045,-0.006794301397096469,2.3499999999999996,0.23999786376953125
2014-04-03,1.376822590827942,80.47000122070312,0.46,2.8,0.1892768692139976,0.2707231307860024,-0.03761545075920458,2.34,0.3600006103515625
2014-04-04,1.3723821640014648,80.41999816894531,0.43,2.74,0.1684693596151061,0.26153064038489393,-0.0366000722015718,2.31,0.23999786376953125
2014-04-07,1.3704074621200562,80.22000122070312,0.41,2.71,0.1575481446568631,0.25245185534313686,-0.015755533560310342,2.3,0.12000274658203125
2014-04-08,1.374306082725525,79.75,0.4,2.69,0.1715860462640943,0.22841395373590573,-0.034273414744225794,2.29,-0.3300018310546875
2014-04-09,1.3793293237686157,79.4800033569336,0.37,2.71,0.187303455486417,0.182696544513583,-0.09748131381679745,2.34,-0.7399978637695312
2014-04-10,1.3855020999908447,79.37999725341797,0.37,2.65,0.1685462312404611,0.2014537687595389,-0.0692693620264635,2.28,-1.0900039672851562
2014-04-11,1.3886381387710571,79.44999694824219,0.37,2.63,0.1594431031206973,0.2105568968793027,-0.050973743505591224,2.26,-0.970001220703125
2014-04-14,1.3846195936203003,79.7300033569336,0.37,2.65,0.1599222177366051,0.2100777822633949,-0.04237407307974195,2.28,-0.48999786376953125
2014-04-15,1.381711721420288,79.80000305175781,0.39,2.64,0.1535168912205171,0.23648310877948292,0.008069155043577192,2.25,0.0500030517578125
2014-04-16,1.38119637966156,79.81999969482422,0.39,2.65,0.1464901078468501,0.24350989215314991,0.06081334763956692,2.26,0.339996337890625
2014-04-17,1.3827050924301147,79.83000183105469,0.43,2.73,0.1653160616415463,0.2646839383584537,0.06323016959891481,2.3,0.45000457763671875
2014-04-22,1.3795006275177002,79.91000366210938,0.45,2.73,0.1846907685482341,0.2653092314517659,0.054752334572463174,2.28,0.4600067138671875
2014-04-23,1.3810056447982788,79.86000061035156,0.43,2.7,0.1924935320662086,0.2375064679337914,0.027428685670396497,2.27,0.12999725341796875
2014-04-24,1.381921648979187,79.80000305175781,0.43,2.7,0.1896396999170324,0.2403603000829676,0.003877191303484684,2.27,0.0
2014-04-25,1.3832024335861206,79.7699966430664,0.43,2.68,0.1835522530291196,0.2464477469708804,0.002937854817730484,2.25,-0.0500030517578125
2014-04-28,1.384063959121704,79.68000030517578,0.44,2.7,0.1953905932829509,0.24460940671704912,-0.020074531641404603,2.2600000000000002,-0.15000152587890625
2014-04-29,1.3852909803390503,79.80999755859375,0.44,2.71,0.1739222055400282,0.2660777944599718,0.0007685630082059358,2.27,-0.100006103515625
2014-04-30,1.3813681602478027,79.48999786376953,0.42,2.67,0.1575993413145648,0.26240065868543516,0.024894190751643758,2.25,-0.37000274658203125
2014-05-02,1.3870972394943237,79.5199966430664,0.42,2.6,0.1475326018555391,0.27246739814446086,0.032107098061493256,2.18,-0.28000640869140625
2014-05-05,1.387270450592041,79.48999786376953,0.43,2.63,0.1386184565922317,0.2913815434077683,0.044933796436887885,2.1999999999999997,-0.279998779296875
2014-05-06,1.387597680091858,79.13999938964844,0.43,2.61,0.155778652546207,0.274221347453793,0.02961194073674389,2.1799999999999997,-0.5400009155273438
2014-05-07,1.3930680751800537,79.22000122070312,0.41,2.62,0.1667285653820251,0.24327143461797487,-0.022806359841996943,2.21,-0.589996337890625
2014-05-08,1.3911689519882202,79.43000030517578,0.4,2.61,0.1368925954844972,0.26310740451550285,0.0007067458300676899,2.21,-0.05999755859375
2014-05-09,1.3844279050827026,79.9000015258789,0.4,2.62,0.1261004379288532,0.27389956207114685,0.001432163926685992,2.22,0.3800048828125
2014-05-12,1.376064658164978,79.9000015258789,0.41,2.66,0.1344186171047665,0.2755813828952335,-0.0158001605125348,2.25,0.410003662109375
2014-05-13,1.3756672143936157,80.13999938964844,0.39,2.61,0.1075221882258912,0.2824778117741088,0.008256464320315793,2.2199999999999998,1.0
2014-05-14,1.3709522485733032,80.06999969482422,0.39,2.54,0.0867069864965626,0.3032930135034374,0.06002157888546253,2.15,0.8499984741210938
2014-05-15,1.372005581855774,80.0,0.38,2.5,0.0663519556758545,0.3136480443241455,0.05054063980864265,2.12,0.5699996948242188
2014-05-16,1.3716480731964111,80.04000091552734,0.38,2.52,0.0828256233602084,0.2971743766397916,0.023274814568644775,2.14,0.1399993896484375
2014-05-19,1.3703323602676392,79.98999786376953,0.36,2.54,0.0790554411868345,0.2809445588131655,0.005363175917932006,2.18,0.089996337890625
2014-05-20,1.3713847398757935,80.04000091552734,0.35,2.52,0.0786626876573737,0.27133731234262626,-0.011140499431482542,2.17,-0.09999847412109375
2014-05-21,1.3704074621200562,80.0999984741211,0.37,2.54,0.0880553684102158,0.2819446315897842,-0.02134838191365318,2.17,0.029998779296875
2014-05-22,1.3681762218475342,80.25,0.37,2.56,0.0721075593980926,0.2978924406019074,-0.01575560372223811,2.19,0.25
2014-05-23,1.3654487133026123,80.38999938964844,0.37,2.54,0.0683052993764987,0.3016947006235013,0.004520323983709662,2.17,0.34999847412109375
2014-05-27,1.3651318550109863,80.3499984741211,0.39,2.52,0.0520424230520202,0.3379575769479798,0.0570130181348143,2.13,0.3600006103515625
2014-05-28,1.3636983633041382,80.56999969482422,0.37,2.44,0.0445448971522388,0.3254551028477612,0.05411779050513493,2.07,0.529998779296875
2014-05-29,1.359342098236084,80.48999786376953,0.37,2.45,0.0508309574071206,0.31916904259287937,0.03722441100309515,2.08,0.3899993896484375
2014-05-30,1.360451579093933,80.37000274658203,0.37,2.48,0.0638350763972521,0.3061649236027479,0.008272483000840491,2.11,0.12000274658203125
2014-06-02,1.3628062009811401,80.63999938964844,0.39,2.54,0.0509106008221325,0.3390893991778675,0.037394698554366224,2.15,0.25
2014-06-03,1.3598966598510742,80.55000305175781,0.41,2.6,0.0684268854270615,0.3415731145729385,0.003615537624958698,2.19,0.20000457763671875
2014-06-04,1.3621008396148682,80.66999816894531,0.41,2.61,0.0569611914026433,0.3530388085973567,0.02758370574959551,2.1999999999999997,0.09999847412109375
2014-06-05,1.3604146242141724,80.37000274658203,0.4,2.59,0.0487144499024352,0.3512855500975648,0.03211650750468542,2.19,-0.1199951171875
2014-06-06,1.3661948442459106,80.41000366210938,0.41,2.6,0.020977410784865,0.389022589215135,0.08285766561238711,2.19,0.04000091552734375
2014-06-09,1.3642936944961548,80.6500015258789,0.43,2.62,0.0350881077151656,0.39491189228483436,0.05582249310696685,2.19,0.01000213623046875
2014-06-10,1.3592681884765625,80.81999969482422,0.45,2.64,0.042803845899225,0.40719615410077503,0.06562303952783655,2.19,0.26999664306640625
2014-06-11,1.3540961742401123,80.79000091552734,0.44,2.65,0.0299748481679009,0.4100251518320991,0.05698634323474239,2.21,0.12000274658203125
2014-06-12,1.3537112474441528,80.58000183105469,0.42,2.58,0.0169525883356693,0.40304741166433067,0.05176186156676588,2.16,0.20999908447265625
2014-06-13,1.3554543256759644,80.58000183105469,0.45,2.6,0.0127356189521408,0.4372643810478592,0.0482417918327242,2.15,0.1699981689453125
2014-06-16,1.3538029193878174,80.47000122070312,0.49,2.61,0.0096981057443938,0.4803018942556062,0.08539000197077184,2.12,-0.18000030517578125
2014-06-17,1.3577179908752441,80.62999725341797,0.51,2.66,0.0228198145952891,0.4871801854047109,0.07998403130393589,2.1500000000000004,-0.19000244140625
2014-06-18,1.3547931909561157,80.58000183105469,0.48,2.61,0.0198297853704163,0.4601702146295837,0.050145062797484596,2.13,-0.20999908447265625
2014-06-19,1.3590649366378784,80.31999969482422,0.48,2.64,0.0075921940126608,0.47240780598733917,0.0693603943230085,2.16,-0.26000213623046875
2014-06-20,1.361136794090271,80.37000274658203,0.5,2.63,0.0228791299088975,0.4771208700911025,0.03985648904324329,2.13,-0.20999908447265625
2014-06-23,1.3593051433563232,80.26000213623047,0.48,2.63,0.0108687561492319,0.4691312438507681,-0.011170650404838112,2.15,-0.20999908447265625
2014-06-24,1.3601926565170288,80.33000183105469,0.49,2.59,0.0152369102731069,0.4747630897268931,-0.012417095677817847,2.0999999999999996,-0.29999542236328125
2014-06-25,1.3605812788009644,80.22000122070312,0.48,2.57,0.0037925193007604,0.47620748069923957,0.016037266069655887,2.09,-0.3600006103515625
2014-06-26,1.3628991842269897,80.2300033569336,0.46,2.53,0.0021943269757711,0.4578056730242289,-0.014602132963110248,2.07,-0.089996337890625
2014-06-27,1.3613035678863525,80.04000091552734,0.45,2.54,0.015370152214988,0.434629847785012,-0.042491022306090476,2.09,-0.3300018310546875
2014-06-30,1.3644425868988037,79.77999877929688,0.47,2.53,0.016415252528116,0.453584747471884,-0.015546496378884112,2.0599999999999996,-0.48000335693359375
2014-07-01,1.3693565130233765,79.81999969482422,0.47,2.58,0.0012467245288907,0.4687532754711093,-0.006009814255783785,2.1100000000000003,-0.5100021362304688
2014-07-02,1.3680826425552368,79.95999908447266,0.49,2.64,0.0096847532671517,0.4803152467328483,0.00410776603360874,2.1500000000000004,-0.26000213623046875
2014-07-03,1.3652995824813843,80.20999908447266,0.52,2.65,0.002060123826741,0.517939876173259,0.06013420314903006,2.13,-0.0200042724609375
2014-07-07,1.3588433265686035,80.22000122070312,0.52,2.63,-0.0036564196774606,0.5236564196774606,0.08902657189244856,2.11,0.18000030517578125
2014-07-08,1.360618233680725,80.18000030517578,0.51,2.58,-0.010569212085508,0.520569212085508,0.066984464613624,2.0700000000000003,0.40000152587890625
2014-07-09,1.3617113828659058,79.98999786376953,0.51,2.57,-0.0068372771341631,0.5168372771341632,0.04808400166305388,2.0599999999999996,0.1699981689453125
2014-07-10,1.3642936944961548,80.12999725341797,0.46,2.55,-0.0120032424632645,0.4720032424632645,-0.008312004269583784,2.09,0.1699981689453125
2014-07-11,1.3605072498321533,80.19000244140625,0.48,2.53,-0.0103150380198155,0.49031503801981546,-0.02762483815344352,2.05,-0.01999664306640625
2014-07-14,1.360377550125122,80.19000244140625,0.48,2.55,-0.0037722716389505,0.4837722716389505,-0.03988414803851009,2.07,-0.029998779296875
2014-07-15,1.3621751070022583,80.38999938964844,0.49,2.56,-0.0128010304999683,0.5028010304999683,-0.017768181585539722,2.0700000000000003,0.20999908447265625
2014-07-16,1.3572019338607788,80.55999755859375,0.5,2.55,-0.0074118336128865,0.5074118336128866,-0.00942544352127661,2.05,0.5699996948242188
2014-07-17,1.3529969453811646,80.5199966430664,0.47,2.47,-0.0108531271572203,0.4808531271572203,0.008849884693955756,2.0,0.3899993896484375
2014-07-18,1.3518811464309692,80.5199966430664,0.51,2.5,-0.0056607479640464,0.5156607479640464,0.02534570994423091,1.99,0.32999420166015625
2014-07-21,1.3532166481018066,80.55999755859375,0.51,2.49,-0.0038723973420666,0.5138723973420666,0.0301001257031161,1.9800000000000002,0.3699951171875
2014-07-22,1.3527040481567383,80.77999877929688,0.49,2.48,0.0024982995032023,0.4875017004967977,-0.015299330003170575,1.99,0.3899993896484375
2014-07-23,1.3468012809753418,80.80999755859375,0.5,2.48,-0.002230724028029,0.502230724028029,-0.005181109584857513,1.98,0.25
2014-07-24,1.346293568611145,80.87000274658203,0.53,2.52,0.0027256470098158,0.5272743529901842,0.04642122583296393,1.99,0.350006103515625
2014-07-25,1.3464748859405518,81.02999877929688,0.53,2.48,-0.0061203340424174,0.5361203340424174,0.02045958607837106,1.95,0.5100021362304688
2014-07-28,1.3428946733474731,81.02999877929688,0.54,2.5,-0.0019713981644229,0.541971398164423,0.02809900082235639,1.96,0.470001220703125
2014-07-29,1.3439054489135742,81.20999908447266,0.54,2.47,-0.0047377499964609,0.544737749996461,0.057236049499663266,1.9300000000000002,0.43000030517578125
2014-07-30,1.3411117792129517,81.41999816894531,0.56,2.57,0.00233109462823,0.55766890537177,0.05543818134374101,2.01,0.6100006103515625
2014-07-31,1.3396027088165283,81.45999908447266,0.53,2.58,0.0056386898885172,0.5243613101114828,-0.0029130428787014218,2.05,0.589996337890625
2014-08-01,1.3389928340911865,81.30000305175781,0.47,2.52,-0.005863682096113,0.47586368209611296,-0.060256651946304474,2.05,0.2700042724609375
2014-08-04,1.3428946733474731,81.33000183105469,0.47,2.51,-0.0051649296774027,0.47516492967740265,-0.06680646848702032,2.04,0.3000030517578125
2014-08-05,1.342209815979004,81.5199966430664,0.47,2.49,0.0049305195408004,0.46506948045919955,-0.07966826953726142,2.0200000000000005,0.30999755859375
2014-08-06,1.337238073348999,81.44000244140625,0.48,2.49,-0.0151303640202717,0.49513036402027166,-0.06253854135149839,2.0100000000000002,0.0200042724609375
2014-08-07,1.3382940292358398,81.5199966430664,0.44,2.43,-0.012322050897807,0.452322050897807,-0.07203925921367577,1.9900000000000002,0.05999755859375
2014-08-08,1.3358268737792969,81.38999938964844,0.45,2.44,-0.0151757737490565,0.4651757737490565,-0.010687908347056463,1.99,0.089996337890625
2014-08-11,1.3405184745788574,81.47000122070312,0.47,2.44,-0.0187197727669747,0.48871977276697465,0.013554843089572,1.97,0.1399993896484375
2014-08-12,1.3384909629821777,81.5,0.45,2.46,-0.0167397583543484,0.4667397583543484,0.0016702778951488417,2.01,-0.01999664306640625
2014-08-13,1.3366124629974365,81.5999984741211,0.43,2.43,-0.0217928831441058,0.4517928831441058,-0.043337480876165846,2.0,0.15999603271484375
2014-08-14,1.3367911577224731,81.58999633789062,0.42,2.4,-0.0233872667110248,0.4433872667110248,-0.00893478418678223,1.98,0.06999969482421875
2014-08-15,1.3363981246948242,81.41999816894531,0.42,2.34,-0.0238665211122826,0.4438665211122826,-0.021309252636773912,1.92,0.029998779296875
2014-08-18,1.339046597480774,81.58000183105469,0.44,2.39,-0.0244165351673837,0.4644165351673837,-0.024303237599590966,1.9500000000000002,0.1100006103515625
2014-08-19,1.336112380027771,81.87999725341797,0.46,2.4,-0.0291691302302425,0.4891691302302425,0.02242937187589411,1.94,0.37999725341796875
2014-08-20,1.332196593284607,82.25,0.49,2.43,-0.0351419806886768,0.5251419806886768,0.07334909754457097,1.9400000000000002,0.6500015258789062
2014-08-21,1.3260489702224731,82.1500015258789,0.49,2.41,-0.0304699696645283,0.5204699696645283,0.0770827029535035,1.9200000000000002,0.5600051879882812
2014-08-22,1.3279330730438232,82.33999633789062,0.53,2.4,-0.0231021924326402,0.5531021924326402,0.10923567132035766,1.8699999999999999,0.9199981689453125
2014-08-25,1.3198705911636353,82.55000305175781,0.53,2.39,-0.0616782062488852,0.5916782062488852,0.12726167108150155,1.86,0.970001220703125
2014-08-26,1.3188958168029785,82.6500015258789,0.52,2.39,-0.0458402576226575,0.5658402576226575,0.07667112739241505,1.87,0.7700042724609375
2014-08-27,1.3170199394226074,82.43000030517578,0.51,2.37,-0.0565417743537386,0.5665417743537386,0.04139979366506186,1.86,0.18000030517578125
2014-08-28,1.319087266921997,82.4800033569336,0.5,2.34,-0.0456866587391115,0.5456866587391115,0.025216689074583187,1.8399999999999999,0.3300018310546875
2014-08-29,1.3184958696365356,82.75,0.48,2.35,-0.0473967107675532,0.5273967107675532,-0.025705481665087015,1.87,0.410003662109375
2014-09-02,1.3131976127624512,82.98999786376953,0.53,2.42,-0.0536016685010647,0.5836016685010648,-0.008076537747820467,1.89,0.43999481201171875
2014-09-03,1.3131976127624512,82.87000274658203,0.52,2.41,-0.0475523967673496,0.5675523967673496,0.0017121391446920375,1.8900000000000001,0.220001220703125
2014-09-04,1.3150973320007324,83.81999969482422,0.54,2.45,-0.0978001663553964,0.6378001663553965,0.07125839200165784,1.9100000000000001,1.3899993896484375
2014-09-05,1.2932761907577515,83.76000213623047,0.52,2.46,-0.1039730634904638,0.6239730634904638,0.07828640475135229,1.94,1.279998779296875
2014-09-08,1.2953367233276367,84.2300033569336,0.54,2.48,-0.1046675991114423,0.6446675991114423,0.1172708883438891,1.94,1.4800033569335938
2014-09-09,1.2891082763671875,84.27999877929688,0.56,2.5,-0.097539630445246,0.6575396304452461,0.07393796194418134,1.94,1.2900009155273438
2014-09-10,1.2941968441009521,84.25,0.58,2.54,-0.0902472404855374,0.6702472404855373,0.10269484371818771,1.96,1.3799972534179688
2014-09-11,1.2917059659957886,84.30000305175781,0.58,2.54,-0.0911994986267723,0.6711994986267723,0.033399332271375815,1.96,0.48000335693359375
2014-09-12,1.2923569679260254,84.23999786376953,0.58,2.62,-0.0725965913227399,0.6525965913227398,0.028623527832276063,2.04,0.4799957275390625
2014-09-15,1.2960082292556763,84.26000213623047,0.58,2.6,-0.0870099932571002,0.6670099932571002,0.022342394145657862,2.02,0.029998779296875
2014-09-16,1.2939791679382324,84.06999969482422,0.55,2.6,-0.0777497029410723,0.6277497029410724,-0.029789927504173752,2.05,-0.20999908447265625
2014-09-17,1.2959076166152954,84.69999694824219,0.59,2.62,-0.0900588688259178,0.6800588688259178,0.009811628340380518,2.0300000000000002,0.4499969482421875
2014-09-18,1.285000205039978,84.31999969482422,0.59,2.63,-0.0669291348569229,0.6569291348569228,-0.01427036376984947,2.04,0.01999664306640625
2014-09-19,1.2920063734054565,84.80000305175781,0.59,2.59,-0.0837295255921461,0.673729525592146,0.02113293426940621,2.0,0.5600051879882812
2014-09-22,1.2841421365737915,84.66999816894531,0.58,2.57,-0.0889171022880508,0.6689171022880508,0.0019071090309505934,1.9899999999999998,0.40999603271484375
2014-09-23,1.2851488590240479,84.66000366210938,0.57,2.54,-0.0676634389948822,0.6376634389948821,0.00991373605380974,1.9700000000000002,0.5900039672851562
2014-09-24,1.2853965759277344,85.05000305175781,0.59,2.57,-0.0769941681516268,0.6669941681516267,-0.013064700674291108,1.98,0.350006103515625
2014-09-25,1.2778083086013794,85.19999694824219,0.56,2.52,-0.0901707520006849,0.650170752000685,-0.006758382856237866,1.96,0.8799972534179688
2014-09-26,1.2757054567337036,85.63999938964844,0.59,2.54,-0.0942846850941911,0.684284685094191,0.010555159502044997,1.9500000000000002,0.839996337890625
2014-09-29,1.2673146724700928,85.58999633789062,0.58,2.5,-0.0922217562804594,0.6722217562804593,0.003304653992408535,1.92,0.9199981689453125
2014-09-30,1.269083857536316,85.94000244140625,0.58,2.52,-0.0965022800761432,0.6765022800761431,0.03883884108126101,1.94,1.279998779296875
2014-10-01,1.262833595275879,85.97000122070312,0.53,2.42,-0.1059627800261151,0.6359627800261152,-0.03103138812551154,1.89,0.9199981689453125
2014-10-02,1.2624191045761108,85.5999984741211,0.53,2.44,-0.0966497354415407,0.6266497354415407,-0.023521016559144292,1.91,0.40000152587890625
2014-10-03,1.2670577764511108,86.69000244140625,0.57,2.45,-0.0779789095431975,0.6479789095431975,-0.03630577555099357,1.8800000000000003,1.0500030517578125
2014-10-06,1.2513607740402222,85.70999908447266,0.54,2.43,-0.086584127544727,0.626584127544727,-0.045637628735732294,1.8900000000000001,0.12000274658203125
2014-10-07,1.264606237411499,85.66999816894531,0.52,2.36,-0.0877690283081604,0.6077690283081604,-0.06873325176798273,1.8399999999999999,-0.2700042724609375
2014-10-08,1.266800880432129,85.30000305175781,0.46,2.35,-0.0869696347226067,0.5469696347226067,-0.08899314530350844,1.8900000000000001,-0.6699981689453125
2014-10-09,1.2743074893951416,85.5199966430664,0.46,2.34,-0.099361839274533,0.559361839274533,-0.0672878961670077,1.88,-0.0800018310546875
2014-10-10,1.2689067125320435,85.91000366210938,0.45,2.31,-0.0856488895963658,0.5356488895963658,-0.11233001994683167,1.86,-0.779998779296875
2014-10-14,1.272394061088562,85.81999969482422,0.39,2.21,-0.0846027622470901,0.4746027622470901,-0.15198136529763695,1.8199999999999998,0.1100006103515625
2014-10-15,1.2639029026031494,85.1500015258789,0.34,2.15,-0.0946436037744784,0.4346436037744784,-0.17312542453368196,1.8099999999999998,-0.5199966430664062
2014-10-16,1.2821663618087769,85.0,0.35,2.17,-0.0719161520790945,0.4219161520790945,-0.12505348264351224,1.8199999999999998,-0.3000030517578125
2014-10-17,1.280442476272583,85.19000244140625,0.39,2.22,-0.0626273708252416,0.4526273708252416,-0.10673446844929135,1.83,-0.32999420166015625
2014-10-20,1.274957299232483,84.94999694824219,0.37,2.2,-0.0730473158596121,0.4430473158596121,-0.0926015737367537,1.83,-0.9600067138671875
2014-10-21,1.2795250415802002,85.30999755859375,0.38,2.23,-0.0657296646366396,0.4457296646366396,-0.028873097610450482,1.85,-0.5100021362304688
2014-10-22,1.2714719772338867,85.73999786376953,0.41,2.25,-0.0636410780250762,0.47364107802507616,0.03899747425059774,1.84,0.589996337890625
2014-10-23,1.2641425132751465,85.83999633789062,0.41,2.29,-0.065295882048276,0.475295882048276,0.0533797299691815,1.8800000000000001,0.839996337890625
2014-10-24,1.2654062509536743,85.7300033569336,0.41,2.29,-0.0652286989699124,0.4752286989699124,0.02260132814467075,1.8800000000000001,0.5400009155273438
2014-10-27,1.2676681280136108,85.5,0.41,2.27,-0.0595127840021336,0.4695127840021336,0.026465468142521487,1.86,0.5500030517578125
2014-10-28,1.270147681236267,85.41000366210938,0.42,2.3,-0.0639671087545257,0.4839671087545257,0.0382374441178861,1.88,0.100006103515625
2014-10-29,1.273836612701416,85.94999694824219,0.48,2.34,-0.0605834357779087,0.5405834357779087,0.06694235775283253,1.8599999999999999,0.20999908447265625
2014-10-30,1.2632802724838257,86.1500015258789,0.48,2.32,-0.0779384077526401,0.5579384077526401,0.08264252570436414,1.8399999999999999,0.31000518798828125
2014-10-31,1.2613362073898315,86.87999725341797,0.5,2.35,-0.0826690687449698,0.5826690687449698,0.10744036977505744,1.85,1.149993896484375
2014-11-03,1.2503125667572021,87.30999755859375,0.52,2.36,-0.0786524595747577,0.5986524595747578,0.12913967557262418,1.8399999999999999,1.80999755859375
2014-11-04,1.2495938539505005,86.9800033569336,0.52,2.35,-0.0776693318663475,0.5976693318663475,0.11370222311182182,1.83,1.5699996948242188
2014-11-05,1.2552564144134521,87.44000244140625,0.52,2.36,-0.0821962963296334,0.6021962963296335,0.06161286055172477,1.8399999999999999,1.4900054931640625
2014-11-06,1.2480031251907349,88.01000213623047,0.54,2.39,-0.0872766534648827,0.6272766534648827,0.06933824571224256,1.85,1.8600006103515625
2014-11-07,1.238006830215454,87.63999938964844,0.51,2.32,-0.0886650127680819,0.5986650127680819,0.015995944023112108,1.8099999999999998,0.7600021362304688
2014-11-10,1.246137022972107,87.80999755859375,0.55,2.38,-0.0831299309479853,0.6331299309479853,0.03447747137322754,1.8299999999999998,0.5
2014-11-12,1.2475829124450684,87.81999969482422,0.55,2.37,-0.0840209364572466,0.6340209364572467,0.036351604590899145,1.82,0.839996337890625
2014-11-13,1.242992639541626,87.66999816894531,0.53,2.35,-0.0815239638960556,0.6115239638960557,0.009327667566422226,1.82,0.2299957275390625
2014-11-14,1.2475982904434204,87.52999877929688,0.54,2.32,-0.0834741019077225,0.6234741019077226,-0.0038025515571601387,1.7799999999999998,-0.48000335693359375
2014-11-17,1.251846432685852,87.93000030517578,0.54,2.34,-0.0730568064581378,0.6130568064581379,0.014391793690055943,1.7999999999999998,0.29000091552734375
2014-11-18,1.2448959350585938,87.58000183105469,0.53,2.32,-0.0752249968063596,0.6052249968063597,-0.027904934141625648,1.7899999999999998,-0.2299957275390625
2014-11-19,1.253337025642395,87.6500015258789,0.54,2.36,-0.0458306275497291,0.5858306275497291,-0.04819030890751752,1.8199999999999998,-0.1699981689453125
2014-11-20,1.2540757656097412,87.58999633789062,0.53,2.34,-0.0558231583775308,0.5858231583775309,-0.025700805518524827,1.8099999999999998,-0.0800018310546875
2014-11-21,1.2545005083084106,88.30999755859375,0.53,2.31,-0.0679493513680351,0.5979493513680352,-0.02552475053968739,1.78,0.779998779296875
2014-11-24,1.2375012636184692,88.1500015258789,0.53,2.3,-0.0704477347813306,0.6004477347813306,-0.012609071676807249,1.7699999999999998,0.220001220703125
2014-11-25,1.2433171272277832,87.91999816894531,0.51,2.27,-0.0726130962495035,0.5826130962495035,-0.022611900556856135,1.76,0.339996337890625
2014-11-26,1.24806547164917,87.61000061035156,0.53,2.24,-0.0709917761949028,0.6009917761949028,0.015161148645173705,1.7100000000000002,-0.04000091552734375
2014-11-28,1.246199131011963,88.36000061035156,0.47,2.18,-0.0667006797005105,0.5367006797005105,-0.049122478677020354,1.7100000000000002,0.7700042724609375
2014-12-01,1.2438275814056396,87.94999694824219,0.49,2.22,-0.0585325333820647,0.5485325333820646,-0.04941681798597053,1.7300000000000002,-0.3600006103515625
2014-12-02,1.247007131576538,88.6500015258789,0.55,2.28,-0.0514599609062331,0.6014599609062331,0.0010122261249024822,1.7299999999999998,0.5
2014-12-03,1.2388503551483154,88.95999908447266,0.57,2.29,-0.0617956699173101,0.6317956699173101,0.04918257366780654,1.7200000000000002,1.0400009155273438
2014-12-04,1.231663703918457,88.69999694824219,0.55,2.25,-0.0610599386427632,0.6110599386427632,0.010068162447860352,1.7,1.089996337890625
2014-12-05,1.2386661767959595,89.33000183105469,0.65,2.31,-0.056357774284768,0.706357774284768,0.16965709458425748,1.6600000000000001,0.970001220703125
2014-12-08,1.2294074296951294,89.04000091552734,0.64,2.26,-0.0638372157580215,0.7038372157580215,0.15530468237595685,1.6199999999999997,1.0900039672851562
2014-12-09,1.2315119504928589,88.69000244140625,0.64,2.22,-0.0615561461388685,0.7015561461388685,0.10009618523263542,1.58,0.04000091552734375
2014-12-10,1.2394952774047852,88.2699966430664,0.59,2.18,-0.0601446429641279,0.6501446429641279,0.018348973046817818,1.5900000000000003,-0.69000244140625
2014-12-11,1.2473959922790527,88.66000366210938,0.62,2.19,-0.0616723782355475,0.6816723782355475,0.07061243959278429,1.5699999999999998,-0.0399932861328125
2014-12-12,1.2394952774047852,88.36000061035156,0.56,2.1,-0.06673375497685,0.62673375497685,-0.07962401930791796,1.54,-0.970001220703125
2014-12-15,1.2463544607162476,88.45999908447266,0.6,2.12,-0.0648555882157948,0.6648555882157948,-0.03898162754222667,1.52,-0.5800018310546875
2014-12-16,1.2443537712097168,88.12999725341797,0.58,2.07,-0.0697392670211427,0.6497392670211427,-0.05181687911772581,1.4899999999999998,-0.5600051879882812
2014-12-17,1.2512043714523315,89.12999725341797,0.62,2.14,-0.0748951113534874,0.6948951113534874,0.04475046838935948,1.52,0.8600006103515625
2014-12-18,1.2338976860046387,89.23999786376953,0.67,2.22,-0.080096370326252,0.750096370326252,0.06842399209070449,1.5500000000000003,0.5799942016601562
2014-12-19,1.229044795036316,89.5999984741211,0.67,2.17,-0.0873057683319236,0.7573057683319236,0.13057201335507362,1.5,1.2399978637695312
2014-12-22,1.2225985527038574,89.7699966430664,0.71,2.17,-0.0901097248538951,0.8001097248538951,0.13525413663810026,1.46,1.30999755859375
2014-12-23,1.2223743200302124,90.05999755859375,0.73,2.26,-0.0932660807162206,0.8232660807162205,0.17352681369507783,1.5299999999999998,1.9300003051757812
2014-12-24,1.217492938041687,89.97000122070312,0.73,2.27,-0.0957752260596063,0.8257752260596063,0.13088011470611893,1.54,0.8400039672851562
2014-12-29,1.216944694519043,90.19000244140625,0.72,2.22,-0.1035949295957125,0.8235949295957125,0.07349855926946047,1.5000000000000002,0.9500045776367188
2014-12-30,1.215347409248352,89.98999786376953,0.69,2.2,-0.1136337042352924,0.8036337042352923,0.0463279359033687,1.5100000000000002,0.3899993896484375
2014-12-31,1.2162047624588013,90.2699966430664,0.67,2.17,-0.1162599667172621,0.7862599667172622,-0.013849758136632917,1.5,0.5
2015-01-02,1.2089413404464722,91.08000183105469,0.66,2.12,-0.1159417169391758,0.7759417169391758,-0.04732436377704474,1.46,1.0200042724609375
2015-01-05,1.194643259048462,91.37999725341797,0.68,2.04,-0.1136904946764816,0.7936904946764817,-0.03208473138312462,1.3599999999999999,1.4099960327148438
2015-01-06,1.193901538848877,91.5,0.65,1.97,-0.1076053677063701,0.7576053677063701,-0.06598956188934235,1.3199999999999998,1.30999755859375
2015-01-07,1.1875356435775757,91.88999938964844,0.62,1.96,-0.1167920912234565,0.7367920912234565,-0.06684161301183589,1.3399999999999999,1.9000015258789062
2015-01-08,1.1836000680923462,92.37000274658203,0.62,2.03,-0.1182212538996978,0.7382212538996978,-0.04803871281756433,1.4099999999999997,2.100006103515625
2015-01-09,1.1796069145202637,91.94000244140625,0.59,1.98,-0.1264501051782476,0.7164501051782476,-0.05949161176092821,1.3900000000000001,0.8600006103515625
2015-01-12,1.187070369720459,91.9800033569336,0.56,1.92,-0.1279719574150135,0.6879719574150136,-0.10571853726146807,1.3599999999999999,0.600006103515625
2015-01-13,1.1831519603729248,92.30999755859375,0.54,1.91,-0.1310157509565424,0.6710157509565424,-0.08658961674982768,1.3699999999999999,0.80999755859375
2015-01-14,1.1778285503387451,92.16000366210938,0.51,1.86,-0.1356224659371396,0.6456224659371397,-0.09116962528631678,1.35,0.2700042724609375
2015-01-15,1.1785920858383179,92.3499984741211,0.44,1.77,-0.1612619141350202,0.6012619141350202,-0.13695933976467767,1.33,-0.0200042724609375
2015-01-16,1.1637378931045532,92.5199966430664,0.49,1.83,-0.1646247357850478,0.6546247357850478,-0.061825369393199825,1.34,0.5799942016601562
2015-01-20,1.1597968339920044,93.05000305175781,0.53,1.82,-0.1502237123274383,0.6802237123274384,-0.007748245087575212,1.29,1.0699996948242188
2015-01-21,1.1546944379806519,92.9000015258789,0.53,1.87,-0.1122389197494431,0.6422389197494431,-0.028776831207099285,1.34,0.5900039672851562
2015-01-22,1.1615345478057861,94.23999786376953,0.53,1.9,-0.1534603599926254,0.6834603599926254,0.037837894055485766,1.3699999999999999,2.0799942016601562
2015-01-23,1.1346745491027832,95.0,0.52,1.81,-0.1431751844696015,0.6631751844696016,0.06191327033458138,1.29,2.6500015258789062
2015-01-26,1.1125450134277344,94.80000305175781,0.54,1.83,-0.1231669908270289,0.6631669908270289,0.00854225504198114,1.29,2.2800064086914062
2015-01-27,1.1247708797454834,94.0199966430664,0.54,1.83,-0.1180745230679589,0.658074523067959,-0.022149189259479396,1.29,0.9699935913085938
2015-01-28,1.1367381811141968,94.47000122070312,0.5,1.73,-0.1272113072234366,0.6272113072234367,-0.015027612526006484,1.23,1.5699996948242188
2015-01-29,1.1281461715698242,94.77999877929688,0.51,1.77,-0.145216604205804,0.6552166042058041,-0.028243755786821367,1.26,0.5400009155273438
2015-01-30,1.13355553150177,94.80000305175781,0.47,1.68,-0.1420980107298464,0.6120980107298464,-0.05107717373975518,1.21,-0.1999969482421875
2015-02-02,1.1309019327163696,94.5,0.49,1.68,-0.1542298879030115,0.6442298879030115,-0.0189371029240174,1.19,-0.3000030517578125
2015-02-03,1.1341726779937744,93.5999984741211,0.52,1.79,-0.1593573289183394,0.6793573289183394,0.02128280585038045,1.27,-0.4199981689453125
2015-02-04,1.145737886428833,93.98999786376953,0.52,1.81,-0.1709638050429393,0.6909638050429393,0.06375249781950265,1.29,-0.48000335693359375
2015-02-05,1.131874680519104,94.69999694824219,0.52,1.83,-0.1685579383922515,0.6885579383922515,0.03334133418644747,1.31,-0.0800018310546875
2015-02-06,1.147196888923645,94.69999694824219,0.65,1.95,-0.1779871963982288,0.8279871963982288,0.21588918566838244,1.2999999999999998,-0.100006103515625
2015-02-09,1.1314393281936646,94.44999694824219,0.65,1.96,-0.170895123023629,0.820895123023629,0.1766652351206175,1.31,-0.0500030517578125
2015-02-10,1.1326953172683716,94.76000213623047,0.67,2.01,-0.1763123241047375,0.8463123241047376,0.16695499518639811,1.3399999999999999,1.160003662109375
2015-02-11,1.1321951150894165,94.98999786376953,0.67,2.0,-0.1735606690941047,0.8435606690941048,0.15259686405116546,1.33,1.0
2015-02-12,1.131196141242981,94.08999633789062,0.61,1.99,-0.1819430883312873,0.7919430883312872,0.10338514993903569,1.38,-0.6100006103515625
2015-02-13,1.140393853187561,94.19999694824219,0.66,2.02,-0.1874567646667271,0.8474567646667271,0.019469568268498327,1.3599999999999999,-0.5
2015-02-17,1.1334012746810913,94.05999755859375,0.7,2.14,-0.1775887671017317,0.8775887671017316,0.05669364407810262,1.4400000000000002,-0.3899993896484375
2015-02-18,1.1404719352722168,94.19999694824219,0.62,2.07,-0.1855126001225484,0.8055126001225483,-0.04079972398218923,1.4499999999999997,-0.5600051879882812
2015-02-19,1.1400039196014404,94.4000015258789,0.67,2.11,-0.1851740109489035,0.8551740109489036,0.011613341854798787,1.44,-0.589996337890625
2015-02-20,1.1366735696792603,94.25,0.67,2.13,-0.1889554971223837,0.8589554971223837,0.06701240879109649,1.46,0.160003662109375
2015-02-23,1.1381484270095825,94.56999969482422,0.64,2.06,-0.1827884203536802,0.8227884203536802,-0.024668344313046986,1.42,0.37000274658203125
2015-02-24,1.1332985162734985,94.48999786376953,0.6,1.99,-0.1747800252721574,0.7747800252721574,-0.10280874182957422,1.3900000000000001,0.43000030517578125
2015-02-25,1.1339025497436523,94.20999908447266,0.61,1.96,-0.1885157880819123,0.7985157880819123,-0.006996812040636069,1.35,0.01000213623046875
2015-02-26,1.1363636255264282,95.29000091552734,0.66,2.03,-0.2067671927064989,0.8667671927064989,0.011593181757595383,1.3699999999999997,0.8899993896484375
2015-02-27,1.1205360889434814,95.25,0.63,2.0,-0.2010120048677314,0.8310120048677314,-0.027943492254652313,1.37,1.0
2015-03-02,1.1161960363388062,95.45999908447266,0.66,2.08,-0.1860227618669232,0.8460227618669233,0.023234341513243106,1.42,0.8899993896484375
2015-03-03,1.1179054975509644,95.37999725341797,0.68,2.12,-0.1815655884101954,0.8615655884101955,0.08678556313803809,1.44,0.8899993896484375
2015-03-04,1.118217945098877,95.97000122070312,0.66,2.12,-0.1744663742214082,0.8344663742214082,0.03595058613949598,1.46,1.7600021362304688
2015-03-05,1.1082050800323486,96.37999725341797,0.65,2.11,-0.1774210298950514,0.8274210298950514,-0.03934616281144754,1.46,1.089996337890625
2015-03-06,1.1032048463821411,97.62000274658203,0.73,2.24,-0.1861277071337647,0.9161277071337647,0.08511570226603327,1.5100000000000002,2.3700027465820312
2015-03-09,1.0845986604690552,97.58999633789062,0.7,2.2,-0.1919520379084163,0.8919520379084163,0.045929276041492995,1.5000000000000002,2.1299972534179688
2015-03-10,1.0833414793014526,98.62000274658203,0.7,2.14,-0.2108014720431157,0.9108014720431157,0.0492358836329202,1.4400000000000002,3.2400054931640625
2015-03-11,1.0708701610565186,99.80000305175781,0.7,2.11,-0.2067221939761641,0.906722193976164,0.07225581975475581,1.41,3.8300018310546875
2015-03-12,1.0548745393753052,99.1500015258789,0.67,2.1,-0.2122770537875463,0.8822770537875464,0.054856023892495,1.4300000000000002,2.7700042724609375
2015-03-13,1.0626314878463745,100.33000183105469,0.68,2.13,-0.2104870986177632,0.8904870986177633,-0.025640608516001362,1.4499999999999997,2.7099990844726562
2015-03-16,1.0481630563735962,99.5999984741211,0.66,2.1,-0.2009054681345352,0.8609054681345352,-0.031046569773881094,1.44,2.0100021362304688
2015-03-17,1.0572947263717651,99.58999633789062,0.7,2.06,-0.1781305760359247,0.8781305760359246,-0.032670896007191086,1.36,0.9699935913085938
2015-03-18,1.0598047971725464,98.55000305175781,0.57,1.93,-0.2051128307749669,0.7751128307749668,-0.1316093632011972,1.3599999999999999,-1.25
2015-03-19,1.0849988460540771,99.0999984741211,0.63,1.98,-0.2126192576172207,0.8426192576172207,-0.03965779617032572,1.35,-0.0500030517578125
2015-03-20,1.066894292831421,97.91000366210938,0.6,1.93,-0.2143199236104517,0.8143199236104517,-0.07616717500731163,1.33,-2.4199981689453125
2015-03-23,1.0826611518859863,97.02999877929688,0.6,1.92,-0.1972612535228263,0.7972612535228263,-0.06364421461170888,1.3199999999999998,-2.5699996948242188
2015-03-24,1.094499111175537,97.19000244140625,0.58,1.88,-0.1956491082270998,0.7756491082270998,-0.10248146780882483,1.2999999999999998,-2.399993896484375
2015-03-25,1.0902034044265747,96.9800033569336,0.59,1.93,-0.201750693500046,0.791750693500046,0.016637862725079167,1.3399999999999999,-1.5699996948242188
2015-03-26,1.0960465669631958,97.44000244140625,0.61,2.01,-0.2241479472175986,0.8341479472175986,-0.008471310399622123,1.4,-1.6599960327148438
2015-03-27,1.0886367559432983,97.29000091552734,0.58,1.95,-0.2238468568540319,0.8038468568540319,-0.010473066756419791,1.37,-0.6200027465820312
2015-03-30,1.0884946584701538,97.9800033569336,0.58,1.96,-0.2166273895230797,0.7966273895230797,-0.0006338639997466311,1.38,0.9500045776367188
2015-03-31,1.0830246210098267,98.36000061035156,0.56,1.94,-0.2243697700188303,0.7843697700188303,0.008720661791730588,1.38,1.1699981689453125
2015-04-01,1.073814034461975,98.19000244140625,0.55,1.87,-0.2309630186338053,0.7809630186338054,-0.01078767486624066,1.32,1.2099990844726562
2015-04-02,1.0769942998886108,97.44000244140625,0.55,1.92,-0.2271598415518857,0.7771598415518858,-0.056988105665712774,1.3699999999999999,0.0
2015-04-07,1.0934817790985107,97.83000183105469,0.52,1.89,-0.2276459526367769,0.7476459526367769,-0.05620090421725499,1.3699999999999999,0.5400009155273438
2015-04-08,1.0824151039123535,98.06999969482422,0.54,1.92,-0.2562334065087719,0.796233406508772,-0.0003939830143077083,1.38,0.089996337890625
2015-04-09,1.078527569770813,99.16000366210938,0.56,1.97,-0.2429611973163681,0.8029611973163682,0.01859142729753782,1.41,0.8000030517578125
2015-04-10,1.0669056177139282,99.38999938964844,0.57,1.96,-0.2418979200363386,0.8118979200363385,0.030934901402533188,1.3900000000000001,1.1999969482421875
2015-04-13,1.0609854459762573,99.48999786376953,0.54,1.94,-0.2387911957662684,0.7787911957662684,0.001631354214382652,1.4,2.0499954223632812
2015-04-14,1.0572947263717651,98.76000213623047,0.53,1.9,-0.2377004472117725,0.7677004472117726,0.02005449457499564,1.3699999999999999,0.9300003051757812
2015-04-15,1.0647132396697998,98.33000183105469,0.51,1.91,-0.2389721289170749,0.7489721289170749,-0.04726127759169707,1.4,0.26000213623046875
2015-04-16,1.0676802396774292,97.41999816894531,0.5,1.9,-0.2426191488612529,0.7426191488612529,-0.06034204845511526,1.4,-1.7400054931640625
2015-04-17,1.0755579471588135,97.5199966430664,0.51,1.87,-0.23919360764877,0.74919360764877,-0.06270431238756857,1.36,-1.8700027465820312
2015-04-20,1.0810226202011108,97.94000244140625,0.55,1.9,-0.227710009294351,0.7777100092943511,-0.0010811864719173503,1.3499999999999999,-1.5499954223632812
2015-04-21,1.0747487545013428,97.9800033569336,0.55,1.92,-0.233015221016145,0.7830152210161451,0.015314773804372517,1.3699999999999999,-0.779998779296875
2015-04-22,1.074171543121338,98.0199966430664,0.57,1.99,-0.2221565955152651,0.7921565955152651,0.043184466598190197,1.42,-0.31000518798828125
2015-04-23,1.0725815296173096,97.27999877929688,0.55,1.96,-0.2533728477419401,0.8033728477419402,0.06075369888068727,1.41,-0.1399993896484375
2015-04-24,1.0815019607543945,96.91999816894531,0.54,1.93,-0.2480600827247552,0.7880600827247553,0.038866475075985285,1.39,-0.5999984741210938
2015-04-27,1.086897373199463,96.7699966430664,0.54,1.94,-0.246189207626944,0.786189207626944,0.008479198332592919,1.4,-1.1700057983398438
2015-04-28,1.0877959728240967,96.08999633789062,0.56,2.0,-0.2583175905191692,0.8183175905191693,0.035302369503024233,1.44,-1.8900070190429688
2015-04-29,1.096912145614624,95.12000274658203,0.56,2.06,-0.2297789128412901,0.7897789128412902,-0.002377682673974868,1.5,-2.899993896484375
2015-04-30,1.1114321947097778,94.5999984741211,0.58,2.05,-0.2066047888869402,0.7866047888869402,-0.01676805885499999,1.4699999999999998,-2.6800003051757812
2015-05-04,1.1185932159423828,95.4800033569336,0.6,2.16,-0.2000631283330729,0.8000631283330729,0.012003045608317664,1.56,-1.4399948120117188
2015-05-05,1.1149141788482666,95.12999725341797,0.62,2.19,-0.200934016722603,0.820934016722603,0.034744809095659024,1.5699999999999998,-1.6399993896484375
2015-05-06,1.1186307668685913,94.12999725341797,0.65,2.25,-0.204930267634277,0.854930267634277,0.03661267711510774,1.6,-1.9599990844726562
2015-05-07,1.1341469287872314,94.62000274658203,0.63,2.18,-0.2045708562871209,0.8345708562871209,0.044791943445830706,1.5500000000000003,-0.5
2015-05-08,1.1246949434280396,94.79000091552734,0.59,2.16,-0.2119405329840011,0.801940532984001,0.015335744097060844,1.5700000000000003,0.19000244140625
2015-05-11,1.1194071769714355,95.01000213623047,0.62,2.28,-0.2072730527196868,0.8272730527196868,0.02720992438661385,1.6599999999999997,-0.470001220703125
2015-05-12,1.114441990852356,94.52999877929688,0.61,2.28,-0.1932700030890772,0.8032700030890771,-0.017664013633525877,1.67,-0.5999984741210938
2015-05-13,1.1221455335617065,93.62000274658203,0.59,2.27,-0.1914572585854959,0.7814572585854959,-0.07347300904878118,1.6800000000000002,-0.5099945068359375
2015-05-14,1.1350480318069458,93.36000061035156,0.56,2.23,-0.1850300078831688,0.7450300078831689,-0.08954084840395204,1.67,-1.2600021362304688
2015-05-15,1.1404979228973389,93.13999938964844,0.55,2.14,-0.1924563173386315,0.7424563173386316,-0.05948421564536943,1.59,-1.6500015258789062
2015-05-18,1.144505262374878,94.19000244140625,0.58,2.23,-0.192069556397382,0.772069556397382,-0.05520349632230481,1.65,-0.8199996948242188
2015-05-19,1.1326183080673218,95.2699966430664,0.63,2.27,-0.2029762934947017,0.8329762934947017,0.029706290405624558,1.6400000000000001,0.7399978637695312
2015-05-20,1.1146656274795532,95.44999694824219,0.6,2.26,-0.2103386826286259,0.8103386826286259,0.02888142404312999,1.6599999999999997,1.8299942016601562
2015-05-21,1.1100751161575317,95.26000213623047,0.6,2.19,-0.2182421499845954,0.8182421499845953,0.07321214210142646,1.5899999999999999,1.9000015258789062
2015-05-22,1.1111851930618286,96.01000213623047,0.64,2.21,-0.2129426469731725,0.8529426469731725,0.11048632963454086,1.5699999999999998,2.8700027465820312
2015-05-26,1.0971167087554932,97.30000305175781,0.64,2.14,-0.2203318969332559,0.8603318969332558,0.0882623405358739,1.5,3.1100006103515625
2015-05-27,1.08888578414917,97.37000274658203,0.64,2.14,-0.2164861509024296,0.8564861509024296,0.02350985740772793,1.5,2.100006103515625
2015-05-28,1.0900014638900757,96.97000122070312,0.62,2.13,-0.227272843818453,0.847272843818453,0.036934161189827175,1.5099999999999998,1.5200042724609375
2015-05-29,1.0960345268249512,96.91000366210938,0.61,2.12,-0.2268033169818473,0.8368033169818473,0.018561166997251966,1.5100000000000002,1.6500015258789062
2015-06-01,1.0957943201065063,97.38999938964844,0.64,2.19,-0.2282004532156978,0.8682004532156978,0.015257806242525374,1.5499999999999998,1.3799972534179688
2015-06-02,1.0922993421554565,95.83999633789062,0.64,2.27,-0.2000370288833297,0.8400370288833297,-0.020294868049926196,1.63,-1.4600067138671875
2015-06-03,1.1150012016296387,95.47000122070312,0.69,2.38,-0.1755933361055766,0.8655933361055765,0.009107185203146906,1.69,-1.9000015258789062
2015-06-04,1.1257838010787964,95.45999908447266,0.66,2.31,-0.1980051506648352,0.8580051506648352,0.010732306846382156,1.65,-1.5100021362304688
2015-06-05,1.120787262916565,96.30999755859375,0.73,2.41,-0.1860264093005172,0.9160264093005172,0.07922309231866986,1.6800000000000002,-0.600006103515625
2015-06-08,1.1108149290084839,95.30000305175781,0.7,2.39,-0.1818876893625096,0.8818876893625096,0.013687236146811776,1.6900000000000002,-2.089996337890625
2015-06-09,1.128095269203186,95.16999816894531,0.72,2.42,-0.1633009483921341,0.8833009483921341,0.04326391950880448,1.7,-0.6699981689453125
2015-06-10,1.1299052238464355,94.6500015258789,0.75,2.5,-0.1791834578301598,0.9291834578301598,0.06359012172458323,1.75,-0.8199996948242188
2015-06-11,1.131196141242981,94.9800033569336,0.73,2.39,-0.1866227197991656,0.9166227197991655,0.05861756913433036,1.6600000000000001,-0.4799957275390625
2015-06-12,1.1240627765655518,94.97000122070312,0.74,2.39,-0.196859631080672,0.936859631080672,0.020833221780154898,1.6500000000000001,-1.339996337890625
2015-06-15,1.1219944953918457,94.80999755859375,0.72,2.36,-0.190340665764805,0.910340665764805,0.028452976402295382,1.64,-0.4900054931640625
2015-06-16,1.1277008056640625,95.0,0.71,2.32,-0.1963852631315004,0.9063852631315004,0.02308431473936623,1.6099999999999999,-0.1699981689453125
2015-06-17,1.124201774597168,94.30000305175781,0.67,2.32,-0.1940205685838985,0.8640205685838985,-0.06516288924626124,1.65,-0.34999847412109375
2015-06-18,1.1369967460632324,94.04000091552734,0.66,2.35,-0.2065563302692641,0.8665563302692642,-0.05006638952990139,1.69,-0.94000244140625
2015-06-19,1.1370742321014404,94.08999633789062,0.65,2.26,-0.2062361148384213,0.8562361148384213,-0.08062351624225073,1.6099999999999999,-0.8800048828125
2015-06-22,1.1372941732406616,94.33000183105469,0.68,2.37,-0.1935208746153482,0.8735208746153482,-0.03681979114945677,1.69,-0.4799957275390625
2015-06-23,1.13490629196167,95.43000030517578,0.7,2.42,-0.2023818526341718,0.9023818526341718,-0.004003410497328552,1.72,0.43000030517578125
2015-06-24,1.1172186136245728,95.26000213623047,0.68,2.38,-0.208747654689172,0.888747654689172,0.02472708610527352,1.6999999999999997,0.9599990844726562
2015-06-25,1.1206992864608765,95.19000244140625,0.68,2.4,-0.210862013615269,0.8908620136152691,0.024305683346004914,1.7199999999999998,1.1500015258789062
2015-06-26,1.1202975511550903,95.47000122070312,0.72,2.49,-0.2095391441907286,0.9295391441907286,0.07330302935230726,1.7700000000000002,1.3800048828125
2015-06-29,1.0975021123886108,94.79000091552734,0.64,2.33,-0.2150425071665971,0.8550425071665971,-0.018478367448751087,1.69,0.45999908447265625
2015-06-30,1.122296690940857,95.48999786376953,0.64,2.35,-0.2282906410996241,0.8682906410996241,-0.03409121153454775,1.71,0.05999755859375
2015-07-01,1.1134989261627197,96.30999755859375,0.69,2.43,-0.2334664815093523,0.9234664815093523,0.03471882682018024,1.7400000000000002,1.0499954223632812
2015-07-02,1.103363037109375,96.11000061035156,0.64,2.4,-0.2554172114077973,0.8954172114077973,0.0045551977925282205,1.7599999999999998,0.9199981689453125
2015-07-06,1.0995051860809326,96.30000305175781,0.6,2.3,-0.2668487583900072,0.8668487583900072,-0.0626903858007214,1.6999999999999997,0.8300018310546875
2015-07-07,1.1048991680145264,96.87000274658203,0.58,2.27,-0.2683120059607122,0.8483120059607121,-0.006730501205885031,1.69,2.0800018310546875
2015-07-08,1.1009942293167114,96.29000091552734,0.55,2.22,-0.2666777612899154,0.8166777612899154,-0.051612879809708634,1.6700000000000002,0.8000030517578125
2015-07-09,1.1071009635925293,96.61000061035156,0.6,2.32,-0.2636724543351212,0.8636724543351212,-0.0597940271742311,1.7199999999999998,0.3000030517578125
2015-07-10,1.1063048839569092,96.02999877929688,0.65,2.42,-0.2265040359021097,0.8765040359021097,-0.018913175505687607,1.77,-0.0800018310546875
2015-07-13,1.1129041910171509,96.86000061035156,0.69,2.44,-0.2260332907121121,0.916033290712112,0.049184532322104846,1.75,0.55999755859375
2015-07-14,1.099045991897583,96.63999938964844,0.66,2.41,-0.2349619220356733,0.8949619220356733,0.04664991607496116,1.75,-0.23000335693359375
2015-07-15,1.1008002758026123,97.12999725341797,0.64,2.36,-0.2516386919765743,0.8916386919765743,0.07496093068665888,1.7199999999999998,0.839996337890625
2015-07-16,1.0943553447723389,97.66000366210938,0.67,2.36,-0.2326919861351117,0.9026919861351117,0.039019531799990514,1.69,1.0500030517578125
2015-07-17,1.0886012315750122,97.86000061035156,0.68,2.34,-0.2426821390429585,0.9226821390429585,0.0461781031408488,1.6599999999999997,1.8300018310546875
2015-07-20,1.0830246210098267,98.02999877929688,0.71,2.38,-0.2381686853804745,0.9481686853804745,0.03213539466836246,1.67,1.1699981689453125
2015-07-21,1.0835410356521606,97.33000183105469,0.71,2.35,-0.2355860987549496,0.9455860987549496,0.050624176719276326,1.6400000000000001,0.69000244140625
2015-07-22,1.0939961671829224,97.5999984741211,0.75,2.33,-0.2388041216162029,0.9888041216162029,0.0971654296396286,1.58,0.470001220703125
2015-07-23,1.0927051305770874,97.12000274658203,0.71,2.28,-0.2397407641785272,0.9497407641785272,0.04704877804341545,1.5699999999999998,-0.5400009155273438
2015-07-24,1.0989010334014893,97.23999786376953,0.7,2.27,-0.2490858411671821,0.9490858411671821,0.026403702124223605,1.57,-0.6200027465820312
2015-07-27,1.0972371101379395,96.5,0.68,2.23,-0.2464628863016578,0.9264628863016579,-0.021705799078816645,1.5499999999999998,-1.529998779296875
2015-07-28,1.109004020690918,96.7699966430664,0.69,2.26,-0.2478856934584599,0.9378856934584598,-0.007700405296489743,1.5699999999999998,-0.5600051879882812
2015-07-29,1.1065986156463623,96.9800033569336,0.7,2.29,-0.2515054625339772,0.9515054625339772,-0.03729865908222574,1.59,-0.6199951171875
2015-07-30,1.098406195640564,97.55999755859375,0.72,2.28,-0.2623903068150588,0.9823903068150588,0.03264954263653164,1.5599999999999998,0.43999481201171875
2015-07-31,1.0939244031906128,97.37000274658203,0.67,2.2,-0.2559746368224578,0.9259746368224578,-0.023111204344724245,1.5300000000000002,0.1300048828125
2015-08-03,1.0969001054763794,97.48999786376953,0.68,2.16,-0.2582786657904565,0.9382786657904565,0.011815779488798639,1.48,0.9899978637695312
2015-08-04,1.09560227394104,97.93000030517578,0.74,2.23,-0.2592443215851514,0.9992443215851514,0.06135862812669157,1.49,1.160003662109375
2015-08-05,1.0888975858688354,97.95999908447266,0.73,2.28,-0.2484276642423579,0.9784276642423579,0.026922201708380777,1.5499999999999998,0.9799957275390625
2015-08-06,1.0903104543685913,97.83000183105469,0.71,2.23,-0.2553208382848175,0.9653208382848175,-0.017069468530241272,1.52,0.2700042724609375
2015-08-07,1.0927051305770874,97.55999755859375,0.73,2.18,-0.2732564055479578,1.0032564055479578,0.07728176872549997,1.4500000000000002,0.18999481201171875
2015-08-10,1.0965032577514648,97.16000366210938,0.73,2.24,-0.2718277392941759,1.001827739294176,0.06354907350371941,1.5100000000000002,-0.32999420166015625
2015-08-11,1.1016976833343506,97.29000091552734,0.68,2.15,-0.2750638225251469,0.9550638225251469,-0.04418049906000454,1.4699999999999998,-0.6399993896484375
2015-08-12,1.104203701019287,96.26000213623047,0.67,2.14,-0.2808004620790525,0.9508004620790526,-0.027627202163305387,1.4700000000000002,-1.6999969482421875
2015-08-13,1.1160963773727417,96.44999694824219,0.72,2.19,-0.2739934136366648,0.9939934136366648,0.028672575351847307,1.47,-1.3800048828125
2015-08-14,1.1160963773727417,96.56999969482422,0.73,2.2,-0.2702203431280827,1.0002203431280827,-0.003036062419875085,1.4700000000000002,-0.9899978637695312
2015-08-17,1.1092993021011353,96.81999969482422,0.72,2.16,-0.2659437424844122,0.9859437424844122,-0.015883996809763712,1.4400000000000002,-0.34000396728515625
2015-08-18,1.107800006866455,96.97000122070312,0.74,2.2,-0.2516881716010013,0.9916881716010013,0.036624349075854434,1.4600000000000002,-0.31999969482421875
2015-08-19,1.1030831336975098,96.45999908447266,0.67,2.12,-0.2492054413369659,0.9192054413369659,-0.031595020742086644,1.4500000000000002,0.1999969482421875
2015-08-20,1.1118029356002808,95.75,0.69,2.09,-0.2641433179850962,0.9541433179850962,-0.03985009565156861,1.4,-0.6999969482421875
2015-08-21,1.1236965656280518,94.83000183105469,0.64,2.05,-0.2579606270131471,0.897960627013147,-0.10225971611493567,1.4099999999999997,-1.7399978637695312
2015-08-24,1.1376951932907104,93.30999755859375,0.59,2.01,-0.2597144344129025,0.8497144344129024,-0.1362293080715098,1.42,-3.5100021362304688
2015-08-25,1.1583056449890137,94.52999877929688,0.67,2.12,-0.2345069280257201,0.9045069280257201,-0.08718124357528123,1.4500000000000002,-2.44000244140625
2015-08-26,1.1550945043563843,95.0999984741211,0.67,2.18,-0.2284324642895721,0.8984324642895721,-0.02077297704739378,1.5100000000000002,-1.3600006103515625
2015-08-27,1.1340054273605347,95.61000061035156,0.68,2.18,-0.2295354805476319,0.9095354805476319,-0.044607837437464326,1.5,-0.1399993896484375
2015-08-28,1.1247961521148682,96.11000061035156,0.72,2.19,-0.2301201681300648,0.9501201681300648,0.052159541116917785,1.47,1.279998779296875
2015-08-31,1.1214030981063843,95.94999694824219,0.74,2.21,-0.218853389635659,0.958853389635659,0.10913895522275663,1.47,2.6399993896484375
2015-09-01,1.1225864887237549,95.44999694824219,0.7,2.17,-0.2088921795318707,0.9088921795318706,0.004385251506150545,1.47,0.9199981689453125
2015-09-02,1.1293437480926514,95.83000183105469,0.72,2.2,-0.2162792822187533,0.9362792822187533,0.03784681792918121,1.4800000000000002,0.7300033569335938
2015-09-03,1.121604323387146,96.41000366210938,0.71,2.18,-0.2454451802612651,0.9554451802612651,0.045909699713633234,1.4700000000000002,0.8000030517578125
2015-09-04,1.1125946044921875,96.2300033569336,0.71,2.13,-0.2493959051507062,0.9593959051507062,0.009275737020641328,1.42,0.12000274658203125
2015-09-08,1.1163954734802246,95.87999725341797,0.74,2.2,-0.2385557811337095,0.9785557811337096,0.01970239149805053,1.4600000000000002,-0.06999969482421875
2015-09-09,1.1207369565963745,96.01000213623047,0.75,2.21,-0.2431834387265121,0.9931834387265122,0.08429125919464153,1.46,0.5600051879882812
2015-09-10,1.1220699548721313,95.45999908447266,0.75,2.23,-0.2457873294970887,0.9957873294970887,0.05950804727833536,1.48,-0.37000274658203125
2015-09-11,1.1290887594223022,95.19000244140625,0.71,2.2,-0.2505472149715135,0.9605472149715135,0.005102034710248393,1.4900000000000002,-1.220001220703125
2015-09-14,1.1344043016433716,95.25,0.73,2.18,-0.2522012645267337,0.9822012645267337,0.022805359376027567,1.4500000000000002,-0.9800033569335938
2015-09-15,1.1307612657546997,95.61000061035156,0.82,2.28,-0.2443341510800907,1.0643341510800908,0.08577836994638122,1.46,-0.26999664306640625
2015-09-16,1.1271796226501465,95.41999816894531,0.82,2.3,-0.2379263315794346,1.0579263315794345,0.06474289285292234,1.48,-0.5900039672851562
2015-09-17,1.12920343875885,94.55000305175781,0.7,2.21,-0.2200187229861716,0.9200187229861716,-0.0757686065109171,1.51,-0.9099960327148438
2015-09-18,1.1400948762893677,94.86000061035156,0.69,2.13,-0.2527291689283564,0.9427291689283563,-0.017818046043157176,1.44,-0.3300018310546875
2015-09-21,1.12920343875885,95.88999938964844,0.72,2.2,-0.2440196560044414,0.9640196560044414,-0.018181608522292336,1.4800000000000002,0.6399993896484375
2015-09-22,1.1190940141677856,96.27999877929688,0.69,2.14,-0.271899768858967,0.961899768858967,-0.10243438222112378,1.4500000000000002,0.6699981689453125
2015-09-23,1.1120749711990356,96.06999969482422,0.7,2.16,-0.2633803344938412,0.9633803344938412,-0.0945459970855933,1.4600000000000002,0.6500015258789062
2015-09-24,1.1189937591552734,95.98999786376953,0.67,2.13,-0.2573197604401349,0.9273197604401349,0.007301037453963266,1.46,1.4399948120117188
2015-09-25,1.1178929805755615,96.2699966430664,0.7,2.17,-0.2523846658624924,0.9523846658624924,0.009655496934136032,1.47,1.4099960327148438
2015-09-28,1.1201720237731934,96.02999877929688,0.67,2.1,-0.262562906200078,0.932562906200078,-0.031456749804363415,1.4300000000000002,0.1399993896484375
2015-09-29,1.123103380203247,95.88999938964844,0.64,2.05,-0.2716460658344157,0.9116460658344157,-0.050253703024551344,1.4099999999999997,-0.3899993896484375
2015-09-30,1.1255937814712524,96.3499984741211,0.64,2.06,-0.2369035150266789,0.8769035150266788,-0.08647681946716235,1.42,0.279998779296875
2015-10-01,1.11720609664917,96.19000244140625,0.64,2.05,-0.2663562227013738,0.9063562227013738,-0.02096353773876103,1.4099999999999997,0.20000457763671875
2015-10-02,1.1193444728851318,95.83000183105469,0.58,1.99,-0.2768160387868628,0.8568160387868627,-0.09556862707562963,1.4100000000000001,-0.43999481201171875
2015-10-05,1.1226998567581177,96.11000061035156,0.61,2.07,-0.2627378284744459,0.8727378284744458,-0.05982507772563217,1.46,0.0800018310546875
2015-10-06,1.1195199489593506,95.45999908447266,0.61,2.05,-0.2466176015391381,0.856617601539138,-0.055028464295277635,1.44,-0.43000030517578125
2015-10-07,1.1267986297607422,95.5,0.65,2.08,-0.2488159294456062,0.8988159294456062,0.02191241441892733,1.4300000000000002,-0.8499984741210938
2015-10-08,1.1239995956420898,95.31999969482422,0.65,2.12,-0.257908100017179,0.907908100017179,0.0015518773158051946,1.4700000000000002,-0.8700027465820312
2015-10-09,1.1286935806274414,94.80999755859375,0.65,2.12,-0.2538149709180519,0.9038149709180519,0.04699893213118911,1.4700000000000002,-1.0200042724609375
2015-10-13,1.135550618171692,94.76000213623047,0.64,2.06,-0.2578514340226023,0.8978514340226023,0.025113605548156448,1.42,-1.3499984741210938
2015-10-14,1.138498306274414,93.93000030517578,0.57,1.99,-0.2622569927354279,0.8322569927354279,-0.02436060880371016,1.42,-1.529998779296875
2015-10-15,1.147552251815796,94.37000274658203,0.61,2.04,-0.2719218459659513,0.8819218459659512,-0.01689408347965493,1.4300000000000002,-1.1299972534179688
2015-10-16,1.1368157863616943,94.54000091552734,0.61,2.04,-0.2700408159782688,0.8800408159782688,-0.027867284038910256,1.4300000000000002,-0.779998779296875
2015-10-19,1.1361054182052612,94.95999908447266,0.61,2.04,-0.2703072973190021,0.880307297319002,-0.023507673599049816,1.4300000000000002,0.15000152587890625
2015-10-20,1.132900595664978,94.8499984741211,0.66,2.08,-0.2430973657142363,0.9030973657142363,0.005245931691634009,1.42,0.089996337890625
2015-10-21,1.1353960037231445,95.05000305175781,0.64,2.04,-0.256546390994993,0.896546390994993,0.06428939825956514,1.4,1.1200027465820312
2015-10-22,1.134803295135498,96.33999633789062,0.61,2.04,-0.339282607056278,0.949282607056278,0.06736076109032674,1.4300000000000002,1.9699935913085938
2015-10-23,1.108094573020935,97.06999969482422,0.66,2.09,-0.3195918155510844,0.9795918155510844,0.09955099957281566,1.4299999999999997,2.529998779296875
2015-10-26,1.1020376682281494,96.86000061035156,0.66,2.07,-0.3271515088476295,0.9871515088476295,0.10684421152862744,1.4099999999999997,1.9000015258789062
2015-10-27,1.1065986156463623,96.91000366210938,0.65,2.05,-0.3393779121967633,0.9893779121967633,0.08628054648252703,1.4,2.0600051879882812
2015-10-28,1.1037039756774902,97.77999877929688,0.73,2.1,-0.3370569823714104,1.0670569823714104,0.17051059137641744,1.37,2.7299957275390625
2015-10-29,1.0928961038589478,97.27999877929688,0.75,2.19,-0.3255687237708908,1.0755687237708909,0.12628611671461287,1.44,0.94000244140625
2015-10-30,1.0993843078613281,96.94999694824219,0.75,2.16,-0.3134306329592951,1.063430632959295,0.08383881740821064,1.4100000000000001,-0.12000274658203125
2015-11-02,1.102596640586853,96.93000030517578,0.77,2.2,-0.3011078925995116,1.0711078925995117,0.08395638375188219,1.4300000000000002,0.06999969482421875
2015-11-03,1.1016006469726562,97.16000366210938,0.8,2.23,-0.3092907731140997,1.1092907731140997,0.11991286091733644,1.43,0.25
2015-11-04,1.0963950157165527,97.94999694824219,0.84,2.25,-0.3212483298691939,1.1612483298691938,0.09419134749778335,1.4100000000000001,0.1699981689453125
2015-11-05,1.0868029594421387,97.94000244140625,0.85,2.26,-0.3148318953690836,1.1648318953690837,0.08926317159819286,1.4099999999999997,0.660003662109375
2015-11-06,1.0883997678756714,99.16000366210938,0.9,2.34,-0.2923013308047464,1.1923013308047463,0.12887069784545124,1.44,2.2100067138671875
2015-11-09,1.0733413696289062,98.9800033569336,0.89,2.36,-0.3102295651204398,1.2002295651204398,0.1291216725209281,1.4699999999999998,2.0500030517578125
2015-11-10,1.0759514570236206,99.29000091552734,0.87,2.32,-0.337890101900097,1.207890101900097,0.0985993287859972,1.4499999999999997,2.1299972534179688
2015-11-12,1.0762988328933716,98.6500015258789,0.89,2.32,-0.3465440863992342,1.2365440863992343,0.0752957565300405,1.4299999999999997,0.7000045776367188
2015-11-13,1.0815019607543945,98.98999786376953,0.86,2.28,-0.3590512165161508,1.2190512165161507,0.05421932114706696,1.42,1.0499954223632812
2015-11-16,1.06999933719635,99.44000244140625,0.88,2.27,-0.3603345109024154,1.2403345109024153,0.04803318009766899,1.3900000000000001,0.279998779296875
2015-11-17,1.068798542022705,99.62999725341797,0.86,2.25,-0.3666338683490435,1.2266338683490434,0.026404303228603654,1.3900000000000001,0.649993896484375
2015-11-18,1.0643846988677979,99.6500015258789,0.9,2.27,-0.3652064627187199,1.2652064627187198,0.0573163608186229,1.37,0.3600006103515625
2015-11-19,1.066996693611145,98.98999786376953,0.91,2.24,-0.3640835804573328,1.274083580457333,0.037539494058098644,1.33,0.339996337890625
2015-11-20,1.0726161003112793,99.56999969482422,0.93,2.26,-0.3778022516955648,1.307802251695565,0.0887510351794143,1.3299999999999996,0.5800018310546875
2015-11-23,1.0641014575958252,99.80000305175781,0.94,2.25,-0.3803247858083995,1.3203247858083995,0.0799902749059842,1.31,0.3600006103515625
2015-11-24,1.0642033815383911,99.52999877929688,0.93,2.24,-0.3692845430685398,1.2992845430685398,0.07265067471949638,1.31,-0.09999847412109375
2015-11-25,1.0643846988677979,99.80000305175781,0.93,2.23,-0.4034745285444003,1.3334745285444003,0.06826806582568046,1.2999999999999998,0.15000152587890625
2015-11-27,1.0604453086853027,100.0199966430664,0.92,2.22,-0.4084282689489589,1.3284282689489588,0.05434468849162588,1.3000000000000003,1.029998779296875
2015-11-30,1.0583018064498901,100.16999816894531,0.94,2.21,-0.4029375934540686,1.3429375934540686,0.035135341758503635,1.27,0.5999984741210938
2015-12-01,1.0572947263717651,99.80000305175781,0.91,2.15,-0.4151533267784195,1.3251533267784195,0.0048285409700199455,1.2399999999999998,0.0
2015-12-02,1.0625863075256348,99.98999786376953,0.94,2.18,-0.4238947049376405,1.3638947049376404,0.06461016186910062,1.2400000000000002,0.45999908447265625
2015-12-03,1.0613007545471191,97.62000274658203,0.96,2.33,-0.3107490979157594,1.2707490979157594,-0.06272543062864089,1.37,-2.1800003051757812
2015-12-04,1.0915957689285278,98.3499984741211,0.96,2.28,-0.2898968517119593,1.2498968517119593,-0.07853141723699952,1.3199999999999998,-1.6699981689453125
2015-12-07,1.0883997678756714,98.66000366210938,0.94,2.23,-0.3013985001624606,1.2413985001624606,-0.10153909329160804,1.29,-1.5099945068359375
2015-12-08,1.0834001302719116,98.47000122070312,0.94,2.24,-0.3107648158997618,1.2507648158997617,-0.07438851087865772,1.3000000000000003,-1.3300018310546875
2015-12-09,1.0893957614898682,97.3499984741211,0.93,2.22,-0.3231682646421721,1.2531682646421722,-0.11072644029546819,1.29,-2.6399993896484375
2015-12-10,1.1017948389053345,97.94000244140625,0.95,2.24,-0.3355199236130941,1.285519923613094,0.014770825697334677,1.2900000000000003,0.31999969482421875
2015-12-11,1.0948106050491333,97.56999969482422,0.88,2.13,-0.3515328543086333,1.2315328543086332,-0.01836399740332606,1.25,-0.779998779296875
2015-12-14,1.0983941555023193,97.5999984741211,0.97,2.23,-0.3374421919074004,1.3074421919074004,0.06604369174493985,1.26,-1.0600051879882812
2015-12-15,1.0992997884750366,98.22000122070312,0.98,2.28,-0.3331874519814715,1.3131874519814715,0.062422636081709726,1.2999999999999998,-0.25
2015-12-16,1.0936251878738403,97.87000274658203,1.02,2.3,-0.335827803423995,1.355827803423995,0.10265953878182277,1.2799999999999998,0.5200042724609375
2015-12-17,1.087453007698059,99.2699966430664,1.0,2.24,-0.3466937161796881,1.3466937161796881,0.061173792566594054,1.2400000000000002,1.3299942016601562
2015-12-18,1.0844104290008545,98.69999694824219,0.97,2.19,-0.3597672803075467,1.3297672803075467,0.09823442599891341,1.22,1.1299972534179688
2015-12-21,1.0869920253753662,98.45999908447266,0.96,2.2,-0.3640305244257931,1.324030524425793,0.016588332518392646,1.2400000000000002,0.8600006103515625
2015-12-22,1.09129798412323,98.23999786376953,0.99,2.24,-0.3474814447387437,1.3374814447387438,0.024293992757272287,1.2500000000000002,0.01999664306640625
2015-12-23,1.0950024127960205,98.33999633789062,1.01,2.27,-0.3395482924225463,1.3495482924225464,-0.006279511001448634,1.26,0.46999359130859375
2015-12-28,1.0965994596481323,97.91999816894531,1.05,2.24,-0.3395235966541774,1.3895235966541775,0.042829880474489324,1.1900000000000002,-1.3499984741210938
2015-12-29,1.0975261926651,98.0999984741211,1.09,2.32,-0.3330933020074171,1.4230933020074172,0.09332602169987059,1.2299999999999998,-0.5999984741210938
2015-12-30,1.0928006172180176,98.2699966430664,1.08,2.31,-0.3462793725268485,1.4262793725268486,0.1022488481010555,1.23,-0.19000244140625
2016-01-04,1.0853991508483887,98.87000274658203,1.02,2.24,-0.3665054273992991,1.3865054273992992,0.04902398266055541,1.2200000000000002,0.6300048828125
2016-01-05,1.0827549695968628,99.4000015258789,1.04,2.25,-0.3753815263722542,1.4153815263722542,0.06583323394970786,1.21,1.0600051879882812
2016-01-06,1.0751993656158447,99.18000030517578,0.99,2.18,-0.386431902166759,1.376431902166759,-0.013091694487418426,1.1900000000000002,1.2600021362304688
2016-01-07,1.0778998136520386,98.22000122070312,0.96,2.16,-0.3846199368024878,1.3446199368024878,-0.07847336520492942,1.2000000000000002,0.12000274658203125
2016-01-08,1.0925976037979126,98.54000091552734,0.94,2.13,-0.3932920890135101,1.33329208901351,-0.09298728351333851,1.19,0.2700042724609375
2016-01-11,1.0941038131713867,98.7300033569336,0.94,2.17,-0.3848407865944878,1.3248407865944878,-0.06166464080481138,1.23,-0.1399993896484375
2016-01-12,1.0857999324798584,98.97000122070312,0.93,2.12,-0.3759553399233164,1.3059553399233166,-0.10942618644893765,1.19,-0.43000030517578125
2016-01-13,1.0843987464904785,98.93000030517578,0.91,2.08,-0.383544619910019,1.2935446199100191,-0.08288728225673991,1.17,-0.25
2016-01-14,1.0886012315750122,99.08999633789062,0.9,2.1,-0.3927776239134743,1.2927776239134743,-0.05184231288901353,1.2000000000000002,0.8699951171875
2016-01-15,1.085894227027893,98.95999908447266,0.85,2.03,-0.3953311055147646,1.2453311055147647,-0.08796098349874537,1.1799999999999997,0.4199981689453125
2016-01-19,1.0895025730133057,98.98999786376953,0.88,2.06,-0.3817129452273011,1.261712945227301,-0.06312784136718674,1.1800000000000002,0.2599945068359375
2016-01-20,1.09129798412323,99.08999633789062,0.85,2.01,-0.4000462522212711,1.2500462522212712,-0.05590908770204539,1.1599999999999997,0.1199951171875
2016-01-21,1.0877013206481934,99.05999755859375,0.84,2.02,-0.440355356567105,1.2803553565671049,-0.01318926334291426,1.1800000000000002,0.12999725341796875
2016-01-22,1.0862009525299072,99.56999969482422,0.88,2.07,-0.4335734587356485,1.3135734587356485,0.020795834822174175,1.19,0.48000335693359375
2016-01-25,1.079901933670044,99.36000061035156,0.88,2.03,-0.4309698092067409,1.3109698092067408,0.06563870369197611,1.15,0.40000152587890625
2016-01-26,1.0853049755096436,99.36000061035156,0.85,2.01,-0.4409029947348681,1.290902994734868,0.029190049507566984,1.1599999999999997,0.37000274658203125
2016-01-27,1.0864958763122559,98.9000015258789,0.84,2.02,-0.4281538124661717,1.2681538124661715,0.018107560244900345,1.1800000000000002,-0.18999481201171875
2016-01-28,1.090798020362854,98.51000213623047,0.83,2.0,-0.4358156486621043,1.2658156486621044,-0.014539707905000476,1.17,-0.5499954223632812
2016-01-29,1.0936970710754395,99.61000061035156,0.76,1.94,-0.4661021702851506,1.2261021702851507,-0.08747128845049779,1.18,0.04000091552734375
2016-02-01,1.0825908184051514,99.0,0.81,1.97,-0.4537572371646048,1.2637572371646049,-0.047212572042135914,1.16,-0.3600006103515625
2016-02-02,1.0897282361984253,98.87000274658203,0.75,1.87,-0.4621372559289272,1.2121372559289272,-0.07876573880594084,1.12,-0.48999786376953125
2016-02-03,1.0922038555145264,97.29000091552734,0.72,1.88,-0.4685358892794129,1.188535889279413,-0.07961792318675864,1.16,-1.6100006103515625
2016-02-04,1.1091023683547974,96.47000122070312,0.7,1.87,-0.4713468540548042,1.1713468540548042,-0.09446879460730018,1.1700000000000002,-2.0400009155273438
2016-02-05,1.119996428489685,97.02999877929688,0.74,1.86,-0.4719466723785555,1.2119466723785555,-0.014155497906595205,1.12,-2.5800018310546875
2016-02-08,1.114504098892212,96.56999969482422,0.66,1.75,-0.4936818509244407,1.1536818509244409,-0.110075386240164,1.0899999999999999,-2.4300003051757812
2016-02-09,1.1189812421798706,96.06999969482422,0.69,1.74,-0.4926171345341155,1.1826171345341154,-0.02952012139481175,1.05,-2.8000030517578125
2016-02-10,1.1289994716644287,95.88999938964844,0.71,1.71,-0.4934598243074708,1.2034598243074708,0.014923935028057889,1.0,-1.4000015258789062
2016-02-11,1.128095269203186,95.55999755859375,0.64,1.63,-0.5085326176533576,1.1485326176533577,-0.02281423640144653,0.9899999999999999,-0.910003662109375
2016-02-12,1.1317979097366333,95.9800033569336,0.71,1.74,-0.4978669940923081,1.2078669940923081,-0.004079678286247335,1.03,-1.0499954223632812
2016-02-16,1.1174057722091675,96.87000274658203,0.74,1.78,-0.4850931935000266,1.2250931935000267,0.07141134257558579,1.04,0.3000030517578125
2016-02-17,1.1147029399871826,96.79000091552734,0.74,1.81,-0.4855414334916066,1.2255414334916066,0.04292429895749117,1.07,0.720001220703125
2016-02-18,1.112297534942627,96.94999694824219,0.71,1.75,-0.4921240964040727,1.2021240964040727,-0.0013357279033980873,1.04,1.05999755859375
2016-02-19,1.1110987663269043,96.5999984741211,0.76,1.76,-0.5033983518023968,1.2633983518023968,0.11486573414903911,1.0,1.0400009155273438
2016-02-22,1.1123965978622437,97.37999725341797,0.78,1.77,-0.5047193538657204,1.2847193538657204,0.07685235977341232,0.99,1.399993896484375
2016-02-23,1.102803349494934,97.4800033569336,0.76,1.74,-0.4897095113223528,1.2497095113223529,0.024616317822326206,0.98,0.6100006103515625
2016-02-24,1.1027060747146606,97.45999908447266,0.75,1.75,-0.499815126844731,1.249815126844731,0.02427369335312446,1.0,0.6699981689453125
2016-02-25,1.1013944149017334,97.29000091552734,0.72,1.71,-0.5034167979053024,1.2234167979053023,0.02129270150122964,0.99,0.34000396728515625
2016-02-26,1.1024993658065796,98.1500015258789,0.8,1.76,-0.5200343755168992,1.3200343755168993,0.05663602371450249,0.96,1.5500030517578125
2016-02-29,1.0923947095870972,98.20999908447266,0.78,1.74,-0.5356489751050475,1.3156489751050475,0.030929621239327076,0.96,0.8300018310546875
2016-03-01,1.0888975858688354,98.3499984741211,0.85,1.83,-0.5346495724235156,1.3846495724235157,0.13494006110116286,0.9800000000000001,0.8699951171875
2016-03-02,1.0875948667526245,98.20999908447266,0.85,1.84,-0.5242208515373328,1.3742208515373329,0.1244057246926018,0.9900000000000001,0.75
2016-03-03,1.086897373199463,97.56999969482422,0.85,1.83,-0.5464682441460171,1.3964682441460172,0.1730514462407149,0.9800000000000001,0.279998779296875
2016-03-04,1.094894528388977,97.33999633789062,0.88,1.88,-0.5303135145160294,1.4103135145160293,0.09027913899912998,0.9999999999999999,-0.8100051879882812
2016-03-07,1.0993964672088623,97.06999969482422,0.91,1.91,-0.521627209723416,1.4316272097234162,0.11597823461836865,0.9999999999999999,-1.1399993896484375
2016-03-08,1.1016006469726562,97.20999908447266,0.88,1.83,-0.5440898626954027,1.4240898626954026,0.03944029027188689,0.9500000000000001,-1.1399993896484375
2016-03-09,1.1004005670547485,97.16999816894531,0.9,1.9,-0.5174358211491041,1.417435821149104,0.04321496961177118,0.9999999999999999,-1.0400009155273438
2016-03-10,1.0989010334014893,96.06999969482422,0.93,1.93,-0.5145390299961488,1.444539029996149,0.04807078585013169,0.9999999999999999,-1.5
2016-03-11,1.1178430318832397,96.16999816894531,0.97,1.98,-0.4580612509924933,1.4280612509924933,0.017747736476463993,1.01,-1.1699981689453125
2016-03-14,1.1167943477630615,96.62000274658203,0.97,1.97,-0.4615943454177369,1.431594345417737,-3.2864305679281e-05,1.0,-0.4499969482421875
2016-03-15,1.1101982593536377,96.62999725341797,0.98,1.97,-0.4503382127007063,1.4303382127007063,0.00624835000530366,0.99,-0.5800018310546875
2016-03-16,1.1109012365341187,95.88999938964844,0.87,1.94,-0.4555384064560908,1.325538406456091,-0.09189741469301316,1.0699999999999998,-1.279998779296875
2016-03-17,1.1218937635421753,94.76000213623047,0.87,1.91,-0.4658045281798131,1.3358045281798132,-0.1087345018163357,1.04,-1.30999755859375
2016-03-18,1.1317979097366333,94.98999786376953,0.84,1.88,-0.4810107254449249,1.3210107254449248,-0.10705052554756844,1.04,-1.1800003051757812
2016-03-21,1.1279042959213257,95.29000091552734,0.87,1.92,-0.475869113295106,1.345869113295106,-0.08572523212263095,1.0499999999999998,-1.3300018310546875
2016-03-22,1.1235954761505127,95.6500015258789,0.91,1.94,-0.4807904351438905,1.3907904351438907,-0.0395477775568156,1.0299999999999998,-0.9799957275390625
2016-03-23,1.122296690940857,96.05000305175781,0.87,1.88,-0.4828451188003777,1.3528451188003778,0.027306712344286943,1.0099999999999998,0.160003662109375
2016-03-24,1.118105411529541,96.13999938964844,0.89,1.91,-0.4841943637289869,1.3741943637289868,0.038389835549173634,1.02,1.3799972534179688
2016-03-29,1.1202723979949951,95.16000366210938,0.78,1.81,-0.4971309158504207,1.2771309158504207,-0.043879809594504104,1.03,0.17000579833984375
2016-03-30,1.12920343875885,94.83999633789062,0.76,1.83,-0.4898750814466135,1.2498750814466135,-0.09599403184849242,1.07,-0.45000457763671875
2016-03-31,1.1334655284881592,94.58999633789062,0.73,1.78,-0.4904551380587385,1.2204551380587385,-0.17033529708515216,1.05,-1.0600051879882812
2016-04-01,1.1379671096801758,94.62000274658203,0.76,1.79,-0.4910320002159452,1.2510320002159452,-0.10181311858443265,1.03,-1.4300003051757812
2016-04-04,1.1390039920806885,94.51000213623047,0.75,1.78,-0.4817720703171373,1.2317720703171373,-0.14242229341184953,1.03,-1.6299972534179688
2016-04-05,1.1389002799987793,94.62999725341797,0.72,1.73,-0.493525104431443,1.213525104431443,-0.0636058114189777,1.01,-0.5300064086914062
2016-04-06,1.138200283050537,94.43000030517578,0.73,1.76,-0.4810990205211145,1.2110990205211145,-0.03877606092549901,1.03,-0.40999603271484375
2016-04-07,1.1404979228973389,94.4800033569336,0.7,1.7,-0.503008250674136,1.203008250674136,-0.01744688738460254,1.0,-0.10999298095703125
2016-04-08,1.1373976469039917,94.23999786376953,0.7,1.72,-0.5065399004788673,1.2065399004788673,-0.044492099737077906,1.02,-0.3800048828125
2016-04-11,1.1403028964996338,93.94999694824219,0.7,1.73,-0.5030699903519061,1.203069990351906,-0.02870207996523133,1.03,-0.5600051879882812
2016-04-12,1.141291856765747,93.95999908447266,0.74,1.79,-0.506718494249293,1.246718494249293,0.03319338981785003,1.05,-0.6699981689453125
2016-04-13,1.138498306274414,94.73999786376953,0.75,1.77,-0.5079610628156558,1.2579610628156557,0.04686204229454116,1.02,0.30999755859375
2016-04-14,1.1279042959213257,94.9000015258789,0.77,1.8,-0.5013686073112589,1.271368607311259,0.06836035663712292,1.03,0.4199981689453125
2016-04-15,1.1270017623901367,94.69999694824219,0.74,1.76,-0.5148788033244784,1.2548788033244784,0.048338902845611154,1.02,0.45999908447265625
2016-04-18,1.1299946308135986,94.48999786376953,0.75,1.78,-0.5059509973949958,1.2559509973949958,0.052881007043089845,1.03,0.5400009155273438
2016-04-19,1.1309019327163696,93.9800033569336,0.77,1.79,-0.5097153708671964,1.2797153708671964,0.0329968766179034,1.02,0.0200042724609375
2016-04-20,1.1359634399414062,94.48999786376953,0.8,1.85,-0.5083897206151331,1.3083897206151331,0.05042865779947747,1.05,-0.25
2016-04-21,1.1305055618286133,94.5999984741211,0.82,1.88,-0.4947556758609434,1.3147556758609433,0.04338706854968444,1.06,-0.3000030517578125
2016-04-22,1.12920343875885,95.12000274658203,0.84,1.89,-0.4956804457562203,1.3356804457562204,0.08080164243174193,1.0499999999999998,0.42000579833984375
2016-04-25,1.123406171798706,94.83999633789062,0.85,1.91,-0.4966422345391441,1.346642234539144,0.09069123714414817,1.06,0.34999847412109375
2016-04-26,1.1269001960754395,94.56999969482422,0.86,1.94,-0.4903056239766952,1.3503056239766953,0.07059025310949885,1.08,0.589996337890625
2016-04-27,1.1299052238464355,94.38999938964844,0.83,1.87,-0.4916760076465265,1.3216760076465266,0.013286287031393451,1.04,-0.09999847412109375
2016-04-28,1.132900595664978,93.76000213623047,0.78,1.84,-0.5024612185860039,1.282461218586004,-0.03229445727493929,1.06,-0.839996337890625
2016-04-29,1.135589361190796,93.08000183105469,0.77,1.83,-0.5024367071229285,1.2724367071229286,-0.0632437386332918,1.06,-2.0400009155273438
2016-05-02,1.146302580833435,92.62999725341797,0.8,1.88,-0.4920232008417931,1.2920232008417931,-0.05461903369735088,1.0799999999999998,-2.2099990844726562
2016-05-03,1.1524986028671265,92.94000244140625,0.75,1.81,-0.5137137199148838,1.2637137199148838,-0.0865919040618115,1.06,-1.6299972534179688
2016-05-04,1.1504037380218506,93.18000030517578,0.75,1.79,-0.5131077379910756,1.2631077379910756,-0.05856826965545103,1.04,-1.2099990844726562
2016-05-05,1.1493064165115356,93.77999877929688,0.72,1.76,-0.5272480022322288,1.2472480022322288,-0.03521321635377528,1.04,0.01999664306640625
2016-05-06,1.1406019926071167,93.88999938964844,0.74,1.79,-0.5313993619148887,1.2713993619148887,-0.001037345208039886,1.05,0.80999755859375
2016-05-09,1.1387965679168701,94.1500015258789,0.72,1.77,-0.5306091888960514,1.2506091888960513,-0.04141401194574179,1.05,1.5200042724609375
2016-05-10,1.1387965679168701,94.29000091552734,0.72,1.77,-0.5278352861141742,1.2478352861141742,-0.015878433800709635,1.05,1.3499984741210938
2016-05-11,1.1374363899230957,93.81999969482422,0.74,1.73,-0.5310315452067593,1.2710315452067593,0.007923807215683754,0.99,0.6399993896484375
2016-05-12,1.142700433731079,94.13999938964844,0.76,1.75,-0.5356264412634619,1.295626441263462,0.04837843903123318,0.99,0.3600006103515625
2016-05-13,1.1376951932907104,94.61000061035156,0.76,1.71,-0.5328394602687903,1.2928394602687903,0.021440098353901593,0.95,0.720001220703125
2016-05-16,1.1316953897476196,94.56999969482422,0.79,1.75,-0.5300966500595052,1.3200966500595053,0.06948746116345395,0.96,0.4199981689453125
2016-05-17,1.1316057443618774,94.55000305175781,0.82,1.76,-0.5292399141432229,1.3492399141432228,0.1014046280290486,0.9400000000000001,0.26000213623046875
2016-05-18,1.1316057443618774,95.08000183105469,0.9,1.87,-0.5256699144400327,1.4256699144400327,0.15463836923327334,0.9700000000000001,1.2600021362304688
2016-05-19,1.122296690940857,95.29000091552734,0.89,1.85,-0.5263922306341104,1.4163922306341106,0.12076578937064864,0.9600000000000001,1.1500015258789062
2016-05-20,1.1205987930297852,95.30999755859375,0.89,1.85,-0.5237914049151096,1.4137914049151097,0.12095194464631942,0.9600000000000001,0.6999969482421875
2016-05-23,1.1221708059310913,95.2300033569336,0.91,1.84,-0.5242486095121834,1.4342486095121836,0.11415195945267831,0.93,0.660003662109375
2016-05-24,1.121604323387146,95.56999969482422,0.92,1.86,-0.5264285163856997,1.4464285163856996,0.09718860224247683,0.9400000000000001,1.0199966430664062
2016-05-25,1.113796591758728,95.3499984741211,0.92,1.87,-0.5367448751853288,1.4567448751853287,0.031074960745296032,0.9500000000000001,0.26999664306640625
2016-05-26,1.1158970594406128,95.16999816894531,0.87,1.83,-0.5404244512651246,1.4104244512651247,-0.005967779368985848,0.9600000000000001,-0.12000274658203125
2016-05-27,1.1192066669464111,95.5199966430664,0.9,1.85,-0.5418359231201775,1.4418359231201774,0.028044518205067703,0.9500000000000001,0.20999908447265625
2016-05-31,1.1148396730422974,95.88999938964844,0.87,1.84,-0.5254433705933028,1.395443370593303,-0.03880523891888066,0.9700000000000001,0.6599960327148438
2016-06-01,1.113598108291626,95.45999908447266,0.91,1.85,-0.5407720036540709,1.450772003654071,0.004343487268371415,0.9400000000000001,-0.1100006103515625
2016-06-02,1.1189061403274536,95.55999755859375,0.89,1.81,-0.536377272587913,1.4263772725879131,-0.030367602597415555,0.92,0.20999908447265625
2016-06-03,1.115200161933899,94.02999877929688,0.78,1.71,-0.549558650981524,1.329558650981524,-0.08086580028360069,0.9299999999999999,-1.1399993896484375
2016-06-06,1.1350995302200317,93.9000015258789,0.8,1.73,-0.557753467030274,1.357753467030274,-0.08408245608990339,0.9299999999999999,-1.6199951171875
2016-06-07,1.1364023685455322,93.83000183105469,0.78,1.72,-0.55381735905324,1.33381735905324,-0.061626011540062864,0.94,-2.05999755859375
2016-06-08,1.1357828378677368,93.58999633789062,0.78,1.71,-0.5536256500052579,1.333625650005258,-0.1171463536488131,0.9299999999999999,-1.8700027465820312
2016-06-09,1.140706181526184,94.0999984741211,0.77,1.68,-0.5627771275088973,1.3327771275088973,-0.09360014507901582,0.9099999999999999,-1.4599990844726562
2016-06-10,1.1315033435821533,94.5999984741211,0.73,1.64,-0.5638358134706216,1.2938358134706216,-0.03572283751090244,0.9099999999999999,0.5699996948242188
2016-06-13,1.1239995956420898,94.37000274658203,0.73,1.62,-0.5572569867817996,1.2872569867817996,-0.07049648024847444,0.8900000000000001,0.470001220703125
2016-06-14,1.1291015148162842,94.93000030517578,0.74,1.62,-0.5834278612943815,1.3234278612943815,-0.010389497758858557,0.8800000000000001,1.0999984741210938
2016-06-15,1.1213024854660034,94.61000061035156,0.69,1.6,-0.5926883302677055,1.2826883302677055,-0.050937319737552444,0.9100000000000001,1.0200042724609375
2016-06-16,1.1262656450271606,94.56999969482422,0.7,1.57,-0.6042915572665621,1.304291557266562,-0.028485570242335223,0.8700000000000001,0.470001220703125
2016-06-17,1.1252011060714722,94.20999908447266,0.7,1.62,-0.6071444282841783,1.3071444282841782,0.013308614813556607,0.9200000000000002,-0.3899993896484375
2016-06-20,1.13490629196167,93.61000061035156,0.74,1.67,-0.5920622314807407,1.3320622314807407,0.044805244698941094,0.9299999999999999,-0.7600021362304688
2016-06-21,1.1322976350784302,94.0199966430664,0.76,1.71,-0.5948912212276736,1.3548912212276736,0.03146335993329208,0.95,-0.910003662109375
2016-06-22,1.1250618696212769,93.72000122070312,0.75,1.69,-0.5880203918010172,1.3380203918010172,0.055332061533311716,0.94,-0.8899993896484375
2016-06-23,1.1328235864639282,93.52999877929688,0.78,1.74,-0.5787020366839126,1.3587020366839127,0.054410479417350555,0.96,-1.0400009155273438
2016-06-24,1.1324002742767334,95.44999694824219,0.64,1.57,-0.6609153406995811,1.3009153406995813,-0.0062290875845969484,0.93,1.2399978637695312
2016-06-27,1.103594422340393,96.54000091552734,0.61,1.46,-0.6538958459647999,1.2638958459647998,-0.0681663855159409,0.85,2.9300003051757812
2016-06-28,1.1015034914016724,96.25,0.61,1.46,-0.6510635395449369,1.2610635395449368,-0.09382768168273681,0.85,2.2300033569335938
2016-06-29,1.1073951721191406,95.7699966430664,0.62,1.5,-0.6586551404377134,1.2786551404377136,-0.05936525136330362,0.88,2.0499954223632812
2016-06-30,1.1128050088882446,96.13999938964844,0.58,1.49,-0.6609447949233811,1.2409447949233812,-0.11775724176053148,0.91,2.6100006103515625
2016-07-01,1.1106051206588745,95.6500015258789,0.59,1.46,-0.6624122274277164,1.2524122274277163,-0.04850311327186496,0.87,0.20000457763671875
2016-07-05,1.1146035194396973,96.16999816894531,0.56,1.37,-0.6794336473104918,1.2394336473104919,-0.024462198654307876,0.81,-0.37000274658203125
2016-07-06,1.1065007448196411,96.05999755859375,0.58,1.38,-0.6943759723719176,1.2743759723719177,0.013312432826980913,0.7999999999999999,-0.19000244140625
2016-07-07,1.1099025011062622,96.33000183105469,0.58,1.4,-0.6924999137866767,1.2724999137866768,-0.006155226651036738,0.82,0.5600051879882812
2016-07-08,1.1065741777420044,96.30000305175781,0.61,1.37,-0.6989374873134402,1.30893748731344,0.0679926923900589,0.7600000000000001,0.160003662109375
2016-07-11,1.1043988466262817,96.56999969482422,0.66,1.43,-0.6974204352197781,1.3574204352197783,0.10500820779206199,0.7699999999999999,0.9199981689453125
2016-07-12,1.1058032512664795,96.44000244140625,0.69,1.53,-0.6803150915887661,1.370315091588766,0.1308814442782742,0.8400000000000001,0.2700042724609375
2016-07-13,1.1062926054000854,96.22000122070312,0.68,1.48,-0.6887036162706339,1.368703616270634,0.0943276438987164,0.7999999999999999,0.160003662109375
2016-07-14,1.1094961166381836,96.08000183105469,0.68,1.53,-0.6732482791569057,1.3532482791569058,0.080748365370229,0.85,-0.25
2016-07-15,1.1106051206588745,96.58000183105469,0.71,1.6,-0.6698337843273543,1.3798337843273543,0.0708962970139142,0.8900000000000001,0.279998779296875
2016-07-18,1.1053143739700317,96.55999755859375,0.68,1.59,-0.6727876809601403,1.3527876809601405,-0.004632754259637828,0.91,-0.01000213623046875
2016-07-19,1.1071866750717163,97.05000305175781,0.7,1.56,-0.6628779827609343,1.3628779827609343,-0.007437108827831773,0.8600000000000001,0.6100006103515625
2016-07-20,1.1013579368591309,97.19999694824219,0.73,1.59,-0.6503627600622153,1.3803627600622153,0.011659143791581172,0.8600000000000001,0.9799957275390625
2016-07-21,1.1019526720046997,97.0,0.7,1.57,-0.6421905251339513,1.3421905251339512,-0.011057754022954613,0.8700000000000001,0.9199981689453125
2016-07-22,1.1032899618148804,97.47000122070312,0.71,1.57,-0.6421943131982442,1.3521943131982441,-0.027639471129110138,0.8600000000000001,0.8899993896484375
2016-07-25,1.097044587135315,97.29000091552734,0.72,1.58,-0.6386635725054512,1.3586635725054512,0.005875891545310763,0.8600000000000001,0.7300033569335938
2016-07-26,1.0991184711456299,97.16000366210938,0.75,1.57,-0.6372741351974329,1.387274135197433,0.02439615243649862,0.8200000000000001,0.1100006103515625
2016-07-27,1.0987803936004639,97.05000305175781,0.73,1.52,-0.649851686447064,1.379851686447064,-0.0005110736151512363,0.79,-0.149993896484375
2016-07-28,1.1073460578918457,96.73999786376953,0.72,1.52,-0.646781163784647,1.366781163784647,0.024590638650695773,0.8,-0.26000213623046875
2016-07-29,1.108438491821289,95.52999877929688,0.67,1.46,-0.6532821141232463,1.3232821141232463,-0.02891219907499787,0.7899999999999999,-1.94000244140625
2016-08-01,1.1168068647384644,95.70999908447266,0.67,1.51,-0.6500928240134591,1.320092824013459,-0.03857074849199216,0.84,-1.5800018310546875
2016-08-02,1.1168068647384644,95.05999755859375,0.67,1.55,-0.6365865391266756,1.3065865391266756,-0.08068759607075737,0.88,-2.100006103515625
2016-08-03,1.1219062805175781,95.55999755859375,0.67,1.55,-0.6342446810831244,1.3042446810831243,-0.07560700536393972,0.88,-1.4900054931640625
2016-08-04,1.1151504516601562,95.76000213623047,0.64,1.51,-0.6496641019468421,1.2896641019468422,-0.07711706183780476,0.87,-0.9799957275390625
2016-08-05,1.1134741306304932,96.19000244140625,0.72,1.59,-0.6536273124392098,1.3736273124392098,0.05034519831596351,0.8700000000000001,0.660003662109375
2016-08-08,1.1089547872543335,96.4000015258789,0.74,1.59,-0.6522922004469391,1.3922922004469391,0.07219937643348007,0.8500000000000001,0.69000244140625
2016-08-09,1.1083648204803467,96.18000030517578,0.71,1.55,-0.6556834647013332,1.3656834647013332,0.05909692557465762,0.8400000000000001,1.1200027465820312
2016-08-10,1.111580491065979,95.6500015258789,0.69,1.5,-0.6644386922797696,1.3544386922797695,0.05019401119664524,0.81,0.09000396728515625
2016-08-11,1.1186434030532837,95.86000061035156,0.76,1.57,-0.6641990788521488,1.4241990788521488,0.13453497690530658,0.81,0.09999847412109375
2016-08-12,1.113908290863037,95.72000122070312,0.71,1.51,-0.6619079013333562,1.3719079013333562,-0.0017194111058536077,0.8,-0.470001220703125
2016-08-15,1.1166945695877075,95.62999725341797,0.72,1.55,-0.6439503562590003,1.3639503562590003,-0.028341844187938836,0.8300000000000001,-0.7700042724609375
2016-08-16,1.1184055805206299,94.79000091552734,0.76,1.57,-0.6417337325884587,1.4017337325884587,0.03605026788712551,0.81,-1.3899993896484375
2016-08-17,1.1275991201400757,94.72000122070312,0.74,1.56,-0.6461065522724851,1.3861065522724851,0.0316678599927156,0.8200000000000001,-0.9300003051757812
2016-08-18,1.1298924684524536,94.16000366210938,0.71,1.53,-0.6507581921760859,1.3607581921760858,-0.06344088667606296,0.8200000000000001,-1.6999969482421875
2016-08-19,1.1349449157714844,94.51000213623047,0.76,1.58,-0.6415643576607724,1.4015643576607724,0.029656456327416203,0.8200000000000001,-1.2099990844726562
2016-08-22,1.1298158168792725,94.5199966430664,0.76,1.55,-0.6516948367836761,1.4116948367836761,0.047744480524675836,0.79,-1.1100006103515625
2016-08-23,1.1319260597229004,94.54000091552734,0.74,1.55,-0.6522142973538569,1.392214297353857,-0.009519435234601747,0.81,-0.25
2016-08-24,1.1300839185714722,94.79000091552734,0.76,1.56,-0.649624281719166,1.409624281719166,0.023517729446680846,0.8,0.06999969482421875
2016-08-25,1.1263798475265503,94.7699966430664,0.78,1.58,-0.6422940389610345,1.4222940389610346,0.06153584678494872,0.8,0.6099929809570312
2016-08-26,1.1290504932403564,95.56999969482422,0.84,1.62,-0.6407491335888471,1.480749133588847,0.0791847759280746,0.7800000000000001,1.05999755859375
2016-08-29,1.1199462413787842,95.58000183105469,0.81,1.57,-0.644183166649531,1.454183166649531,0.042488329865854935,0.76,1.0600051879882812
2016-08-30,1.1192818880081177,96.05000305175781,0.8,1.57,-0.6485674383724378,1.4485674383724378,0.05635314101858091,0.77,1.5100021362304688
2016-08-31,1.1153244972229004,96.0199966430664,0.8,1.58,-0.6527914235767716,1.4527914235767716,0.04316714185760562,0.78,1.2299957275390625
2016-09-01,1.116071343421936,95.6500015258789,0.78,1.57,-0.6471059011554274,1.4271059011554275,0.004811862194392891,0.79,0.8800048828125
2016-09-02,1.1200717687606812,95.87999725341797,0.8,1.6,-0.6557528142814091,1.4557528142814091,-0.024996319307437842,0.8,0.30999755859375
2016-09-06,1.1153244972229004,94.81999969482422,0.74,1.55,-0.674031655159951,1.414031655159951,-0.04015151148958007,0.81,-0.7600021362304688
2016-09-07,1.1253657341003418,94.95999908447266,0.74,1.54,-0.6875109298048265,1.4275109298048265,-0.02105650856761132,0.8,-1.0900039672851562
2016-09-08,1.1241008043289185,95.02999877929688,0.78,1.61,-0.6640109294850696,1.4440109294850696,-0.008780494091702007,0.8300000000000001,-0.9899978637695312
2016-09-09,1.1271415948867798,95.33999633789062,0.79,1.67,-0.6507076544593997,1.4407076544593997,0.013601753303972286,0.8799999999999999,-0.31000518798828125
2016-09-12,1.1241133213043213,95.0999984741211,0.79,1.68,-0.643232465522602,1.433232465522602,-0.02252034875880704,0.8899999999999999,-0.779998779296875
2016-09-13,1.1243535280227661,95.62999725341797,0.8,1.73,-0.6425776372344636,1.4425776372344636,0.028545982074512644,0.9299999999999999,0.80999755859375
2016-09-14,1.12186861038208,95.33000183105469,0.77,1.7,-0.6590481108366331,1.429048110836633,0.001537181031806556,0.9299999999999999,0.37000274658203125
2016-09-15,1.1247328519821167,95.29000091552734,0.74,1.71,-0.6564382717051118,1.3964382717051118,-0.04757265777995778,0.97,0.26000213623046875
2016-09-16,1.124593734741211,96.11000061035156,0.77,1.7,-0.664504168247575,1.434504168247575,-0.00620348621182476,0.9299999999999999,0.7700042724609375
2016-09-19,1.1158473491668701,95.83999633789062,0.79,1.7,-0.6609658230670212,1.4509658230670213,0.01773335754441918,0.9099999999999999,0.7399978637695312
2016-09-20,1.118067979812622,96.0199966430664,0.79,1.69,-0.6694116939841024,1.4594116939841024,0.01683405674963878,0.8999999999999999,0.3899993896484375
2016-09-21,1.1153992414474487,95.66000366210938,0.79,1.66,-0.6681860055833031,1.4581860055833031,0.029137894746670057,0.8699999999999999,0.3300018310546875
2016-09-22,1.1193194389343262,95.44999694824219,0.79,1.63,-0.6822984144645581,1.4722984144645581,0.0758601427594463,0.8399999999999999,0.15999603271484375
2016-09-23,1.1210134029388428,95.4800033569336,0.77,1.62,-0.687223056837464,1.457223056837464,0.02271888858988902,0.8500000000000001,-0.6299972534179688
2016-09-26,1.123923897743225,95.30999755859375,0.76,1.59,-0.6957096931962274,1.4557096931962274,0.004743870129206185,0.8300000000000001,-0.529998779296875
2016-09-27,1.124985933303833,95.44000244140625,0.75,1.56,-0.7205943365916183,1.4705943365916183,0.011182642607515891,0.81,-0.5799942016601562
2016-09-28,1.121956706047058,95.43000030517578,0.75,1.57,-0.7258134720783356,1.4758134720783356,0.01762746649503244,0.8200000000000001,-0.23000335693359375
2016-09-29,1.1224982738494873,95.54000091552734,0.73,1.56,-0.7203597138866451,1.450359713886645,-0.02193870057791303,0.8300000000000001,0.09000396728515625
2016-09-30,1.121956706047058,95.45999908447266,0.77,1.6,-0.7197846188872381,1.4897846188872381,0.03256156204977412,0.8300000000000001,-0.0200042724609375
2016-10-03,1.1234692335128784,95.75,0.8,1.63,-0.7156544803140741,1.5156544803140741,0.059944787117846676,0.8299999999999998,0.44000244140625
2016-10-04,1.121038556098938,96.12000274658203,0.82,1.69,-0.7174527414999319,1.5374527414999317,0.0668584049083134,0.87,0.6800003051757812
2016-10-05,1.121076226234436,96.12999725341797,0.85,1.72,-0.7093548690091929,1.559354869009193,0.08354139693085738,0.87,0.6999969482421875
2016-10-06,1.120824933052063,96.66000366210938,0.86,1.75,-0.7031509682518169,1.5631509682518168,0.11279125436517168,0.89,1.1200027465820312
2016-10-07,1.1144545078277588,96.5199966430664,0.83,1.73,-0.706597431400052,1.5365974314000521,0.046812812512813995,0.9,1.05999755859375
2016-10-11,1.1140819787979126,97.69999694824219,0.87,1.77,-0.691527779023767,1.5615277790237672,0.04587329870969303,0.9,1.9499969482421875
2016-10-12,1.1061947345733643,97.97000122070312,0.87,1.79,-0.6915697548976358,1.561569754897636,0.024117013397704223,0.92,1.8499984741210938
2016-10-13,1.1011881828308105,97.5199966430664,0.85,1.75,-0.6988370672175064,1.5488370672175065,-0.010517801791686487,0.9,1.3899993896484375
2016-10-14,1.1049723625183105,98.0199966430664,0.84,1.8,-0.6973447773321304,1.5373447773321303,-0.0258061909196865,0.9600000000000001,1.3599929809570312
2016-10-17,1.0967799425125122,97.88999938964844,0.81,1.77,-0.6944750821078376,1.5044750821078376,-0.03212234929221447,0.96,1.3700027465820312
2016-10-18,1.1015641689300537,97.9000015258789,0.82,1.75,-0.7076693260262203,1.5276693260262202,-0.03385845299754697,0.93,0.20000457763671875
2016-10-19,1.0976948738098145,97.87000274658203,0.81,1.76,-0.7040522038450092,1.5140522038450093,-0.04751755105262667,0.95,-0.09999847412109375
2016-10-20,1.0975141525268555,98.31999969482422,0.84,1.76,-0.7081551731138709,1.5481551731138707,-0.0006818941036357273,0.92,0.8000030517578125
2016-10-21,1.0930395126342773,98.69999694824219,0.84,1.74,-0.6994689532118197,1.5394689532118195,0.002124175879689272,0.9,0.6800003051757812
2016-10-24,1.0882576704025269,98.66999816894531,0.84,1.77,-0.6972122649129755,1.5372122649129754,0.03273718280513771,0.93,0.779998779296875
2016-10-25,1.0875475406646729,98.72000122070312,0.86,1.77,-0.6947690295808528,1.5547690295808527,0.027099703554632537,0.91,0.8199996948242188
2016-10-26,1.0887316465377808,98.62999725341797,0.86,1.79,-0.6790019742784144,1.5390019742784142,0.02494977043340496,0.93,0.7599945068359375
2016-10-27,1.091202735900879,98.88999938964844,0.87,1.85,-0.6688664074947273,1.5388664074947274,-0.00928876561914338,0.9800000000000001,0.5699996948242188
2016-10-28,1.0900371074676514,98.3499984741211,0.86,1.86,-0.6653667918461434,1.5253667918461433,-0.014102161365676213,1.0,-0.34999847412109375
2016-10-31,1.0984665155410767,98.44999694824219,0.86,1.84,-0.6629803169261805,1.5229803169261804,-0.014231947986794946,0.9800000000000001,-0.220001220703125
2016-11-01,1.0973334312438965,97.69999694824219,0.83,1.83,-0.6475454835193584,1.4775454835193584,-0.07722354606149429,1.0,-1.0200042724609375
2016-11-02,1.1057054996490479,97.4000015258789,0.81,1.81,-0.6631184170969004,1.4731184170969005,-0.06588355718151373,1.0,-1.2299957275390625
2016-11-03,1.1097548007965088,97.16000366210938,0.81,1.82,-0.6735995280682472,1.4835995280682472,-0.05526687942648012,1.01,-1.7299957275390625
2016-11-04,1.1102476119995117,97.06999969482422,0.8,1.79,-0.6891673915738252,1.4891673915738253,-0.03619940027231805,0.99,-1.279998779296875
2016-11-07,1.1101243495941162,97.77999877929688,0.82,1.83,-0.6806284562241189,1.5006284562241188,-0.022351860702061632,1.0100000000000002,-0.6699981689453125
2016-11-08,1.1052166223526,97.86000061035156,0.87,1.88,-0.6798056226614557,1.5498056226614558,0.07226013914209739,1.0099999999999998,0.160003662109375
2016-11-09,1.1019041538238525,98.5,0.9,2.07,-0.6977241472657165,1.5977241472657164,0.12460573016881593,1.17,1.0999984741210938
2016-11-10,1.0920606851577759,98.79000091552734,0.92,2.15,-0.6685426835553541,1.588542683555354,0.10494315548710675,1.23,1.6299972534179688
2016-11-14,1.0824854373931885,100.11000061035156,1.0,2.23,-0.6538070509001983,1.6538070509001983,0.16463965932637303,1.23,3.0400009155273438
2016-11-15,1.0750375986099243,100.19000244140625,1.02,2.23,-0.6692183650718859,1.689218365071886,0.18858990884776716,1.21,2.410003662109375
2016-11-16,1.0727311372756958,100.41000366210938,1.0,2.22,-0.6679589606131167,1.6679589606131167,0.11815333795166083,1.2200000000000002,2.5500030517578125
2016-11-17,1.0706638097763062,100.88999938964844,1.04,2.29,-0.6737146476780875,1.7137146476780876,0.11599050041237113,1.25,2.3899993896484375
2016-11-18,1.062304139137268,101.20999908447266,1.07,2.34,-0.698246164791307,1.768246164791307,0.17970348123595303,1.2699999999999998,2.4199981689453125
2016-11-21,1.0584250688552856,101.05000305175781,1.08,2.33,-0.7066063366200623,1.7866063366200624,0.1327992857198641,1.25,0.94000244140625
2016-11-22,1.0638864040374756,101.04000091552734,1.07,2.31,-0.7483185639955732,1.8183185639955732,0.1291001989236873,1.24,0.8499984741210938
2016-11-23,1.0633772611618042,101.69999694824219,1.12,2.36,-0.7186396891929281,1.8386396891929282,0.17068072857981154,1.2399999999999998,1.2899932861328125
2016-11-25,1.0561892986297607,101.48999786376953,1.12,2.36,-0.775099033982614,1.8950990339826141,0.18138438630452658,1.2399999999999998,0.5999984741210938
2016-11-28,1.0612331628799438,101.33000183105469,1.11,2.32,-0.7858398017334745,1.8958398017334746,0.12759363694216752,1.2099999999999997,0.12000274658203125
2016-11-29,1.062134861946106,100.93000030517578,1.09,2.3,-0.7799167720645501,1.8699167720645502,0.0833104354444878,1.2099999999999997,-0.12000274658203125
2016-11-30,1.0648492574691772,101.5,1.11,2.37,-0.7791404456553979,1.889140445655398,0.07082188165982473,1.26,0.45999908447265625
2016-12-01,1.0592098236083984,101.04000091552734,1.14,2.45,-0.7724161910996514,1.9124161910996513,0.07377650190672314,1.3100000000000003,-0.6599960327148438
2016-12-02,1.0663141012191772,100.7699966430664,1.11,2.4,-0.7561872370416554,1.8661872370416555,-0.02891179694095869,1.2899999999999998,-0.720001220703125
2016-12-05,1.0582010746002197,100.13999938964844,1.13,2.39,-0.7332628116584026,1.8632628116584025,-0.03257699007507209,1.2600000000000002,-1.19000244140625
2016-12-06,1.0757315158843994,100.48999786376953,1.12,2.39,-0.7280016893689427,1.8480016893689428,-0.02191508269560738,1.27,-0.44000244140625
2016-12-07,1.0720411539077759,100.2300033569336,1.1,2.34,-0.7145498301492923,1.8145498301492924,-0.07459061550610557,1.2399999999999998,-1.2699966430664062
2016-12-08,1.0761945247650146,101.06999969482422,1.12,2.4,-0.720715106995522,1.840715106995522,-0.07170108410412923,1.2799999999999998,0.029998779296875
2016-12-09,1.062134861946106,101.56999969482422,1.15,2.47,-0.7790583505233455,1.9290583505233454,0.06287111348168994,1.3200000000000003,0.8000030517578125
2016-12-12,1.0547411441802979,100.95999908447266,1.15,2.49,-0.7660997047938514,1.9160997047938513,0.052836893135448815,1.3400000000000003,0.8199996948242188
2016-12-13,1.0641694068908691,101.02999877929688,1.17,2.48,-0.756701277912601,1.926701277912601,0.0786995885436581,1.31,0.5400009155273438
2016-12-14,1.062925100326538,102.0,1.27,2.54,-0.7589732836867444,2.0289732836867445,0.21442345353745207,1.27,1.7699966430664062
2016-12-15,1.051414132118225,103.12999725341797,1.29,2.6,-0.7798733009101593,2.0698733009101593,0.2291581939146372,1.31,2.05999755859375
2016-12-16,1.0418837070465088,102.94999694824219,1.28,2.6,-0.8023620972778533,2.082362097277853,0.15330374675450775,1.32,1.3799972534179688
2016-12-19,1.0449975728988647,103.13999938964844,1.24,2.54,-0.8020961600495555,2.0420961600495557,0.12599645525570446,1.3,2.1800003051757812
2016-12-20,1.0405826568603516,103.29000091552734,1.25,2.57,-0.8021165211760279,2.052116521176028,0.125415243263427,1.3199999999999998,2.2600021362304688
2016-12-21,1.039047360420227,103.0199966430664,1.21,2.55,-0.7981067804568953,2.0081067804568953,-0.020866503229849176,1.3399999999999999,1.0199966430664062
2016-12-22,1.0428615808486938,103.08999633789062,1.22,2.55,-0.8091624505208079,2.0291624505208077,-0.04071085038935163,1.3299999999999998,-0.04000091552734375
2016-12-23,1.0437650680541992,103.01000213623047,1.22,2.55,-0.8132278638262234,2.033227863826223,-0.04913423345163004,1.3299999999999998,0.06000518798828125
2016-12-27,1.0456969738006592,103.0199966430664,1.28,2.57,-0.8218313382605946,2.1018313382605944,0.059735178211038686,1.2899999999999998,-0.12000274658203125
2016-12-28,1.046233057975769,103.26000213623047,1.26,2.51,-0.8315431519420957,2.091543151942096,0.039426630766068005,1.2499999999999998,-0.029998779296875
2016-12-29,1.0416991710662842,102.68000030517578,1.22,2.49,-0.8038552902505653,2.023855290250565,0.015748509793669818,1.2700000000000002,-0.339996337890625
2016-12-30,1.0575296878814697,102.38999938964844,1.2,2.45,-0.8000982626405939,2.000098262640594,-0.029064187880213588,1.2500000000000002,-0.6999969482421875
2017-01-03,1.0460032224655151,103.20999908447266,1.22,2.45,-0.7987262447253185,2.0187262447253183,-0.014501619100904861,1.2300000000000002,0.1999969482421875
2017-01-04,1.0419923067092896,102.69999694824219,1.24,2.46,-0.796285835508109,2.0362858355081093,-0.06554550275248516,1.22,-0.31999969482421875
2017-01-05,1.0500892400741577,101.5199966430664,1.17,2.37,-0.7652190708344948,1.9352190708344947,-0.1563240811076012,1.2000000000000002,-1.7400054931640625
2017-01-06,1.0605915784835815,102.22000122070312,1.22,2.42,-0.7393404161948007,1.9593404161948007,-0.06451487405576439,1.2,-0.45999908447265625
2017-01-09,1.0531858205795288,101.93000030517578,1.21,2.38,-0.7525120315583012,1.9625120315583011,-0.037586231082292976,1.17,-0.45999908447265625
2017-01-10,1.0588620901107788,102.01000213623047,1.19,2.38,-0.7596324357319775,1.9496324357319774,-0.06909380899334083,1.19,-1.1999969482421875
2017-01-11,1.0552419424057007,101.77999877929688,1.2,2.38,-0.7419533435486549,1.941953343548655,-0.09433249195945437,1.18,-0.9199981689453125
2017-01-12,1.0597710609436035,101.3499984741211,1.18,2.36,-0.7451465108175364,1.9251465108175363,-0.010072560016958443,1.18,-0.1699981689453125
2017-01-13,1.0616837739944458,101.18000030517578,1.21,2.4,-0.7506443323557175,1.9606443323557174,0.0013039161609167405,1.19,-1.0400009155273438
2017-01-17,1.0602991580963135,100.33000183105469,1.17,2.33,-0.7625813638965355,1.9325813638965355,-0.029930667661765664,1.1600000000000001,-1.5999984741210938
2017-01-18,1.0696789026260376,100.93000030517578,1.23,2.42,-0.737065805358665,1.967065805358665,0.01743336962668751,1.19,-1.0800018310546875
2017-01-19,1.062778353691101,101.1500015258789,1.25,2.47,-0.7333933734327163,1.9833933734327163,0.04144002988406137,1.2200000000000002,-0.6299972534179688
2017-01-20,1.0659730434417725,100.73999786376953,1.2,2.48,-0.7097726064369283,1.9097726064369283,-0.015373904380608039,1.28,-0.6100006103515625
2017-01-23,1.0713750123977661,100.16000366210938,1.16,2.41,-0.6855649827730188,1.8455649827730187,-0.11507934958269872,1.2500000000000002,-1.0199966430664062
2017-01-24,1.0760787725448608,100.3499984741211,1.21,2.47,-0.685996877326958,1.895996877326958,-0.03658448656957747,1.2600000000000002,0.01999664306640625
2017-01-25,1.0728693008422852,100.02999877929688,1.23,2.53,-0.6653688800020543,1.8953688800020543,-0.07169692535661065,1.2999999999999998,-0.9000015258789062
2017-01-26,1.0751993656158447,100.37999725341797,1.21,2.51,-0.6712029991276816,1.8812029991276815,-0.10219037430503475,1.2999999999999998,-0.7700042724609375
2017-01-27,1.068296194076538,100.52999877929688,1.22,2.49,-0.672522497480518,1.892522497480518,-0.017250108956410326,1.2700000000000002,-0.20999908447265625
2017-01-30,1.0713980197906494,100.43000030517578,1.22,2.49,-0.677531441817492,1.897531441817492,0.05196645904447328,1.2700000000000002,0.26999664306640625
2017-01-31,1.0708587169647217,99.51000213623047,1.19,2.45,-0.6920974197856666,1.8820974197856666,-0.013899457541291405,1.2600000000000002,-0.839996337890625
2017-02-01,1.0803803205490112,99.63999938964844,1.22,2.48,-0.7146369609704131,1.934636960970413,0.039268080968358765,1.26,-0.3899993896484375
2017-02-02,1.0767391920089722,99.8499984741211,1.21,2.48,-0.7505927552112399,1.9605927552112399,0.07938975608355836,1.27,-0.529998779296875
2017-02-03,1.0761713981628418,99.87000274658203,1.21,2.49,-0.7588422284229477,1.9688422284229476,0.07631973094242972,1.2800000000000002,-0.6599960327148438
2017-02-06,1.0782949924468994,99.91000366210938,1.16,2.42,-0.7777718685984447,1.9377718685984446,0.04024042678095263,1.26,-0.5199966430664062
2017-02-07,1.0743216276168823,100.26000213623047,1.16,2.4,-0.7822619182723862,1.9422619182723861,0.060164498486719564,1.24,0.75
2017-02-08,1.0678056478500366,100.27999877929688,1.15,2.34,-0.8131281606106309,1.9631281606106308,0.028491199640217735,1.19,0.6399993896484375
2017-02-09,1.0692213773727417,100.6500015258789,1.2,2.4,-0.8053079347424195,2.0053079347424196,0.04471517953117976,1.2,0.8000030517578125
2017-02-10,1.0658594369888306,100.80000305175781,1.2,2.41,-0.7931039360966139,1.9931039360966138,0.0242617076736662,1.2100000000000002,0.9300003051757812
2017-02-13,1.061954379081726,100.95999908447266,1.2,2.43,-0.8020430442656616,2.002043044265662,0.06427117566721718,1.2300000000000002,1.0499954223632812
2017-02-14,1.059849739074707,101.25,1.25,2.47,-0.8041668456169067,2.0541668456169067,0.11190492734452051,1.2200000000000002,0.9899978637695312
2017-02-15,1.0578316450119019,101.18000030517578,1.27,2.51,-0.7959800892380877,2.0659800892380877,0.10285192862745696,1.2399999999999998,0.9000015258789062
2017-02-16,1.0607378482818604,100.44000244140625,1.22,2.45,-0.7884900718255752,2.008490071825575,0.0031821370831552898,1.2300000000000002,-0.20999908447265625
2017-02-17,1.0672245025634766,100.94999694824219,1.21,2.42,-0.816393799380029,2.026393799380029,0.0332898632834151,1.21,0.149993896484375
2017-02-21,1.0609403848648071,101.37000274658203,1.22,2.43,-0.8469779787736988,2.066977978773699,0.06493493450803722,1.2100000000000002,0.410003662109375
2017-02-22,1.0542073249816895,101.33000183105469,1.22,2.42,-0.8960195704154796,2.11601957041548,0.06185272479857318,1.2,0.0800018310546875
2017-02-23,1.0554089546203613,101.05000305175781,1.18,2.38,-0.8982817730464179,2.0782817730464176,0.012301683808329855,1.2,-0.12999725341796875
2017-02-24,1.0584474802017212,101.08999633789062,1.12,2.31,-0.930352620503653,2.050352620503653,0.04186254867807815,1.19,0.649993896484375
2017-02-27,1.055275321006775,101.12999725341797,1.2,2.36,-0.9177140263756982,2.1177140263756984,0.09132022699566944,1.16,0.18000030517578125
2017-02-28,1.0584250688552856,101.12000274658203,1.22,2.36,-0.8952173566631316,2.1152173566631314,0.04823937788943233,1.14,-0.25
2017-03-01,1.0569148063659668,101.77999877929688,1.29,2.46,-0.858238491163811,2.148238491163811,0.032218920748331215,1.17,0.4499969482421875
2017-03-02,1.0535852909088135,102.19999694824219,1.32,2.49,-0.8591896552341876,2.179189655234188,0.10090788218777025,1.1700000000000002,1.149993896484375
2017-03-03,1.0509721040725708,101.54000091552734,1.32,2.49,-0.8345048895204883,2.1545048895204886,0.1041522690168355,1.1700000000000002,0.45000457763671875
2017-03-06,1.062044620513916,101.63999938964844,1.31,2.49,-0.8342528240896661,2.144252824089666,0.02653879771396772,1.1800000000000002,0.5100021362304688
2017-03-07,1.0579211711883545,101.80999755859375,1.32,2.52,-0.8760784543091953,2.1960784543091956,0.0808610976460642,1.2,0.6899948120117188
2017-03-08,1.0570154190063477,102.06999969482422,1.36,2.57,-0.8562834172676519,2.216283417267652,0.06804492610384116,1.2099999999999997,0.29000091552734375
2017-03-09,1.0547411441802979,101.8499984741211,1.37,2.6,-0.8525922698015567,2.2225922698015568,0.043402614567368936,1.23,-0.34999847412109375
2017-03-10,1.0578428506851196,101.25,1.36,2.58,-0.8460082687163366,2.206008268716337,0.05150337919584835,1.22,-0.29000091552734375
2017-03-13,1.0690041780471802,101.37999725341797,1.4,2.62,-0.8183605500553632,2.218360550055363,0.07410772596569704,1.2200000000000002,-0.26000213623046875
2017-03-14,1.0651443004608154,101.69999694824219,1.4,2.6,-0.8067374517648407,2.2067374517648406,0.010658997455645025,1.2000000000000002,-0.1100006103515625
2017-03-15,1.0612443685531616,100.73999786376953,1.33,2.51,-0.8214102776950005,2.1514102776950006,-0.06487313957265162,1.1799999999999997,-1.3300018310546875
2017-03-16,1.0737909078598022,100.2699966430664,1.35,2.53,-0.7950855603332143,2.1450855603332144,-0.07750670946834237,1.1799999999999997,-1.5800018310546875
2017-03-17,1.077470064163208,100.30000305175781,1.33,2.5,-0.7881153749701673,2.1181153749701673,-0.0878928937461696,1.17,-0.9499969482421875
2017-03-20,1.0742985010147095,100.41000366210938,1.3,2.47,-0.7709211107769978,2.0709211107769976,-0.14743943927836556,1.1700000000000002,-0.9699935913085938
2017-03-21,1.073767900466919,99.80999755859375,1.27,2.43,-0.735123021518203,2.005123021518203,-0.2016144302466376,1.1600000000000001,-1.8899993896484375
2017-03-22,1.081244707107544,99.68000030517578,1.27,2.4,-0.771164167529363,2.041164167529363,-0.11024611016563757,1.13,-1.05999755859375
2017-03-23,1.0790164470672607,99.76000213623047,1.26,2.41,-0.7583462619413535,2.0183462619413532,-0.12673929839186115,1.1500000000000001,-0.5099945068359375
2017-03-24,1.0783880949020386,99.62999725341797,1.26,2.4,-0.7370195780931019,1.997019578093102,-0.1210957968770654,1.14,-0.6700057983398438
2017-03-27,1.0849517583847046,99.16999816894531,1.27,2.38,-0.7149242528069428,1.9849242528069428,-0.08599685797005474,1.1099999999999999,-1.2400054931640625
2017-03-28,1.0860947370529175,99.70999908447266,1.3,2.42,-0.7179055957654068,2.0179055957654066,0.012782574247203637,1.1199999999999999,-0.09999847412109375
2017-03-29,1.0817711353302002,100.0,1.26,2.39,-0.7612406832210281,2.021240683221028,-0.019923484308335127,1.1300000000000001,0.31999969482421875
2017-03-30,1.0759629011154175,100.41000366210938,1.28,2.42,-0.7436793606031067,2.023679360603107,0.005333098661753688,1.14,0.6500015258789062
2017-03-31,1.0687072277069092,100.3499984741211,1.27,2.4,-0.7283535794793483,1.9983535794793483,0.0013340013862463973,1.13,0.720001220703125
2017-04-03,1.0668829679489136,100.54000091552734,1.24,2.35,-0.7873725092199209,2.027372509219921,0.042448256412978225,1.11,1.3700027465820312
2017-04-04,1.067008137702942,100.54000091552734,1.25,2.36,-0.8082878916815699,2.05828789168157,0.04038229591616327,1.1099999999999999,0.8300018310546875
2017-04-05,1.0680338144302368,100.55999755859375,1.24,2.34,-0.8052422419393412,2.0452422419393415,0.024001558718313554,1.0999999999999999,0.55999755859375
2017-04-06,1.0672472715377808,100.66999816894531,1.24,2.34,-0.7964778087425497,2.03647780874255,0.012798448139442975,1.0999999999999999,0.2599945068359375
2017-04-07,1.0644639730453491,101.18000030517578,1.29,2.38,-0.8155957220479637,2.1055957220479637,0.10724214256861542,1.0899999999999999,0.8300018310546875
2017-04-10,1.0582010746002197,101.0199966430664,1.29,2.37,-0.8326779504899378,2.122677950489938,0.09530544127001672,1.08,0.4799957275390625
2017-04-11,1.0597598552703857,100.70999908447266,1.24,2.32,-0.8434475701797961,2.0834475701797963,0.025159678498226423,1.0799999999999998,0.1699981689453125
2017-04-12,1.0611318349838257,100.77999877929688,1.24,2.28,-0.8420067405528631,2.0820067405528633,0.03676449861352182,1.0399999999999998,0.220001220703125
2017-04-13,1.0670650005340576,100.55999755859375,1.21,2.24,-0.8572238046867451,2.067223804686745,0.030745995944195137,1.0300000000000002,-0.1100006103515625
2017-04-18,1.0644525289535522,99.5,1.18,2.18,-0.8461778135959754,2.026177813595975,-0.0794179084519886,1.0000000000000002,-1.6800003051757812
2017-04-19,1.0728693008422852,99.73999786376953,1.19,2.21,-0.8057916346824627,1.9957916346824627,-0.12688631580747511,1.02,-1.279998779296875
2017-04-20,1.0715012550354004,99.77999877929688,1.21,2.24,-0.7858766049869113,1.9958766049869112,-0.0875709651928851,1.0300000000000002,-0.9300003051757812
2017-04-21,1.0714898109436035,99.9800033569336,1.2,2.24,-0.7857265720098505,1.9857265720098505,-0.0962801685430128,1.0400000000000003,-0.7999954223632812
2017-04-24,1.087393879890442,99.08999633789062,1.25,2.28,-0.6992764493428401,1.94927644934284,-0.11794735534390499,1.0299999999999998,-1.470001220703125
2017-04-25,1.0864840745925903,98.81999969482422,1.29,2.35,-0.7018313864199337,1.9918313864199337,-0.034346427176041416,1.06,-0.6800003051757812
2017-04-26,1.0928245782852173,98.95999908447266,1.28,2.32,-0.7062749360115932,1.9862749360115932,-0.009516698670869461,1.0399999999999998,-0.779998779296875
2017-04-27,1.090893268585205,99.08000183105469,1.25,2.3,-0.7268340139093548,1.9768340139093548,-0.01904259107755646,1.0499999999999998,-0.6999969482421875
2017-04-28,1.0864251852035522,99.05000305175781,1.28,2.29,-0.7320803590402449,2.0120803590402447,0.02635378703039426,1.01,-0.9300003051757812
2017-05-02,1.090893268585205,98.9800033569336,1.27,2.29,-0.7383887936898423,2.0083887936898424,0.0591123443470023,1.02,-0.10999298095703125
2017-05-03,1.0935654640197754,99.20999908447266,1.3,2.33,-0.7323488098328292,2.032348809832829,0.040517423412895326,1.03,0.3899993896484375
2017-05-04,1.0888975858688354,98.76000213623047,1.32,2.36,-0.7207511610100701,2.0407511610100704,0.05447622499847715,1.0399999999999998,-0.1999969482421875
2017-05-05,1.098152995109558,98.6500015258789,1.32,2.36,-0.6977623405115079,2.017762340511508,0.0409283266021534,1.0399999999999998,-0.43000030517578125
2017-05-08,1.0965152978897095,99.1500015258789,1.33,2.39,-0.68914782305741,2.01914782305741,0.0070674640171652925,1.06,0.09999847412109375
2017-05-09,1.0927767753601074,99.58999633789062,1.37,2.42,-0.6756781996966628,2.045678199696663,0.037289406006820514,1.0499999999999998,0.6099929809570312
2017-05-10,1.0886842012405396,99.66999816894531,1.35,2.41,-0.6880337256432947,2.0380337256432948,0.005684915810465707,1.06,0.45999908447265625
2017-05-11,1.087074637413025,99.62000274658203,1.35,2.39,-0.6724458729226326,2.0224458729226327,-0.0183052880874377,1.04,0.8600006103515625
2017-05-12,1.0864958763122559,99.25,1.29,2.33,-0.6886235556510507,1.9786235556510507,-0.03913878486045741,1.04,0.5999984741210938
2017-05-15,1.0927289724349976,98.91000366210938,1.31,2.34,-0.6748691147678381,1.9848691147678381,-0.03427870828957191,1.0299999999999998,-0.23999786376953125
2017-05-16,1.0981770753860474,98.11000061035156,1.29,2.33,-0.662512507396138,1.952512507396138,-0.09316569230052485,1.04,-1.4799957275390625
2017-05-17,1.1093976497650146,97.41999816894531,1.26,2.22,-0.6883640253095722,1.9483640253095722,-0.08966970033372257,0.9600000000000002,-2.25
2017-05-18,1.115635633468628,97.87999725341797,1.27,2.23,-0.6941479229733769,1.964147922973377,-0.058297949949255745,0.96,-1.7400054931640625
2017-05-19,1.1113580465316772,97.1500015258789,1.28,2.23,-0.679065299362259,1.959065299362259,-0.01955825628879171,0.95,-2.0999984741210938
2017-05-22,1.120485782623291,96.9800033569336,1.29,2.25,-0.6754649506161332,1.9654649506161332,-0.019404164151704872,0.96,-1.9300003051757812
2017-05-23,1.123885989189148,97.3499984741211,1.31,2.29,-0.6626976395150592,1.9726976395150593,0.020185132118921256,0.98,-0.7600021362304688
2017-05-24,1.11793053150177,97.23999786376953,1.29,2.26,-0.6798279837873018,1.9698279837873018,0.02146395847772964,0.9699999999999998,-0.18000030517578125
2017-05-25,1.1230907440185547,97.25,1.3,2.25,-0.6938281072316945,1.9938281072316946,0.029680184258317643,0.95,-0.6299972534179688
2017-05-26,1.121076226234436,97.4000015258789,1.3,2.25,-0.7041108110412706,2.0041108110412704,0.045045511679011385,0.95,0.25
2017-05-30,1.1129041910171509,97.27999877929688,1.28,2.21,-0.7357365401249103,2.0157365401249105,0.050271589508777303,0.9299999999999999,0.29999542236328125
2017-05-31,1.117168664932251,96.91999816894531,1.28,2.21,-0.7359024097670401,2.0159024097670404,0.043204770251981106,0.9299999999999999,-0.43000030517578125
2017-06-01,1.1243535280227661,97.19999694824219,1.28,2.21,-0.7329104343205337,2.012910434320534,0.04308245053323212,0.9299999999999999,-0.04000091552734375
2017-06-02,1.1215791702270508,96.72000122070312,1.28,2.15,-0.7480126616172376,2.028012661617238,0.03418455438554324,0.8699999999999999,-0.529998779296875
2017-06-05,1.128082513809204,96.80000305175781,1.32,2.18,-0.731554756714436,2.0515547567144363,0.0474439456731659,0.8600000000000001,-0.5999984741210938
2017-06-06,1.1256824731826782,96.63999938964844,1.3,2.14,-0.7499016623670762,2.049901662367076,0.0341651222421655,0.8400000000000001,-0.6399993896484375
2017-06-07,1.1271415948867798,96.75,1.32,2.18,-0.7559794884731783,2.0759794884731786,0.06007707870613821,0.8600000000000001,-0.1699981689453125
2017-06-08,1.125517725944519,96.91999816894531,1.33,2.19,-0.746443367553991,2.076443367553991,0.0635329332334571,0.8599999999999999,-0.279998779296875
2017-06-09,1.1184805631637573,97.2699966430664,1.35,2.21,-0.754912508617716,2.104912508617716,0.07689984700047825,0.8599999999999999,0.5499954223632812
2017-06-12,1.1201971769332886,97.13999938964844,1.35,2.21,-0.7515382195343854,2.1015382195343855,0.04998346281994914,0.8599999999999999,0.339996337890625
2017-06-13,1.1196202039718628,96.9800033569336,1.38,2.21,-0.7212299234350379,2.101229923435038,0.051328261067961733,0.8300000000000001,0.34000396728515625
2017-06-14,1.1208877563476562,96.94000244140625,1.35,2.15,-0.7163713027236174,2.0663713027236175,-0.009608185749561127,0.7999999999999998,0.19000244140625
2017-06-15,1.1215791702270508,97.43000030517578,1.35,2.16,-0.6591979497150158,2.009197949715016,-0.0672454178389752,0.81,0.5100021362304688
2017-06-16,1.1146905422210693,97.16000366210938,1.32,2.16,-0.6830524726628502,2.0030524726628505,-0.10186003595486559,0.8400000000000001,-0.10999298095703125
2017-06-19,1.120824933052063,97.52999877929688,1.36,2.19,-0.6696802639782211,2.0296802639782214,-0.07185795555616403,0.8299999999999998,0.3899993896484375
2017-06-20,1.1144545078277588,97.75,1.36,2.16,-0.6718376793094594,2.0318376793094597,-0.0693922441255781,0.8,0.7699966430664062
2017-06-21,1.1136974096298218,97.55999755859375,1.36,2.16,-0.6599404815177126,2.019940481517713,-0.04643082120590458,0.8,0.6199951171875
2017-06-22,1.1167196035385132,97.54000091552734,1.34,2.15,-0.6651717008279006,2.0051717008279004,-0.004026248887115447,0.8099999999999998,0.1100006103515625
2017-06-23,1.1149640083312988,97.30000305175781,1.34,2.15,-0.65032843183561,1.99032843183561,-0.012724040827240435,0.8099999999999998,0.1399993896484375
2017-06-26,1.1198835372924805,97.43000030517578,1.36,2.14,-0.6557621455971772,2.0157621455971775,-0.013918118381043953,0.78,-0.09999847412109375
2017-06-27,1.118355631828308,96.47000122070312,1.38,2.21,-0.610612879172467,1.9906128791724669,-0.04122480013699281,0.8300000000000001,-1.279998779296875
2017-06-28,1.1339154243469238,96.05000305175781,1.34,2.22,-0.6107385664629907,1.9507385664629908,-0.06920191505472206,0.8800000000000001,-1.5099945068359375
2017-06-29,1.1382650136947632,95.62999725341797,1.38,2.27,-0.5982272964863675,1.9782272964863674,-0.026944404341533,0.8900000000000001,-1.910003662109375
2017-06-30,1.144164800643921,95.66000366210938,1.38,2.31,-0.5860358511646915,1.9660358511646914,-0.024292580670918662,0.9300000000000002,-1.6399993896484375
2017-07-03,1.1423088312149048,96.19999694824219,1.41,2.35,-0.6063645902190862,2.0163645902190863,0.0006024446219088375,0.9400000000000002,-1.2300033569335938
2017-07-05,1.1360150575637817,96.29000091552734,1.41,2.33,-0.6023523562677431,2.0123523562677432,0.02173947709527635,0.9200000000000002,-0.18000030517578125
2017-07-06,1.1346874237060547,95.81999969482422,1.4,2.37,-0.5923981635402251,1.992398163540225,0.04165959707723421,0.9700000000000002,-0.23000335693359375
2017-07-07,1.1424784660339355,96.01000213623047,1.4,2.39,-0.606108602539706,2.006108602539706,0.027881306053338495,0.9900000000000002,0.3800048828125
2017-07-10,1.140380859375,96.05000305175781,1.4,2.38,-0.6168116260072152,2.016811626007215,0.05077577484252371,0.98,0.3899993896484375
2017-07-12,1.1473942995071411,95.79000091552734,1.35,2.33,-0.6190180632922981,1.9690180632922982,-0.04734652692678809,0.98,-0.40999603271484375
2017-07-13,1.1418914794921875,95.7300033569336,1.37,2.35,-0.6253842576283519,1.995384257628352,-0.016968098639391194,0.98,-0.55999755859375
2017-07-14,1.140393853187561,95.11000061035156,1.35,2.33,-0.6325131195366183,1.9825131195366184,-0.00988504400360668,0.98,-0.7099990844726562
2017-07-17,1.1475391387939453,95.12999725341797,1.36,2.31,-0.6323908836858951,1.9923908836858952,-0.013717718853810679,0.95,-0.8800048828125
2017-07-18,1.1474337577819824,94.66000366210938,1.36,2.27,-0.6392138720623652,1.9992138720623653,-0.017597753944849748,0.9099999999999999,-1.3899993896484375
2017-07-19,1.1549744606018066,94.80000305175781,1.37,2.27,-0.6402525016168976,2.0102525016168977,0.0412344383245995,0.8999999999999999,-0.9899978637695312
2017-07-20,1.1528440713882446,94.2699966430664,1.37,2.27,-0.6436986689765849,2.013698668976585,0.018314411348232973,0.8999999999999999,-1.4600067138671875
2017-07-21,1.1628718376159668,93.94000244140625,1.36,2.24,-0.6437726489582252,2.0037726489582255,0.021259529421607137,0.8800000000000001,-1.1699981689453125
2017-07-24,1.1681697368621826,93.9800033569336,1.37,2.26,-0.6556850816749629,2.025685081674963,0.03329419798906774,0.8899999999999997,-1.149993896484375
2017-07-25,1.1638869047164917,94.05000305175781,1.4,2.33,-0.6475712765100603,2.04757127651006,0.048357404447694874,0.9300000000000002,-0.6100006103515625
2017-07-26,1.1644561290740967,93.66999816894531,1.36,2.29,-0.6528243823934616,2.012824382393462,0.002571880776564228,0.9299999999999999,-1.1300048828125
2017-07-27,1.1728004217147827,93.86000061035156,1.36,2.32,-0.664467069663166,2.0244670696631664,0.010768400686581359,0.9599999999999997,-0.40999603271484375
2017-07-28,1.1688660383224487,93.26000213623047,1.34,2.3,-0.658818577416131,1.9988185774161311,-0.004954071542094374,0.9599999999999997,-0.6800003051757812
2017-07-31,1.1747292280197144,92.86000061035156,1.34,2.3,-0.6677879301542609,2.0077879301542607,-0.01789715152070226,0.9599999999999997,-1.1200027465820312
2017-08-01,1.182410478591919,93.02999877929688,1.34,2.26,-0.6708553997478397,2.0108553997478396,-0.036715876762220656,0.9199999999999997,-1.0200042724609375
2017-08-02,1.1811256408691406,92.83000183105469,1.36,2.27,-0.6821703054825203,2.0421703054825207,0.0293459230890587,0.9099999999999999,-0.839996337890625
2017-08-03,1.1851149797439575,92.80999755859375,1.34,2.24,-0.6764010134952034,2.0164010134952033,-0.008066056167963076,0.9000000000000001,-1.0500030517578125
2017-08-04,1.1884952783584595,93.54000091552734,1.36,2.27,-0.6729454984207317,2.032945498420732,0.03412692100460091,0.9099999999999999,0.279998779296875
2017-08-07,1.1778424978256226,93.43000030517578,1.36,2.26,-0.6753310028481394,2.0353310028481397,0.02754307269387901,0.8999999999999997,0.5699996948242188
2017-08-08,1.1800941228866577,93.63999938964844,1.36,2.29,-0.6670214425523993,2.0270214425523996,0.01616604280456002,0.9299999999999999,0.6100006103515625
2017-08-09,1.1754610538482666,93.5199966430664,1.33,2.24,-0.6814680212885964,2.0114680212885965,-0.03070228419392418,0.9100000000000001,0.6899948120117188
2017-08-10,1.1761523485183716,93.4000015258789,1.33,2.2,-0.6801208922186017,2.010120892218602,-0.006280121276601491,0.8700000000000001,0.5900039672851562
2017-08-11,1.177024483680725,93.06999969482422,1.3,2.19,-0.7031796004310147,2.0031796004310145,-0.029765897989717516,0.8899999999999999,-0.470001220703125
2017-08-14,1.182550311088562,93.45999908447266,1.33,2.22,-0.7055315635241621,2.035531563524162,0.00020056067602247651,0.8900000000000001,0.029998779296875
2017-08-15,1.1775789260864258,93.8499984741211,1.35,2.27,-0.6890506176624234,2.0390506176624235,0.012029175110023882,0.9199999999999999,0.20999908447265625
2017-08-16,1.1741223335266113,93.48999786376953,1.33,2.23,-0.6884724269699971,2.018472426969997,0.007004405681400705,0.8999999999999999,-0.029998779296875
2017-08-17,1.1774264574050903,93.62000274658203,1.32,2.19,-0.6805273178986448,2.000527317898645,-0.009593574319956666,0.8699999999999999,0.220001220703125
2017-08-18,1.1715501546859741,93.43000030517578,1.33,2.19,-0.7000984391392837,2.030098439139284,0.026918838708269277,0.8599999999999999,0.3600006103515625
2017-08-21,1.1756268739700317,93.0999984741211,1.32,2.18,-0.7020942395337286,2.022094239533729,-0.013437323990433292,0.8600000000000001,-0.3600006103515625
2017-08-22,1.1811953783035278,93.55000305175781,1.33,2.22,-0.7032135755090767,2.0332135755090768,-0.005837042153346683,0.8900000000000001,-0.29999542236328125
2017-08-23,1.176221489906311,93.1500015258789,1.32,2.17,-0.7185161811870229,2.038516181187023,0.020043754217025977,0.8499999999999999,-0.339996337890625
2017-08-24,1.1816558837890625,93.27999877929688,1.33,2.19,-0.7229737250576296,2.0529737250576297,0.05244640715898452,0.8599999999999999,-0.34000396728515625
2017-08-25,1.1802195310592651,92.73999786376953,1.35,2.17,-0.7114144011382173,2.0614144011382174,0.031315961998933606,0.8199999999999998,-0.69000244140625
2017-08-28,1.1951857805252075,92.20999908447266,1.33,2.16,-0.7332824075870761,2.063282407587076,0.04118816805334724,0.8300000000000001,-0.8899993896484375
2017-08-29,1.1963869333267212,92.3499984741211,1.33,2.13,-0.742497940722588,2.072497940722588,0.03928436521351131,0.7999999999999998,-1.2000045776367188
2017-08-30,1.1970456838607788,92.87999725341797,1.33,2.15,-0.7244493855285317,2.0544493855285317,0.015933204341508578,0.8199999999999998,-0.2700042724609375
2017-08-31,1.1893434524536133,92.66999816894531,1.33,2.12,-0.7341663992199683,2.0641663992199684,0.011192674162338712,0.79,-0.6100006103515625
2017-09-01,1.1910432577133179,92.80999755859375,1.35,2.16,-0.7264870387794229,2.076487038779423,0.015072637641205588,0.81,0.06999969482421875
2017-09-05,1.1893434524536133,92.30999755859375,1.3,2.07,-0.759554124330533,2.059554124330533,-0.0037282832565432855,0.7699999999999998,0.09999847412109375
2017-09-06,1.1924067735671997,92.29000091552734,1.3,2.1,-0.7471465701505293,2.047146570150529,-0.02535137057205894,0.8,-0.05999755859375
2017-09-07,1.1927765607833862,91.52999877929688,1.27,2.05,-0.7604467254267897,2.0304467254267897,-0.024002660101742013,0.7799999999999998,-1.3499984741210938
2017-09-08,1.2029062509536743,91.33000183105469,1.27,2.06,-0.7633127457827316,2.0333127457827316,-0.030853653437236783,0.79,-1.339996337890625
2017-09-11,1.2017642259597778,91.86000061035156,1.32,2.14,-0.7604673544174894,2.0804673544174896,0.003980315638066667,0.8200000000000001,-0.9499969482421875
2017-09-12,1.1959433555603027,91.91000366210938,1.33,2.17,-0.7399262933260928,2.069926293326093,0.010372168995560038,0.8399999999999999,-0.399993896484375
2017-09-13,1.1974613666534424,92.5199966430664,1.35,2.2,-0.7299451431121495,2.0799451431121496,0.032798572961620476,0.8500000000000001,0.2299957275390625
2017-09-14,1.1890605688095093,92.12000274658203,1.37,2.2,-0.7206202211901234,2.0906202211901235,0.06017349576333375,0.8300000000000001,0.5900039672851562
2017-09-15,1.1921650171279907,91.87000274658203,1.39,2.2,-0.7056445173470882,2.095644517347088,0.06233177156435632,0.8100000000000003,0.5400009155273438
2017-09-18,1.193716287612915,92.05000305175781,1.4,2.23,-0.699522557437696,2.099522557437696,0.019055203020206246,0.8300000000000001,0.19000244140625
2017-09-19,1.1959290504455566,91.79000091552734,1.4,2.24,-0.696656984425676,2.096656984425676,0.026730691099583037,0.8400000000000003,-0.12000274658203125
2017-09-20,1.199256420135498,92.51000213623047,1.45,2.28,-0.6986707373204375,2.1486707373204377,0.06872559420828805,0.8299999999999998,-0.0099945068359375
2017-09-21,1.1872113943099976,92.26000213623047,1.45,2.27,-0.6957818218409795,2.1457818218409797,0.05516160065085618,0.8200000000000001,0.1399993896484375
2017-09-22,1.194557547569275,92.16999816894531,1.46,2.26,-0.691673029154046,2.151673029154046,0.056028511806958115,0.7999999999999998,0.29999542236328125
2017-09-25,1.1927196979522705,92.6500015258789,1.44,2.22,-0.6778882429689128,2.1178882429689128,0.01836568553121687,0.7800000000000002,0.5999984741210938
2017-09-26,1.185564637184143,92.97000122070312,1.45,2.24,-0.7190046396221828,2.169004639622183,0.07234765519650699,0.7900000000000003,1.1800003051757812
2017-09-27,1.1786059141159058,93.36000061035156,1.47,2.31,-0.7024221582565922,2.172422158256592,0.023751420936154233,0.8400000000000001,0.8499984741210938
2017-09-28,1.1749638319015503,93.08999633789062,1.45,2.31,-0.7101638978835298,2.16016389788353,0.014382076042550374,0.8600000000000001,0.8299942016601562
2017-09-29,1.178175449371338,93.08000183105469,1.47,2.33,-0.6999581196698683,2.169958119669868,0.018285090515822056,0.8600000000000001,0.910003662109375
2017-10-02,1.1807351112365723,93.55999755859375,1.49,2.34,-0.7155326883760775,2.2055326883760777,0.08764444540716498,0.8499999999999999,0.9099960327148438
2017-10-03,1.173378348350525,93.56999969482422,1.47,2.33,-0.7122918772976821,2.182291877297682,0.013287237675498886,0.8600000000000001,0.5999984741210938
2017-10-04,1.1747568845748901,93.45999908447266,1.47,2.33,-0.7163426843514076,2.1863426843514073,0.013920526094815422,0.8600000000000001,0.09999847412109375
2017-10-05,1.175723671913147,93.95999908447266,1.49,2.35,-0.7033956093803466,2.193395609380347,0.03323171149681681,0.8600000000000001,0.8700027465820312
2017-10-06,1.1712344884872437,93.80000305175781,1.54,2.37,-0.6824731304138671,2.222473130413867,0.05251501074399911,0.8300000000000001,0.720001220703125
2017-10-10,1.1741636991500854,93.29000091552734,1.51,2.35,-0.70152675313693,2.21152675313693,0.005994064760852069,0.8400000000000001,-0.26999664306640625
2017-10-11,1.1814883947372437,92.95999908447266,1.51,2.35,-0.6953399454251183,2.205339945425118,0.023048068127436316,0.8400000000000001,-0.6100006103515625
2017-10-12,1.1865493059158325,93.12000274658203,1.51,2.33,-0.7124039816193077,2.2224039816193075,0.036061297267900194,0.8200000000000001,-0.339996337890625
2017-10-13,1.1831799745559692,93.08999633789062,1.51,2.28,-0.7286280098888733,2.238628009888873,0.04523240050852628,0.7699999999999998,-0.8700027465820312
2017-10-16,1.181404709815979,93.27999877929688,1.54,2.3,-0.7462403070737462,2.2862403070737463,0.06376717665987908,0.7599999999999998,-0.5200042724609375
2017-10-17,1.1794538497924805,93.48999786376953,1.54,2.3,-0.7417228057703538,2.281722805770354,0.07019605263342399,0.7599999999999998,0.1999969482421875
2017-10-18,1.1771907806396484,93.36000061035156,1.59,2.34,-0.73042909406528,2.32042909406528,0.11508914864016173,0.7499999999999998,0.40000152587890625
2017-10-19,1.1795234680175781,93.2699966430664,1.58,2.33,-0.737267316936185,2.317267316936185,0.09486333531687752,0.75,0.149993896484375
2017-10-20,1.184805989265442,93.69999694824219,1.6,2.39,-0.7184527558678964,2.3184527558678965,0.07982474597902334,0.79,0.6100006103515625
2017-10-23,1.175364375114441,93.94000244140625,1.58,2.38,-0.7300149644696567,2.310014964469657,0.02377465739591056,0.7999999999999998,0.660003662109375
2017-10-24,1.1759172677993774,93.95999908447266,1.6,2.42,-0.705378641506881,2.305378641506881,0.023655835736527298,0.8199999999999998,0.470001220703125
2017-10-25,1.1759034395217896,93.70999908447266,1.61,2.44,-0.6973443201031024,2.3073443201031028,-0.01308477396217711,0.8299999999999998,0.34999847412109375
2017-10-26,1.182075023651123,94.61000061035156,1.63,2.46,-0.7292970915131098,2.3592970915131097,0.042029774576924694,0.8300000000000001,1.3400039672851562
2017-10-27,1.163724422454834,94.91999816894531,1.59,2.42,-0.7485892550545188,2.3385892550545186,0.020136499186622192,0.8299999999999998,1.220001220703125
2017-10-30,1.1604562997817993,94.48999786376953,1.58,2.37,-0.7574911601902539,2.337491160190254,0.02747619572059712,0.79,0.5499954223632812
2017-10-31,1.1652703285217285,94.55000305175781,1.6,2.38,-0.744982685394139,2.344982685394139,0.03960404388725802,0.7799999999999998,0.5900039672851562
2017-11-01,1.165175199508667,94.81999969482422,1.61,2.37,-0.751392239768693,2.3613922397686933,0.05404791966559053,0.76,1.1100006103515625
2017-11-02,1.1628718376159668,94.69000244140625,1.61,2.35,-0.7437468896640738,2.353746889664074,-0.005550201849035652,0.74,0.0800018310546875
2017-11-03,1.1661807298660278,94.94000244140625,1.63,2.34,-0.756691930637797,2.386691930637797,0.0481026755832783,0.71,0.0200042724609375
2017-11-06,1.1614941358566284,94.72000122070312,1.61,2.32,-0.7455083994131231,2.3555083994131234,0.018017239222869463,0.7099999999999997,0.23000335693359375
2017-11-07,1.1612648963928223,94.91000366210938,1.63,2.32,-0.762951060536615,2.392951060536615,0.04796837514247576,0.69,0.3600006103515625
2017-11-08,1.1601063013076782,94.87000274658203,1.65,2.32,-0.7658246034695289,2.4158246034695288,0.054432363700835484,0.6699999999999999,0.0500030517578125
2017-11-09,1.15968918800354,94.44000244140625,1.63,2.33,-0.7460245445267688,2.3760245445267687,0.022277654862694618,0.7000000000000002,-0.25
2017-11-10,1.164686679840088,94.38999938964844,1.67,2.4,-0.7476946647973985,2.4176946647973985,0.03100273415960153,0.73,-0.5500030517578125
2017-11-13,1.1661127805709839,94.48999786376953,1.7,2.4,-0.7407622829979061,2.4407622829979063,0.08525388358478292,0.7,-0.23000335693359375
2017-11-14,1.1664936542510986,93.83000183105469,1.68,2.38,-0.7331121895200834,2.413112189520083,0.020161128983468224,0.7,-1.0800018310546875
2017-11-15,1.1792869567871094,93.80999755859375,1.68,2.33,-0.7490579389949721,2.429057938994972,0.013233335525443035,0.6500000000000001,-1.0600051879882812
2017-11-17,1.1777453422546387,93.66000366210938,1.73,2.35,-0.7377633952978107,2.4677633952978106,0.09173885077104194,0.6200000000000001,-0.779998779296875
2017-11-20,1.1731857061386108,94.08000183105469,1.77,2.37,-0.7402381427402762,2.5102381427402762,0.09254347794287776,0.6000000000000001,-0.30999755859375
2017-11-21,1.1741223335266113,93.94999694824219,1.77,2.36,-0.739479472011026,2.509479472011026,0.06871718901311974,0.5899999999999999,-0.5400009155273438
2017-11-22,1.173722743988037,93.22000122070312,1.74,2.32,-0.718180875602509,2.458180875602509,0.04506868608242609,0.5799999999999998,-0.6100006103515625
2017-11-24,1.1853959560394287,92.76000213623047,1.75,2.34,-0.7118833481682696,2.4618833481682696,0.03282540917329779,0.5899999999999999,-1.0499954223632812
2017-11-27,1.1926485300064087,92.9000015258789,1.74,2.32,-0.7128897828242948,2.452889782824295,-0.014873612473515596,0.5799999999999998,-0.7600021362304688
2017-11-28,1.1904903650283813,93.26000213623047,1.75,2.34,-0.7223276691038363,2.4723276691038363,-0.037910473636439956,0.5899999999999999,-0.8199996948242188
2017-11-29,1.184805989265442,93.26000213623047,1.78,2.37,-0.7053485898847152,2.4853485898847154,-0.02413088212631065,0.5900000000000001,-0.6899948120117188
2017-11-30,1.18519926071167,93.01000213623047,1.78,2.42,-0.7021452827025936,2.482145282702594,0.023964407100084628,0.6399999999999999,-0.20999908447265625
2017-12-01,1.1898245811462402,92.9000015258789,1.78,2.37,-0.7155631335293915,2.4955631335293917,0.03367978536112215,0.5900000000000001,0.1399993896484375
2017-12-04,1.1859863996505737,93.19000244140625,1.8,2.37,-0.7215488853837471,2.521548885383747,0.06865910255945185,0.5700000000000001,0.29000091552734375
2017-12-05,1.1867746114730835,93.37999725341797,1.83,2.36,-0.7326212614239145,2.5626212614239146,0.09029359232007828,0.5299999999999998,0.1199951171875
2017-12-06,1.1832919120788574,93.61000061035156,1.78,2.33,-0.7551588157729876,2.535158815772988,0.04981022588827244,0.55,0.34999847412109375
2017-12-07,1.1804285049438477,93.80000305175781,1.8,2.37,-0.767450613558939,2.5674506135589388,0.08530533085634495,0.5700000000000001,0.7900009155273438
2017-12-08,1.1772184371948242,93.9000015258789,1.8,2.38,-0.7623042108258975,2.5623042108258973,0.06674107729650558,0.5799999999999998,1.0
2017-12-11,1.1769968271255493,93.87000274658203,1.82,2.39,-0.7478797616125608,2.567879761612561,0.046330876228814155,0.5700000000000001,0.6800003051757812
2017-12-12,1.1777591705322266,94.0999984741211,1.83,2.4,-0.743906845655637,2.573906845655637,0.011285584231722545,0.5699999999999998,0.720001220703125
2017-12-13,1.1742602586746216,93.43000030517578,1.79,2.36,-0.7469175968417172,2.5369175968417172,0.001758781068729398,0.5699999999999998,-0.18000030517578125
2017-12-14,1.1835860013961792,93.48999786376953,1.82,2.35,-0.738588411901115,2.5585884119011153,-0.008862201657823476,0.53,-0.31000518798828125
2017-12-15,1.1774957180023193,93.93000030517578,1.84,2.35,-0.7382827626242525,2.5782827626242524,0.015978551798355056,0.51,0.029998779296875
2017-12-18,1.1743566989898682,93.69999694824219,1.84,2.39,-0.7240255516569718,2.5640255516569717,-0.0038542099555893827,0.55,-0.17000579833984375
2017-12-19,1.1784253120422363,93.47000122070312,1.87,2.46,-0.7105696042059124,2.5805696042059125,0.006662758550275427,0.5899999999999999,-0.6299972534179688
2017-12-20,1.1841325759887695,93.3499984741211,1.87,2.49,-0.6913950787301859,2.561395078730186,0.024477481888468766,0.6200000000000001,-0.0800018310546875
2017-12-21,1.1878176927566528,93.27999877929688,1.89,2.48,-0.6699112092740309,2.5599112092740306,0.0013227973729152964,0.5900000000000001,-0.20999908447265625
2017-12-22,1.1857331991195679,93.3499984741211,1.91,2.48,-0.6649866952696035,2.5749866952696037,-0.003296067354648713,0.5700000000000001,-0.5800018310546875
2017-12-27,1.1857894659042358,93.02999877929688,1.89,2.42,-0.6731523010616778,2.5631523010616775,-0.0008732505952941949,0.53,-0.6699981689453125
2017-12-28,1.1900794506072998,92.5999984741211,1.91,2.43,-0.637618189823689,2.547618189823689,-0.032951414382223376,0.5200000000000002,-0.8700027465820312
2017-12-29,1.1941723823547363,92.12000274658203,1.89,2.4,-0.6352172241188692,2.525217224118869,-0.03617785461131717,0.51,-1.2299957275390625
2018-01-02,1.2011579275131226,91.8499984741211,1.92,2.46,-0.6184492733985723,2.538449273398572,-0.021461935875458416,0.54,-1.4300003051757812
2018-01-03,1.2063454389572144,92.16000366210938,1.94,2.44,-0.6258495135872177,2.5658495135872177,-0.009137181682385975,0.5,-1.1899948120117188
2018-01-04,1.2010425329208374,91.8499984741211,1.96,2.46,-0.6092078650348185,2.5692078650348185,0.006055563973140998,0.5,-1.1800003051757812
2018-01-05,1.2068840265274048,91.94999694824219,1.96,2.47,-0.610466326997031,2.570466326997031,0.022848137173341776,0.5100000000000002,-0.6500015258789062
2018-01-08,1.2037460803985596,92.33000183105469,1.96,2.49,-0.6202436117552228,2.5802436117552228,0.055026387636353924,0.5300000000000002,0.20999908447265625
2018-01-09,1.1970456838607788,92.52999877929688,1.98,2.55,-0.6158303015402957,2.5958303015402957,0.05738102814172352,0.5699999999999998,0.6800003051757812
2018-01-10,1.1929330825805664,92.33000183105469,1.98,2.55,-0.6151396804484026,2.5951396804484026,0.029290166861184908,0.5699999999999998,0.1699981689453125
2018-01-11,1.1956144571304321,91.8499984741211,1.98,2.54,-0.5646616875077592,2.5446616875077592,-0.024546177527059232,0.56,0.0
2018-01-12,1.2042099237442017,90.97000122070312,1.99,2.55,-0.5597776646191157,2.549777664619116,-0.020688662377915,0.5599999999999998,-0.9799957275390625
2018-01-16,1.2268433570861816,90.38999938964844,2.03,2.54,-0.5749339861922129,2.6049339861922127,0.02469037443698996,0.5100000000000002,-1.94000244140625
2018-01-17,1.227129340171814,90.54000091552734,2.05,2.57,-0.5706399095357986,2.6206399095357984,0.02480960799550269,0.52,-1.9899978637695312
2018-01-18,1.218397855758667,90.5,2.05,2.62,-0.5762719550166233,2.626271955016623,0.03113227456822054,0.5700000000000003,-1.8300018310546875
2018-01-19,1.2236607074737549,90.56999969482422,2.06,2.64,-0.5854912862391126,2.6454912862391127,0.10082959873135344,0.5800000000000001,-1.279998779296875
2018-01-22,1.2255502939224243,90.4000015258789,2.08,2.66,-0.5915804785073462,2.6715804785073463,0.12180281388823033,0.5800000000000001,-0.5699996948242188
2018-01-23,1.2256253957748413,90.12000274658203,2.06,2.63,-0.5833259436548168,2.643325943654817,0.038391957462604154,0.5699999999999998,-0.26999664306640625
2018-01-24,1.2310267686843872,89.20999908447266,2.08,2.65,-0.5807932699295382,2.6607932699295382,0.040153360393739845,0.5699999999999998,-1.3300018310546875
2018-01-25,1.239111304283142,89.38999938964844,2.08,2.63,-0.5451433564393389,2.625143356439339,-0.001128598577284201,0.5499999999999998,-1.1100006103515625
2018-01-26,1.239234209060669,89.06999969482422,2.13,2.66,-0.5387041960601016,2.6687041960601015,0.02321290982098878,0.5300000000000002,-1.5
2018-01-29,1.2428072690963745,89.30999755859375,2.11,2.7,-0.5075764573764943,2.617576457376494,-0.05400402113085212,0.5900000000000003,-1.0900039672851562
2018-01-30,1.2381141185760498,89.19000244140625,2.13,2.73,-0.5176578097556845,2.6476578097556844,0.004331866100867554,0.6000000000000001,-0.9300003051757812
2018-01-31,1.2409565448760986,89.12999725341797,2.14,2.72,-0.5247320548608307,2.664732054860831,0.003938784931292627,0.5800000000000001,-0.0800018310546875
2018-02-01,1.241865873336792,88.66999816894531,2.16,2.78,-0.5327598288112059,2.692759828811206,0.06761647237186708,0.6199999999999997,-0.720001220703125
2018-02-02,1.2510008811950684,89.19999694824219,2.15,2.84,-0.521751105664789,2.671751105664789,0.0030469096046874533,0.69,0.12999725341796875
2018-02-05,1.244694471359253,89.55000305175781,2.08,2.77,-0.543226240574679,2.623226240574679,0.005649783198184988,0.69,0.2400054931640625
2018-02-06,1.2367818355560303,89.58999633789062,2.1,2.79,-0.547235753362938,2.647235753362938,-0.00042205639274639495,0.69,0.399993896484375
2018-02-07,1.2381294965744019,90.26000213623047,2.15,2.84,-0.5448470227649107,2.6948470227649106,0.030114967904079748,0.69,1.1300048828125
2018-02-08,1.2268133163452148,90.2300033569336,2.13,2.85,-0.5146026909352956,2.6446026909352955,-0.04815713787591047,0.7200000000000002,1.5600051879882812
2018-02-09,1.2260762453079224,90.44000244140625,2.05,2.83,-0.5456359457166666,2.5956359457166664,-0.07611515994812246,0.7800000000000002,1.2400054931640625
2018-02-12,1.2252799272537231,90.20999908447266,2.09,2.86,-0.5592832426489274,2.6492832426489272,0.026057002074248103,0.77,0.6599960327148438
2018-02-13,1.2303755283355713,89.69999694824219,2.1,2.83,-0.5624755786788898,2.66247557867889,0.015239825315951805,0.73,0.1100006103515625
2018-02-14,1.235376238822937,89.12000274658203,2.17,2.91,-0.5479182527473743,2.717918252747374,0.02307122998246358,0.7400000000000002,-1.1399993896484375
2018-02-15,1.2467273473739624,88.58999633789062,2.19,2.9,-0.5396199499448961,2.729619949944896,0.08501725900960055,0.71,-1.6400070190429688
2018-02-16,1.2503595352172852,89.0999984741211,2.21,2.87,-0.5552945117676398,2.7652945117676397,0.1696585660509733,0.6600000000000001,-1.3400039672851562
2018-02-20,1.2398641109466553,89.72000122070312,2.25,2.88,-0.556576740817512,2.806576740817512,0.15729349816858473,0.6299999999999999,-0.48999786376953125
2018-02-21,1.233532428741455,90.08000183105469,2.26,2.94,-0.5484844626377612,2.808484462637761,0.14600888395887113,0.6800000000000002,0.3800048828125
2018-02-22,1.2281843423843384,89.75,2.25,2.92,-0.5560946036786856,2.8060946036786856,0.08817635093131138,0.6699999999999999,0.6299972534179688
2018-02-23,1.2326656579971313,89.87999725341797,2.25,2.88,-0.5701424029787718,2.820142402978772,0.09052245303387574,0.6299999999999999,1.2900009155273438
2018-02-26,1.228712558746338,89.81999969482422,2.22,2.86,-0.5725897805717945,2.7925897805717947,0.027295268804155004,0.6399999999999997,0.720001220703125
2018-02-27,1.2315573692321777,90.36000061035156,2.27,2.9,-0.5642931916123333,2.8342931916123333,0.027716450794821323,0.6299999999999999,0.6399993896484375
2018-02-28,1.2230321168899536,90.61000061035156,2.25,2.87,-0.572716156433839,2.822716156433839,0.014231693796078027,0.6200000000000001,0.529998779296875
2018-03-01,1.2191256284713745,90.31999969482422,2.22,2.81,-0.5817057429596186,2.801705742959619,-0.004388860719066745,0.5899999999999999,0.5699996948242188
2018-03-02,1.2270842790603638,89.94000244140625,2.25,2.86,-0.5804957664433212,2.8304957664433212,0.010353363464549403,0.6099999999999999,0.06000518798828125
2018-03-05,1.2315422296524048,90.08000183105469,2.24,2.88,-0.5803534240144961,2.8203534240144963,0.027763643442701547,0.6399999999999997,0.26000213623046875
2018-03-06,1.2336541414260864,89.62000274658203,2.25,2.88,-0.5622852014496118,2.812285201449612,-0.02200799016272148,0.6299999999999999,-0.7399978637695312
2018-03-07,1.2416653633117676,89.63999938964844,2.25,2.89,-0.5585202152058821,2.808520215205882,-0.014195941227956865,0.6400000000000001,-0.970001220703125
2018-03-08,1.2414649724960327,90.12000274658203,2.25,2.86,-0.5671559401157857,2.8171559401157857,0.015450197156166912,0.6099999999999999,-0.1999969482421875
2018-03-09,1.2306632995605469,90.08999633789062,2.27,2.9,-0.5715420545818306,2.8415420545818306,0.011046288138509386,0.6299999999999999,0.149993896484375
2018-03-12,1.2308752536773682,89.9000015258789,2.27,2.87,-0.5800019062003967,2.8500019062003967,0.029648482185900438,0.6000000000000001,-0.18000030517578125
2018-03-13,1.2339584827423096,89.66000366210938,2.26,2.84,-0.5890634617310768,2.8490634617310766,0.0367782602814648,0.5800000000000001,0.04000091552734375
2018-03-14,1.239234209060669,89.69999694824219,2.26,2.81,-0.5793483600312781,2.839348360031278,0.030828144825395754,0.5500000000000003,0.05999755859375
2018-03-15,1.2375624179840088,90.13999938964844,2.29,2.82,-0.5862981806561312,2.876298180656131,0.05914224054034545,0.5299999999999998,0.01999664306640625
2018-03-16,1.2309207916259766,90.2300033569336,2.31,2.85,-0.591061555091895,2.901061555091895,0.05951950051006438,0.54,0.14000701904296875
2018-03-19,1.228078842163086,89.9000015258789,2.31,2.85,-0.5854879794608339,2.895487979460834,0.04548607326043719,0.54,0.0
2018-03-20,1.2336845397949219,90.37000274658203,2.34,2.89,-0.5876399456870267,2.9276399456870266,0.07857648395594996,0.5500000000000003,0.7099990844726562
2018-03-21,1.2251899242401123,89.77999877929688,2.31,2.89,-0.5867594890438408,2.896759489043841,0.057411129012562956,0.5800000000000001,0.0800018310546875
2018-03-22,1.2347661256790161,89.86000061035156,2.29,2.83,-0.614247893129682,2.904247893129682,0.027949712473550825,0.54,-0.279998779296875
2018-03-23,1.2324985265731812,89.44000244140625,2.28,2.82,-0.6017288877753648,2.8817288877753646,-0.019332667316530383,0.54,-0.7900009155273438
2018-03-26,1.235437273979187,89.02999877929688,2.33,2.85,-0.5983788171555,2.9283788171555,0.032890837694666164,0.52,-0.8700027465820312
2018-03-27,1.2457488775253296,89.37000274658203,2.26,2.78,-0.6073070106820992,2.867307010682099,-0.060332935004927535,0.52,-1.0
2018-03-28,1.240787148475647,90.05999755859375,2.28,2.77,-0.6083209264391796,2.8883209264391794,-0.00843856260466147,0.4900000000000002,0.279998779296875
2018-03-29,1.2310267686843872,90.1500015258789,2.27,2.74,-0.609956169598294,2.879956169598294,-0.024291723531387976,0.4700000000000002,0.29000091552734375
2018-04-03,1.229271411895752,90.19999694824219,2.28,2.79,-0.6016023872693204,2.88160238726932,-0.00012650050604445795,0.5100000000000002,0.7599945068359375
2018-04-04,1.2278525829315186,90.13999938964844,2.28,2.79,-0.6032334389107241,2.883233438910724,-0.04514537824477616,0.5100000000000002,1.1100006103515625
2018-04-05,1.228682279586792,90.45999908447266,2.3,2.83,-0.5873391172779057,2.8873391172779055,0.020032106595806454,0.5300000000000002,1.089996337890625
2018-04-06,1.2251598834991455,90.11000061035156,2.27,2.77,-0.5904540552122226,2.8604540552122226,-0.027866871226956746,0.5,0.0500030517578125
2018-04-09,1.227144479751587,89.83999633789062,2.29,2.78,-0.5836820000940577,2.8736820000940577,-0.0062741695042363155,0.48999999999999977,-0.31000518798828125
2018-04-10,1.2322403192520142,89.58999633789062,2.32,2.8,-0.5702934950496834,2.8902934950496832,0.008691107780363083,0.48,-0.6100006103515625
2018-04-11,1.2363078594207764,89.56999969482422,2.32,2.79,-0.5714193834071057,2.8914193834071056,0.008185944496381659,0.4700000000000002,-0.5699996948242188
2018-04-12,1.2371643781661987,89.75,2.34,2.83,-0.5755119500336336,2.9155119500336335,0.028172832755728017,0.4900000000000002,-0.7099990844726562
2018-04-13,1.2329696416854858,89.80000305175781,2.37,2.82,-0.5807393396290177,2.950739339629018,0.09028528441679518,0.44999999999999973,-0.30999755859375
2018-04-16,1.233258605003357,89.43000030517578,2.39,2.83,-0.5792179391803032,2.9692179391803033,0.09553593908624558,0.43999999999999995,-0.40999603271484375
2018-04-17,1.2385127544403076,89.5199966430664,2.41,2.82,-0.5853195319813924,2.9953195319813926,0.10502603693170931,0.4099999999999997,-0.06999969482421875
2018-04-18,1.237317442893982,89.62000274658203,2.42,2.87,-0.5753764775743457,2.9953764775743457,0.10395709416724008,0.4500000000000002,0.0500030517578125
2018-04-19,1.237914800643921,89.94000244140625,2.44,2.92,-0.556253014385411,2.996253014385411,0.08074106435177741,0.48,0.19000244140625
2018-04-20,1.2345526218414307,90.31999969482422,2.46,2.96,-0.5570122067315166,3.0170122067315166,0.0662728671024988,0.5,0.5199966430664062
2018-04-23,1.2273402214050293,90.94000244140625,2.49,2.98,-0.5498127375869091,3.0398127375869093,0.07059479840660599,0.48999999999999977,1.5100021362304688
2018-04-24,1.22089684009552,90.7699966430664,2.48,3.0,-0.5458236716106368,3.025823671610637,0.030504139629244253,0.52,1.25
2018-04-25,1.2241400480270386,91.16999816894531,2.49,3.03,-0.5505285972836571,3.0405285972836573,0.045152119709311656,0.5399999999999996,1.5499954223632812
2018-04-26,1.2171669006347656,91.55999755859375,2.49,3.0,-0.5530571321939126,3.043057132193913,0.04680411780850191,0.5099999999999998,1.6199951171875
2018-04-27,1.2109616994857788,91.54000091552734,2.49,2.96,-0.571883621723801,3.0618836217238012,0.04487141499228464,0.46999999999999975,1.220001220703125
2018-04-30,1.2122827768325806,91.83999633789062,2.49,2.95,-0.5709839086652089,3.060983908665209,0.0211711710782998,0.45999999999999996,0.899993896484375
2018-05-02,1.1991558074951172,92.51000213623047,2.49,2.97,-0.5717191943072839,3.061719194307284,0.03589552269664731,0.48,1.7400054931640625
2018-05-03,1.19510018825531,92.41000366210938,2.49,2.94,-0.5778050843609961,3.0678050843609963,0.027276487077338984,0.44999999999999973,1.2400054931640625
2018-05-04,1.1989257335662842,92.56999969482422,2.51,2.95,-0.5725845064516379,3.0825845064516377,0.0395273742577249,0.4400000000000004,1.0100021362304688
2018-05-07,1.195500135421753,92.75,2.49,2.95,-0.5769564920763957,3.066956492076396,0.005072870352594627,0.45999999999999996,1.2099990844726562
2018-05-08,1.1933743953704834,93.12000274658203,2.51,2.97,-0.5715153182288937,3.0815153182288935,0.020531409563684377,0.4600000000000004,1.2800064086914062
2018-05-09,1.1867886781692505,93.04000091552734,2.54,3.0,-0.5645516371075718,3.104551637107572,0.04283244280028775,0.45999999999999996,0.529998779296875
2018-05-10,1.184721827507019,92.6500015258789,2.54,2.97,-0.5793114878060175,3.1193114878060175,0.05150640344502122,0.43000000000000016,0.23999786376953125
2018-05-11,1.1917530298233032,92.54000091552734,2.54,2.97,-0.5679627449180273,3.1079627449180274,0.025378238466389647,0.43000000000000016,-0.029998779296875
2018-05-14,1.1952143907546997,92.58999633789062,2.55,3.0,-0.5470994881826616,3.0970994881826615,0.030142996106265585,0.4500000000000002,-0.160003662109375
2018-05-15,1.1931180953979492,93.22000122070312,2.58,3.08,-0.5379548794872218,3.117954879487222,0.03643956125832837,0.5,0.09999847412109375
2018-05-16,1.1820889711380005,93.38999938964844,2.58,3.09,-0.5581990429113333,3.1381990429113333,0.033647405803761465,0.5099999999999998,0.34999847412109375
2018-05-17,1.1816978454589844,93.47000122070312,2.57,3.11,-0.5595473370335631,3.129547337033563,0.01023584922754539,0.54,0.8199996948242188
2018-05-18,1.1795234680175781,93.63999938964844,2.55,3.06,-0.5640119899574643,3.114011989957464,0.0060492450394367125,0.5100000000000002,1.0999984741210938
2018-05-21,1.1766643524169922,93.68000030517578,2.58,3.06,-0.5909289594640343,3.1709289594640344,0.07382947128137296,0.48,1.0900039672851562
2018-05-22,1.1792453527450562,93.61000061035156,2.59,3.06,-0.5874825958606325,3.1774825958606323,0.05952771637341048,0.4700000000000002,0.3899993896484375
2018-05-23,1.1788560152053833,94.01000213623047,2.53,3.01,-0.6045871736800219,3.1345871736800217,-0.0036118692313116263,0.48,0.6200027465820312
2018-05-24,1.1710150241851807,93.77999877929688,2.5,2.98,-0.6162522611573111,3.116252261157311,-0.013295075876251783,0.48,0.30999755859375
2018-05-25,1.1722642183303833,94.19000244140625,2.48,2.93,-0.652919977306734,3.132919977306734,0.018907987349269906,0.4500000000000002,0.5500030517578125
2018-05-29,1.162696123123169,94.83000183105469,2.32,2.77,-0.7060217742182573,3.026021774218257,-0.14490718524577728,0.4500000000000002,1.1500015258789062
2018-05-30,1.1539349555969238,94.1500015258789,2.42,2.84,-0.704692734567586,3.124692734567586,-0.052789861293046414,0.41999999999999993,0.5400009155273438
2018-05-31,1.1667250394821167,93.98999786376953,2.4,2.83,-0.6913572167228086,3.0913572167228085,-0.04322995695721321,0.43000000000000016,-0.0200042724609375
2018-06-01,1.1693171262741089,94.19000244140625,2.47,2.89,-0.6366566110034633,3.1066566110034635,-0.009595650153847668,0.41999999999999993,0.410003662109375
2018-06-04,1.1668611764907837,94.0199966430664,2.52,2.94,-0.6318401252723831,3.151840125272383,0.018920147965649114,0.41999999999999993,-0.17000579833984375
2018-06-05,1.1700559854507446,93.88999938964844,2.49,2.92,-0.6563043077504824,3.1463043077504826,0.12028253353222551,0.4299999999999997,-0.94000244140625
2018-06-06,1.1726216077804565,93.66000366210938,2.52,2.97,-0.6225627072227509,3.142562707222751,0.01786997265516499,0.4500000000000002,-0.48999786376953125
2018-06-07,1.178550362586975,93.4000015258789,2.5,2.93,-0.6179630992906064,3.1179630992906064,0.026605882567797945,0.43000000000000016,-0.589996337890625
2018-06-08,1.1795234680175781,93.55000305175781,2.5,2.93,-0.659559588167423,3.159559588167423,0.05290297716395953,0.43000000000000016,-0.6399993896484375
2018-06-11,1.1783976554870605,93.58000183105469,2.52,2.96,-0.6234215982829872,3.143421598282987,-0.008418526989395936,0.43999999999999995,-0.43999481201171875
2018-06-12,1.177412509918213,93.80000305175781,2.54,2.96,-0.6083517892430201,3.14835178924302,0.0020474814925375284,0.41999999999999993,-0.089996337890625
2018-06-13,1.17482590675354,93.70999908447266,2.59,2.98,-0.6121423826484209,3.2021423826484208,0.05957967542566989,0.3900000000000001,0.04999542236328125
2018-06-14,1.1807769536972046,94.7699966430664,2.59,2.94,-0.6339709690008899,3.2239709690008898,0.10600786971028331,0.3500000000000001,1.3699951171875
2018-06-15,1.1566576957702637,94.79000091552734,2.55,2.93,-0.6442975094533487,3.1942975094533486,0.034737921285925566,0.38000000000000034,1.2399978637695312
2018-06-18,1.159595012664795,94.75,2.56,2.92,-0.6479226792752373,3.2079226792752373,0.06450108099225016,0.3599999999999999,1.1699981689453125
2018-06-19,1.1630746126174927,95.08999633789062,2.54,2.89,-0.6616324852662947,3.2016324852662947,0.053280696023274565,0.3500000000000001,1.2899932861328125
2018-06-20,1.1588560342788696,95.05999755859375,2.56,2.93,-0.6630035381399217,3.223003538139922,0.020861155491501027,0.3700000000000001,1.3499984741210938
2018-06-21,1.1579033136367798,94.87000274658203,2.56,2.9,-0.6857809034324696,3.2457809034324696,0.021809934431579858,0.33999999999999986,0.100006103515625
2018-06-22,1.1605775356292725,94.5199966430664,2.56,2.9,-0.6927997127879078,3.252799712787908,0.058502203334559244,0.33999999999999986,-0.2700042724609375
2018-06-25,1.1661399602890015,94.27999877929688,2.54,2.87,-0.6862412487397576,3.2262412487397576,0.018318569464520262,0.33000000000000007,-0.470001220703125
2018-06-26,1.1702749729156494,94.68000030517578,2.53,2.88,-0.6928244295043928,3.2228244295043926,0.021191944238097893,0.3500000000000001,-0.40999603271484375
2018-06-27,1.1650259494781494,95.29000091552734,2.52,2.83,-0.6871671533591153,3.2071671533591153,-0.01583638478080651,0.31000000000000005,0.23000335693359375
2018-06-28,1.1563634872436523,95.38999938964844,2.52,2.84,-0.6946496105669633,3.2146496105669633,-0.03113129286550631,0.31999999999999984,0.5199966430664062
2018-06-29,1.1562966108322144,94.62999725341797,2.52,2.85,-0.682019234848231,3.202019234848231,-0.05078047793967677,0.33000000000000007,0.1100006103515625
2018-07-02,1.1678558588027954,94.87000274658203,2.57,2.87,-0.6966512530881479,3.2666512530881477,0.04041000434839015,0.30000000000000027,0.5900039672851562
2018-07-03,1.1642121076583862,94.58999633789062,2.53,2.83,-0.6813203491243645,3.2113203491243643,-0.01150408038002837,0.30000000000000027,-0.09000396728515625
2018-07-05,1.166235089302063,94.47000122070312,2.55,2.84,-0.6660347230530146,3.2160347230530144,0.008867569693899124,0.29000000000000004,-0.8199996948242188
2018-07-06,1.1695905923843384,94.04000091552734,2.53,2.82,-0.673036848684081,3.203036848684081,-0.011612761882882516,0.29000000000000004,-1.3499984741210938
2018-07-09,1.1752262115478516,94.08000183105469,2.57,2.86,-0.6566104998315749,3.2266104998315748,0.02459126498334374,0.29000000000000004,-0.5499954223632812
2018-07-10,1.1756960153579712,94.11000061035156,2.59,2.87,-0.6524142834464843,3.242414283446484,-0.024236969641663553,0.28000000000000025,-0.7600021362304688
2018-07-11,1.1727042198181152,94.72000122070312,2.58,2.85,-0.6467465672300445,3.2267465672300446,0.015426218105680345,0.27,0.1300048828125
2018-07-12,1.1676785945892334,94.80999755859375,2.6,2.85,-0.655334751555313,3.255334751555313,0.039300028502298634,0.25,0.339996337890625
2018-07-13,1.1665889024734497,94.75,2.59,2.83,-0.6618555300797784,3.2518555300797782,0.04881868139569745,0.2400000000000002,0.7099990844726562
2018-07-16,1.1679104566574097,94.51000213623047,2.59,2.85,-0.650205693134212,3.240205693134212,0.013595193302637032,0.26000000000000023,0.43000030517578125
2018-07-17,1.170946478843689,94.97000122070312,2.62,2.86,-0.6527641140919949,3.272764114091995,0.030349830645510778,0.23999999999999977,0.8600006103515625
2018-07-18,1.1653246879577637,95.08000183105469,2.6,2.88,-0.6527274226924966,3.2527274226924967,0.0259808554624521,0.2799999999999998,0.3600006103515625
2018-07-19,1.164564609527588,95.16999816894531,2.6,2.84,-0.6547338028622907,3.2547338028622907,-0.0006009486930222963,0.23999999999999977,0.3600006103515625
2018-07-20,1.1655147075653076,94.45999908447266,2.6,2.89,-0.6452680474940049,3.245268047494005,-0.006587482585773241,0.29000000000000004,-0.29000091552734375
2018-07-23,1.1741912364959717,94.66999816894531,2.64,2.96,-0.6318103241985362,3.2718103241985363,0.03160463106432454,0.31999999999999984,0.15999603271484375
2018-07-24,1.1694128513336182,94.61000061035156,2.63,2.95,-0.6318903230625184,3.2618903230625182,-0.01087379102947672,0.3200000000000003,-0.3600006103515625
2018-07-25,1.1685519218444824,94.36000061035156,2.66,2.94,-0.6271391784464617,3.287139178446462,0.034411755753965156,0.2799999999999998,-0.720001220703125
2018-07-26,1.1737502813339233,94.75,2.69,2.98,-0.6314733313781504,3.3214733313781504,0.06673952851585963,0.29000000000000004,-0.4199981689453125
2018-07-27,1.1642934083938599,94.68000030517578,2.67,2.96,-0.6283917353300756,3.2983917353300756,0.05312368783607058,0.29000000000000004,0.220001220703125
2018-07-30,1.16604483127594,94.36000061035156,2.66,2.98,-0.6057251019936878,3.265725101993688,-0.006085222204848417,0.31999999999999984,-0.30999755859375
2018-07-31,1.1707408428192139,94.48999786376953,2.67,2.96,-0.5930745643892292,3.263074564389229,0.0011842413267109109,0.29000000000000004,-0.12000274658203125
2018-08-01,1.168961763381958,94.62000274658203,2.67,3.0,-0.578957669965229,3.248957669965229,-0.03818150848123292,0.33000000000000007,0.26000213623046875
2018-08-02,1.1665889024734497,95.16999816894531,2.66,2.98,-0.5881901903912095,3.2481901903912096,-0.07328314098694078,0.31999999999999984,0.4199981689453125
2018-08-03,1.1586008071899414,95.13999938964844,2.63,2.95,-0.6141770125733528,3.2441770125733527,-0.0542147227567229,0.3200000000000003,0.45999908447265625
2018-08-06,1.1562297344207764,95.36000061035156,2.64,2.94,-0.6123697411858489,3.252369741185849,-0.013355360807838945,0.2999999999999998,1.0
2018-08-07,1.1558021306991577,95.22000122070312,2.68,2.98,-0.6109920554088202,3.2909920554088203,0.02791749101959118,0.2999999999999998,0.7300033569335938
2018-08-08,1.1602946519851685,95.0999984741211,2.68,2.96,-0.613145263544622,3.293145263544622,0.04418759357939317,0.2799999999999998,0.4799957275390625
2018-08-09,1.1610760688781738,95.5,2.64,2.93,-0.6331357353538092,3.2731357353538093,0.02494554496259971,0.29000000000000004,0.3300018310546875
2018-08-10,1.1523923873901367,96.36000061035156,2.61,2.87,-0.6573601351896077,3.2673601351896076,0.02318312261625488,0.26000000000000023,1.220001220703125
2018-08-13,1.1394712924957275,96.38999938964844,2.61,2.88,-0.6609658761325345,3.2709658761325344,0.01859613494668544,0.27,1.029998779296875
2018-08-14,1.1402509212493896,96.7300033569336,2.63,2.89,-0.6547490261678375,3.2847490261678374,-0.006243029240982967,0.26000000000000023,1.5100021362304688
2018-08-15,1.1345715522766113,96.69999694824219,2.61,2.86,-0.6619919479459782,3.271991947945978,-0.021153315598644085,0.25,1.5999984741210938
2018-08-16,1.134429931640625,96.6500015258789,2.63,2.87,-0.6580970738561627,3.2880970738561626,0.01496133850235326,0.2400000000000002,1.1500015258789062
2018-08-17,1.1371389627456665,96.0999984741211,2.61,2.87,-0.6614776800260342,3.271477680026034,0.004117544836426568,0.26000000000000023,-0.26000213623046875
2018-08-20,1.1437721252441406,95.9000015258789,2.6,2.82,-0.6625850716289747,3.262585071628975,-0.008380804503559602,0.21999999999999975,-0.48999786376953125
2018-08-21,1.149134635925293,95.26000213623047,2.61,2.85,-0.6438010338448379,3.2538010338448378,-0.030947992322999607,0.2400000000000002,-1.470001220703125
2018-08-22,1.1576753854751587,95.1500015258789,2.6,2.82,-0.6324920242080339,3.232492024208034,-0.03949992373794409,0.21999999999999975,-1.5499954223632812
2018-08-23,1.1584800481796265,95.62000274658203,2.61,2.82,-0.6246828570218801,3.23468285702188,-0.0534142168342826,0.20999999999999996,-1.029998779296875
2018-08-24,1.154334545135498,95.1500015258789,2.63,2.82,-0.6169822173052131,3.246982217305213,-0.02449546272082115,0.18999999999999995,-0.9499969482421875
2018-08-27,1.164890170097351,94.77999877929688,2.67,2.85,-0.6102311458994647,3.2802311458994646,0.01764607427048981,0.18000000000000016,-1.1200027465820312
2018-08-28,1.1683608293533325,94.72000122070312,2.67,2.88,-0.6043309385367692,3.274330938536769,0.02052990469193139,0.20999999999999996,-0.5400009155273438
2018-08-29,1.1691256761550903,94.5999984741211,2.67,2.89,-0.5944592993412714,3.2644592993412713,0.03196727513323738,0.2200000000000002,-0.5500030517578125
2018-08-30,1.1709738969802856,94.72000122070312,2.64,2.86,-0.6236487301149181,3.263648730114918,0.02896587309303822,0.21999999999999975,-0.9000015258789062
2018-08-31,1.1664663553237915,95.13999938964844,2.62,2.86,-0.6269550761316642,3.2469550761316643,-2.7141173548628217e-05,0.23999999999999977,-0.01000213623046875
2018-09-04,1.161548137664795,95.41999816894531,2.66,2.9,-0.6108075097067847,3.270807509706785,-0.00942363619267983,0.23999999999999977,0.6399993896484375
2018-09-05,1.1586545705795288,95.12999725341797,2.66,2.9,-0.5853458554141948,3.245345855414195,-0.028985083122574196,0.23999999999999977,0.40999603271484375
2018-09-06,1.1635212898254395,95.0199966430664,2.64,2.88,-0.5929825361389325,3.2329825361389326,-0.03147676320233872,0.23999999999999977,0.4199981689453125
2018-09-07,1.1620069742202759,95.37000274658203,2.71,2.94,-0.5826719640489433,3.2926719640489432,0.02902323393402506,0.22999999999999998,0.6500015258789062
2018-09-10,1.1561094522476196,95.1500015258789,2.73,2.94,-0.5722089711839828,3.302208971183983,0.05525389505231848,0.20999999999999996,0.01000213623046875
2018-09-11,1.159595012664795,95.05999755859375,2.76,2.98,-0.561004628760049,3.3210046287600488,0.05019711905326396,0.2200000000000002,-0.3600006103515625
2018-09-12,1.1596084833145142,94.80000305175781,2.74,2.97,-0.5725057998482903,3.3125057998482905,0.06715994443409556,0.22999999999999998,-0.32999420166015625
2018-09-13,1.1629259586334229,94.54000091552734,2.76,2.97,-0.5679983741827668,3.3279983741827666,0.09501583804383396,0.2100000000000004,-0.4799957275390625
2018-09-14,1.1691803932189941,94.9800033569336,2.78,2.99,-0.5605720978127957,3.3405720978127955,0.04790013376385227,0.2100000000000004,-0.3899993896484375
2018-09-17,1.1628988981246948,94.51000213623047,2.78,2.99,-0.5514205114784421,3.331420511478442,0.02921154029445905,0.2100000000000004,-0.6399993896484375
2018-09-18,1.1669156551361084,94.62000274658203,2.81,3.05,-0.5480354212514795,3.3580354212514796,0.03703079249143082,0.23999999999999977,-0.43999481201171875
2018-09-19,1.167992353439331,94.55000305175781,2.81,3.08,-0.5453190145078155,3.3553190145078156,0.042813214659525034,0.27,-0.25
2018-09-20,1.167460560798645,93.91000366210938,2.81,3.07,-0.5463463582445698,3.35634635824457,0.028347984061803277,0.2599999999999998,-0.6299972534179688
2018-09-21,1.1775927543640137,94.22000122070312,2.81,3.07,-0.5571499695156126,3.3671499695156126,0.026577871702817113,0.2599999999999998,-0.7600021362304688
2018-09-24,1.1751019954681396,94.26000213623047,2.83,3.08,-0.5290102733464952,3.3590102733464953,0.027589761868053397,0.25,-0.25
2018-09-25,1.175295352935791,94.12999725341797,2.83,3.1,-0.5211293884071297,3.35112938840713,-0.006906032844349763,0.27,-0.4900054931640625
2018-09-26,1.1763184070587158,94.19000244140625,2.83,3.06,-0.5157521617244587,3.3457521617244588,-0.009566852783356783,0.22999999999999998,-0.3600006103515625
2018-09-27,1.1748534440994263,95.0,2.83,3.06,-0.5171137323607828,3.347113732360783,-0.009232625883786927,0.22999999999999998,1.089996337890625
2018-09-28,1.1637378931045532,95.19000244140625,2.81,3.05,-0.5451433434200164,3.3551433434200164,-0.012006626095596218,0.23999999999999977,0.970001220703125
2018-10-01,1.1605371236801147,95.30000305175781,2.82,3.09,-0.5466704212058655,3.3666704212058653,0.007660147859370081,0.27,1.0400009155273438
2018-10-02,1.157755732536316,95.51000213623047,2.82,3.05,-0.5704635753485761,3.390463575348576,0.03933418694144608,0.22999999999999998,1.3800048828125
2018-10-03,1.1551746129989624,95.76000213623047,2.85,3.15,-0.5572971496887638,3.407297149688764,0.061544987964305076,0.2999999999999998,1.5699996948242188
2018-10-04,1.147631287574768,95.75,2.87,3.19,-0.5297809212467302,3.3997809212467303,0.05266718888594735,0.31999999999999984,0.75
2018-10-05,1.1518083810806274,95.62000274658203,2.88,3.23,-0.5300351284536937,3.4100351284536936,0.0548917850336772,0.3500000000000001,0.43000030517578125
2018-10-09,1.1494120359420776,95.68000030517578,2.88,3.21,-0.5508205539154529,3.430820553915453,0.06415013270958747,0.33000000000000007,0.37999725341796875
2018-10-10,1.1506949663162231,95.51000213623047,2.88,3.22,-0.534916618210934,3.414916618210934,0.024453042862357943,0.3400000000000003,0.0
2018-10-11,1.1533360481262207,95.0199966430664,2.85,3.14,-0.5539960487259332,3.4039960487259333,-0.0033011009628305388,0.29000000000000004,-0.7400054931640625
2018-10-12,1.1590440273284912,95.22000122070312,2.85,3.15,-0.5687641720501739,3.418764172050174,0.018983250803443763,0.2999999999999998,-0.529998779296875
2018-10-15,1.1551345586776733,95.06999969482422,2.85,3.16,-0.5833541936704076,3.4333541936704077,0.02331906521671412,0.31000000000000005,-0.5500030517578125
2018-10-16,1.1583458185195923,95.05000305175781,2.87,3.16,-0.5852766797722095,3.4552766797722096,0.024456125856756827,0.29000000000000004,-0.6299972534179688
2018-10-17,1.1575279235839844,95.58000183105469,2.89,3.19,-0.5947330359118119,3.484733035911812,0.06981641770087821,0.2999999999999998,0.06999969482421875
2018-10-18,1.1500862836837769,95.9000015258789,2.87,3.17,-0.6061157247970304,3.4761157247970305,0.07211967607109715,0.2999999999999998,0.8800048828125
2018-10-19,1.1460003852844238,95.70999908447266,2.92,3.2,-0.6247621572754296,3.5447621572754295,0.12599798522525552,0.28000000000000025,0.48999786376953125
2018-10-22,1.1509466171264648,96.01000213623047,2.92,3.2,-0.6096870309051292,3.529687030905129,0.09633283723472141,0.28000000000000025,0.94000244140625
2018-10-23,1.1467890739440918,95.95999908447266,2.89,3.17,-0.619352158791024,3.509352158791024,0.05407547901881449,0.2799999999999998,0.9099960327148438
2018-10-24,1.147315263748169,96.43000030517578,2.84,3.1,-0.6341105563889098,3.4741105563889096,-0.010622479522902406,0.26000000000000023,0.8499984741210938
2018-10-25,1.1399258375167847,96.68000030517578,2.86,3.14,-0.6350254888267433,3.495025488826743,0.018909764029712672,0.28000000000000025,0.779998779296875
2018-10-26,1.1377859115600586,96.36000061035156,2.81,3.08,-0.6481863012177884,3.4581863012177885,-0.08657585605764107,0.27,0.6500015258789062
2018-10-29,1.1398738622665405,96.58000183105469,2.81,3.08,-0.6344201329319574,3.4444201329319575,-0.08526689797317166,0.27,0.5699996948242188
2018-10-30,1.137617588043213,97.01000213623047,2.84,3.12,-0.6438386102317661,3.483838610231766,-0.025513548559258137,0.28000000000000025,1.0500030517578125
2018-10-31,1.1346358060836792,97.12999725341797,2.87,3.15,-0.6299003250758028,3.499900325075803,0.02578976868689331,0.2799999999999998,0.6999969482421875
2018-11-01,1.1316697597503662,96.27999877929688,2.84,3.14,-0.6266445653498973,3.466644565349897,-0.028380923476845954,0.30000000000000027,-0.40000152587890625
2018-11-02,1.1403288841247559,96.54000091552734,2.91,3.22,-0.6241776021057177,3.534177602105718,0.07599130088792938,0.31000000000000005,0.18000030517578125
2018-11-05,1.1397570371627808,96.3499984741211,2.91,3.2,-0.6213209064226781,3.5313209064226783,0.08690077349072078,0.29000000000000004,-0.23000335693359375
2018-11-06,1.141291856765747,96.31999969482422,2.93,3.22,-0.6182093225577026,3.5482093225577027,0.06437071232593672,0.29000000000000004,-0.69000244140625
2018-11-07,1.1438506841659546,96.0,2.96,3.22,-0.5962768519598081,3.556276851959808,0.056376526884005074,0.26000000000000023,-1.1299972534179688
2018-11-08,1.1434059143066406,96.63999938964844,2.98,3.24,-0.5985169949965838,3.578516994996584,0.11187242964668664,0.26000000000000023,0.3600006103515625
2018-11-09,1.1368415355682373,96.91000366210938,2.94,3.19,-0.6106086090793141,3.550608609079314,0.01643100697359623,0.25,0.37000274658203125
2018-11-13,1.1233429908752441,97.30000305175781,2.89,3.14,-0.6130013629351634,3.5030013629351635,-0.028319543487514753,0.25,0.9500045776367188
2018-11-14,1.1311193704605103,96.80000305175781,2.86,3.12,-0.6117279331919923,3.471727933191992,-0.07648138936571058,0.26000000000000023,0.48000335693359375
2018-11-15,1.131183385848999,96.93000030517578,2.86,3.11,-0.6371934039544875,3.4971934039544874,-0.059083448005320616,0.25,0.9300003051757812
2018-11-16,1.1324899196624756,96.47000122070312,2.81,3.08,-0.6331055645632961,3.443105564563296,-0.13541143043328763,0.27,-0.1699981689453125
2018-11-19,1.141396164894104,96.19000244140625,2.79,3.06,-0.6191972026062453,3.4091972026062454,-0.1414114064730687,0.27,-0.720001220703125
2018-11-20,1.1455016136169434,96.80999755859375,2.79,3.06,-0.6307478425139985,3.4207478425139985,-0.08225352042116496,0.27,-0.4900054931640625
2018-11-21,1.1372424364089966,96.70999908447266,2.81,3.06,-0.6206905403776748,3.430690540377675,-0.041037392814317286,0.25,-0.09000396728515625
2018-11-23,1.1403158903121948,96.91999816894531,2.81,3.05,-0.6247578415630235,3.4347578415630236,-0.06243556239146386,0.23999999999999977,-0.01000213623046875
2018-11-26,1.1337354183197021,97.06999969482422,2.84,3.07,-0.6116244687822103,3.45162446878221,0.008518904218913992,0.22999999999999998,0.5999984741210938
2018-11-27,1.1333370208740234,97.37000274658203,2.83,3.06,-0.624315731971878,3.454315731971878,0.045118529365632654,0.22999999999999998,1.1800003051757812
2018-11-28,1.1298797130584717,96.79000091552734,2.81,3.06,-0.6209453830514065,3.4309453830514065,0.010197540537407956,0.25,-0.01999664306640625
2018-11-29,1.1368545293807983,96.77999877929688,2.81,3.03,-0.6346030542044003,3.4446030542044004,0.013912513826725537,0.21999999999999975,0.06999969482421875
2018-11-30,1.1392766237258911,97.2699966430664,2.8,3.01,-0.6361893579852991,3.436189357985299,0.0014315164222753474,0.20999999999999996,0.34999847412109375
2018-12-03,1.1342240571975708,97.04000091552734,2.83,2.98,-0.6340272104831399,3.46402721048314,0.012402741700929809,0.1499999999999999,-0.029998779296875
2018-12-04,1.135486125946045,96.97000122070312,2.8,2.91,-0.6435197543158413,3.443519754315841,-0.010795977656036904,0.11000000000000032,-0.40000152587890625
2018-12-06,1.13490629196167,96.80999755859375,2.75,2.87,-0.6593980870196914,3.4093980870196914,-0.021547296031715124,0.1200000000000001,0.01999664306640625
2018-12-07,1.1374752521514893,96.51000213623047,2.72,2.85,-0.6348795403011307,3.354879540301131,-0.08972351390326949,0.1299999999999999,-0.26999664306640625
2018-12-10,1.1400948762893677,97.22000122070312,2.72,2.85,-0.6109071935660184,3.3309071935660186,-0.10528216441928029,0.1299999999999999,-0.04999542236328125
2018-12-11,1.1356538534164429,97.38999938964844,2.78,2.89,-0.6346566482785274,3.414656648278527,-0.04937056220461278,0.11000000000000032,0.34999847412109375
2018-12-12,1.1323105096817017,97.04000091552734,2.77,2.91,-0.6178571174571239,3.387857117457124,-0.055662636858717196,0.14000000000000012,0.06999969482421875
2018-12-13,1.1373459100723267,97.05999755859375,2.75,2.91,-0.6284936718746907,3.3784936718746907,-0.03090441514500064,0.16000000000000014,0.25
2018-12-14,1.1363636255264282,97.44000244140625,2.73,2.89,-0.6441758730400409,3.374175873040041,0.01929633273890996,0.16000000000000014,0.9300003051757812
2018-12-17,1.1305949687957764,97.0999984741211,2.7,2.86,-0.6459667389600536,3.345966738960054,0.015059545394035201,0.1599999999999997,-0.12000274658203125
2018-12-18,1.1349835395812988,97.13999938964844,2.65,2.82,-0.6482181008316523,3.2982181008316522,-0.11643854744687498,0.16999999999999993,-0.25
2018-12-19,1.1375399827957153,97.04000091552734,2.63,2.77,-0.6410470086646924,3.2710470086646923,-0.11681010879243159,0.14000000000000012,0.0
2018-12-20,1.1389521360397339,96.27999877929688,2.67,2.79,-0.6411363859472017,3.3111363859472016,-0.06735728592748913,0.1200000000000001,-0.779998779296875
2018-12-21,1.1456853151321411,96.95999908447266,2.63,2.79,-0.6503375628094847,3.2803375628094846,-0.09383831023055622,0.16000000000000014,-0.48000335693359375
2018-12-27,1.1361312866210938,96.4800033569336,2.56,2.77,-0.6574296853226222,3.2174296853226223,-0.1285370536374315,0.20999999999999996,-0.6199951171875
2018-12-28,1.143105387687683,96.38999938964844,2.52,2.72,-0.6582477614142714,3.1782477614142715,-0.11997033941738078,0.20000000000000018,-0.75
2019-01-02,1.14617121219635,96.81999969482422,2.5,2.66,-0.6696859306575575,3.1696859306575575,-0.10136107800713479,0.16000000000000014,-0.220001220703125
2019-01-03,1.1318106651306152,96.30999755859375,2.39,2.56,-0.6550761563498511,3.045076156349851,-0.26606022959735043,0.16999999999999993,0.029998779296875
2019-01-04,1.1391078233718872,96.19000244140625,2.5,2.67,-0.6349525512673866,3.1349525512673866,-0.14538501154209804,0.16999999999999993,-0.7699966430664062
2019-01-07,1.1410444974899292,95.70999908447266,2.53,2.7,-0.6210712528190978,3.1510712528190976,-0.06635843250352469,0.17000000000000037,-0.7700042724609375
2019-01-08,1.1479737758636475,95.9000015258789,2.58,2.73,-0.6101836216718608,3.190183621671861,0.011935860257589415,0.1499999999999999,-0.48999786376953125
2019-01-09,1.1456066370010376,95.22000122070312,2.56,2.74,-0.6082947462457859,3.168294746245786,-0.001391184411771551,0.18000000000000016,-1.5999984741210938
2019-01-10,1.1554949283599854,95.54000091552734,2.56,2.74,-0.6188518735302635,3.1788518735302635,0.13377571718041237,0.18000000000000016,-0.7699966430664062
2019-01-11,1.151012897491455,95.66999816894531,2.55,2.71,-0.6194097620120438,3.1694097620120436,0.03445721074465702,0.16000000000000014,-0.5200042724609375
2019-01-14,1.146013617515564,95.58999633789062,2.53,2.71,-0.6226261163658182,3.152626116365818,0.0015548635467204086,0.18000000000000016,-0.12000274658203125
2019-01-15,1.1472889184951782,95.97000122070312,2.53,2.72,-0.6336027071066317,3.1636027071066315,-0.026580914565229374,0.1900000000000004,0.06999969482421875
2019-01-16,1.1416828632354736,96.05999755859375,2.55,2.73,-0.6230697436777972,3.173069743677797,0.004774997432011041,0.18000000000000016,0.839996337890625
2019-01-17,1.1398088932037354,96.06999969482422,2.56,2.75,-0.6143232553539337,3.174323255353934,-0.004528618176329768,0.18999999999999995,0.529998779296875
2019-01-18,1.13926362991333,96.33999633789062,2.62,2.79,-0.613590144100681,3.233590144100681,0.06418038208863752,0.16999999999999993,0.6699981689453125
2019-01-22,1.136932134628296,96.30000305175781,2.58,2.74,-0.6105981297848508,3.190598129784851,0.03797201341903289,0.16000000000000014,0.7100067138671875
2019-01-23,1.1364023685455322,96.12000274658203,2.58,2.76,-0.6079165653292922,3.1879165653292922,0.024313858222660745,0.17999999999999972,0.15000152587890625
2019-01-24,1.1388224363327026,96.5999984741211,2.56,2.72,-0.6023392609377192,3.162339260937719,-0.010730482740077818,0.16000000000000014,0.5400009155273438
2019-01-25,1.1313496828079224,95.79000091552734,2.6,2.76,-0.601070274898146,3.201070274898146,0.026747019544212325,0.1599999999999997,-0.279998779296875
2019-01-28,1.1413049697875977,95.75,2.6,2.75,-0.5952243820277361,3.195224382027736,-0.03836576207294495,0.1499999999999999,-0.589996337890625
2019-01-29,1.143000841140747,95.81999969482422,2.56,2.72,-0.5861937996465953,3.1461937996465954,-0.04440433013825551,0.16000000000000014,-0.48000335693359375
2019-01-30,1.1435366868972778,95.33999633789062,2.52,2.7,-0.5781267653727178,3.098126765372718,-0.08978979995657443,0.18000000000000016,-0.7800064086914062
2019-01-31,1.1487650871276855,95.58000183105469,2.45,2.63,-0.5821824089825123,3.0321824089825125,-0.13015685195520676,0.17999999999999972,-1.0199966430664062
2019-02-01,1.1449507474899292,95.58000183105469,2.52,2.7,-0.5921860987815881,3.112186098781588,-0.08888417611655797,0.18000000000000016,-0.20999908447265625
2019-02-04,1.1455278396606445,95.8499984741211,2.53,2.73,-0.5841666235759129,3.1141666235759127,-0.0810577584518235,0.20000000000000018,0.09999847412109375
2019-02-05,1.1436283588409424,96.0999984741211,2.53,2.71,-0.5793725945467001,3.1093725945467,-0.036821205099895504,0.18000000000000016,0.279998779296875
2019-02-06,1.140992522239685,96.41999816894531,2.52,2.7,-0.5629819355965702,3.08298193559657,-0.015144829776147617,0.18000000000000016,1.0800018310546875
2019-02-07,1.1365960836410522,96.51000213623047,2.48,2.65,-0.5821738291663858,3.062173829166386,0.029991420183873352,0.16999999999999993,0.9300003051757812
2019-02-08,1.1338768005371094,96.63999938964844,2.45,2.63,-0.5855405727967122,3.0355405727967124,-0.07664552598487573,0.17999999999999972,1.05999755859375
2019-02-11,1.1324259042739868,97.05999755859375,2.48,2.65,-0.573459333790034,3.053459333790034,-0.06070728978587869,0.16999999999999993,1.2099990844726562
2019-02-12,1.1279042959213257,96.70999908447266,2.5,2.68,-0.5699058679892293,3.0699058679892293,-0.03946672655747063,0.18000000000000016,0.6100006103515625
2019-02-13,1.1334655284881592,97.12999725341797,2.53,2.71,-0.5612781598970478,3.0912781598970476,0.008296224300477384,0.18000000000000016,0.7099990844726562
2019-02-14,1.12649405002594,96.9800033569336,2.5,2.66,-0.5687409542526516,3.0687409542526516,0.006567125086265779,0.16000000000000014,0.470001220703125
2019-02-15,1.1295350790023804,96.91999816894531,2.52,2.66,-0.5658124695924203,3.0858124695924203,0.05027189679570787,0.14000000000000012,0.279998779296875
2019-02-19,1.131196141242981,96.5199966430664,2.5,2.65,-0.578161372798073,3.078161372798073,0.024702039008039023,0.1499999999999999,-0.5400009155273438
2019-02-20,1.1343011856079102,96.44999694824219,2.5,2.65,-0.5771470192903712,3.077147019290371,0.00724115130114189,0.1499999999999999,-0.26000213623046875
2019-02-21,1.1346358060836792,96.61000061035156,2.53,2.69,-0.5618157659136149,3.0918157659136147,0.0005376060165671603,0.16000000000000014,-0.5199966430664062
2019-02-22,1.1343011856079102,96.51000213623047,2.48,2.65,-0.5726652988338716,3.0526652988338716,-0.016075655418779977,0.16999999999999993,-0.470001220703125
2019-02-25,1.1342240571975708,96.41000366210938,2.51,2.67,-0.5596982557421413,3.069698255742141,-0.016114213850279224,0.16000000000000014,-0.5099945068359375
2019-02-26,1.1367511749267578,96.0,2.48,2.64,-0.5590257924509894,3.0390257924509894,-0.03913558034708364,0.16000000000000014,-0.5199966430664062
2019-02-27,1.1393154859542847,96.1500015258789,2.5,2.69,-0.5475179026440604,3.0475179026440604,-0.029629116646310738,0.18999999999999995,-0.29999542236328125
2019-02-28,1.1380189657211304,96.16000366210938,2.52,2.73,-0.5375636107662469,3.057563610766247,-0.03425215514736779,0.20999999999999996,-0.4499969482421875
2019-03-01,1.1373459100723267,96.52999877929688,2.55,2.76,-0.5281549818304465,3.0781549818304463,0.025489682996574725,0.20999999999999996,0.01999664306640625
2019-03-04,1.1375917196273804,96.68000030517578,2.55,2.72,-0.5293991956781183,3.079399195678118,0.009700939935977093,0.17000000000000037,0.26999664306640625
2019-03-05,1.1337354183197021,96.8499984741211,2.55,2.72,-0.5352326889352756,3.0852326889352755,0.04620689648428611,0.17000000000000037,0.8499984741210938
2019-03-06,1.1307101249694824,96.87000274658203,2.52,2.69,-0.5397265467853938,3.059726546785394,0.01220864414133338,0.16999999999999993,0.720001220703125
2019-03-07,1.1314009428024292,97.66999816894531,2.47,2.64,-0.5657996321784897,3.03579963217849,-0.021763978587757027,0.16999999999999993,1.5099945068359375
2019-03-08,1.1198333501815796,97.37000274658203,2.45,2.62,-0.5576015844075011,3.0076015844075012,-0.07055339742294509,0.16999999999999993,0.8400039672851562
2019-03-11,1.1232421398162842,97.22000122070312,2.47,2.64,-0.5593234469016841,3.0293234469016843,-0.05007574877643384,0.16999999999999993,0.5400009155273438
2019-03-12,1.1259232759475708,96.94000244140625,2.45,2.61,-0.561621327692805,3.011621327692805,-0.07361136124247025,0.1599999999999997,0.09000396728515625
2019-03-13,1.1287446022033691,96.55000305175781,2.45,2.61,-0.5616213276928064,3.0116213276928065,-0.04810521909258725,0.1599999999999997,-0.31999969482421875
2019-03-14,1.133105993270874,96.79000091552734,2.46,2.63,-0.5587616361413779,3.018761636141378,-0.01703799603711209,0.16999999999999993,-0.8799972534179688
2019-03-15,1.1308379173278809,96.5999984741211,2.43,2.59,-0.5528089609832247,2.982808960983225,-0.02479262342427635,0.1599999999999997,-0.7700042724609375
2019-03-18,1.1319772005081177,96.5199966430664,2.45,2.6,-0.5482613798499969,2.998261379849997,-0.031062067051687237,0.1499999999999999,-0.7000045776367188
2019-03-19,1.133619785308838,96.37999725341797,2.46,2.61,-0.5403502936584386,3.0003502936584385,-0.01127103403436669,0.1499999999999999,-0.5600051879882812
2019-03-20,1.135486125946045,95.76000213623047,2.4,2.54,-0.5414183288135965,2.9414183288135964,-0.07020299887921011,0.14000000000000012,-0.7900009155273438
2019-03-21,1.1427918672561646,96.5,2.41,2.54,-0.5566675169529183,2.9666675169529184,-0.05209411918845941,0.1299999999999999,-0.29000091552734375
2019-03-22,1.1375011205673218,96.6500015258789,2.31,2.44,-0.5797742010773383,2.8897742010773384,-0.0930347599058865,0.1299999999999999,0.0500030517578125
2019-03-25,1.129586100578308,96.56999969482422,2.26,2.43,-0.5810348851975733,2.841034885197573,-0.157226494652424,0.17000000000000037,0.0500030517578125
2019-03-26,1.131580114364624,96.73999786376953,2.24,2.41,-0.5744096676841375,2.8144096676841377,-0.18594062597430083,0.16999999999999993,0.3600006103515625
2019-03-27,1.127484679222107,96.7699966430664,2.22,2.39,-0.6336362484205966,2.853636248420597,-0.08778208039299962,0.16999999999999993,1.0099945068359375
2019-03-28,1.1251758337020874,97.19999694824219,2.23,2.39,-0.60881203630281,2.83881203630281,-0.12785548065010843,0.16000000000000014,0.6999969482421875
2019-03-29,1.1230024099349976,97.27999877929688,2.27,2.41,-0.6201085047184351,2.890108504718435,0.000334303641096767,0.14000000000000012,0.6299972534179688
2019-04-01,1.1223849058151245,97.25,2.33,2.49,-0.6139492555569634,2.9439492555569635,0.10291437035939044,0.16000000000000014,0.6800003051757812
2019-04-02,1.1205737590789795,97.36000061035156,2.3,2.48,-0.621512317049774,2.921512317049774,0.10710264936563618,0.18000000000000016,0.6200027465820312
2019-04-03,1.1203854084014893,97.08999633789062,2.33,2.52,-0.6019632851818493,2.9319632851818493,0.07832703676125252,0.18999999999999995,0.31999969482421875
2019-04-04,1.1246949434280396,97.30999755859375,2.33,2.51,-0.6002265099541892,2.9302265099541893,0.09141447365137934,0.17999999999999972,0.1100006103515625
2019-04-05,1.1225864887237549,97.4000015258789,2.35,2.5,-0.5931159299003705,2.9431159299003706,0.053007425181935464,0.1499999999999999,0.12000274658203125
2019-04-08,1.121956706047058,97.05000305175781,2.36,2.52,-0.5932649584687408,2.9532649584687407,0.00931570291177719,0.16000000000000014,-0.1999969482421875
2019-04-09,1.1256444454193115,97.01000213623047,2.35,2.51,-0.5902739541121611,2.940273954112161,0.018761637062387315,0.1599999999999997,-0.34999847412109375
2019-04-10,1.126697063446045,96.94999694824219,2.31,2.48,-0.6076042713492416,2.9176042713492416,-0.014359013832607737,0.16999999999999993,-0.1399993896484375
2019-04-11,1.1276500225067139,97.18000030517578,2.35,2.51,-0.6042465766231917,2.954246576623192,0.02402006666900247,0.1599999999999997,-0.12999725341796875
2019-04-12,1.1260753870010376,96.97000122070312,2.4,2.56,-0.5805791328098193,2.9805791328098192,0.0374632029094486,0.16000000000000014,-0.43000030517578125
2019-04-15,1.1305055618286133,96.94000244140625,2.4,2.55,-0.5770669927346144,2.9770669927346143,0.023802034265873573,0.1499999999999999,-0.1100006103515625
2019-04-16,1.1304928064346313,97.04000091552734,2.41,2.6,-0.5842043868016122,2.9942043868016124,0.05393043268945119,0.18999999999999995,0.029998779296875
2019-04-17,1.128502607345581,97.01000213623047,2.4,2.59,-0.5839549638138495,2.9839549638138494,0.06635069246460779,0.18999999999999995,0.06000518798828125
2019-04-18,1.129713773727417,97.47000122070312,2.38,2.57,-0.5878664128337632,2.967866412833763,0.013619836210571279,0.18999999999999995,0.29000091552734375
2019-04-23,1.1258978843688965,97.56999969482422,2.36,2.57,-0.5904133871070396,2.9504133871070395,-0.030165745702779745,0.20999999999999996,0.5999984741210938
2019-04-24,1.122435212135315,98.0999984741211,2.32,2.53,-0.6041421139434373,2.924142113943437,-0.05292487879117713,0.20999999999999996,1.1599960327148438
2019-04-25,1.1153494119644165,98.19999694824219,2.33,2.54,-0.6082967786443816,2.9382967786443817,-0.055907608157230726,0.20999999999999996,1.1599960327148438
2019-04-26,1.113684892654419,98.01000213623047,2.28,2.51,-0.6100129958848033,2.890012995884803,-0.0939419679290463,0.22999999999999998,1.0
2019-04-29,1.1150261163711548,97.86000061035156,2.3,2.54,-0.5964239875759829,2.8964239875759827,-0.07144242525778033,0.2400000000000002,0.3899993896484375
2019-04-30,1.1185182332992554,97.4800033569336,2.27,2.51,-0.5937872516143656,2.8637872516143656,-0.08662613549267384,0.23999999999999977,-0.089996337890625
2019-05-02,1.1200841665267944,97.83000183105469,2.35,2.55,-0.6000873403312013,2.9500873403312013,0.025945226387764198,0.19999999999999973,-0.26999664306640625
2019-05-03,1.1173559427261353,97.5199966430664,2.33,2.54,-0.6028842045558651,2.932884204555865,-0.005412574088516475,0.20999999999999996,-0.6800003051757812
2019-05-06,1.1185808181762695,97.5199966430664,2.31,2.51,-0.6005925396898464,2.9105925396898464,0.020579543805043343,0.19999999999999973,-0.4900054931640625
2019-05-07,1.1201846599578857,97.62999725341797,2.28,2.45,-0.6171764733071079,2.8971764733071077,0.0007524857311249633,0.17000000000000037,-0.23000335693359375
2019-05-08,1.1191065311431885,97.62000274658203,2.3,2.49,-0.6301406076350231,2.930140607635023,0.06635335602065728,0.1900000000000004,0.1399993896484375
2019-05-09,1.1198333501815796,97.37000274658203,2.26,2.45,-0.6421989520516163,2.902198952051616,-0.0478883882795853,0.1900000000000004,-0.45999908447265625
2019-05-10,1.1222084760665894,97.33000183105469,2.26,2.47,-0.6284218376719939,2.8884218376719937,-0.04446236688387151,0.2100000000000004,-0.18999481201171875
2019-05-13,1.1236460208892822,97.31999969482422,2.18,2.4,-0.6372164634621154,2.8172164634621155,-0.09337607622773092,0.21999999999999975,-0.1999969482421875
2019-05-14,1.1232547760009766,97.52999877929688,2.2,2.42,-0.6491186024216993,2.8491186024216995,-0.04805787088540825,0.21999999999999975,-0.09999847412109375
2019-05-15,1.1204482316970825,97.56999969482422,2.16,2.37,-0.6673523159222938,2.827352315922294,-0.10278829171272896,0.20999999999999996,-0.0500030517578125
2019-05-16,1.1207244396209717,97.83999633789062,2.2,2.4,-0.6460994567228195,2.8460994567228197,-0.05609949532879632,0.19999999999999973,0.46999359130859375
2019-05-17,1.1173559427261353,98.0,2.2,2.39,-0.6435465505444342,2.8435465505444344,-0.04487528712755928,0.18999999999999995,0.6699981689453125
2019-05-20,1.1165324449539185,97.93000030517578,2.21,2.41,-0.6415190254485661,2.851519025448566,0.03430256198645054,0.20000000000000018,0.6100006103515625
2019-05-21,1.1168566942214966,98.05999755859375,2.26,2.43,-0.6325419084004626,2.8925419084004624,0.04342330597876298,0.17000000000000037,0.529998779296875
2019-05-23,1.1155484914779663,97.8499984741211,2.12,2.31,-0.644911171010798,2.764911171010798,-0.06244114491149588,0.18999999999999995,0.279998779296875
2019-05-24,1.1184556484222412,97.61000061035156,2.16,2.32,-0.6418244069969896,2.8018244069969898,-0.04427504972582996,0.1599999999999997,-0.2299957275390625
2019-05-28,1.1193821430206299,97.95999908447266,2.12,2.26,-0.6538724293326363,2.7738724293326364,-0.06967412121179795,0.13999999999999968,-0.04000091552734375
2019-05-29,1.1170687675476074,98.13999938964844,2.09,2.25,-0.6589632586906573,2.748963258690657,-0.1025557667579089,0.16000000000000014,0.20999908447265625
2019-05-30,1.1137346029281616,98.13999938964844,2.06,2.22,-0.6581493656620232,2.7181493656620233,-0.17439254273843918,0.16000000000000014,0.0800018310546875
2019-05-31,1.1131147146224976,97.75,1.95,2.14,-0.6869487790477953,2.6369487790477955,-0.12796239196300263,0.19000000000000017,-0.09999847412109375
2019-06-03,1.1174057722091675,97.13999938964844,1.82,2.07,-0.667744133849427,2.487744133849427,-0.3140802731475629,0.24999999999999978,-0.470001220703125
2019-06-04,1.124631643295288,97.06999969482422,1.88,2.12,-0.6636206038230048,2.5436206038230047,-0.23025182550963175,0.2400000000000002,-0.8899993896484375
2019-06-05,1.1254037618637085,97.37000274658203,1.83,2.12,-0.6789673458475405,2.5089673458475406,-0.2399959128431166,0.29000000000000004,-0.7699966430664062
2019-06-06,1.1229015588760376,97.02999877929688,1.88,2.12,-0.6556330284016649,2.535633028401665,-0.18251633726035843,0.2400000000000002,-1.1100006103515625
2019-06-07,1.1276500225067139,96.61000061035156,1.85,2.09,-0.6753562063710934,2.5253562063710935,-0.11159257267670197,0.23999999999999977,-1.1399993896484375
2019-06-10,1.1320157051086426,96.76000213623047,1.9,2.15,-0.6677216345315791,2.567721634531579,0.07997750068215215,0.25,-0.37999725341796875
2019-06-11,1.1318106651306152,96.69000244140625,1.93,2.15,-0.6726396598228512,2.6026396598228514,0.05901905599984669,0.21999999999999997,-0.37999725341796875
2019-06-12,1.1329518556594849,97.0,1.88,2.13,-0.6767997131658738,2.5567997131658737,0.04783236731833318,0.25,-0.37000274658203125
2019-06-13,1.1295605897903442,97.01000213623047,1.83,2.1,-0.6771850818141538,2.507185081814154,-0.02844794658751093,0.27,-0.01999664306640625
2019-06-14,1.1280443668365479,97.56999969482422,1.84,2.09,-0.6909511889344255,2.5309511889344254,0.005594982563331907,0.24999999999999978,0.9599990844726562
2019-06-17,1.1217050552368164,97.55999755859375,1.86,2.09,-0.6861968373592258,2.5461968373592256,-0.021524797172353338,0.22999999999999976,0.7999954223632812
2019-06-18,1.1224603652954102,97.63999938964844,1.86,2.06,-0.7513282858665682,2.611328285866568,0.008688626043716674,0.19999999999999996,0.9499969482421875
2019-06-19,1.1198208332061768,97.12000274658203,1.74,2.03,-0.7325850418517139,2.4725850418517137,-0.08421467131416005,0.2899999999999998,0.12000274658203125
2019-06-20,1.1238480806350708,96.62999725341797,1.72,2.01,-0.7502258130218227,2.4702258130218224,-0.03695926879233147,0.2899999999999998,-0.3800048828125
2019-06-21,1.1295605897903442,96.22000122070312,1.77,2.07,-0.730615147065802,2.500615147065802,-0.030336041868623376,0.2999999999999998,-1.3499984741210938
2019-06-24,1.1384724378585815,95.9800033569336,1.72,2.02,-0.7344230257871969,2.4544230257871966,-0.09177381157202902,0.30000000000000004,-1.5799942016601562
2019-06-25,1.140029788017273,96.16000366210938,1.71,2.0,-0.7418314167036799,2.45183141670368,-0.1594968691628882,0.29000000000000004,-1.4799957275390625
2019-06-26,1.1369967460632324,96.20999908447266,1.77,2.05,-0.7391389710948935,2.5091389710948935,0.036553929243179795,0.2799999999999998,-0.910003662109375
2019-06-27,1.1374752521514893,96.19000244140625,1.74,2.01,-0.7327475266939798,2.47274752669398,0.0025217136721575883,0.2699999999999998,-0.43999481201171875
2019-06-28,1.1372941732406616,96.12999725341797,1.75,2.0,-0.7454175604950399,2.49541756049504,-0.0051975865707620805,0.25,-0.09000396728515625
2019-07-01,1.1364928483963013,96.83999633789062,1.78,2.03,-0.7547355156908018,2.5347355156908016,0.08031248990360496,0.24999999999999978,0.8599929809570312
2019-07-02,1.1287446022033691,96.7300033569336,1.77,1.98,-0.7659637314981933,2.5359637314981933,0.08413231479451344,0.20999999999999996,0.5699996948242188
2019-07-03,1.1293054819107056,96.7699966430664,1.77,1.96,-0.7594465380483784,2.5294465380483784,0.0203075669534849,0.18999999999999995,0.55999755859375
2019-07-05,1.128579020500183,97.25,1.87,2.04,-0.7496887024846921,2.619688702484692,0.1469411757907122,0.16999999999999993,1.05999755859375
2019-07-08,1.1227376461029053,97.37999725341797,1.88,2.05,-0.7537460779182013,2.633746077918201,0.1383285174231612,0.16999999999999993,1.25
2019-07-09,1.121604323387146,97.48999786376953,1.92,2.07,-0.7425618028663559,2.662561802866356,0.12782628717555422,0.1499999999999999,0.6500015258789062
2019-07-10,1.120824933052063,97.0999984741211,1.82,2.07,-0.7354994723079602,2.55549947230796,0.019535740809766722,0.24999999999999978,0.3699951171875
2019-07-11,1.125885248184204,97.05000305175781,1.85,2.13,-0.7346504795854418,2.584650479585442,0.05520394153706354,0.2799999999999998,0.28000640869140625
2019-07-12,1.1252391338348389,96.80999755859375,1.84,2.12,-0.7394963071486664,2.5794963071486663,-0.04019239533602592,0.28,-0.44000244140625
2019-07-15,1.1272051334381104,96.93000030517578,1.83,2.09,-0.7454693392032277,2.5754693392032277,-0.05827673871497341,0.2599999999999998,-0.4499969482421875
2019-07-16,1.1261768341064453,97.4000015258789,1.87,2.13,-0.7497546605014906,2.6197546605014908,-0.04280714236486505,0.2599999999999998,-0.089996337890625
2019-07-17,1.1212271451950073,97.22000122070312,1.83,2.06,-0.7659429269211433,2.5959429269211434,0.04044345461318333,0.22999999999999998,0.12000274658203125
2019-07-18,1.12296462059021,96.79000091552734,1.77,2.04,-0.7678624129190514,2.5378624129190515,-0.04678806666639046,0.27,-0.26000213623046875
2019-07-19,1.1261515617370605,97.1500015258789,1.8,2.05,-0.783085288170112,2.5830852881701123,0.0035889810214460027,0.24999999999999978,0.34000396728515625
2019-07-22,1.1218308210372925,97.26000213623047,1.8,2.05,-0.7918250690954336,2.5918250690954334,0.016355729892205684,0.24999999999999978,0.3300018310546875
2019-07-23,1.1206114292144775,97.70999908447266,1.83,2.08,-0.7968590379065397,2.6268590379065397,0.007104377405048989,0.25,0.30999755859375
2019-07-24,1.1151255369186401,97.7300033569336,1.83,2.05,-0.7968210860509282,2.6268210860509282,0.030878159129784866,0.21999999999999975,0.5100021362304688
2019-07-25,1.1142433881759644,97.81999969482422,1.86,2.08,-0.774022497114065,2.6340224971140653,0.09616008419501387,0.21999999999999997,1.029998779296875
2019-07-26,1.1146159172058105,98.01000213623047,1.86,2.08,-0.7732641794652628,2.6332641794652627,0.05017889129515041,0.21999999999999997,0.8600006103515625
2019-07-29,1.1132138967514038,98.04000091552734,1.85,2.06,-0.7849729329031381,2.634972932903138,0.043147863807704745,0.20999999999999996,0.779998779296875
2019-07-30,1.1143054962158203,98.05000305175781,1.85,2.06,-0.7764827989718261,2.6264827989718262,-0.000376238934713502,0.20999999999999996,0.34000396728515625
2019-07-31,1.1157974004745483,98.5199966430664,1.89,2.02,-0.793812569790453,2.6838125697904527,0.05699148373952445,0.13000000000000012,0.7899932861328125
2019-08-01,1.1071745157241821,98.38999938964844,1.73,1.9,-0.7942923763353744,2.5242923763353744,-0.10973012077869093,0.16999999999999993,0.5699996948242188
2019-08-02,1.1078859567642212,98.0999984741211,1.72,1.86,-0.8046557741769287,2.524655774176929,-0.10860840528833382,0.14000000000000012,0.089996337890625
2019-08-05,1.1108025312423706,97.5,1.59,1.75,-0.8265067536357802,2.4165067536357805,-0.21846617926735767,0.15999999999999992,-0.5400009155273438
2019-08-06,1.1243788003921509,97.62999725341797,1.6,1.73,-0.8337863947965345,2.4337863947965346,-0.19269640417529166,0.1299999999999999,-0.42000579833984375
2019-08-07,1.1206992864608765,97.54000091552734,1.59,1.71,-0.8749885468596319,2.464988546859632,-0.21882402293082048,0.11999999999999988,-0.9799957275390625
2019-08-08,1.1204355955123901,97.62000274658203,1.62,1.72,-0.8693430437286427,2.489343043728643,-0.03494933260673161,0.09999999999999987,-0.7699966430664062
2019-08-09,1.1187183856964111,97.48999786376953,1.63,1.74,-0.8837306213328278,2.5137306213328277,-0.010925152844101227,0.1100000000000001,-0.6100006103515625
2019-08-12,1.1208499670028687,97.37999725341797,1.58,1.65,-0.8930121348809403,2.4730121348809404,0.056505381245159914,0.06999999999999984,-0.12000274658203125
2019-08-13,1.1218308210372925,97.80999755859375,1.66,1.68,-0.8829760411957253,2.5429760411957254,0.10918964639919082,0.020000000000000018,0.18000030517578125
2019-08-14,1.1177055835723877,97.98999786376953,1.58,1.59,-0.8895514990202948,2.469551499020295,0.004562952160662714,0.010000000000000009,0.4499969482421875
2019-08-15,1.1143302917480469,98.13999938964844,1.48,1.52,-0.9112549679728984,2.3912549679728983,-0.09808807575574452,0.040000000000000036,0.5199966430664062
2019-08-16,1.1113580465316772,98.13999938964844,1.48,1.55,-0.9233985204038322,2.403398520403832,-0.11033210092899548,0.07000000000000006,0.6500015258789062
2019-08-19,1.109385371208191,98.3499984741211,1.53,1.6,-0.9198765383693944,2.4498765383693946,-0.023135596511545842,0.07000000000000006,0.970001220703125
2019-08-20,1.1083157062530518,98.19000244140625,1.5,1.55,-0.9336762119452442,2.433676211945244,-0.1092998292504812,0.050000000000000044,0.3800048828125
2019-08-21,1.1097793579101562,98.30000305175781,1.56,1.59,-0.9172898449955555,2.4772898449955556,0.007738345975260685,0.030000000000000027,0.31000518798828125
2019-08-22,1.10907781124115,98.16999816894531,1.61,1.62,-0.8866665054327787,2.4966665054327786,0.1054115374598803,0.010000000000000009,0.029998779296875
2019-08-23,1.1084016561508179,97.63999938964844,1.51,1.52,-0.9063060981700016,2.4163060981700015,0.012907577766169354,0.010000000000000009,-0.5
2019-08-26,1.1143054962158203,98.08000183105469,1.54,1.54,-0.9080950831648344,2.4480950831648345,-0.0017814552045600784,0.0,-0.26999664306640625
2019-08-27,1.1103708744049072,98.0,1.53,1.49,-0.9082361719830448,2.438236171983045,0.004559960037800792,-0.040000000000000036,-0.19000244140625
2019-08-28,1.109004020690918,98.20999908447266,1.5,1.47,-0.9171996584278236,2.4171996584278235,-0.06009018656773213,-0.030000000000000027,-0.09000396728515625
2019-08-29,1.1085859537124634,98.51000213623047,1.53,1.5,-0.9289429480154778,2.458942948015478,-0.03772355741730049,-0.030000000000000027,0.34000396728515625
2019-08-30,1.1061947345733643,98.91999816894531,1.5,1.5,-0.929722253152978,2.429722253152978,0.013416154982976547,0.0,1.279998779296875
2019-09-03,1.0968520641326904,98.94999694824219,1.47,1.47,-0.919734134055394,2.389734134055394,-0.05836094910944034,0.0,0.8699951171875
2019-09-04,1.0974539518356323,98.44999694824219,1.43,1.47,-0.9117660578706808,2.3417660578706805,-0.0964701141123645,0.040000000000000036,0.4499969482421875
2019-09-05,1.10349702835083,98.41000366210938,1.55,1.57,-0.896788555859112,2.4467885558591123,0.029588897431288785,0.020000000000000018,0.20000457763671875
2019-09-06,1.1036310195922852,98.38999938964844,1.53,1.55,-0.8925224468590356,2.422522446859036,-0.03642050115644224,0.020000000000000018,-0.12000274658203125
2019-09-09,1.1020619869232178,98.27999877929688,1.58,1.63,-0.8739493652758625,2.4539493652758626,0.02422711212288453,0.04999999999999982,-0.6399993896484375
2019-09-10,1.1048381328582764,98.33000183105469,1.67,1.72,-0.866242826033917,2.536242826033917,0.1465086919785228,0.050000000000000044,-0.6199951171875
2019-09-11,1.1050333976745605,98.6500015258789,1.68,1.75,-0.8641644733314164,2.544164473331416,0.20239841546073567,0.07000000000000006,0.20000457763671875
2019-09-12,1.1013457775115967,98.30999755859375,1.72,1.79,-0.7856719125011047,2.5056719125011044,0.05888335664199218,0.07000000000000006,-0.100006103515625
2019-09-13,1.1058276891708374,98.26000213623047,1.79,1.9,-0.7562898890602785,2.5462898890602785,0.1237674422012427,0.10999999999999988,-0.12999725341796875
2019-09-16,1.1083402633666992,98.6500015258789,1.74,1.84,-0.7572722837819343,2.4972722837819346,0.04332291850607195,0.10000000000000009,0.37000274658203125
2019-09-17,1.100594401359558,98.26000213623047,1.72,1.81,-0.7510507801912754,2.471050780191275,-0.06519204584264182,0.09000000000000008,-0.06999969482421875
2019-09-18,1.1074687242507935,98.5999984741211,1.77,1.8,-0.7647269014829745,2.5347269014829745,-0.009437571848441628,0.030000000000000027,-0.0500030517578125
2019-09-19,1.1031439304351807,98.2699966430664,1.74,1.79,-0.7431638861604459,2.4831638861604457,-0.022508026340658738,0.050000000000000044,-0.04000091552734375
2019-09-20,1.1048502922058105,98.51000213623047,1.69,1.74,-0.7485352443119453,2.4385352443119452,-0.1077546447483333,0.050000000000000044,0.25
2019-09-23,1.1019041538238525,98.5999984741211,1.68,1.72,-0.7694007196870327,2.4494007196870324,-0.04787156409490212,0.040000000000000036,-0.0500030517578125
2019-09-24,1.0993722677230835,98.33999633789062,1.6,1.64,-0.7688752505711265,2.3688752505711266,-0.10217552962014853,0.039999999999999813,0.07999420166015625
2019-09-25,1.1016855239868164,99.04000091552734,1.68,1.73,-0.7692103101581722,2.449210310158172,-0.0855165913248026,0.050000000000000044,0.44000244140625
2019-09-26,1.0952903032302856,99.20999908447266,1.66,1.7,-0.7805072195703793,2.440507219570379,-0.04265666659006673,0.040000000000000036,0.94000244140625
2019-09-27,1.0922753810882568,99.11000061035156,1.63,1.69,-0.7995267563221717,2.4295267563221716,-0.009008487989773606,0.06000000000000005,0.5999984741210938
2019-09-30,1.0942714214324951,99.37999725341797,1.63,1.68,-0.8056211899408283,2.435621189940828,-0.013779529746204222,0.050000000000000044,0.779998779296875
2019-10-01,1.0899657011032104,99.12999725341797,1.56,1.65,-0.7908502089447293,2.3508502089447294,-0.018025041626397176,0.08999999999999986,0.7900009155273438
2019-10-02,1.0934937000274658,99.04000091552734,1.48,1.6,-0.7977470724138405,2.2777470724138404,-0.17146323774433148,0.1200000000000001,0.0
2019-10-03,1.0963709354400635,98.86000061035156,1.39,1.54,-0.8089466329546409,2.198946632954641,-0.24156058661573798,0.15000000000000013,-0.34999847412109375
2019-10-04,1.0975382328033447,98.80999755859375,1.4,1.52,-0.8054539697497898,2.2054539697497897,-0.22407278657238194,0.1200000000000001,-0.3000030517578125
2019-10-07,1.098659634590149,98.98999786376953,1.46,1.56,-0.8026056136446131,2.262605613644613,-0.1730155762962151,0.10000000000000009,-0.3899993896484375
2019-10-08,1.0972130298614502,99.13999938964844,1.42,1.54,-0.8153982141973222,2.235398214197322,-0.1154519947474073,0.1200000000000001,0.01000213623046875
2019-10-09,1.0960105657577515,99.12000274658203,1.47,1.59,-0.79568940013993,2.26568940013993,-0.012057672273910303,0.1200000000000001,0.0800018310546875
2019-10-10,1.0987803936004639,98.70999908447266,1.53,1.67,-0.7433487035419826,2.2733487035419824,0.07440207058734138,0.1399999999999999,-0.15000152587890625
2019-10-11,1.1011033058166504,98.30000305175781,1.63,1.76,-0.7365868934982363,2.366586893498236,0.16113292374844645,0.13000000000000012,-0.5099945068359375
2019-10-15,1.1029006242752075,98.29000091552734,1.61,1.77,-0.7188253751634717,2.328825375163472,0.06621976151885889,0.15999999999999992,-0.6999969482421875
2019-10-16,1.1034727096557617,98.01000213623047,1.58,1.75,-0.700096586960687,2.280096586960687,0.04469837276336497,0.16999999999999993,-1.1299972534179688
2019-10-17,1.107493281364441,97.61000061035156,1.6,1.76,-0.6954869015318756,2.2954869015318757,0.02979750139194559,0.15999999999999992,-1.5100021362304688
2019-10-18,1.1127183437347412,97.27999877929688,1.58,1.76,-0.688731026668131,2.268731026668131,-0.004617676873851284,0.17999999999999994,-1.4300003051757812
2019-10-21,1.1155734062194824,97.33000183105469,1.62,1.8,-0.6885392435502777,2.308539243550278,-0.0580476499479583,0.17999999999999994,-0.970001220703125
2019-10-22,1.1151753664016724,97.52999877929688,1.6,1.78,-0.6870855340117163,2.2870855340117164,-0.04173984115175555,0.17999999999999994,-0.7600021362304688
2019-10-23,1.112928867340088,97.47000122070312,1.58,1.77,-0.6892220858086979,2.269222085808698,-0.010874501151989069,0.18999999999999995,-0.5400009155273438
2019-10-24,1.1132385730743408,97.62999725341797,1.58,1.77,-0.6957795420716368,2.275779542071637,-0.019707359460238827,0.18999999999999995,0.01999664306640625
2019-10-25,1.1103955507278442,97.83000183105469,1.63,1.8,-0.6896229144774986,2.3196229144774985,0.050891887809367375,0.17000000000000015,0.5500030517578125
2019-10-28,1.1084262132644653,97.76000213623047,1.64,1.85,-0.6757013588316405,2.3157013588316406,0.007162115281362791,0.2100000000000002,0.43000030517578125
2019-10-29,1.1099148988723755,97.69000244140625,1.64,1.84,-0.6705850708257928,2.310585070825793,0.02349953681407646,0.20000000000000018,0.160003662109375
2019-10-30,1.1114816665649414,97.6500015258789,1.61,1.78,-0.663673282193824,2.2736732821938244,0.004451196385126366,0.16999999999999993,0.18000030517578125
2019-10-31,1.1154489517211914,97.3499984741211,1.52,1.69,-0.6935057375135303,2.2135057375135303,-0.062273804558106605,0.16999999999999993,-0.279998779296875
2019-11-01,1.1157102584838867,97.23999786376953,1.56,1.73,-0.6943884298448246,2.2543884298448247,-0.06523448463267378,0.16999999999999993,-0.5900039672851562
2019-11-04,1.1166571378707886,97.51000213623047,1.6,1.79,-0.6838892992027494,2.2838892992027495,-0.03181205962889111,0.18999999999999995,-0.25
2019-11-05,1.1128545999526978,97.9800033569336,1.63,1.86,-0.6684360365112432,2.298436036511243,-0.012149034314549834,0.2300000000000002,0.29000091552734375
2019-11-06,1.107419729232788,97.94999694824219,1.61,1.81,-0.6520705963560758,2.262070596356076,-0.011602685837748261,0.19999999999999996,0.29999542236328125
2019-11-07,1.1070396900177002,98.13999938964844,1.68,1.92,-0.6444771707563213,2.324477170756321,0.11097143324279068,0.24,0.7900009155273438
2019-11-08,1.1019697189331055,98.3499984741211,1.68,1.94,-0.639568231114851,2.319568231114851,0.06517980127002643,0.26,1.1100006103515625
2019-11-12,1.1035456657409668,98.30999755859375,1.66,1.92,-0.6421888344386075,2.3021888344386072,0.0182995352358577,0.26,0.7999954223632812
2019-11-13,1.1012367010116577,98.37000274658203,1.63,1.88,-0.6508297236343275,2.2808297236343273,-0.01760631287691572,0.25,0.3899993896484375
2019-11-14,1.1013215780258179,98.16000366210938,1.58,1.82,-0.6634103828386069,2.243410382838607,-0.01866021351746916,0.24,0.2100067138671875
2019-11-15,1.1020498275756836,98.0,1.61,1.84,-0.6658398740645128,2.2758398740645127,-0.048637296691808274,0.22999999999999998,-0.1399993896484375
2019-11-18,1.105509877204895,97.79000091552734,1.6,1.81,-0.6598604158383816,2.2598604158383817,-0.0597078152764694,0.20999999999999996,-0.55999755859375
2019-11-19,1.1072357892990112,97.86000061035156,1.6,1.79,-0.6576599099355032,2.2576599099355033,-0.04452892450310397,0.18999999999999995,-0.4499969482421875
2019-11-20,1.1080001592636108,97.93000030517578,1.56,1.73,-0.6663496258436856,2.2263496258436857,-0.05448009779064167,0.16999999999999993,-0.44000244140625
2019-11-21,1.1078859567642212,97.98999786376953,1.6,1.77,-0.659114962768844,2.259114962768844,0.015704579930237106,0.16999999999999993,-0.17000579833984375
2019-11-22,1.1065863370895386,98.2699966430664,1.61,1.77,-0.6534085838875634,2.2634085838875633,-0.012431290176949439,0.15999999999999992,0.26999664306640625
2019-11-25,1.1022562980651855,98.31999969482422,1.61,1.76,-0.6590246526423176,2.269024652642318,0.009164236803936188,0.1499999999999999,0.529998779296875
2019-11-26,1.1014429330825806,98.25,1.58,1.74,-0.6618538463010482,2.2418538463010482,-0.015806063634455025,0.15999999999999992,0.3899993896484375
2019-11-27,1.1022562980651855,98.41000366210938,1.63,1.77,-0.656612184574175,2.286612184574175,0.060262558730489246,0.14000000000000012,0.48000335693359375
2019-11-29,1.101176142692566,98.2699966430664,1.61,1.78,-0.6469481468626892,2.2569481468626895,-0.002166815906154529,0.16999999999999993,0.279998779296875
2019-12-02,1.1019041538238525,97.86000061035156,1.61,1.83,-0.6348347399855161,2.2448347399855164,-0.01857384390204686,0.21999999999999997,-0.40999603271484375
2019-12-03,1.1079105138778687,97.73999786376953,1.53,1.72,-0.6585722948169708,2.1885722948169706,-0.08045235782534732,0.18999999999999995,-0.5800018310546875
2019-12-04,1.1085245609283447,97.6500015258789,1.58,1.77,-0.6623989149549878,2.242398914954988,0.0005450686539396621,0.18999999999999995,-0.5999984741210938
2019-12-05,1.108303427696228,97.41000366210938,1.58,1.8,-0.639008102096422,2.219008102096422,-0.06760408247775285,0.21999999999999997,-1.0
2019-12-06,1.1105434894561768,97.69999694824219,1.61,1.84,-0.6483586454217605,2.258358645421761,0.0014104985590712715,0.22999999999999998,-0.5699996948242188
2019-12-09,1.105888843536377,97.63999938964844,1.63,1.83,-0.6539890539904865,2.2839890539904864,0.03915431400496994,0.20000000000000018,-0.220001220703125
2019-12-10,1.106499433517456,97.41000366210938,1.65,1.85,-0.6606419318015728,2.3106419318015727,0.12206963698460216,0.20000000000000018,-0.32999420166015625
2019-12-11,1.1092746257781982,97.16000366210938,1.61,1.79,-0.6646086953768018,2.274608695376802,0.032209780421814216,0.17999999999999994,-0.48999786376953125
2019-12-12,1.1135857105255127,97.4000015258789,1.66,1.9,-0.6567774680092646,2.3167774680092643,0.09776936591284224,0.24,-0.01000213623046875
2019-12-13,1.1186057329177856,97.16999816894531,1.61,1.82,-0.6450026729331788,2.2550026729331787,-0.003355972488582104,0.20999999999999996,-0.529998779296875
2019-12-16,1.1124460697174072,97.06999969482422,1.65,1.89,-0.6527907450943649,2.3027907450943648,0.018801691103878415,0.24,-0.5699996948242188
2019-12-17,1.1136974096298218,97.20999908447266,1.63,1.89,-0.6573393547190531,2.287339354719053,-0.023302577082519704,0.26,-0.20000457763671875
2019-12-18,1.115138053894043,97.41000366210938,1.63,1.92,-0.6525160695004875,2.2825160695004874,0.007907374123685251,0.29000000000000004,0.25
2019-12-19,1.1115927696228027,97.41999816894531,1.62,1.92,-0.6457612611659065,2.2657612611659066,-0.051016206843357725,0.2999999999999998,0.01999664306640625
2019-12-20,1.1125946044921875,97.70999908447266,1.63,1.92,-0.6482873831644915,2.2782873831644914,0.023284710231312733,0.29000000000000004,0.5400009155273438
2019-12-23,1.1079840660095215,97.66000366210938,1.64,1.93,-0.6588257442690719,2.298825744269072,-0.003965000825292719,0.29000000000000004,0.5900039672851562
2019-12-27,1.110111951828003,96.91999816894531,1.59,1.88,-0.6525141428086135,2.2425141428086137,-0.04482521191043931,0.2899999999999998,-0.29000091552734375
2019-12-30,1.1182304620742798,96.73999786376953,1.58,1.9,-0.6183938631328096,2.19839386313281,-0.08412220636767742,0.31999999999999984,-0.6700057983398438
2020-01-02,1.1220825910568237,96.8499984741211,1.58,1.88,-0.6221803698032793,2.2021803698032794,-0.06358089136262723,0.2999999999999998,-0.5699996948242188
2020-01-03,1.1171437501907349,96.83999633789062,1.53,1.8,-0.6383653293695475,2.1683653293695473,-0.10992205379494413,0.27,-0.8700027465820312
2020-01-06,1.1161960363388062,96.66999816894531,1.54,1.81,-0.6510860521593411,2.191086052159341,-0.10773969210973089,0.27,-0.9900054931640625
2020-01-07,1.1197994947433472,96.9800033569336,1.54,1.83,-0.6505532481170522,2.190553248117052,-0.05196089469156151,0.29000000000000004,0.06000518798828125
2020-01-08,1.1154738664627075,97.30000305175781,1.58,1.87,-0.6411880962933689,2.221188096293369,0.022794233160559063,0.29000000000000004,0.5600051879882812
2020-01-09,1.1113210916519165,97.44999694824219,1.58,1.85,-0.6147477149325238,2.194747714932524,-0.007432654870755506,0.27,0.5999984741210938
2020-01-10,1.1111111640930176,97.36000061035156,1.56,1.83,-0.6072432136451567,2.1672432136451567,-0.0011221157243905822,0.27,0.5200042724609375
2020-01-13,1.1116669178009033,97.3499984741211,1.58,1.85,-0.5963014988721551,2.176301498872155,-0.014784553287185975,0.27,0.6800003051757812
2020-01-14,1.1135733127593994,97.37000274658203,1.58,1.82,-0.5965589246791683,2.1765589246791683,-0.013994323437883871,0.24,0.3899993896484375
2020-01-15,1.113089919090271,97.2300033569336,1.56,1.79,-0.6072709181834575,2.1672709181834575,-0.05391717810991148,0.22999999999999998,-0.06999969482421875
2020-01-16,1.1154004335403442,97.31999969482422,1.58,1.81,-0.6072732513273458,2.187273251327346,-0.0074744636051780056,0.22999999999999998,-0.12999725341796875
2020-01-17,1.1139578819274902,97.61000061035156,1.58,1.84,-0.6070145348750962,2.1870145348750962,0.01977132122993952,0.26,0.25
2020-01-21,1.109693169593811,97.52999877929688,1.53,1.78,-0.5939891079141244,2.1239891079141247,-0.05231239095803053,0.25,0.18000030517578125
2020-01-22,1.108561396598816,97.52999877929688,1.53,1.77,-0.6065684002724598,2.13656840027246,-0.03999052440670825,0.24,0.15999603271484375
2020-01-23,1.1096439361572266,97.69000244140625,1.51,1.74,-0.6241419985009498,2.13414199850095,-0.03312891968250753,0.22999999999999998,0.45999908447265625
2020-01-24,1.1055220365524292,97.8499984741211,1.49,1.7,-0.6229442013081781,2.112944201308178,-0.07432905001916801,0.20999999999999996,0.529998779296875
2020-01-27,1.1025358438491821,97.95999908447266,1.44,1.61,-0.6435231090442168,2.083523109044217,-0.10349142583087945,0.17000000000000015,0.34999847412109375
2020-01-28,1.101976990699768,98.0199966430664,1.45,1.65,-0.6436538235766602,2.09365382357666,-0.030335284337464685,0.19999999999999996,0.48999786376953125
2020-01-29,1.1022562980651855,97.98999786376953,1.42,1.6,-0.6541296067031421,2.074129606703142,-0.06243879356931803,0.18000000000000016,0.45999908447265625
2020-01-30,1.1016855239868164,97.87000274658203,1.41,1.57,-0.6676917210795912,2.0776917210795913,-0.05645027742135866,0.16000000000000014,0.18000030517578125
2020-01-31,1.1029127836227417,97.38999938964844,1.33,1.51,-0.6798593217539244,2.0098593217539245,-0.10308487955425338,0.17999999999999994,-0.45999908447265625
2020-02-03,1.1089794635772705,97.80000305175781,1.36,1.54,-0.6906003411458501,2.0506003411458504,-0.032922767898366345,0.17999999999999994,-0.15999603271484375
2020-02-04,1.1062926054000854,97.95999908447266,1.41,1.61,-0.6558862861675152,2.0658862861675154,-0.027767537409144616,0.20000000000000018,-0.05999755859375
2020-02-05,1.1047282218933105,98.2699966430664,1.44,1.66,-0.647463688502329,2.087463688502329,0.013334081799186936,0.21999999999999997,0.279998779296875
2020-02-06,1.1002310514450073,98.5,1.44,1.65,-0.6346901988929821,2.074690198892982,-0.003001522186609318,0.20999999999999996,0.6299972534179688
2020-02-07,1.0982975959777832,98.68000030517578,1.41,1.59,-0.6511721804718329,2.061172180471833,0.05131285871790858,0.18000000000000016,1.2900009155273438
2020-02-10,1.0949305295944214,98.83000183105469,1.37,1.56,-0.6469573872707652,2.0169573872707653,-0.03364295387508509,0.18999999999999995,1.029998779296875
2020-02-11,1.0913456678390503,98.72000122070312,1.41,1.59,-0.651099247761572,2.0610992477615717,-0.004787038405943633,0.18000000000000016,0.7600021362304688
2020-02-12,1.091941475868225,99.05000305175781,1.44,1.62,-0.6459643682086207,2.0859643682086206,-0.0014993202937083616,0.18000000000000016,0.7800064086914062
2020-02-13,1.0875948667526245,99.06999969482422,1.44,1.61,-0.6475079488225117,2.0875079488225117,0.012817749929529665,0.17000000000000015,0.5699996948242188
2020-02-14,1.0845986604690552,99.12000274658203,1.42,1.59,-0.6600926043809632,2.080092604380963,0.01892042390913007,0.17000000000000015,0.44000244140625
2020-02-18,1.0840108394622803,99.45999908447266,1.41,1.55,-0.6482447810286645,2.058244781028664,0.041287393757898805,0.14000000000000012,0.6299972534179688
2020-02-19,1.079540491104126,99.5999984741211,1.42,1.56,-0.6484782267427902,2.06847822674279,0.00737897898121842,0.14000000000000012,0.8799972534179688
2020-02-20,1.081009864807129,99.87000274658203,1.39,1.52,-0.6490679272752273,2.0390679272752275,-0.04689644093339318,0.13000000000000012,0.8199996948242188
2020-02-21,1.078799843788147,99.26000213623047,1.34,1.46,-0.6462501480417564,1.9862501480417565,-0.10125780078075519,0.11999999999999988,0.19000244140625
2020-02-24,1.0839051008224487,99.29000091552734,1.26,1.38,-0.6820501428721668,1.9420501428721668,-0.1380424615087963,0.11999999999999988,0.1699981689453125
2020-02-25,1.0849199295043945,98.97000122070312,1.2,1.33,-0.6956320790141417,1.8956320790141417,-0.1626127020145225,0.13000000000000012,-0.48999786376953125
2020-02-26,1.0881996154785156,99.0,1.16,1.33,-0.7011596309382404,1.8611596309382403,-0.2073185958045498,0.17000000000000015,-0.5999984741210938
2020-02-27,1.0885894298553467,98.44000244140625,1.11,1.3,-0.749303372629412,1.8593033726294121,-0.1797645546458153,0.18999999999999995,-1.4300003051757812
2020-02-28,1.0997228622436523,98.12999725341797,0.86,1.13,-0.7861478169195122,1.646147816919512,-0.3401023311222444,0.2699999999999999,-1.1300048828125
2020-03-02,1.1051311492919922,97.36000061035156,0.84,1.1,-0.8215655385193132,1.661565538519313,-0.2804846043528537,0.2600000000000001,-1.9300003051757812
2020-03-03,1.1144047975540161,97.1500015258789,0.71,1.02,-0.7838295142001317,1.4938295142001317,-0.40180256481401,0.31000000000000005,-1.8199996948242188
2020-03-04,1.118067979812622,97.33999633789062,0.67,1.02,-0.8230179240736515,1.4930179240736514,-0.3681417068645889,0.35,-1.660003662109375
2020-03-05,1.113908290863037,96.81999969482422,0.59,0.92,-0.8476439465657775,1.4376439465657773,-0.4216594260636348,0.33000000000000007,-1.6200027465820312
2020-03-06,1.1223849058151245,95.94999694824219,0.49,0.74,-0.8666062985750864,1.3566062985750864,-0.28954151834442565,0.25,-2.1800003051757812
2020-03-09,1.1386020183563232,94.9000015258789,0.38,0.54,-0.965892055861969,1.345892055861969,-0.3156734826573442,0.16000000000000003,-2.4599990844726562
2020-03-10,1.1397960186004639,96.41000366210938,0.5,0.76,-0.922700962705394,1.422700962705394,-0.07112855149473774,0.26,-0.7399978637695312
2020-03-11,1.1316505670547485,96.51000213623047,0.5,0.82,-0.9329277246060133,1.4329277246060133,-0.06009019946763816,0.31999999999999995,-0.8299942016601562
2020-03-12,1.1261515617370605,97.47000122070312,0.5,0.88,-0.970606922563824,1.470606922563824,0.03296297599804676,0.38,0.6500015258789062
2020-03-13,1.1184931993484497,98.75,0.49,0.94,-0.8904430244853283,1.3804430244853283,0.023836725910241885,0.44999999999999996,2.8000030517578125
2020-03-16,1.115536093711853,98.08999633789062,0.36,0.73,-0.8795889964768757,1.2395889964768756,-0.10630305938509332,0.37,3.1899948120117188
2020-03-17,1.1163206100463867,99.58000183105469,0.47,1.02,-0.8658485462104912,1.3358485462104912,-0.08685241649490272,0.55,3.1699981689453125
2020-03-18,1.101552128791809,101.16000366210938,0.54,1.18,-0.7806965930970904,1.3206965930970904,-0.11223113150892283,0.6399999999999999,4.650001525878906
2020-03-19,1.0961546897888184,102.76000213623047,0.44,1.12,-0.6634403533860915,1.1034403533860915,-0.3671665691777326,0.6800000000000002,5.290000915527344
2020-03-20,1.0657345056533813,102.81999969482422,0.37,0.92,-0.6730640480236776,1.0430640480236777,-0.3373789764616506,0.55,4.069999694824219
2020-03-23,1.0694386959075928,102.48999786376953,0.28,0.76,-0.693319650247664,0.973319650247664,-0.2662693462292116,0.48,4.400001525878906
2020-03-24,1.0764610767364502,101.73999786376953,0.38,0.84,-0.6334731439789434,1.0134731439789433,-0.3223754022315479,0.45999999999999996,2.1599960327148438
2020-03-25,1.080263614654541,101.05000305175781,0.34,0.88,-0.5993216209389316,0.9393216209389317,-0.38137497215815874,0.54,-0.1100006103515625
2020-03-26,1.0889569520950317,99.41999816894531,0.3,0.83,-0.6317141147442435,0.9317141147442436,-0.17172623864184788,0.53,-3.3400039672851562
2020-03-27,1.1048258543014526,98.37000274658203,0.25,0.72,-0.7038356498954514,0.9538356498954514,-0.08922839812822625,0.47,-4.4499969482421875
2020-03-30,1.113908290863037,99.18000030517578,0.23,0.7,-0.7174471893752639,0.9474471893752638,-0.025872460872400138,0.47,-3.30999755859375
2020-03-31,1.1030466556549072,99.05000305175781,0.23,0.7,-0.7059234486470767,0.9359234486470767,-0.07754969533186662,0.47,-2.6899948120117188
2020-04-01,1.102657437324524,99.66999816894531,0.23,0.62,-0.665138699425512,0.8951386994255119,-0.04418292151341974,0.39,-1.3800048828125
2020-04-02,1.0953621864318848,100.18000030517578,0.23,0.63,-0.6550555449894486,0.8850555449894486,-0.04665856975479499,0.4,0.7600021362304688
2020-04-03,1.0847399234771729,100.58000183105469,0.23,0.62,-0.6712101764223846,0.9012101764223845,-0.0526254734730669,0.39,2.2099990844726562
2020-04-06,1.0806955099105835,100.69000244140625,0.27,0.67,-0.6552170503534307,0.9252170503534307,-0.02223013902183313,0.4,1.5100021362304688
2020-04-07,1.0803803205490112,99.9800033569336,0.28,0.75,-0.6369650402703493,0.9169650402703493,-0.018958408376727354,0.47,0.9300003051757812
2020-04-08,1.0895144939422607,100.12000274658203,0.27,0.77,-0.6138826232155159,0.8838826232155159,-0.011256076209996024,0.5,0.45000457763671875
2020-04-09,1.0863661766052246,99.5199966430664,0.23,0.73,-0.6173872304145536,0.8473872304145535,-0.037668314574895057,0.5,-0.660003662109375
2020-04-14,1.0922993421554565,98.88999938964844,0.23,0.76,-0.6430845078796787,0.8730845078796787,-0.028125668542705817,0.53,-1.69000244140625
2020-04-15,1.098538875579834,99.45999908447266,0.2,0.63,-0.6794089942236203,0.8794089942236203,-0.045808056129810426,0.43,-1.2300033569335938
2020-04-16,1.0905101299285889,100.02999877929688,0.2,0.61,-0.6599298182853839,0.8599298182853838,-0.05703522198496547,0.41,0.04999542236328125
2020-04-17,1.0858471393585205,99.77999877929688,0.2,0.65,-0.6723165964832725,0.8723165964832724,-0.011566026732243495,0.45,-0.34000396728515625
2020-04-20,1.0866966247558594,99.95999908447266,0.2,0.63,-0.6669710606973567,0.8669710606973566,0.019583830282803083,0.43,0.44000244140625
2020-04-21,1.0864840745925903,100.26000213623047,0.2,0.58,-0.6617669205882204,0.8617669205882204,-0.011317587291458375,0.37999999999999995,1.3700027465820312
2020-04-22,1.0856467485427856,100.38999938964844,0.22,0.63,-0.650390677601651,0.870390677601651,-0.00901831662196928,0.41000000000000003,0.9300003051757812
2020-04-23,1.080964207649231,100.43000030517578,0.22,0.61,-0.6676112189220427,0.8876112189220426,0.027681400636658804,0.39,0.40000152587890625
2020-04-24,1.077702283859253,100.37999725341797,0.22,0.6,-0.6682177948354715,0.8882177948354715,0.015901198352199053,0.38,0.5999984741210938
2020-04-27,1.08236825466156,100.04000091552734,0.24,0.67,-0.6416350624830867,0.8816350624830867,0.014664001785730019,0.43000000000000005,0.0800018310546875
2020-04-28,1.0824854373931885,99.87000274658203,0.2,0.62,-0.6541156860866337,0.8541156860866337,-0.007651234501586668,0.42,-0.3899993896484375
2020-04-29,1.0836584568023682,99.56999969482422,0.2,0.63,-0.6790565189826618,0.8790565189826618,0.008665841381010786,0.43,-0.8199996948242188
2020-04-30,1.087725043296814,99.0199966430664,0.2,0.64,-0.7058396567979206,0.9058396567979206,0.018228437875877912,0.44,-1.410003662109375
2020-05-04,1.0959625244140625,99.4800033569336,0.19,0.64,-0.7092814585835292,0.8992814585835291,0.011063663748057673,0.45,-0.899993896484375
2020-05-05,1.0904293060302734,99.70999908447266,0.19,0.66,-0.7527758897815877,0.9427758897815877,0.06114082729850101,0.47000000000000003,-0.3300018310546875
2020-05-06,1.0838581323623657,100.08999633789062,0.17,0.72,-0.719573123700052,0.889573123700052,0.03545743761341835,0.5499999999999999,0.21999359130859375
2020-05-07,1.0798553228378296,99.88999938964844,0.13,0.63,-0.7150154073900183,0.8450154073900183,-0.03404111159264345,0.5,0.31999969482421875
2020-05-08,1.0837171077728271,99.7300033569336,0.16,0.69,-0.7466045888742747,0.9066045888742748,0.0007649320763541967,0.5299999999999999,0.7100067138671875
2020-05-11,1.0839520692825317,100.23999786376953,0.17,0.73,-0.7121788490017025,0.8821788490017025,-0.017102609581826633,0.5599999999999999,0.7599945068359375
2020-05-12,1.080940842628479,99.93000030517578,0.17,0.69,-0.6826620179294967,0.8526620179294967,-0.09011387185209097,0.5199999999999999,0.220001220703125
2020-05-13,1.0846810340881348,100.23999786376953,0.16,0.64,-0.6975558077060944,0.8575558077060944,-0.03201731599395763,0.48,0.15000152587890625
2020-05-14,1.08236825466156,100.47000122070312,0.16,0.63,-0.7078179430104155,0.8678179430104155,0.022802535620397135,0.47,0.5800018310546875
2020-05-15,1.0806955099105835,100.4000015258789,0.16,0.64,-0.7105097153222082,0.8705097153222082,-0.03609487355206653,0.48,0.6699981689453125
2020-05-18,1.0821340084075928,99.66999816894531,0.18,0.73,-0.6913245072891558,0.8713245072891558,-0.010854341712546733,0.55,-0.5699996948242188
2020-05-19,1.0915124416351318,99.37000274658203,0.17,0.7,-0.6449528129106095,0.8149528129106095,-0.03770920501888719,0.5299999999999999,-0.55999755859375
2020-05-20,1.0927767753601074,99.12000274658203,0.16,0.68,-0.6475184191636343,0.8075184191636343,-0.05003738854246009,0.52,-1.1199951171875
2020-05-21,1.0982975959777832,99.37000274658203,0.17,0.68,-0.6610860130870044,0.8310860130870045,-0.03673192992341101,0.51,-1.0999984741210938
2020-05-22,1.0952903032302856,99.86000061035156,0.17,0.66,-0.6552363031244828,0.8252363031244828,-0.045273412197725404,0.49,-0.5400009155273438
2020-05-26,1.0902997255325317,98.91000366210938,0.18,0.69,-0.6171328118959343,0.7971328118959342,-0.07419169539322157,0.51,-0.7599945068359375
2020-05-27,1.0981770753860474,99.05999755859375,0.19,0.68,-0.6143435370732875,0.8043435370732874,-0.010609275837322074,0.49000000000000005,-0.31000518798828125
2020-05-28,1.1016855239868164,98.37999725341797,0.17,0.7,-0.6172633936910596,0.7872633936910597,-0.020255025472574628,0.5299999999999999,-0.7400054931640625
2020-05-29,1.1079105138778687,98.33999633789062,0.16,0.65,-0.6337230426563956,0.7937230426563956,-0.03736297043060888,0.49,-1.0300064086914062
2020-06-01,1.1118524074554443,97.83000183105469,0.14,0.66,-0.636926342500955,0.776926342500955,-0.04830996062352777,0.52,-2.029998779296875
2020-06-02,1.1125946044921875,97.66999816894531,0.17,0.68,-0.6513272615767693,0.8213272615767694,0.024194449680835173,0.51,-1.2400054931640625
2020-06-03,1.118943691253662,97.27999877929688,0.19,0.77,-0.6273690668711129,0.8173690668711129,0.013025529797825453,0.5800000000000001,-1.779998779296875
2020-06-04,1.1235954761505127,96.68000030517578,0.19,0.82,-0.6180316230037084,0.8080316230037083,0.020768229312648656,0.6299999999999999,-1.6999969482421875
2020-06-05,1.1337867975234985,96.94000244140625,0.22,0.91,-0.5984499871525037,0.8184499871525037,0.024726944496108128,0.6900000000000001,-1.399993896484375
2020-06-08,1.1319515705108643,96.62000274658203,0.22,0.88,-0.6128359099966412,0.8328359099966411,0.0559095674956861,0.66,-1.2099990844726562
2020-06-09,1.1305567026138306,96.31999969482422,0.2,0.84,-0.6151070036826876,0.8151070036826875,-0.006220257894081871,0.6399999999999999,-1.3499984741210938
2020-06-10,1.1332215070724487,95.95999908447266,0.17,0.75,-0.6147581696238213,0.7847581696238214,-0.03261089724729149,0.58,-1.3199996948242188
2020-06-11,1.1365444660186768,96.7300033569336,0.19,0.66,-0.6478117604524893,0.8378117604524893,0.02978013744878094,0.47000000000000003,0.0500030517578125
2020-06-12,1.1288082599639893,97.31999969482422,0.19,0.71,-0.6616308323007627,0.8516308323007626,0.03318084514825892,0.52,0.37999725341796875
2020-06-15,1.1252011060714722,96.68000030517578,0.19,0.71,-0.6664748502730378,0.8564748502730377,0.02363894027639657,0.52,0.05999755859375
2020-06-16,1.1337740421295166,96.95999908447266,0.21,0.75,-0.6501666319103525,0.8601666319103525,0.04505962822766496,0.54,0.6399993896484375
2020-06-17,1.1265701055526733,97.16000366210938,0.19,0.74,-0.6562934664673015,0.8462934664673014,0.061535296843480025,0.55,1.2000045776367188
2020-06-18,1.1242902278900146,97.41999816894531,0.19,0.71,-0.6602239852784004,0.8502239852784004,0.012412224825911089,0.52,0.6899948120117188
2020-06-19,1.1211000680923462,97.62000274658203,0.19,0.7,-0.6688961946656087,0.8588961946656086,0.007265362364845984,0.51,0.3000030517578125
2020-06-22,1.1177555322647095,97.04000091552734,0.19,0.71,-0.6903409395805253,0.8803409395805253,0.02386608930748757,0.52,0.3600006103515625
2020-06-23,1.1279679536819458,96.69000244140625,0.18,0.72,-0.6572914915588717,0.8372914915588716,-0.02287514035148086,0.54,-0.26999664306640625
2020-06-24,1.1312345266342163,97.1500015258789,0.19,0.69,-0.6553657173748944,0.8453657173748943,-0.0009277490924071152,0.49999999999999994,-0.01000213623046875
2020-06-25,1.1250872611999512,97.43000030517578,0.17,0.68,-0.6889523960585144,0.8589523960585145,0.008728410780114104,0.51,0.01000213623046875
2020-06-26,1.1222084760665894,97.5,0.17,0.64,-0.6960943723733961,0.8660943723733961,0.007198177707787523,0.47,-0.12000274658203125
2020-06-29,1.1225864887237549,97.54000091552734,0.16,0.64,-0.6934760210081872,0.8534760210081872,-0.02686491857233808,0.48,0.5
2020-06-30,1.1247202157974243,97.38999938964844,0.16,0.66,-0.6942297983987724,0.8542297983987724,0.01693830683990083,0.5,0.6999969482421875
2020-07-01,1.1235954761505127,97.19999694824219,0.17,0.69,-0.6584992734458543,0.8284992734458544,-0.01686644392903991,0.5199999999999999,0.04999542236328125
2020-07-02,1.1251378059387207,97.31999969482422,0.16,0.68,-0.6747187033441113,0.8347187033441114,-0.02423369271440312,0.52,-0.1100006103515625
2020-07-06,1.1247202157974243,96.79000091552734,0.16,0.69,-0.6779290664820081,0.8379290664820082,-0.028165305891387993,0.5299999999999999,-0.7099990844726562
2020-07-07,1.1312856674194336,96.87999725341797,0.16,0.65,-0.6731331202297737,0.8331331202297737,-0.020342900778413497,0.49,-0.660003662109375
2020-07-08,1.1275228261947632,96.43000030517578,0.16,0.67,-0.6728094094578125,0.8328094094578126,-0.021420388940959878,0.51,-0.9599990844726562
2020-07-09,1.1339154243469238,96.69999694824219,0.16,0.62,-0.6770666968528376,0.8370666968528376,0.008567423406983243,0.45999999999999996,-0.5
2020-07-10,1.1287955045700073,96.6500015258789,0.16,0.65,-0.6963104976438417,0.8563104976438417,0.02159179429973035,0.49,-0.6699981689453125
2020-07-13,1.1310042142868042,96.45999908447266,0.16,0.64,-0.6635464906987121,0.8235464906987121,-0.014382575783296048,0.48,-0.3300018310546875
2020-07-14,1.134549617767334,96.26000213623047,0.14,0.63,-0.6685730411318072,0.8085730411318072,-0.024560079097966536,0.49,-0.6199951171875
2020-07-15,1.1410704851150513,96.08000183105469,0.16,0.64,-0.671516638463522,0.8315166384635221,-0.001292770994290482,0.48,-0.34999847412109375
2020-07-16,1.1417193412780762,96.3499984741211,0.16,0.62,-0.675547954251309,0.835547954251309,-0.001518742601528622,0.45999999999999996,-0.34999847412109375
2020-07-17,1.139211654663086,95.94000244140625,0.14,0.64,-0.6759281047052594,0.8159281047052594,-0.04038239293858226,0.5,-0.7099990844726562
2020-07-20,1.1442956924438477,95.83000183105469,0.16,0.62,-0.6758834454521039,0.8358834454521039,0.012336954753391804,0.45999999999999996,-0.6299972534179688
2020-07-21,1.1458691358566284,95.12000274658203,0.14,0.61,-0.6694610728333728,0.8094610728333728,0.0008880317015655947,0.47,-1.1399993896484375
2020-07-22,1.15340256690979,94.97000122070312,0.14,0.6,-0.6975974188849956,0.8375974188849956,0.006080780421473531,0.45999999999999996,-1.1100006103515625
2020-07-23,1.1568717956542969,94.69000244140625,0.16,0.59,-0.6803464039477767,0.8403464039477767,0.004798449696467699,0.42999999999999994,-1.6599960327148438
2020-07-24,1.1596084833145142,94.44000244140625,0.14,0.59,-0.6668192375330984,0.8068192375330984,-0.009108867172161084,0.44999999999999996,-1.5
2020-07-27,1.1652567386627197,93.66999816894531,0.15,0.62,-0.6819841002242155,0.8319841002242155,-0.0038993452278883733,0.47,-2.160003662109375
2020-07-28,1.1769275665283203,93.76000213623047,0.14,0.59,-0.6986608397616418,0.8386608397616419,0.02919976692826909,0.44999999999999996,-1.3600006103515625
2020-07-29,1.171879529953003,93.26000213623047,0.12,0.58,-0.6936667462740904,0.8136667462740904,-0.0239306726109052,0.45999999999999996,-1.7099990844726562
2020-07-30,1.1782865524291992,93.0199966430664,0.11,0.55,-0.7141933390597379,0.8241933390597379,-0.016153064888038804,0.44000000000000006,-1.6700057983398438
2020-07-31,1.1872254610061646,93.48999786376953,0.11,0.55,-0.7097444067189911,0.8197444067189911,0.012925169185892704,0.44000000000000006,-0.9500045776367188
2020-08-03,1.1782310009002686,93.5,0.11,0.56,-0.7069000697945236,0.8169000697945236,-0.015084030429691975,0.45000000000000007,-0.1699981689453125
2020-08-04,1.1763322353363037,93.37999725341797,0.11,0.52,-0.7204382253910993,0.8304382253910992,-0.008222614370542614,0.41000000000000003,-0.3800048828125
2020-08-05,1.181544303894043,92.83000183105469,0.11,0.55,-0.7035286924436002,0.8135286924436002,-0.000138053830490259,0.44000000000000006,-0.43000030517578125
2020-08-06,1.187281847000122,92.79000091552734,0.11,0.55,-0.7086619960564051,0.8186619960564051,-0.0055313430033328,0.44000000000000006,-0.2299957275390625
2020-08-07,1.1876484155654907,93.44000244140625,0.13,0.57,-0.7023407019846868,0.8323407019846868,0.012596295265695723,0.43999999999999995,-0.04999542236328125
2020-08-10,1.1782727241516113,93.58000183105469,0.14,0.59,-0.7096670453421101,0.8496670453421101,0.03276697554758656,0.44999999999999996,0.0800018310546875
2020-08-11,1.1737778186798096,93.62999725341797,0.16,0.64,-0.6907066614492665,0.8507066614492665,0.020268436058167305,0.48,0.25
2020-08-12,1.1736538410186768,93.44000244140625,0.16,0.69,-0.6835634223700748,0.8435634223700749,0.030034729926474713,0.5299999999999999,0.6100006103515625
2020-08-13,1.179380178451538,93.33999633789062,0.16,0.71,-0.6557476684377557,0.8157476684377557,-0.002914327618649404,0.5499999999999999,0.5499954223632812
2020-08-14,1.1816558837890625,93.0999984741211,0.14,0.71,-0.6615559944976579,0.8015559944976579,-0.030784707487028884,0.57,-0.34000396728515625
2020-08-17,1.1852554082870483,92.8499984741211,0.14,0.69,-0.6700849628487395,0.8100849628487395,-0.039582082493370585,0.5499999999999999,-0.7300033569335938
2020-08-18,1.1876484155654907,92.2699966430664,0.14,0.67,-0.6764247452921381,0.8164247452921382,-0.03428191615712839,0.53,-1.3600006103515625
2020-08-19,1.1947859525680542,92.88999938964844,0.14,0.68,-0.6860944725252001,0.8260944725252001,-0.017468949844874793,0.54,-0.5500030517578125
2020-08-20,1.1843500137329102,92.79000091552734,0.13,0.65,-0.6949218318372963,0.8249218318372963,0.00917416339954058,0.52,-0.5499954223632812
2020-08-21,1.1873664855957031,93.25,0.16,0.64,-0.695657779501436,0.8556577795014361,0.05410178500377816,0.48,0.15000152587890625
2020-08-24,1.1798018217086792,93.30000305175781,0.14,0.65,-0.6886536875812794,0.8286536875812794,0.0185687247325399,0.51,0.45000457763671875
2020-08-25,1.1794538497924805,93.0199966430664,0.15,0.69,-0.6587081357356639,0.8087081357356639,-0.007716609556474241,0.5399999999999999,0.75
2020-08-26,1.183501958847046,93.01000213623047,0.16,0.69,-0.6536152799640225,0.8136152799640225,-0.012479192561177577,0.5299999999999999,0.12000274658203125
2020-08-27,1.1842728853225708,93.01000213623047,0.16,0.74,-0.6663003729000545,0.8263003729000545,0.001378541062758254,0.58,0.220001220703125
2020-08-28,1.1819632053375244,92.37000274658203,0.14,0.74,-0.6766281646341272,0.8166281646341272,-0.039029614867308826,0.6,-0.8799972534179688
2020-08-31,1.1918240785598755,92.13999938964844,0.14,0.72,-0.6632123237944327,0.8032123237944327,-0.025441363786846694,0.58,-1.160003662109375
2020-09-01,1.193901538848877,92.33999633789062,0.13,0.68,-0.6730447631906848,0.8030447631906849,-0.005663372544979062,0.55,-0.6800003051757812
2020-09-02,1.1923214197158813,92.8499984741211,0.14,0.66,-0.6908161699978574,0.8308161699978575,0.01720089003383496,0.52,-0.160003662109375
2020-09-03,1.184735894203186,92.73999786376953,0.13,0.63,-0.7023198837018443,0.8323198837018443,0.006019510801789751,0.5,-0.2700042724609375
2020-09-04,1.1839784383773804,92.72000122070312,0.14,0.72,-0.6971325409071865,0.8371325409071865,0.020504376273059233,0.58,0.34999847412109375
2020-09-08,1.1821727752685547,93.4800033569336,0.14,0.69,-0.7061839973069444,0.8461839973069444,0.04297167351251163,0.5499999999999999,1.3400039672851562
2020-09-09,1.177024483680725,93.26000213623047,0.14,0.71,-0.6883831453323834,0.8283831453323834,0.02533838214169859,0.57,0.9200057983398438
2020-09-10,1.1806375980377197,93.33999633789062,0.14,0.68,-0.6734190916740923,0.8134190916740923,-0.017397078323765136,0.54,0.48999786376953125
2020-09-11,1.1824384927749634,93.33000183105469,0.13,0.67,-0.6867271057710385,0.8167271057710385,-0.015592777930805823,0.54,0.5900039672851562
2020-09-14,1.1842728853225708,93.06999969482422,0.14,0.68,-0.6993147118871432,0.8393147118871432,0.0021821709799567657,0.54,0.34999847412109375
2020-09-15,1.187000036239624,93.05000305175781,0.14,0.68,-0.6893081639340832,0.8293081639340832,-0.016875833372861138,0.54,-0.43000030517578125
2020-09-16,1.1844412088394165,93.20999908447266,0.14,0.69,-0.6925687769256501,0.8325687769256501,0.004185631593266681,0.5499999999999999,-0.0500030517578125
2020-09-17,1.1803449392318726,92.97000122070312,0.13,0.69,-0.6950089271802438,0.8250089271802438,0.011589835506151447,0.5599999999999999,-0.3699951171875
2020-09-18,1.1848200559616089,92.93000030517578,0.14,0.7,-0.697591278074245,0.837591278074245,0.020864172303206585,0.5599999999999999,-0.40000152587890625
2020-09-21,1.1845533847808838,93.54000091552734,0.14,0.68,-0.7156354765967787,0.8556354765967787,0.016320764709635505,0.54,0.470001220703125
2020-09-22,1.176800012588501,93.98999786376953,0.13,0.68,-0.7070263420946312,0.8370263420946312,0.007718178160547984,0.55,0.9399948120117188
2020-09-23,1.1708368062973022,94.38999938964844,0.14,0.68,-0.7063736602813764,0.8463736602813764,0.013804883355726272,0.54,1.1800003051757812
2020-09-24,1.1658544540405273,94.3499984741211,0.14,0.67,-0.7115182035786951,0.8515182035786951,0.026509276398451354,0.53,1.3799972534179688
2020-09-25,1.1673243045806885,94.58000183105469,0.12,0.66,-0.7067599440102943,0.8267599440102943,-0.01083133406395076,0.54,1.6500015258789062
2020-09-28,1.1635348796844482,94.26000213623047,0.14,0.67,-0.696150785703308,0.836150785703308,-0.019484690893470713,0.53,0.720001220703125
2020-09-29,1.167883276939392,93.88999938964844,0.11,0.66,-0.690446026952444,0.8004460269524439,-0.03658031514218729,0.55,-0.09999847412109375
2020-09-30,1.1742050647735596,93.88999938964844,0.13,0.69,-0.6921246168744761,0.8221246168744761,-0.02424904340690026,0.5599999999999999,-0.5
2020-10-01,1.1726078987121582,93.70999908447266,0.14,0.68,-0.6887157551400662,0.8287157551400662,-0.022802448438628886,0.54,-0.6399993896484375
2020-10-02,1.1744946241378784,93.83999633789062,0.13,0.7,-0.7067746747247261,0.8367746747247261,0.010014730714431819,0.57,-0.7400054931640625
2020-10-05,1.1720443964004517,93.51000213623047,0.14,0.78,-0.7054195357254387,0.8454195357254387,0.009268750022130678,0.64,-0.75
2020-10-06,1.1792453527450562,93.83000183105469,0.14,0.76,-0.7100388401972095,0.8500388401972095,0.04959281324476561,0.62,-0.05999755859375
2020-10-07,1.1737639904022217,93.62999725341797,0.16,0.81,-0.7019875406924472,0.8619875406924472,0.039862923817971074,0.65,-0.26000213623046875
2020-10-08,1.176747441291809,93.61000061035156,0.13,0.78,-0.7107742524282807,0.8407742524282807,0.01205849728821451,0.65,-0.09999847412109375
2020-10-09,1.1767003536224365,93.05999755859375,0.16,0.79,-0.7302197510565054,0.8902197510565054,0.053445076331779306,0.63,-0.779998779296875
2020-10-13,1.1816140413284302,93.52999877929688,0.16,0.74,-0.743718257612342,0.903718257612342,0.058298721886903326,0.58,0.01999664306640625
2020-10-14,1.1742188930511475,93.37999725341797,0.14,0.73,-0.751626703919682,0.891626703919682,0.04158786372247247,0.59,-0.45000457763671875
2020-10-15,1.1743981838226318,93.86000061035156,0.14,0.74,-0.773528045369551,0.913528045369551,0.051540504677103804,0.6,0.23000335693359375
2020-10-16,1.1707134246826172,93.68000030517578,0.14,0.76,-0.7803508864852851,0.9203508864852851,0.07957663405700433,0.62,0.06999969482421875
2020-10-19,1.1715501546859741,93.43000030517578,0.16,0.78,-0.7825839639081602,0.9425839639081602,0.05236421285165482,0.62,0.37000274658203125
2020-10-20,1.176885962486267,93.06999969482422,0.14,0.81,-0.7850874671091104,0.9250874671091104,0.02136920949676835,0.67,-0.45999908447265625
2020-10-21,1.1829839944839478,92.61000061035156,0.14,0.83,-0.7758851605865535,0.9158851605865536,0.024258456666871542,0.69,-0.7699966430664062
2020-10-22,1.1853959560394287,92.94999694824219,0.16,0.87,-0.7756552065739117,0.9356552065739118,0.022127161204360757,0.71,-0.910003662109375
2020-10-23,1.1815024614334106,92.7699966430664,0.18,0.85,-0.7601686577485949,0.9401686577485948,0.019817771263309747,0.6699999999999999,-0.910003662109375
2020-10-26,1.1848480701446533,93.05000305175781,0.16,0.81,-0.7567698810945278,0.9167698810945278,-0.0258140828136324,0.65,-0.37999725341796875
2020-10-27,1.1809443235397339,92.94000244140625,0.16,0.79,-0.7708681554496883,0.9308681554496884,0.0057806883405779885,0.63,-0.12999725341796875
2020-10-28,1.1784114837646484,93.41000366210938,0.16,0.79,-0.7943203358755464,0.9543203358755464,0.03843517528899287,0.63,0.8000030517578125
2020-10-29,1.1748672723770142,93.95999908447266,0.16,0.85,-0.80504037784128,0.96504037784128,0.029385171267368282,0.69,1.0100021362304688
2020-10-30,1.1678695678710938,94.04000091552734,0.14,0.88,-0.8008034978971357,0.9408034978971357,0.0006348401485408717,0.74,1.2700042724609375
2020-11-02,1.1642121076583862,94.05000305175781,0.16,0.87,-0.8054736234685094,0.9654736234685094,0.04870374237398156,0.71,1.0
2020-11-03,1.1642799377441406,93.55000305175781,0.17,0.9,-0.7994413028228724,0.9694413028228724,0.03857314737318407,0.73,0.6100006103515625
2020-11-04,1.176221489906311,93.41000366210938,0.14,0.78,-0.8057136727021157,0.9457136727021157,-0.008606663173430729,0.64,0.0
2020-11-05,1.17326819896698,92.52999877929688,0.14,0.79,-0.7930464989380024,0.9330464989380024,-0.03199387890327765,0.65,-1.4300003051757812
2020-11-06,1.1817537546157837,92.2300033569336,0.16,0.83,-0.7880797655559721,0.9480797655559722,0.007276267658836488,0.6699999999999999,-1.80999755859375
2020-11-09,1.1893010139465332,92.7300033569336,0.17,0.96,-0.7465241242931913,0.9165241242931913,-0.0489494991753181,0.7899999999999999,-1.3199996948242188
2020-11-10,1.182732105255127,92.75,0.19,0.98,-0.7300985466098062,0.9200985466098062,-0.049342756213066274,0.79,-0.8000030517578125
2020-11-12,1.1780297756195068,92.95999908447266,0.17,0.88,-0.7372659569746034,0.9072659569746034,-0.038447715727512266,0.71,-0.45000457763671875
2020-11-13,1.1803393363952637,92.76000213623047,0.17,0.89,-0.749401561496517,0.9194015614965171,-0.013644937441485316,0.72,0.23000335693359375
2020-11-16,1.1845253705978394,92.56999969482422,0.19,0.91,-0.7474879750544052,0.9374879750544052,-0.010591790501567,0.72,0.339996337890625
2020-11-17,1.1859441995620728,92.41999816894531,0.18,0.87,-0.7423284693877119,0.9223284693877118,0.005804345094520547,0.69,-0.31000518798828125
2020-11-18,1.186366319656372,92.31999969482422,0.16,0.88,-0.7440414497289098,0.9040414497289099,-0.016057096880896293,0.72,-0.43000030517578125
2020-11-19,1.1847639083862305,92.29000091552734,0.18,0.86,-0.7444025300446278,0.9244025300446277,0.017136573070024252,0.6799999999999999,-0.6699981689453125
2020-11-20,1.1866477727890015,92.38999938964844,0.16,0.83,-0.7596681481204786,0.9196681481204786,0.0002665866239615067,0.6699999999999999,-0.37000274658203125
2020-11-23,1.1866477727890015,92.51000213623047,0.16,0.86,-0.7626826268025471,0.9226826268025471,-0.014805348251858086,0.7,-0.05999755859375
2020-11-24,1.1842728853225708,92.2300033569336,0.16,0.88,-0.7645298227871775,0.9245298227871775,0.0022013533994656997,0.72,-0.18999481201171875
2020-11-25,1.1900511980056763,91.98999786376953,0.17,0.88,-0.7596652389051024,0.9296652389051024,0.02562378917619257,0.71,-0.3300018310546875
2020-11-27,1.191599726676941,91.79000091552734,0.16,0.84,-0.7617949438589022,0.9217949438589023,-0.00260758618572543,0.6799999999999999,-0.5
2020-11-30,1.1971460580825806,91.87000274658203,0.16,0.84,-0.7521799828321072,0.9121799828321072,-0.007488165288371373,0.6799999999999999,-0.5199966430664062
2020-12-01,1.193816065788269,91.30999755859375,0.17,0.92,-0.7370835011639971,0.9070835011639972,-0.015599125638549927,0.75,-1.2000045776367188
2020-12-02,1.2074378728866577,91.12000274658203,0.16,0.95,-0.7320714788885962,0.8920714788885963,-0.032458343898581266,0.7899999999999999,-1.1100006103515625
2020-12-03,1.2114603519439697,90.70999908447266,0.16,0.92,-0.7488252382529592,0.9088252382529592,-0.020840000652143198,0.76,-1.279998779296875
2020-12-04,1.2145650386810303,90.69999694824219,0.16,0.97,-0.757104528119632,0.9171045281196321,-0.004690415739270204,0.8099999999999999,-1.0900039672851562
2020-12-07,1.212135910987854,90.79000091552734,0.14,0.94,-0.7768755045591593,0.9168755045591593,0.004695521727052121,0.7999999999999999,-1.0800018310546875
2020-12-08,1.2113136053085327,90.97000122070312,0.14,0.92,-0.7883969369893653,0.9283969369893653,0.021313435825368154,0.78,-0.339996337890625
2020-12-09,1.2110936641693115,91.08999633789062,0.16,0.95,-0.7931897989571532,0.9531897989571533,0.061118320068557,0.7899999999999999,-0.03000640869140625
2020-12-10,1.207875370979309,90.79000091552734,0.14,0.92,-0.7888186029013537,0.9288186029013538,0.019993364648394518,0.78,0.0800018310546875
2020-12-11,1.2144293785095215,90.9800033569336,0.11,0.9,-0.8057528242707397,0.9157528242707397,-0.0013517038488923827,0.79,0.28000640869140625
2020-12-14,1.213340401649475,90.70999908447266,0.13,0.9,-0.7899959302693511,0.9199959302693511,0.0031204257101917765,0.77,-0.0800018310546875
2020-12-15,1.214889645576477,90.47000122070312,0.11,0.92,-0.7899227791623034,0.8999227791623033,-0.028474157827061974,0.81,-0.5
2020-12-16,1.2154301404953003,90.44999694824219,0.13,0.92,-0.7588096560766533,0.8888096560766533,-0.06438014288049998,0.79,-0.6399993896484375
2020-12-17,1.2199585437774658,89.81999969482422,0.13,0.94,-0.7666777777195573,0.8966777777195573,-0.032140825181796506,0.8099999999999999,-0.970001220703125
2020-12-18,1.226271629333496,90.0199966430664,0.13,0.95,-0.7578680392703783,0.8878680392703783,-0.0278847850003614,0.82,-0.9600067138671875
2020-12-21,1.221612811088562,90.04000091552734,0.13,0.95,-0.767790808723678,0.897790808723678,-0.022205121545673112,0.82,-0.6699981689453125
2020-12-22,1.2236906290054321,90.6500015258789,0.13,0.93,-0.7651329987554898,0.8951329987554898,-0.0047897804068135486,0.8,0.18000030517578125
2020-12-23,1.2186651229858398,90.41000366210938,0.13,0.96,-0.7451138523536369,0.8751138523536369,-0.013695803723016375,0.83,-0.0399932861328125
2020-12-28,1.2205095291137695,90.33999633789062,0.13,0.94,-0.7607145936435282,0.8907145936435282,-0.005963184076029027,0.8099999999999999,0.5199966430664062
2020-12-29,1.2223445177078247,90.01000213623047,0.12,0.94,-0.7662432882365278,0.8862432882365278,-0.0016247510338505133,0.82,-0.0099945068359375
2020-12-30,1.225295066833496,89.62999725341797,0.12,0.93,-0.7668552891848657,0.8868552891848657,-0.010935519538812333,0.81,-0.410003662109375
2021-01-04,1.2250697612762451,89.87999725341797,0.11,0.93,-0.7422394441399152,0.8522394441399151,-0.04289355461557465,0.8200000000000001,-0.7700042724609375
2021-01-05,1.2251598834991455,89.44000244140625,0.13,0.96,-0.7456423623157782,0.8756423623157782,0.0005285099621412659,0.83,-0.970001220703125
2021-01-06,1.230027437210083,89.52999877929688,0.14,1.04,-0.7348771089019743,0.8748771089019743,-0.015837484741553887,0.9,-0.80999755859375
2021-01-07,1.2341108322143555,89.83000183105469,0.14,1.08,-0.7427578696020181,0.8827578696020181,-0.003485418634509685,0.9400000000000001,-0.18000030517578125
2021-01-08,1.227144479751587,90.0999984741211,0.14,1.13,-0.7455574290583582,0.8855574290583582,-0.0012978601265074552,0.9899999999999999,0.470001220703125
2021-01-11,1.2186205387115479,90.54000091552734,0.14,1.15,-0.7329546122070121,0.8729546122070121,0.020715168067096945,1.0099999999999998,0.660003662109375
2021-01-12,1.2160701751708984,90.05000305175781,0.14,1.15,-0.7233943040983397,0.8633943040983397,-0.012248058217438462,1.0099999999999998,0.6100006103515625
2021-01-13,1.2208894491195679,90.31999969482422,0.14,1.1,-0.7308742014281062,0.8708742014281062,-0.004002907473868111,0.9600000000000001,0.7900009155273438
2021-01-14,1.2162491083145142,90.23999786376953,0.16,1.15,-0.7526998030332808,0.9126998030332808,0.029941933431262724,0.9899999999999999,0.40999603271484375
2021-01-15,1.2151259183883667,90.77999877929688,0.13,1.11,-0.7446876313381345,0.8746876313381345,-0.010869797720223673,0.9800000000000001,0.6800003051757812
2021-01-19,1.207729458808899,90.5,0.14,1.1,-0.7319806833671101,0.8719806833671101,-0.0009739288399019941,0.9600000000000001,-0.04000091552734375
2021-01-20,1.2138868570327759,90.47000122070312,0.13,1.1,-0.7353937463970546,0.8653937463970546,0.0019994422987148486,0.9700000000000001,0.4199981689453125
2021-01-21,1.2115631103515625,90.12999725341797,0.13,1.12,-0.7264983768377415,0.8564983768377415,-0.014375824590364683,0.9900000000000001,-0.19000244140625
2021-01-22,1.2166293859481812,90.23999786376953,0.13,1.1,-0.7322325991152114,0.8622325991152114,-0.05046720391806936,0.9700000000000001,0.0
2021-01-25,1.216944694519043,90.38999938964844,0.13,1.05,-0.7473031319762802,0.8773031319762802,0.0026155006381456403,0.92,-0.3899993896484375
2021-01-26,1.214624047279358,90.16999816894531,0.11,1.05,-0.7483315433446636,0.8583315433446636,-0.013649140022446549,0.9400000000000001,-0.3300018310546875
2021-01-27,1.216299295425415,90.6500015258789,0.12,1.04,-0.7587020519042351,0.8787020519042351,0.01330830550718054,0.92,0.18000030517578125
2021-01-28,1.2105072736740112,90.45999908447266,0.12,1.07,-0.7606500372131193,0.8806500372131193,0.024151660375377748,0.9500000000000001,0.3300018310546875
2021-01-29,1.2120037078857422,90.58000183105469,0.11,1.11,-0.7531842013786023,0.8631842013786023,0.0009516022633908605,1.0,0.34000396728515625
2021-02-01,1.2123857736587524,91.0199966430664,0.11,1.09,-0.7442385932230553,0.8542385932230553,-0.023064538753224895,0.9800000000000001,0.6299972534179688
2021-02-02,1.2068694829940796,91.19999694824219,0.11,1.12,-0.7348878390152893,0.8448878390152893,-0.01344370432937425,1.01,1.029998779296875
2021-02-03,1.203905463218689,91.12000274658203,0.11,1.15,-0.7293314927043273,0.8393314927043273,-0.03937055919990784,1.0399999999999998,0.470001220703125
2021-02-04,1.2042388916015625,91.52999877929688,0.11,1.15,-0.7218316035840808,0.8318316035840808,-0.04881843362903848,1.0399999999999998,1.0699996948242188
2021-02-05,1.1966731548309326,91.04000091552734,0.09,1.19,-0.7257777707833111,0.815777770783311,-0.04740643059529126,1.0999999999999999,0.45999908447265625
2021-02-08,1.2048773765563965,90.93000030517578,0.11,1.19,-0.7232050986792229,0.8332050986792229,-0.02103349454383241,1.0799999999999998,-0.089996337890625
2021-02-09,1.2053595781326294,90.44000244140625,0.11,1.18,-0.7249517101563305,0.8349517101563305,-0.009936128858958782,1.0699999999999998,-0.7599945068359375
2021-02-10,1.2119992971420288,90.37000274658203,0.11,1.15,-0.7294806093539137,0.8394806093539137,0.00014911664958638937,1.0399999999999998,-0.75
2021-02-11,1.2121212482452393,90.41999816894531,0.11,1.16,-0.7388284026215386,0.8488284026215386,0.016996799037457766,1.0499999999999998,-1.1100006103515625
2021-02-12,1.2131506204605103,90.4800033569336,0.11,1.2,-0.7272253572387539,0.8372253572387539,0.02144758645544287,1.0899999999999999,-0.55999755859375
2021-02-16,1.2132196426391602,90.51000213623047,0.13,1.3,-0.7135362140709551,0.8435362140709551,0.01033111539173226,1.17,-0.4199981689453125
2021-02-17,1.2092483043670654,90.94999694824219,0.11,1.29,-0.710528011852297,0.820528011852297,-0.014423698304033561,1.18,0.5099945068359375
2021-02-18,1.2048004865646362,90.58999633789062,0.11,1.29,-0.6969385365043188,0.8069385365043188,-0.03254207284959487,1.18,0.21999359130859375
2021-02-19,1.209189772605896,90.36000061035156,0.11,1.34,-0.6998427108397194,0.8098427108397194,-0.03898569178181921,1.23,-0.05999755859375
2021-02-22,1.2126356363296509,90.01000213623047,0.11,1.37,-0.7052711762255905,0.8152711762255905,-0.021954181013163376,1.26,-0.470001220703125
2021-02-23,1.2166796922683716,90.16999816894531,0.11,1.37,-0.6987419029727815,0.8087419029727815,-0.03479431109817366,1.26,-0.34000396728515625
2021-02-24,1.215214490890503,90.18000030517578,0.12,1.38,-0.694219232187862,0.814219232187862,-0.006308779664434994,1.2599999999999998,-0.7699966430664062
2021-02-25,1.2171372175216675,90.12999725341797,0.17,1.54,-0.6687169702088356,0.8387169702088356,0.03177843370451683,1.37,-0.45999908447265625
2021-02-26,1.2160420417785645,90.93000030517578,0.14,1.44,-0.6666728489905649,0.8066728489905649,-0.003169861849154465,1.2999999999999998,0.5699996948242188
2021-03-01,1.208956003189087,91.04000091552734,0.13,1.45,-0.7057485428150709,0.8357485428150709,0.020477366589480406,1.3199999999999998,1.029998779296875
2021-03-02,1.2051095962524414,90.79000091552734,0.13,1.42,-0.7048713615158655,0.8348713615158655,0.026129458543084016,1.29,0.6200027465820312
2021-03-03,1.208546757698059,90.94999694824219,0.14,1.47,-0.7006932664966667,0.8406932664966668,0.026474034308804795,1.33,0.7699966430664062
2021-03-04,1.2050660848617554,91.62999725341797,0.14,1.54,-0.706431353310335,0.846431353310335,0.007714383101499411,1.4,1.5
2021-03-05,1.1967735290527344,91.9800033569336,0.14,1.56,-0.699934851527928,0.839934851527928,0.03326200253736311,1.42,1.0500030517578125
2021-03-08,1.1925631761550903,92.30999755859375,0.17,1.59,-0.695112845113318,0.865112845113318,0.029364302298247047,1.4200000000000002,1.2699966430664062
2021-03-09,1.185171127319336,91.95999908447266,0.17,1.55,-0.7030933783724569,0.8730933783724569,0.038222016856591434,1.3800000000000001,1.1699981689453125
2021-03-10,1.1897906064987183,91.79000091552734,0.16,1.53,-0.6946252913217204,0.8546252913217204,0.013932024825053624,1.37,0.8400039672851562
2021-03-11,1.1926058530807495,91.41999816894531,0.14,1.54,-0.7061148334143348,0.8461148334143348,-0.00031651989600023356,1.4,-0.20999908447265625
2021-03-12,1.1986095905303955,91.68000030517578,0.14,1.64,-0.69881274728571,0.83881274728571,-0.001122104242218036,1.5,-0.3000030517578125
2021-03-15,1.1950000524520874,91.83000183105469,0.14,1.62,-0.7107793190902008,0.8507793190902008,-0.014333526023117216,1.48,-0.4799957275390625
2021-03-16,1.1925773620605469,91.87000274658203,0.15,1.62,-0.7188370507015471,0.8688370507015472,-0.004256327670909776,1.4700000000000002,-0.089996337890625
2021-03-17,1.190164566040039,91.4000015258789,0.13,1.63,-0.7114903339865102,0.8414903339865102,-0.013134957335210196,1.5,-0.3899993896484375
2021-03-18,1.1982792615890503,91.8499984741211,0.16,1.71,-0.7061214287039854,0.8661214287039855,0.020006595289650653,1.55,0.43000030517578125
2021-03-19,1.1918240785598755,91.91999816894531,0.16,1.74,-0.7192259415197968,0.8792259415197968,0.04041319423408685,1.58,0.23999786376953125
2021-03-22,1.1883116960525513,91.80000305175781,0.15,1.69,-0.7285539909807512,0.8785539909807513,0.027774671890550495,1.54,-0.029998779296875
2021-03-23,1.193303108215332,92.33999633789062,0.15,1.63,-0.7361175091270953,0.8861175091270953,0.01728045842554815,1.48,0.46999359130859375
2021-03-24,1.1840205192565918,92.52999877929688,0.14,1.62,-0.7380452675540978,0.8780452675540978,0.036554933567587655,1.48,1.1299972534179688
2021-03-25,1.1813069581985474,92.87999725341797,0.14,1.63,-0.7475971077974899,0.8875971077974899,0.02147567909350445,1.4899999999999998,1.029998779296875
2021-03-26,1.1776621341705322,92.7699966430664,0.14,1.67,-0.7446467063569162,0.8846467063569162,0.005420764837119396,1.5299999999999998,0.8499984741210938
2021-03-29,1.1788004636764526,92.94000244140625,0.14,1.73,-0.7419210841683452,0.8819210841683452,0.0033670931875939836,1.5899999999999999,1.1399993896484375
2021-03-30,1.177100658416748,93.30000305175781,0.16,1.73,-0.7116457151088644,0.8716457151088645,-0.014471794018230844,1.57,0.9600067138671875
2021-03-31,1.1723604202270508,93.2300033569336,0.16,1.74,-0.7218383025045352,0.8818383025045352,0.0037930349504373684,1.58,0.7000045776367188
2021-04-01,1.1728830337524414,92.93000030517578,0.17,1.69,-0.7351040088646468,0.9051040088646468,0.01750690106715691,1.52,0.0500030517578125
2021-04-06,1.1818934679031372,92.33999633789062,0.16,1.67,-0.7295479763020196,0.8895479763020196,0.004901269945103426,1.51,-0.43000030517578125
2021-04-07,1.1874228715896606,92.45999908447266,0.16,1.68,-0.7359563137227567,0.8959563137227567,0.014035229554411499,1.52,-0.48000335693359375
2021-04-08,1.1873664855957031,92.05999755859375,0.14,1.64,-0.7441287853895631,0.8841287853895631,0.012483070280698616,1.5,-1.2400054931640625
2021-04-09,1.1915684938430786,92.16000366210938,0.16,1.67,-0.7230008683670881,0.8830008683670881,0.0011625658625529223,1.51,-1.0699996948242188
2021-04-12,1.1900511980056763,92.13999938964844,0.18,1.69,-0.7285855777413879,0.9085855777413878,0.0034815688767410036,1.51,-0.7900009155273438
2021-04-13,1.1914690732955933,91.8499984741211,0.16,1.64,-0.7280082829898502,0.8880082829898502,-0.00153969331216941,1.48,-0.48999786376953125
2021-04-14,1.1954143047332764,91.69000244140625,0.16,1.64,-0.723509506194471,0.883509506194471,-0.012446807528285753,1.48,-0.7699966430664062
2021-04-15,1.1986095905303955,91.66999816894531,0.16,1.56,-0.7237446225488942,0.8837446225488942,-0.00038416284066888906,1.4000000000000001,-0.3899993896484375
2021-04-16,1.1971746683120728,91.55999755859375,0.16,1.59,-0.7244369445405097,0.8844369445405097,0.0014360761734215632,1.4300000000000002,-0.600006103515625
2021-04-19,1.1969454288482666,91.06999969482422,0.16,1.61,-0.702425126686308,0.862425126686308,-0.04616045105507982,1.4500000000000002,-1.0699996948242188
2021-04-20,1.204529047012329,91.23999786376953,0.15,1.58,-0.7089520307639328,0.8589520307639328,-0.029056252225917456,1.4300000000000002,-0.6100006103515625
2021-04-21,1.2032392024993896,91.16000366210938,0.15,1.57,-0.7188459139666592,0.8688459139666592,-0.014663592227811773,1.4200000000000002,-0.529998779296875
2021-04-22,1.2037750482559204,91.33000183105469,0.16,1.57,-0.7174951081828183,0.8774951081828183,-0.006249514366075903,1.4100000000000001,-0.339996337890625
2021-04-23,1.2014753818511963,90.86000061035156,0.16,1.58,-0.7161519393624745,0.8761519393624745,-0.00828500517803521,1.4200000000000002,-0.6999969482421875
2021-04-26,1.2089852094650269,90.80999755859375,0.18,1.58,-0.7144762985788389,0.8944762985788388,0.032051171892530816,1.4000000000000001,-0.26000213623046875
2021-04-27,1.2081671953201294,90.91000366210938,0.17,1.63,-0.7143457268612363,0.8843457268612364,0.025393696097303575,1.46,-0.32999420166015625
2021-04-28,1.2090305089950562,90.61000061035156,0.17,1.63,-0.710662420411257,0.8806624204112571,0.011816506444597863,1.46,-0.5500030517578125
2021-04-29,1.213592290878296,90.61000061035156,0.16,1.65,-0.6957146059585582,0.8557146059585582,-0.02178050222426009,1.49,-0.720001220703125
2021-04-30,1.2127091884613037,91.27999877929688,0.16,1.65,-0.7046917694532093,0.8646917694532094,-0.011460169909265128,1.49,0.4199981689453125
2021-05-03,1.2027760744094849,90.94999694824219,0.16,1.63,-0.703688586478338,0.863688586478338,-0.030787712100500797,1.47,0.1399993896484375
2021-05-04,1.2061271667480469,91.29000091552734,0.16,1.61,-0.7157312980522623,0.8757312980522624,-0.008614428808974006,1.4500000000000002,0.37999725341796875
2021-05-05,1.2015043497085571,91.30999755859375,0.16,1.59,-0.7148311349423206,0.8748311349423207,-0.005831285468936409,1.4300000000000002,0.6999969482421875
2021-05-06,1.2007973194122314,90.94999694824219,0.16,1.58,-0.717496654021955,0.877496654021955,0.021782048063396786,1.4200000000000002,0.339996337890625
2021-05-07,1.2068549394607544,90.2300033569336,0.14,1.6,-0.7124529378611264,0.8524529378611264,-0.012238831592082944,1.46,-1.0499954223632812
2021-05-10,1.2171076536178589,90.20999908447266,0.16,1.63,-0.7103027281080596,0.8703027281080596,0.006614141629721626,1.47,-0.7399978637695312
2021-05-11,1.2140932083129883,90.13999938964844,0.16,1.64,-0.6947408312320396,0.8547408312320396,-0.020990466820222764,1.48,-1.1500015258789062
2021-05-12,1.2144500017166138,90.70999908447266,0.16,1.69,-0.6811335779388028,0.8411335779388028,-0.03369755700351784,1.53,-0.5999984741210938
2021-05-13,1.2078505754470825,90.75,0.16,1.66,-0.6783972290018521,0.8383972290018521,-0.039099425020102885,1.5,-0.1999969482421875
2021-05-14,1.207729458808899,90.31999969482422,0.16,1.63,-0.675530282453942,0.835530282453942,-0.016922655407184406,1.47,0.089996337890625
2021-05-17,1.2150373458862305,90.22000122070312,0.16,1.64,-0.6716553080918322,0.8316553080918322,-0.03864742001622745,1.48,0.01000213623046875
2021-05-18,1.2156872749328613,89.75,0.16,1.64,-0.6738621824869879,0.833862182486988,-0.02087864874505163,1.48,-0.3899993896484375
2021-05-19,1.2223997116088867,90.19000244140625,0.16,1.68,-0.6773940143272392,0.8373940143272393,-0.003739563611563579,1.52,-0.5199966430664062
2021-05-20,1.217285394668579,89.80999755859375,0.15,1.63,-0.6697850970383399,0.8197850970383399,-0.01861213196351219,1.48,-0.94000244140625
2021-05-21,1.222538709640503,90.0199966430664,0.17,1.63,-0.6812941980176412,0.8512941980176413,0.01576391556369927,1.46,-0.3000030517578125
2021-05-24,1.2183235883712769,89.83000183105469,0.15,1.61,-0.678837356995694,0.828837356995694,-0.002817951096138138,1.4600000000000002,-0.3899993896484375
2021-05-25,1.2214635610580444,89.63999938964844,0.15,1.56,-0.6912817136223088,0.8412817136223089,0.0074195311353209,1.4100000000000001,-0.1100006103515625
2021-05-26,1.2249093055725098,90.04000091552734,0.14,1.58,-0.702084447086821,0.8420844470868211,0.0046904327595818085,1.44,-0.15000152587890625
2021-05-27,1.21925950050354,89.97000122070312,0.14,1.61,-0.6939145552232271,0.8339145552232271,0.0141294581848872,1.4700000000000002,0.160003662109375
2021-05-28,1.2193188667297363,90.02999877929688,0.14,1.58,-0.698541340121489,0.8385413401214891,-0.012752857896152214,1.44,0.01000213623046875
2021-06-01,1.223286509513855,89.83000183105469,0.16,1.62,-0.6958247265916453,0.8558247265916453,0.02698736959595127,1.4600000000000002,0.0
2021-06-02,1.2217769622802734,89.9000015258789,0.13,1.59,-0.704789031314917,0.834789031314917,-0.006492682307391862,1.46,0.26000213623046875
2021-06-03,1.220986247062683,90.5,0.16,1.63,-0.7046650890332393,0.8646650890332394,0.02258064194641829,1.47,0.45999908447265625
2021-06-04,1.2133007049560547,90.13999938964844,0.14,1.56,-0.7121918928032871,0.8521918928032871,0.018277337580060005,1.42,0.1699981689453125
2021-06-07,1.2168411016464233,89.94999694824219,0.16,1.57,-0.7077222363758577,0.8677222363758578,0.029180896254368704,1.4100000000000001,-0.0800018310546875
2021-06-08,1.2193634510040283,90.08000183105469,0.14,1.53,-0.7088261248071954,0.8488261248071954,-0.006998601784449887,1.3900000000000001,0.25
2021-06-09,1.217285394668579,90.12000274658203,0.16,1.5,-0.7259153206945892,0.8859153206945892,0.05112628937967223,1.34,0.220001220703125
2021-06-10,1.218200445175171,90.08000183105469,0.14,1.45,-0.7213565619919637,0.8613565619919638,-0.0033085270412755996,1.31,-0.4199981689453125
2021-06-11,1.2172558307647705,90.55999755859375,0.16,1.47,-0.7254201057063727,0.8854201057063728,0.03322821290308564,1.31,0.4199981689453125
2021-06-14,1.2110203504562378,90.5199966430664,0.16,1.51,-0.719710533902524,0.8797105339025241,0.011988297526666303,1.35,0.5699996948242188
2021-06-15,1.212224006652832,90.54000091552734,0.16,1.51,-0.7144775363760896,0.8744775363760896,0.025651411568894167,1.35,0.45999908447265625
2021-06-16,1.2127091884613037,91.12999725341797,0.21,1.57,-0.7169604049320211,0.926960404932021,0.041045084237431806,1.36,1.0099945068359375
2021-06-17,1.1995586156845093,91.88999938964844,0.23,1.52,-0.7071526445436853,0.9371526445436853,0.07579608255172154,1.29,1.80999755859375
2021-06-18,1.1913414001464844,92.2300033569336,0.26,1.45,-0.704005557819039,0.964005557819039,0.07858545211266621,1.19,1.6700057983398438
2021-06-21,1.1873664855957031,91.86000061035156,0.27,1.5,-0.6882652226017199,0.9582652226017199,0.0785546886991958,1.23,1.3400039672851562
2021-06-22,1.1912561655044556,91.7300033569336,0.25,1.48,-0.6916945045152081,0.9416945045152081,0.06721696813911848,1.23,1.19000244140625
2021-06-23,1.1936734914779663,91.80000305175781,0.26,1.5,-0.6963474035699209,0.9563474035699209,0.02938699863789984,1.24,0.6700057983398438
2021-06-24,1.1933174133300781,91.81999969482422,0.26,1.49,-0.6975785065062854,0.9575785065062854,0.0204258619626001,1.23,-0.06999969482421875
2021-06-25,1.1930327415466309,91.80999755859375,0.28,1.54,-0.6903543421324105,0.9703543421324106,0.006348784313371603,1.26,-0.42000579833984375
2021-06-28,1.1942152976989746,91.87999725341797,0.25,1.49,-0.6926208447854767,0.9426208447854767,-0.01564437781624317,1.24,0.01999664306640625
2021-06-29,1.1928904056549072,92.05000305175781,0.27,1.49,-0.6915549458226322,0.9615549458226322,0.019860441307424148,1.22,0.31999969482421875
2021-06-30,1.1901928186416626,92.44000244140625,0.25,1.45,-0.6975142228883702,0.9475142228883702,-0.0088331806815507,1.2,0.6399993896484375
2021-07-01,1.1856770515441895,92.5999984741211,0.25,1.48,-0.7051665737873147,0.9551665737873147,-0.0024119327189706663,1.23,0.779998779296875
2021-07-02,1.1846235990524292,92.2300033569336,0.24,1.44,-0.7118871514456897,0.9518871514456897,-0.01846719068672087,1.2,0.42000579833984375
2021-07-06,1.186380386352539,92.55000305175781,0.22,1.37,-0.7150367268257831,0.9350367268257831,-0.007584117959693604,1.1500000000000001,0.6700057983398438
2021-07-07,1.1824523210525513,92.63999938964844,0.22,1.33,-0.7246165740793096,0.9446165740793095,-0.01693837174332269,1.11,0.589996337890625
2021-07-08,1.17933988571167,92.36000061035156,0.19,1.3,-0.7311877311064714,0.9211877311064713,-0.02632649178189883,1.11,-0.0800018310546875
2021-07-09,1.184800386428833,92.12999725341797,0.23,1.37,-0.7218079162157296,0.9518079162157296,-0.003358657571585155,1.1400000000000001,-0.470001220703125
2021-07-12,1.187295913696289,92.2300033569336,0.23,1.38,-0.7205715462822535,0.9505715462822535,-0.0013156051634362065,1.15,0.0
2021-07-13,1.186521053314209,92.75,0.26,1.42,-0.7178384880520152,0.9778384880520152,0.04280176122623214,1.16,0.1999969482421875
2021-07-14,1.1775373220443726,92.41000366210938,0.23,1.37,-0.7215853209086713,0.9515853209086713,0.006968746829361772,1.1400000000000001,-0.2299957275390625
2021-07-15,1.1833338737487793,92.62000274658203,0.23,1.31,-0.7310942023705036,0.9610942023705036,0.03990647126403224,1.08,0.26000213623046875
2021-07-16,1.1811814308166504,92.69000244140625,0.25,1.31,-0.7369927435850301,0.9869927435850301,0.03518482736930051,1.06,0.5600051879882812
2021-07-19,1.1814005374908447,92.88999938964844,0.21,1.19,-0.739063183118831,0.949063183118831,-0.0015083631634225103,0.98,0.6599960327148438
2021-07-20,1.1793843507766724,92.97000122070312,0.2,1.23,-0.7664669255325203,0.9664669255325202,-0.011371562519495004,1.03,0.220001220703125
2021-07-21,1.1784114837646484,92.75,0.22,1.3,-0.763884906546648,0.983884906546648,0.032299585637976636,1.08,0.339996337890625
2021-07-22,1.179273009300232,92.81999969482422,0.2,1.27,-0.7689008862518654,0.9689008862518653,0.007806683881361742,1.07,0.1999969482421875
2021-07-23,1.1772738695144653,92.91000366210938,0.22,1.3,-0.7747967285703887,0.9947967285703887,0.007803984985358614,1.08,0.220001220703125
2021-07-26,1.1773432493209839,92.6500015258789,0.22,1.29,-0.7771063595863219,0.9971063595863219,0.0480431764674909,1.07,-0.23999786376953125
2021-07-27,1.1807769536972046,92.43000030517578,0.2,1.25,-0.7923405478388634,0.9923405478388634,0.025873622306343158,1.05,-0.5400009155273438
2021-07-28,1.1823126077651978,92.31999969482422,0.2,1.26,-0.8001788723696266,1.0001788723696265,0.016293965822978596,1.06,-0.43000030517578125
2021-07-29,1.1845955848693848,91.86000061035156,0.2,1.28,-0.8002441383034964,1.0002441383034963,0.03134325205163102,1.08,-0.9599990844726562
2021-07-30,1.1892997026443481,92.16999816894531,0.19,1.24,-0.803462493440618,0.993462493440618,-0.0013342351297707111,1.05,-0.7400054931640625
2021-08-02,1.186704158782959,92.05000305175781,0.17,1.2,-0.8073620982997873,0.9773620982997874,-0.019744261286534504,1.03,-0.5999984741210938
2021-08-03,1.1874650716781616,92.08000183105469,0.17,1.19,-0.8173601293124746,0.9873601293124746,-0.004980418526388752,1.02,-0.34999847412109375
2021-08-04,1.1869436502456665,92.2699966430664,0.17,1.19,-0.8219306018635972,0.9919306018635973,-0.008248270506029276,1.02,-0.0500030517578125
2021-08-05,1.1837401390075684,92.23999786376953,0.21,1.23,-0.8263499844486377,1.0363499844486377,0.03610584614514134,1.02,0.37999725341796875
2021-08-06,1.1835720539093018,92.80000305175781,0.21,1.31,-0.802592480076969,1.012592480076969,0.019129986636351015,1.1,0.6300048828125
2021-08-09,1.1749500036239624,92.94999694824219,0.23,1.33,-0.799762347164197,1.029762347164197,0.05240024886440964,1.1,0.899993896484375
2021-08-10,1.17384672164917,93.05999755859375,0.24,1.36,-0.7989362832154403,1.0389362832154403,0.05157615390296566,1.12,0.9799957275390625
2021-08-11,1.172333002090454,92.91000366210938,0.23,1.35,-0.7905221279810342,1.0205221279810341,0.028591526117436872,1.12,0.6400070190429688
2021-08-12,1.1741899251937866,93.04000091552734,0.23,1.36,-0.7905877030814996,1.0205877030814996,-0.015762281367138087,1.1300000000000001,0.8000030517578125
2021-08-13,1.173626184463501,92.5199966430664,0.23,1.29,-0.7862938428774973,1.0162938428774972,0.0037013628005282406,1.06,-0.28000640869140625
2021-08-16,1.179467797279358,92.62999725341797,0.21,1.26,-0.7902665669077913,1.0002665669077913,-0.029495780256405757,1.05,-0.31999969482421875
2021-08-17,1.177994966506958,93.12999725341797,0.23,1.26,-0.7900480548947515,1.0200480548947515,-0.018888228320688816,1.03,0.06999969482421875
2021-08-18,1.1709738969802856,93.13999938964844,0.23,1.27,-0.793723179344918,1.023723179344918,0.0032010513638838223,1.04,0.2299957275390625
2021-08-19,1.1703298091888428,93.56999969482422,0.22,1.24,-0.79183616417973,1.01183616417973,-0.008751538901769607,1.02,0.529998779296875
2021-08-20,1.1676595211029053,93.5,0.23,1.26,-0.7960151546551062,1.0260151546551062,0.009721311777608932,1.03,0.9800033569335938
2021-08-23,1.1697548627853394,92.95999908447266,0.23,1.25,-0.7940994190893744,1.0240994190893744,0.023832852181583153,1.02,0.3300018310546875
2021-08-24,1.1744533777236938,92.88999938964844,0.24,1.29,-0.7896935209390508,1.0296935209390508,0.009645466044299278,1.05,-0.23999786376953125
2021-08-25,1.175309181213379,92.83000183105469,0.23,1.35,-0.7824657141663569,1.012465714166357,-0.011257465178561077,1.12,-0.30999755859375
2021-08-26,1.1774401664733887,93.05999755859375,0.25,1.34,-0.7752687412144037,1.0252687412144037,0.01343257703467371,1.09,-0.5100021362304688
2021-08-27,1.1756407022476196,92.69000244140625,0.22,1.31,-0.7723546007914206,0.9923546007914206,-0.033660553863685605,1.09,-0.80999755859375
2021-08-30,1.1799006462097168,92.6500015258789,0.2,1.29,-0.7751859443485756,0.9751859443485755,-0.04891347474079888,1.09,-0.30999755859375
2021-08-31,1.1796904802322388,92.62999725341797,0.2,1.3,-0.7652988842901691,0.9652988842901691,-0.06439463664888168,1.1,-0.26000213623046875
2021-09-01,1.1810280084609985,92.44999694824219,0.2,1.31,-0.7647790566397767,0.9647790566397767,-0.04768665752658019,1.11,-0.3800048828125
2021-09-02,1.1840906143188477,92.2300033569336,0.2,1.29,-0.7693184055061459,0.9693184055061459,-0.0559503357082578,1.09,-0.8299942016601562
2021-09-03,1.1876484155654907,92.04000091552734,0.21,1.33,-0.7600206032738288,0.9700206032738288,-0.022333997517591797,1.12,-0.6500015258789062
2021-09-07,1.1875073909759521,92.5199966430664,0.22,1.38,-0.7457248689891807,0.9657248689891806,-0.009461075359394888,1.16,-0.1300048828125
2021-09-08,1.184356927871704,92.6500015258789,0.22,1.35,-0.7406805964332168,0.9606805964332168,-0.004618287856952286,1.1300000000000001,0.0200042724609375
2021-09-09,1.1819101572036743,92.4800033569336,0.23,1.3,-0.7544410981945318,0.9844410981945317,0.01966204155475504,1.07,0.03000640869140625
2021-09-10,1.1825922727584839,92.58000183105469,0.23,1.35,-0.7504663276541699,0.9804663276541699,0.011147922148023959,1.12,0.34999847412109375
2021-09-13,1.1811953783035278,92.62000274658203,0.21,1.33,-0.7526492760982915,0.9626492760982914,-0.0073713271755373455,1.12,0.5800018310546875
2021-09-14,1.1811953783035278,92.6500015258789,0.21,1.28,-0.7558236026865965,0.9658236026865965,9.87336974158648e-05,1.07,0.1300048828125
2021-09-15,1.1804981231689453,92.48999786376953,0.21,1.31,-0.7483624846221291,0.958362484622129,-0.002318111811087764,1.1,-0.160003662109375
2021-09-16,1.1819995641708374,92.86000061035156,0.23,1.34,-0.7451800822588832,0.9751800822588832,-0.009261015935648542,1.11,0.37999725341796875
2021-09-17,1.176747441291809,93.19999694824219,0.23,1.37,-0.7385584218867942,0.9685584218867942,-0.01190790576737566,1.1400000000000001,0.6199951171875
2021-09-20,1.1729930639266968,93.23999786376953,0.23,1.31,-0.7587669192190343,0.9887669192190343,0.02611764312074283,1.08,0.6199951171875
2021-09-21,1.1730204820632935,93.19999694824219,0.22,1.33,-0.7598248127680034,0.9798248127680034,0.014001210081406867,1.11,0.5499954223632812
2021-09-22,1.17229163646698,93.45999908447266,0.25,1.32,-0.753264230809602,1.003264230809602,0.044901746187473,1.07,0.970001220703125
2021-09-23,1.168770432472229,93.0999984741211,0.27,1.41,-0.7364293694205342,1.0064293694205342,0.031249287161650985,1.14,0.23999786376953125
2021-09-24,1.1740258932113647,93.33000183105469,0.29,1.47,-0.7235101398658355,1.0135101398658355,0.044951717979041295,1.18,0.1300048828125
2021-09-27,1.1723054647445679,93.37999725341797,0.31,1.48,-0.7231632600328715,1.0331632600328715,0.044396340813837254,1.17,0.1399993896484375
2021-09-28,1.1696795225143433,93.7699966430664,0.31,1.54,-0.7139845543304291,1.0239845543304291,0.04415974156242575,1.23,0.5699996948242188
2021-09-29,1.1686338186264038,94.33999633789062,0.3,1.55,-0.7270764135142707,1.0270764135142707,0.023812182704668672,1.25,0.8799972534179688
2021-09-30,1.1601601839065552,94.25,0.28,1.52,-0.7205593344489154,1.0005593344489154,-0.005870034971618754,1.24,1.1500015258789062
2021-10-01,1.1574475765228271,94.04000091552734,0.27,1.48,-0.7405819279765105,1.0105819279765105,-0.0029282118893250164,1.21,0.7099990844726562
2021-10-04,1.160725712776184,93.80999755859375,0.27,1.49,-0.7358192666038468,1.0058192666038468,-0.027343993429024716,1.22,0.43000030517578125
2021-10-05,1.1618449687957764,93.9800033569336,0.28,1.54,-0.7373154832039166,1.0173154832039166,-0.0066690711265124936,1.26,0.2100067138671875
2021-10-06,1.1596084833145142,94.2699966430664,0.3,1.53,-0.7288828921281862,1.0288828921281863,0.0018064786139155853,1.23,-0.06999969482421875
2021-10-07,1.1555349826812744,94.22000122070312,0.32,1.58,-0.7365661190874833,1.0565661190874833,0.0560067846385679,1.26,-0.029998779296875
2021-10-08,1.1559758186340332,94.06999969482422,0.32,1.61,-0.7279963923448021,1.0479963923448021,0.037414464368291656,1.29,0.029998779296875
2021-10-12,1.1553747653961182,94.5199966430664,0.35,1.59,-0.7002512420270901,1.0502512420270902,0.0444319754232434,1.2400000000000002,0.7099990844726562
2021-10-13,1.15340256690979,94.08000183105469,0.37,1.56,-0.6993801393907397,1.0693801393907396,0.05206465618682299,1.19,0.09999847412109375
2021-10-14,1.1599582433700562,93.95999908447266,0.36,1.52,-0.7152465809094655,1.0752465809094653,0.046363688781279055,1.1600000000000001,-0.30999755859375
2021-10-15,1.159151554107666,93.94000244140625,0.41,1.59,-0.7063158942470058,1.1163158942470057,0.0597497751595224,1.1800000000000002,-0.279998779296875
2021-10-18,1.1597026586532593,93.94999694824219,0.44,1.59,-0.6747413381272667,1.1147413381272666,0.06674494578246448,1.1500000000000001,-0.12000274658203125
2021-10-19,1.161386251449585,93.79000091552734,0.41,1.65,-0.6482065625887967,1.0582065625887966,0.007955320561706447,1.24,-0.7299957275390625
2021-10-20,1.1631964445114136,93.55999755859375,0.4,1.65,-0.6792518114238382,1.079251811423838,0.009871672033098466,1.25,-0.5200042724609375
2021-10-21,1.1655012369155884,93.7699966430664,0.45,1.68,-0.6670748661422958,1.1170748661422958,0.04182828523283044,1.23,-0.19000244140625
2021-10-22,1.1625338792800903,93.61000061035156,0.48,1.66,-0.6539529747519657,1.1339529747519657,0.017637080504959934,1.18,-0.3300018310546875
2021-10-25,1.1640088558197021,93.80999755859375,0.47,1.64,-0.673690917616621,1.143690917616621,0.028949579489354393,1.17,-0.1399993896484375
2021-10-26,1.161170482635498,93.94999694824219,0.47,1.63,-0.678387108637974,1.148387108637974,0.09018054604917736,1.16,0.15999603271484375
2021-10-27,1.1598236560821533,93.86000061035156,0.5,1.54,-0.6844507927586461,1.184450792758646,0.10519898133480798,1.04,0.3000030517578125
2021-10-28,1.1600120067596436,93.3499984741211,0.5,1.57,-0.6567131604234899,1.15671316042349,0.03963829428119414,1.07,-0.4199981689453125
2021-10-29,1.1683608293533325,94.12000274658203,0.48,1.55,-0.6204530610444323,1.1004530610444323,-0.03349991370753336,1.07,0.5100021362304688
2021-11-01,1.1556684970855713,93.87999725341797,0.5,1.58,-0.6268713299752195,1.1268713299752195,-0.016819587641401457,1.08,0.06999969482421875
2021-11-02,1.1599582433700562,94.08999633789062,0.46,1.56,-0.694802224707137,1.154802224707137,0.006415116069163007,1.1,0.1399993896484375
2021-11-03,1.1579434871673584,93.86000061035156,0.47,1.6,-0.6875023296438476,1.1575023296438476,-0.026948463114798482,1.1300000000000001,0.0
2021-11-04,1.1615750789642334,94.3499984741211,0.41,1.53,-0.7610705963060755,1.1710705963060755,0.014357435882585534,1.12,1.0
2021-11-05,1.1555349826812744,94.31999969482422,0.39,1.45,-0.7678611814891549,1.1578611814891548,0.057408120444722543,1.06,0.1999969482421875
2021-11-08,1.1568851470947266,94.05000305175781,0.45,1.51,-0.7699792844479969,1.2199792844479969,0.09310795447277731,1.06,0.17000579833984375
2021-11-09,1.159151554107666,93.95999908447266,0.41,1.46,-0.7839397339261898,1.1939397339261897,0.03913750921905268,1.05,-0.12999725341796875
2021-11-10,1.1595547199249268,94.8499984741211,0.51,1.56,-0.7741501294737438,1.2841501294737439,0.12664779982989627,1.05,0.9899978637695312
2021-11-12,1.145081877708435,95.12999725341797,0.53,1.58,-0.79376272801374,1.32376272801374,0.1526921317076646,1.05,0.779998779296875
2021-11-15,1.144164800643921,95.41000366210938,0.53,1.63,-0.7783003925566612,1.3083003925566612,0.15043921106750635,1.0999999999999999,1.0900039672851562
2021-11-16,1.1366478204727173,95.91999816894531,0.54,1.63,-0.7989809301312487,1.3389809301312487,0.11900164568325189,1.0899999999999999,1.8699951171875
2021-11-17,1.1321182250976562,95.83000183105469,0.52,1.6,-0.7954490169719501,1.3154490169719502,0.12150928304576047,1.08,1.8700027465820312
2021-11-18,1.1321182250976562,95.54000091552734,0.52,1.59,-0.8053769728093692,1.3253769728093692,0.04122684333562532,1.07,0.69000244140625
2021-11-19,1.1368415355682373,96.06999969482422,0.52,1.54,-0.8352859173976488,1.3552859173976488,0.031523189383908745,1.02,0.94000244140625
2021-11-22,1.1275737285614014,96.5,0.63,1.63,-0.8266478396747017,1.4566478396747016,0.14834744711804038,0.9999999999999999,1.089996337890625
2021-11-23,1.12421452999115,96.48999786376953,0.6,1.67,-0.8066083178652383,1.4066083178652384,0.06762738773398969,1.0699999999999998,0.5699996948242188
2021-11-24,1.1244926452636719,96.83999633789062,0.64,1.64,-0.8137260172293082,1.4537260172293083,0.13827700025735812,0.9999999999999999,1.0099945068359375
2021-11-26,1.1209630966186523,96.08999633789062,0.5,1.48,-0.8236519019145954,1.3236519019145954,-0.0017250708947738058,0.98,0.5499954223632812
2021-11-29,1.1293182373046875,96.33999633789062,0.51,1.52,-0.8007803859707749,1.310780385970775,-0.04450553142687386,1.01,0.26999664306640625
2021-11-30,1.1293437480926514,95.98999786376953,0.52,1.43,-0.815302296062935,1.335302296062935,-0.12134554361176653,0.9099999999999999,-0.5100021362304688
2021-12-01,1.1330289840698242,96.05000305175781,0.56,1.43,-0.7706538701269614,1.3306538701269615,-0.07595444773827698,0.8699999999999999,-0.43999481201171875
2021-12-02,1.1319515705108643,96.12999725341797,0.63,1.44,-0.7970025266751781,1.427002526675178,-0.026723490554130258,0.8099999999999999,-0.7099990844726562
2021-12-03,1.1306205987930298,96.12000274658203,0.6,1.35,-0.7777108271390292,1.3777108271390293,0.054058925224433896,0.7500000000000001,0.03000640869140625
2021-12-06,1.1304799318313599,96.29000091552734,0.65,1.43,-0.7801502046549125,1.4301502046549124,0.11936981868413743,0.7799999999999999,-0.04999542236328125
2021-12-07,1.128668189048767,96.37000274658203,0.7,1.48,-0.754293113426014,1.454293113426014,0.11899081736307893,0.78,0.3800048828125
2021-12-08,1.1276500225067139,95.88999938964844,0.68,1.52,-0.7338073859538166,1.4138073859538167,0.08315351582685526,0.84,-0.160003662109375
2021-12-09,1.1345586776733398,96.2699966430664,0.7,1.49,-0.7488531122231881,1.448853112223188,0.021850585548010004,0.79,0.1399993896484375
2021-12-10,1.1293309926986694,96.05000305175781,0.67,1.48,-0.738370332543218,1.408370332543218,0.030659505404188714,0.8099999999999999,-0.06999969482421875
2021-12-13,1.131183385848999,96.31999969482422,0.66,1.42,-0.7294249648180999,1.3894249648181,-0.04072523983681231,0.7599999999999999,0.029998779296875
2021-12-15,1.1261261701583862,96.51000213623047,0.69,1.47,-0.7188150970830582,1.4088150970830582,-0.045478016342955785,0.78,0.1399993896484375
2021-12-16,1.1290758848190308,96.04000091552734,0.64,1.44,-0.7273367449934716,1.3673367449934717,-0.04647064096034503,0.7999999999999999,0.15000152587890625
2021-12-17,1.1334141492843628,96.56999969482422,0.66,1.41,-0.7485385643052411,1.4085385643052413,-0.04031454791794675,0.7499999999999999,0.3000030517578125
2021-12-20,1.1243535280227661,96.55000305175781,0.65,1.43,-0.7525318798806149,1.4025318798806148,-0.0058384526626031885,0.7799999999999999,0.5
2021-12-21,1.1277517080307007,96.48999786376953,0.7,1.48,-0.7359855489969354,1.4359855489969353,0.04656058417883524,0.78,0.1699981689453125
2021-12-22,1.128757357597351,96.08000183105469,0.68,1.46,-0.7231278751523309,1.403127875152331,-0.0056872219307271266,0.7799999999999999,-0.43000030517578125
2021-12-23,1.1328877210617065,96.0199966430664,0.71,1.5,-0.7059900726584725,1.4159900726584724,0.048653327665000745,0.79,-0.0200042724609375
2021-12-27,1.1324259042739868,96.08999633789062,0.76,1.48,-0.6975704336495276,1.4575704336495277,0.04903186934428638,0.72,-0.48000335693359375
2021-12-28,1.1330032348632812,96.19999694824219,0.74,1.49,-0.6924155424668954,1.4324155424668954,0.029883662586280613,0.75,-0.350006103515625
2021-12-29,1.1314777135849,95.93000030517578,0.75,1.55,-0.6908961536381781,1.4408961536381781,0.004910604641242822,0.8,-0.55999755859375
2021-12-30,1.1360150575637817,95.97000122070312,0.73,1.52,-0.6769596447303683,1.4069596447303683,0.003831769578037214,0.79,-0.1100006103515625
2021-12-31,1.132502794265747,95.66999816894531,0.73,1.52,-0.6791412595704998,1.4091412595704997,-0.006848813087972694,0.79,-0.34999847412109375
2022-01-03,1.1373459100723267,96.23999786376953,0.78,1.63,-0.6559376363513905,1.4359376363513905,-0.021632797298137163,0.8499999999999999,0.15000152587890625
2022-01-04,1.1302244663238525,96.29000091552734,0.77,1.66,-0.6638086099788518,1.4338086099788518,0.0013930675119564473,0.8899999999999999,0.09000396728515625
2022-01-05,1.1283625364303589,96.19000244140625,0.83,1.71,-0.6475092857009637,1.4775092857009637,0.0366131320627856,0.88,0.26000213623046875
2022-01-06,1.1313496828079224,96.25,0.88,1.73,-0.6312339595900811,1.511233959590081,0.10427431485971272,0.85,0.279998779296875
2022-01-07,1.1296881437301636,95.73999786376953,0.87,1.76,-0.6250582636624391,1.4950582636624392,0.08591700409193948,0.89,0.06999969482421875
2022-01-10,1.1353960037231445,95.98999786376953,0.92,1.78,-0.6135119868152241,1.533511986815224,0.09757435046383356,0.86,-0.25
2022-01-11,1.1330417394638062,95.62000274658203,0.9,1.75,-0.6066184538571995,1.5066184538571994,0.07280984387834755,0.85,-0.6699981689453125
2022-01-12,1.1366478204727173,95.0,0.92,1.74,-0.62531946325656,1.5453194632565599,0.06781017755559615,0.82,-1.19000244140625
2022-01-13,1.144164800643921,94.79000091552734,0.91,1.7,-0.6248821468324515,1.5348821468324516,0.02364818724237061,0.7899999999999999,-1.4599990844726562
2022-01-14,1.1457115411758423,95.16999816894531,0.99,1.78,-0.6235704044869905,1.6135704044869905,0.1185121408245513,0.79,-0.5699996948242188
2022-01-18,1.1410574913024902,95.7300033569336,1.06,1.87,-0.6091201808607027,1.6691201808607028,0.13560819404547875,0.81,-0.2599945068359375
2022-01-19,1.1329647302627563,95.51000213623047,1.04,1.83,-0.6046993836195562,1.6446993836195563,0.13808092976235686,0.79,-0.1100006103515625
2022-01-20,1.1343399286270142,95.73999786376953,1.08,1.83,-0.6159522652135672,1.6959522652135672,0.15063280195700735,0.75,0.7399978637695312
2022-01-21,1.1313753128051758,95.63999938964844,1.01,1.75,-0.6414681604292305,1.6514681604292305,0.11658601359677889,0.74,0.8499984741210938
2022-01-24,1.1341469287872314,95.91999816894531,0.99,1.75,-0.6679475437076472,1.6579475437076472,0.04437713922065667,0.76,0.75
2022-01-25,1.1324130296707153,95.94999694824219,1.02,1.78,-0.6759778570166484,1.6959778570166484,0.026857676155945587,0.76,0.21999359130859375
2022-01-26,1.130454421043396,96.48999786376953,1.13,1.85,-0.6603936121848029,1.7903936121848028,0.1456942285652465,0.7200000000000002,0.9799957275390625
2022-01-27,1.1243535280227661,97.26000213623047,1.18,1.81,-0.6361883070775249,1.8161883070775249,0.12023604186395764,0.6300000000000001,1.5200042724609375
2022-01-28,1.1147029399871826,97.2699966430664,1.15,1.78,-0.6226717661571399,1.7726717661571398,0.12120360572790934,0.6300000000000001,1.6299972534179688
2022-01-31,1.1152374744415283,96.54000091552734,1.18,1.79,-0.5723570248265979,1.7523570248265978,0.09440948111895064,0.6100000000000001,0.6200027465820312
2022-02-01,1.12296462059021,96.38999938964844,1.18,1.81,-0.5669112734354598,1.7469112734354597,0.05093341641881133,0.6300000000000001,0.44000244140625
2022-02-02,1.1273956298828125,95.94000244140625,1.16,1.78,-0.5529669060560485,1.7129669060560484,-0.07742670612875435,0.6200000000000001,-0.5499954223632812
2022-02-03,1.1299946308135986,95.37999725341797,1.19,1.82,-0.4645218830392759,1.6545218830392758,-0.16166642403824905,0.6300000000000001,-1.8800048828125
2022-02-04,1.14357590675354,95.4800033569336,1.31,1.93,-0.3622726529045721,1.6722726529045722,-0.10039911325256767,0.6199999999999999,-1.7899932861328125
2022-02-07,1.145514726638794,95.4000015258789,1.3,1.92,-0.3527596155932522,1.6527596155932522,-0.09959740923334559,0.6199999999999999,-1.1399993896484375
2022-02-08,1.1442956924438477,95.63999938964844,1.35,1.96,-0.365077130763598,1.7150771307635981,-0.031834142671861576,0.6099999999999999,-0.75
2022-02-09,1.142126202583313,95.48999786376953,1.36,1.94,-0.4123902532709222,1.7723902532709224,0.05942334721487397,0.5799999999999998,-0.45000457763671875
2022-02-10,1.142152190208435,95.55000305175781,1.61,2.03,-0.396698395106084,2.006698395106084,0.3521765120668081,0.4199999999999997,0.17000579833984375
2022-02-11,1.1415525674819946,96.08000183105469,1.5,1.92,-0.3828441414670824,1.8828441414670825,0.2105714885625103,0.41999999999999993,0.5999984741210938
2022-02-14,1.1365057229995728,96.37000274658203,1.58,1.98,-0.4279352906222389,2.007935290622239,0.3551756750289867,0.3999999999999999,0.970001220703125
2022-02-15,1.1306334733963013,95.98999786376953,1.58,2.05,-0.4013934968713242,1.9813934968713243,0.26631636610772613,0.46999999999999975,0.34999847412109375
2022-02-16,1.1356796026229858,95.69999694824219,1.52,2.03,-0.4308901631136352,1.9508901631136353,0.1784999098427129,0.5099999999999998,0.20999908447265625
2022-02-17,1.1375269889831543,95.80000305175781,1.49,1.97,-0.4602262721458929,1.950226272145893,-0.056472122960190996,0.48,0.25
2022-02-18,1.1366478204727173,96.04000091552734,1.47,1.92,-0.5043540215882567,1.9743540215882567,0.09150988012117423,0.44999999999999996,-0.04000091552734375
2022-02-22,1.1309658288955688,96.02999877929688,1.56,1.94,-0.4204507238064412,1.9804507238064413,-0.027484566815797695,0.3799999999999999,-0.34000396728515625
2022-02-23,1.13291335105896,96.19000244140625,1.58,1.99,-0.4055933888167344,1.9855933888167345,0.004199891945410261,0.4099999999999999,0.20000457763671875
2022-02-24,1.1305694580078125,97.13999938964844,1.54,1.96,-0.4694515593699333,2.0094515593699334,0.05856139625629808,0.41999999999999993,1.44000244140625
2022-02-25,1.11906898021698,96.62000274658203,1.55,1.97,-0.4437749480296711,1.9937749480296711,0.0435486758837782,0.41999999999999993,0.8199996948242188
2022-02-28,1.118105411529541,96.70999908447266,1.44,1.83,-0.5354174156368479,1.9754174156368478,0.0010633940485911264,0.3900000000000001,0.6699981689453125
2022-03-01,1.1215918064117432,97.41000366210938,1.31,1.72,-0.6965438763221039,2.006543876322104,0.026093152515662688,0.4099999999999999,1.3800048828125
2022-03-02,1.1132758855819702,97.38999938964844,1.5,1.86,-0.6395848138375584,2.1395848138375584,0.15399142502082386,0.3600000000000001,1.1999969482421875
2022-03-03,1.1112345457077026,97.79000091552734,1.53,1.86,-0.5785847097316048,2.1085847097316046,0.09913315036167125,0.33000000000000007,0.6500015258789062
2022-03-04,1.1066844463348389,98.6500015258789,1.5,1.74,-0.7239300362136691,2.223930036213669,0.230155088183998,0.24,2.029998779296875
2022-03-07,1.087453007698059,99.29000091552734,1.55,1.78,-0.6800927184720482,2.230092718472048,0.25467530283520023,0.22999999999999998,2.5800018310546875
2022-03-08,1.0865312814712524,99.05999755859375,1.63,1.86,-0.6115725485694394,2.2415725485694393,0.23502867224733537,0.2300000000000002,1.649993896484375
2022-03-09,1.0898232460021973,97.97000122070312,1.68,1.94,-0.5363091734110639,2.216309173411064,0.07672435957350565,0.26,0.5800018310546875
2022-03-10,1.107382893562317,98.51000213623047,1.72,1.98,-0.4584350707006255,2.1784350707006253,0.06985036096902064,0.26,0.720001220703125
2022-03-11,1.1013944149017334,99.12000274658203,1.75,2.0,-0.419282412037874,2.169282412037874,-0.05464762417579516,0.25,0.470001220703125
2022-03-14,1.093206763267517,99.05999755859375,1.87,2.14,-0.3906481102744199,2.26064811027442,0.03055539180237199,0.27,-0.23000335693359375
2022-03-15,1.0943193435668945,99.06999969482422,1.85,2.15,-0.4377377466646663,2.2877377466646664,0.04616519809522712,0.2999999999999998,0.01000213623046875
2022-03-16,1.0969363451004028,98.37999725341797,1.95,2.19,-0.4145261895389907,2.3645261895389904,0.14821701612792637,0.24,0.40999603271484375
2022-03-17,1.1021955013275146,98.01000213623047,1.94,2.2,-0.3920460641525141,2.332046064152514,0.15361099345188878,0.26000000000000023,-0.5
2022-03-18,1.1099518537521362,98.2300033569336,1.97,2.14,-0.4079214777089608,2.377921477708961,0.20863906567108703,0.17000000000000015,-0.8899993896484375
2022-03-21,1.1043134927749634,98.5,2.14,2.32,-0.3695621731778926,2.5095621731778928,0.24891406290347273,0.17999999999999972,-0.55999755859375
2022-03-22,1.101722002029419,98.48999786376953,2.18,2.38,-0.2940145162542533,2.4740145162542535,0.18627676958958705,0.19999999999999973,-0.5800018310546875
2022-03-23,1.1029735803604126,98.62000274658203,2.13,2.32,-0.3092066847639731,2.439206684763973,0.07468049522498266,0.18999999999999995,0.2400054931640625
2022-03-24,1.1006306409835815,98.79000091552734,2.13,2.34,-0.2676303768150232,2.397630376815023,0.06558431266250908,0.20999999999999996,0.779998779296875
2022-03-25,1.1009578704833984,98.80999755859375,2.3,2.48,-0.2104403926610665,2.5104403926610663,0.13251891495210533,0.18000000000000016,0.5799942016601562
2022-03-28,1.098189115524292,99.08999633789062,2.35,2.46,-0.1562310508688047,2.506231050868805,-0.0033311223090879416,0.10999999999999988,0.589996337890625
2022-03-29,1.0993843078613281,98.4000015258789,2.35,2.41,-0.0952709192134473,2.4452709192134474,-0.02874359704080609,0.06000000000000005,-0.089996337890625
2022-03-30,1.1091516017913818,97.79000091552734,2.31,2.35,0.0026723205705239,2.307327679429476,-0.13187900533449692,0.040000000000000036,-0.8300018310546875
2022-03-31,1.1161835193634033,98.30999755859375,2.28,2.32,-0.0860211316812611,2.366021131681261,-0.031609245133762176,0.040000000000000036,-0.48000335693359375
2022-04-01,1.1072357892990112,98.62999725341797,2.44,2.39,-0.073710986535096,2.513710986535096,0.0032705938740296148,-0.04999999999999982,-0.18000030517578125
2022-04-04,1.1047282218933105,98.98999786376953,2.43,2.42,-0.1206523183830432,2.5506523183830434,0.04442126751423858,-0.010000000000000231,-0.09999847412109375
2022-04-05,1.0975863933563232,99.47000122070312,2.51,2.54,-0.0881039062184485,2.5981039062184483,0.15283298700500092,0.03000000000000025,1.0699996948242188
2022-04-06,1.090643286705017,99.5999984741211,2.5,2.61,-0.0504010465983206,2.5504010465983207,0.24307336716884453,0.10999999999999988,1.80999755859375
2022-04-07,1.0898232460021973,99.75,2.47,2.66,-0.0248235337778313,2.4948235337778315,0.12880240209657057,0.18999999999999995,1.44000244140625
2022-04-08,1.0864840745925903,99.80000305175781,2.53,2.72,0.0002118141201652,2.5297881858798346,0.016077199344738613,0.1900000000000004,1.1700057983398438
2022-04-11,1.0884946584701538,99.93000030517578,2.5,2.79,0.0924968811126158,2.407503118887384,-0.1431491994956593,0.29000000000000004,0.94000244140625
2022-04-12,1.0877959728240967,100.29000091552734,2.39,2.72,0.0425049816843396,2.3474950183156604,-0.2506088879027879,0.33000000000000007,0.8199996948242188
2022-04-13,1.0826143026351929,99.87999725341797,2.37,2.7,0.0333275134807315,2.3366724865192685,-0.21372856007905217,0.33000000000000007,0.279998779296875
2022-04-14,1.089656949043274,100.31999969482422,2.47,2.83,-0.0050763138180855,2.475076313818086,-0.01974721995974571,0.3599999999999999,0.5699996948242188
2022-04-19,1.0781787633895874,100.95999908447266,2.61,2.93,0.0326801585745299,2.57731984142547,0.04753165554563532,0.3200000000000003,1.1599960327148438
2022-04-20,1.0794472694396973,100.38999938964844,2.6,2.85,0.0191201643846334,2.5808798356153666,0.1733767167279825,0.25,0.45999908447265625
2022-04-21,1.0849870443344116,100.58000183105469,2.68,2.9,0.1113868881802422,2.568613111819758,0.2211180935040975,0.21999999999999975,0.29000091552734375
2022-04-22,1.0835175514221191,101.22000122070312,2.72,2.9,0.2271535268389248,2.4928464731610753,0.15617398664180682,0.17999999999999972,1.3400039672851562
2022-04-25,1.0811045169830322,101.75,2.63,2.81,0.129554306960502,2.500445693039498,0.025369379221412025,0.18000000000000016,1.4300003051757812
2022-04-26,1.0714209079742432,102.30000305175781,2.54,2.77,0.1133224484371844,2.4266775515628156,-0.15064228986265427,0.22999999999999998,1.3400039672851562
2022-04-27,1.0643619298934937,102.94999694824219,2.58,2.82,0.0595690481821526,2.5204309518178474,-0.060448883797519226,0.23999999999999977,2.55999755859375
2022-04-28,1.0555092096328735,103.62000274658203,2.63,2.85,0.1433436300236419,2.486656369976358,-0.08195674184339996,0.2200000000000002,3.0400009155273438
2022-04-29,1.0504201650619507,102.95999908447266,2.7,2.89,0.2135319527189509,2.486468047281049,-0.006378425880026128,0.18999999999999995,1.7399978637695312
2022-05-02,1.0535964965820312,103.73999786376953,2.73,2.99,0.1837790842289686,2.5462209157710314,0.04577522273153356,0.26000000000000023,1.9899978637695312
2022-05-03,1.0509058237075806,103.47000122070312,2.78,2.97,0.1832622380517965,2.5967377619482033,0.17006021038538766,0.1900000000000004,1.1699981689453125
2022-05-04,1.0528532266616821,102.58999633789062,2.66,2.93,0.2522903406876478,2.4077096593123524,-0.11272129250549501,0.27,-0.3600006103515625
2022-05-05,1.0622477531433105,103.75,2.71,3.05,0.2256145394788817,2.484385460521118,-0.002270909455239778,0.33999999999999986,0.12999725341796875
2022-05-06,1.0539740324020386,103.66000366210938,2.72,3.12,0.3034313573916782,2.416568642608322,-0.06989940467272726,0.3999999999999999,0.7000045776367188
2022-05-09,1.053219199180603,103.6500015258789,2.61,3.05,0.2224448579596809,2.387555142040319,-0.15866577373071244,0.43999999999999995,-0.089996337890625
2022-05-10,1.056579828262329,103.91999816894531,2.62,2.99,0.1459363740167569,2.474063625983243,-0.12267413596496013,0.3700000000000001,0.4499969482421875
2022-05-11,1.0532968044281006,103.8499984741211,2.66,2.91,0.1285399082983644,2.5314600917016357,0.1237504323892833,0.25,1.2600021362304688
2022-05-12,1.05124831199646,104.8499984741211,2.56,2.84,0.0199708637280027,2.5400291362719973,0.05564367575087914,0.2799999999999998,1.0999984741210938
2022-05-13,1.0379581451416016,104.55999755859375,2.61,2.93,0.098476436729582,2.511523563270418,0.09495492066209588,0.3200000000000003,0.899993896484375
2022-05-16,1.0400632619857788,104.19000244140625,2.58,2.88,0.095722798602015,2.484277201397985,0.09672205935766609,0.2999999999999998,0.5400009155273438
2022-05-17,1.0438958406448364,103.36000061035156,2.71,2.98,0.2332090002313305,2.4767909997686695,0.0027273737854263125,0.27,-0.55999755859375
2022-05-18,1.0547856092453003,103.80999755859375,2.68,2.89,0.3009662686947734,2.3790337313052268,-0.1524263603964089,0.20999999999999996,-0.04000091552734375
2022-05-19,1.0472739934921265,102.72000122070312,2.63,2.84,0.2310551635921518,2.398944836407848,-0.14108429986414928,0.20999999999999996,-2.1299972534179688
2022-05-20,1.057898759841919,103.1500015258789,2.6,2.78,0.2043525727801238,2.3956474272198762,-0.11587613605054159,0.17999999999999972,-1.4099960327148438
2022-05-23,1.0569819211959839,102.08000183105469,2.65,2.86,0.222211310998305,2.427788689001695,-0.05648851239629016,0.20999999999999996,-2.1100006103515625
2022-05-24,1.0682048797607422,101.86000061035156,2.5,2.76,0.2481674748256792,2.2518325251743208,-0.2249584745943487,0.2599999999999998,-1.5
2022-05-25,1.0736525058746338,102.05999755859375,2.48,2.75,0.1828944249145099,2.29710557508549,-0.0819281562197367,0.27,-1.75
2022-05-26,1.0686614513397217,101.83000183105469,2.46,2.75,0.138385089835455,2.321614910164545,-0.07732992624330315,0.29000000000000004,-0.8899993896484375
2022-05-27,1.0732953548431396,101.66999816894531,2.47,2.74,0.1698534526565822,2.300146547343418,-0.09550087987645828,0.27,-1.4800033569335938
2022-05-31,1.0773539543151855,101.75,2.53,2.85,0.3577958329266786,2.172204167073321,-0.25558452192837366,0.3200000000000003,-0.3300018310546875
2022-06-01,1.0734105110168457,102.55000305175781,2.66,2.94,0.3255372202075079,2.334462779792492,0.08263025461817142,0.2799999999999998,0.69000244140625
2022-06-02,1.0654165744781494,101.7699966430664,2.65,2.92,0.4658892760065525,2.1841107239934474,-0.11299485109204266,0.27,-0.29000091552734375
2022-06-03,1.0751069784164429,102.13999938964844,2.66,2.96,0.4967912223999766,2.1632087776000235,-0.1584061325645214,0.2999999999999998,0.30999755859375
2022-06-06,1.0726046562194824,102.44000244140625,2.73,3.04,0.5317709717792423,2.1982290282207577,-0.10191751912266023,0.31000000000000005,0.7700042724609375
2022-06-07,1.0691413879394531,102.31999969482422,2.75,2.98,0.521797901802723,2.228202098197277,0.05599793112395579,0.22999999999999998,0.5699996948242188
2022-06-08,1.0698620080947876,102.54000091552734,2.78,3.03,0.6079255148787319,2.172074485121268,-0.1623882946712243,0.25,-0.01000213623046875
2022-06-09,1.071765422821045,103.22000122070312,2.83,3.04,0.7529191688977015,2.0770808311022986,-0.10702989289114884,0.20999999999999996,1.4500045776367188
2022-06-10,1.0619205236434937,104.1500015258789,3.06,3.15,0.8736798606327709,2.186320139367229,0.02311136176720563,0.08999999999999986,2.0100021362304688
2022-06-13,1.0489987134933472,105.08000183105469,3.4,3.43,1.0517982973762572,2.3482017026237427,0.149972674402985,0.03000000000000025,2.6399993896484375
2022-06-14,1.0415147542953491,105.5199966430664,3.45,3.49,1.107925929014396,2.3420740709856043,0.11387197278832728,0.040000000000000036,3.1999969482421875
2022-06-15,1.0440592765808105,105.16000366210938,3.2,3.33,1.0673652802534512,2.132634719746549,-0.03943976537471894,0.1299999999999999,2.6200027465820312
2022-06-16,1.0456204414367676,103.62999725341797,3.14,3.28,1.1474280494847655,1.9925719505152346,-0.08450888058706396,0.13999999999999968,0.40999603271484375
2022-06-17,1.0546854734420776,104.69999694824219,3.17,3.25,1.075471824739418,2.094528175260582,-0.09179196410664714,0.08000000000000007,0.5499954223632812
2022-06-21,1.0520778894424438,104.44000244140625,3.21,3.31,1.0812423879450916,2.1287576120549083,-0.2194440905688344,0.10000000000000009,-0.6399993896484375
2022-06-22,1.053263545036316,104.19999694824219,3.06,3.16,0.9802818496975902,2.07971815030241,-0.26235592068319447,0.10000000000000009,-1.3199996948242188
2022-06-23,1.0564124584197998,104.43000030517578,3.01,3.09,0.782891247822028,2.2271087521779718,0.09447403243142283,0.08000000000000007,-0.7300033569335938
2022-06-24,1.052011489868164,104.19000244140625,3.04,3.13,0.8394502349136217,2.2005497650863783,0.20797781457114373,0.08999999999999986,0.5600051879882812
2022-06-27,1.0566133260726929,103.94000244140625,3.08,3.2,0.8496721081427552,2.230327891857245,0.1357997165966629,0.1200000000000001,-0.7599945068359375
2022-06-28,1.0580891370773315,104.51000213623047,3.1,3.2,0.9224681847355996,2.1775318152644005,0.04877420320949222,0.10000000000000009,0.06999969482421875
2022-06-29,1.0523545742034912,105.11000061035156,3.06,3.1,0.8995320097198638,2.1604679902801363,0.08074983997772645,0.040000000000000036,0.910003662109375
2022-06-30,1.04465913772583,104.69000244140625,2.92,2.98,0.6429685731460477,2.277031426853952,0.04992267467598044,0.06000000000000005,0.26000213623046875
2022-07-01,1.0477677583694458,105.13999938964844,2.84,2.88,0.5038708023308338,2.336129197669166,0.1355794325827877,0.040000000000000036,0.9499969482421875
2022-07-05,1.0433186292648315,106.5,2.82,2.82,0.4374668734716946,2.382533126528305,0.15220523467106029,0.0,2.55999755859375
2022-07-06,1.0257673263549805,107.0999984741211,2.97,2.93,0.3569876804532379,2.6130123195467623,0.43548050428236174,-0.040000000000000036,2.589996337890625
2022-07-07,1.0186411142349243,107.12999725341797,3.03,3.01,0.4927924924942291,2.5372075075057707,0.3767395172256345,-0.020000000000000018,2.0199966430664062
2022-07-08,1.0169836282730103,107.01000213623047,3.12,3.09,0.4718698969210767,2.6481301030789233,0.37109867622497106,-0.03000000000000025,2.3199996948242188
2022-07-11,1.0166114568710327,108.0199966430664,3.07,2.99,0.4038580007337751,2.666141999266225,0.3300128015970589,-0.07999999999999963,2.8799972534179688
2022-07-12,1.004752516746521,108.06999969482422,3.03,2.96,0.293818994727552,2.7361810052724476,0.3536478787441424,-0.06999999999999984,1.5699996948242188
2022-07-13,1.0033109188079834,107.95999908447266,3.13,2.91,0.3857500826295407,2.744249917370459,0.13123759782369682,-0.21999999999999975,0.8600006103515625
2022-07-14,1.0032706260681152,108.54000091552734,3.15,2.96,0.5023355094984915,2.6476644905015085,0.1104569829957378,-0.18999999999999995,1.410003662109375
2022-07-15,1.0025665760040283,108.05999755859375,3.13,2.93,0.445794826058272,2.684205173941728,0.036075070862804814,-0.19999999999999973,1.0499954223632812
2022-07-18,1.009631872177124,107.37000274658203,3.15,2.96,0.4887826033157134,2.6612173966842865,-0.0049246025819384975,-0.18999999999999995,-0.649993896484375
2022-07-19,1.0145177841186523,106.68000030517578,3.23,3.01,0.5716304530668107,2.6583695469331894,-0.07781145833925818,-0.2200000000000002,-1.3899993896484375
2022-07-20,1.0231330394744873,107.08000183105469,3.25,3.04,0.5409764075454857,2.709023592454514,-0.03522632491594502,-0.20999999999999996,-0.8799972534179688
2022-07-21,1.0182781219482422,106.91000366210938,3.1,2.91,0.5829219344370368,2.517078065562963,-0.13058642493854533,-0.18999999999999995,-1.6299972534179688
2022-07-22,1.0221081972122192,106.7300033569336,2.98,2.77,0.3877630066190698,2.59223699338093,-0.09196818056079792,-0.20999999999999996,-1.3299942016601562
2022-07-25,1.0200231075286865,106.4800033569336,3.0,2.81,0.4241851904738203,2.5758148095261797,-0.08540258715810678,-0.18999999999999995,-0.8899993896484375
2022-07-26,1.022494912147522,107.19000244140625,3.02,2.81,0.3092699120763464,2.7107300879236536,0.052360540990464166,-0.20999999999999996,0.5100021362304688
2022-07-27,1.0129557847976685,106.44999694824219,2.96,2.78,0.351422958683389,2.608577041316611,-0.10044655113790313,-0.18000000000000016,-0.6300048828125
2022-07-28,1.0209290981292725,106.3499984741211,2.85,2.68,0.2279899572195516,2.6220100427804485,0.10493197721748526,-0.16999999999999993,-0.5600051879882812
2022-07-29,1.0192328691482544,105.9000015258789,2.89,2.67,0.2543910607748882,2.635608939225112,0.04337194584418169,-0.2200000000000002,-0.8300018310546875
2022-08-01,1.0208247900009155,105.44999694824219,2.9,2.6,0.206210462690846,2.693789537309154,0.11797472778297413,-0.2999999999999998,-1.0300064086914062
2022-08-02,1.0261356830596924,106.23999786376953,3.06,2.75,0.2346754247057516,2.8253245752942484,0.11459448737059486,-0.31000000000000005,-0.9500045776367188
2022-08-03,1.015568733215332,106.51000213623047,3.1,2.73,0.3457380873305089,2.754261912669491,0.14568487135288022,-0.3700000000000001,0.06000518798828125
2022-08-04,1.015764594078064,105.69000244140625,3.03,2.68,0.3159630846369179,2.714036915363082,0.09202687258263342,-0.34999999999999964,-0.6599960327148438
2022-08-05,1.024779200553894,106.62000274658203,3.24,2.83,0.430584908970558,2.809415091029442,0.17380615180433034,-0.41000000000000014,0.720001220703125
2022-08-08,1.0170871019363403,106.44000244140625,3.21,2.77,0.3925202181585741,2.817479781841426,0.12369024453227206,-0.43999999999999995,0.9900054931640625
2022-08-09,1.0197629928588867,106.37000274658203,3.28,2.8,0.4593522948865773,2.8206477051134224,-0.004676870180825965,-0.48,0.1300048828125
2022-08-10,1.0208144187927246,105.19999694824219,3.23,2.78,0.4009288006593223,2.8290711993406776,0.07480928667118647,-0.4500000000000002,-1.3100051879882812
2022-08-11,1.0300782918930054,105.08999633789062,3.23,2.87,0.4297783408322031,2.800221659167797,0.08618474380471497,-0.3599999999999999,-0.600006103515625
2022-08-12,1.0316723585128784,105.62999725341797,3.25,2.84,0.4472355062487843,2.8027644937512157,-0.006650597278226478,-0.41000000000000014,-0.9900054931640625
2022-08-15,1.0256409645080566,106.55000305175781,3.2,2.79,0.4368989823936386,2.7631010176063615,-0.05437876423506438,-0.41000000000000014,0.1100006103515625
2022-08-16,1.0161981582641602,106.5,3.25,2.82,0.4741722948702058,2.775827705129794,-0.04481999998362829,-0.43000000000000016,0.12999725341796875
2022-08-17,1.0170663595199585,106.56999969482422,3.28,2.89,0.6364130651496627,2.643586934850337,-0.1854842644903405,-0.3899999999999997,1.3700027465820312
2022-08-18,1.0180189609527588,107.4800033569336,3.22,2.88,0.667685743619475,2.5523142563805252,-0.24790740278727164,-0.3400000000000003,2.3900070190429688
2022-08-19,1.0089900493621826,108.16999816894531,3.25,2.98,0.7322906271220644,2.5177093728779356,-0.2850551208732801,-0.27,2.5400009155273438
2022-08-22,1.0035223960876465,109.05000305175781,3.32,3.03,0.7977765397950236,2.5222234602049762,-0.24087755740138528,-0.29000000000000004,2.5
2022-08-23,0.9939467906951904,108.62000274658203,3.29,3.05,0.824596071427095,2.465403928572905,-0.31042377655688913,-0.2400000000000002,2.1200027465820312
2022-08-24,0.9966909885406494,108.68000030517578,3.36,3.11,0.8442686900836867,2.515731309916313,-0.12785562493402391,-0.25,2.1100006103515625
2022-08-25,0.9969095587730408,108.47000122070312,3.35,3.03,0.7731331466604079,2.576866853339592,0.024552596959066975,-0.3200000000000003,0.9899978637695312
2022-08-26,0.9971283078193665,108.80000305175781,3.37,3.04,0.8822836426417826,2.4877163573582175,-0.029993015519718114,-0.33000000000000007,0.6300048828125
2022-08-29,0.993867814540863,108.83999633789062,3.42,3.12,0.9687377921993434,2.4512622078006565,-0.07096125240431972,-0.2999999999999998,-0.2100067138671875
2022-08-30,1.0014019012451172,108.7699966430664,3.46,3.11,0.9910933484952588,2.4689066515047413,0.0035027229318362885,-0.3500000000000001,0.149993896484375
2022-08-31,1.0025062561035156,108.69999694824219,3.45,3.15,1.0755895221438925,2.3744104778561077,-0.14132083206020551,-0.30000000000000027,0.01999664306640625
2022-09-01,1.003905177116394,109.69000244140625,3.51,3.26,1.071420116302356,2.438579883697644,-0.13828696964194842,-0.25,1.220001220703125
2022-09-02,0.995232880115509,109.52999877929688,3.4,3.2,0.978366094840494,2.421633905159506,-0.06608245219871156,-0.19999999999999973,0.7299957275390625
2022-09-06,0.9952229857444763,110.20999908447266,3.5,3.33,1.001828262410104,2.498171737589896,0.04690952978923946,-0.16999999999999993,1.3700027465820312
2022-09-07,0.9897951483726501,109.83999633789062,3.45,3.27,0.8827529867824424,2.5672470132175578,0.09834036171281646,-0.18000000000000016,1.0699996948242188
2022-09-08,0.9995701909065247,109.70999908447266,3.48,3.29,1.0085898110864164,2.4714101889135835,0.09699971105747585,-0.18999999999999995,1.0100021362304688
2022-09-09,1.0012015104293823,109.0,3.56,3.33,1.1944739168797565,2.3655260831202436,-0.07305380057740019,-0.22999999999999998,-0.69000244140625
2022-09-12,1.0071406364440918,108.33000183105469,3.58,3.37,1.2029409655619787,2.3770590344380214,-0.04457487072148458,-0.20999999999999996,-1.1999969482421875
2022-09-13,1.0129557847976685,109.81999969482422,3.75,3.42,1.2885520518595577,2.4614479481404423,-0.03672378944945365,-0.33000000000000007,-0.3899993896484375
2022-09-14,0.9982032775878906,109.66000366210938,3.78,3.41,1.3030152924592215,2.4769847075407783,-0.09026230567677951,-0.36999999999999966,-0.17999267578125
2022-09-15,0.9984025359153748,109.73999786376953,3.87,3.45,1.3754707982924606,2.4945292017075396,0.023119012793956006,-0.41999999999999993,0.029998779296875
2022-09-16,0.9988313317298889,109.76000213623047,3.85,3.45,1.4520247492905076,2.3979752507094925,0.03244916758924887,-0.3999999999999999,0.7600021362304688
2022-09-19,1.002234935760498,109.73999786376953,3.95,3.49,1.4609124317361897,2.4890875682638107,0.11202853382578937,-0.45999999999999996,1.4099960327148438
2022-09-20,1.0029587745666504,110.22000122070312,3.96,3.57,1.6138090171454076,2.3461909828545924,-0.11525696528584994,-0.3900000000000001,0.40000152587890625
2022-09-21,0.997078537940979,110.63999938964844,4.02,3.51,1.62103824867088,2.3989617513291197,-0.07802295621165856,-0.5099999999999998,0.9799957275390625
2022-09-22,0.983071506023407,111.3499984741211,4.11,3.7,1.747941824640474,2.3620581753595262,-0.13247102634801333,-0.41000000000000014,1.6100006103515625
2022-09-23,0.9841550588607788,113.19000244140625,4.2,3.69,1.8146768785320344,2.385323121467966,-0.012652129241526477,-0.5100000000000002,3.4300003051757812
2022-09-26,0.968992292881012,114.0999984741211,4.27,3.88,1.868977705683478,2.4010222943165216,-0.08806527394728914,-0.3899999999999997,4.3600006103515625
2022-09-27,0.9623712301254272,114.11000061035156,4.3,3.97,1.8867192043588563,2.4132807956411435,0.06708981278655113,-0.3299999999999996,3.8899993896484375
2022-09-28,0.9596191644668579,112.5999984741211,4.07,3.72,1.778489176985148,2.2915108230148524,-0.10745092831426728,-0.3500000000000001,1.9599990844726562
2022-09-29,0.9708172082901001,112.25,4.16,3.76,1.7967836028619484,2.3632163971380518,0.0011582217785255366,-0.40000000000000036,0.9000015258789062
2022-09-30,0.9829555749893188,112.12000274658203,4.22,3.83,1.6662186292632288,2.553781370736771,0.16845824926880493,-0.3899999999999997,-1.0699996948242188
2022-10-03,0.9792688488960266,111.75,4.12,3.67,1.6021755567912894,2.5178244432087107,0.1168021488921891,-0.4500000000000002,-2.3499984741210938
2022-10-04,0.9832068681716919,110.06999969482422,4.1,3.62,1.4885984061504232,2.6114015938495765,0.19812079820843298,-0.47999999999999954,-4.040000915527344
2022-10-05,0.998432457447052,111.06999969482422,4.15,3.76,1.55954502423572,2.5904549757642803,0.29894415274942787,-0.39000000000000057,-1.529998779296875
2022-10-06,0.9910998940467834,112.26000213623047,4.23,3.83,1.7044343200207606,2.52556567997924,0.1623492828411881,-0.40000000000000036,0.01000213623046875
2022-10-07,0.9789045453071594,112.80000305175781,4.3,3.89,1.795358400889012,2.504641599110988,-0.04913977162578309,-0.4099999999999997,0.6800003051757812
2022-10-11,0.9710057377815247,113.22000122070312,4.3,3.93,1.8418460361551316,2.458153963844868,-0.05967047936384251,-0.36999999999999966,1.470001220703125
2022-10-12,0.9700167775154114,113.31999969482422,4.28,3.91,1.808553386016209,2.471446613983791,-0.1399549798657853,-0.3700000000000001,3.25
2022-10-13,0.9707984328269958,112.36000061035156,4.47,3.97,1.8664951735060964,2.6035048264939036,0.01304985072962328,-0.49999999999999956,1.2900009155273438
2022-10-14,0.975134015083313,113.30999755859375,4.48,4.0,1.8322400829438272,2.647759917056173,0.12219423707693311,-0.4800000000000004,1.0499954223632812
2022-10-17,0.973937451839447,112.04000091552734,4.45,4.02,1.8506720095265785,2.5993279904734217,0.09468639136243384,-0.4300000000000006,-0.7600021362304688
2022-10-18,0.9846396446228027,112.12999725341797,4.43,4.01,1.9037067953834337,2.5262932046165663,0.06813924077169808,-0.41999999999999993,-1.0900039672851562
2022-10-19,0.9863878488540649,112.9800033569336,4.55,4.14,2.038661790069524,2.511338209930476,0.03989159594668479,-0.41000000000000014,-0.339996337890625
2022-10-20,0.9766482710838318,112.87999725341797,4.62,4.24,2.095670331544454,2.5243296684555463,-0.07917515803835729,-0.3799999999999999,0.5199966430664062
2022-10-21,0.9778899550437927,112.01000213623047,4.49,4.21,2.058615316587561,2.431384683412439,-0.2163752336437339,-0.28000000000000025,-1.2999954223632812
2022-10-24,0.9860085844993591,111.98999786376953,4.5,4.25,1.992367967609861,2.507632032390139,-0.09169595808328257,-0.25,-0.0500030517578125
2022-10-25,0.9886503219604492,110.94999694824219,4.42,4.1,1.9410446671701629,2.478955332829837,-0.04733787178672921,-0.3200000000000003,-1.1800003051757812
2022-10-26,0.9963731169700623,109.69999694824219,4.39,4.04,1.940309370631436,2.449690629368564,-0.06164758056191211,-0.34999999999999964,-3.2800064086914062
2022-10-27,1.009193778038025,110.58999633789062,4.3,3.96,1.8644542593872964,2.4355457406127035,-0.08878392784284284,-0.33999999999999986,-2.2900009155273438
2022-10-28,0.9967803955078125,110.66999816894531,4.41,4.02,1.8698075731858244,2.540192426814176,0.10880774340173671,-0.39000000000000057,-1.3400039672851562
2022-10-31,0.9955002665519714,111.52999877929688,4.51,4.1,1.9202924618193091,2.589707538180691,0.08207550579055178,-0.41000000000000014,-0.45999908447265625
2022-11-01,0.9886307716369629,111.4800033569336,4.54,4.07,1.8869579955011613,2.6530420044988388,0.1740866716690017,-0.46999999999999975,0.5300064086914062
2022-11-02,0.9877909421920776,111.3499984741211,4.61,4.1,1.8972637618865544,2.712736238113446,0.26304560874488203,-0.5100000000000007,1.6500015258789062
2022-11-03,0.9814409017562866,112.93000030517578,4.71,4.14,1.9661528533413088,2.743847146658691,0.30830140604598766,-0.5700000000000003,2.3400039672851562
2022-11-04,0.9749630093574524,110.87999725341797,4.66,4.17,2.0325129604837144,2.6274870395162857,0.08729461270210992,-0.4900000000000002,0.20999908447265625
2022-11-07,0.9928810596466064,110.12000274658203,4.72,4.22,2.103372136231835,2.616627863768165,0.026920325587473926,-0.5,-1.4099960327148438
2022-11-08,1.0018634796142578,109.62000274658203,4.67,4.14,2.130112955056374,2.539887044943626,-0.11315495955521282,-0.5300000000000002,-1.8600006103515625
2022-11-09,1.008084774017334,110.55000305175781,4.61,4.12,2.130112955056365,2.479887044943635,-0.23284919316981068,-0.4900000000000002,-0.7999954223632812
2022-11-10,1.0019538402557373,108.20999908447266,4.34,3.82,1.9723529416909635,2.3676470583090365,-0.37620008834965457,-0.52,-4.720001220703125
2022-11-14,1.0328551530838013,106.66000366210938,4.4,3.88,2.087091098942852,2.312908901057148,-0.3145781384591375,-0.5200000000000005,-4.219993591308594
2022-11-15,1.0319278240203857,106.4000015258789,4.37,3.8,2.1014146577584576,2.2685853422415425,-0.3480425215266223,-0.5700000000000003,-3.720001220703125
2022-11-16,1.0357863903045654,106.27999877929688,4.35,3.67,2.084008661499306,2.265991338500694,-0.27389570644293215,-0.6799999999999997,-3.3400039672851562
2022-11-17,1.0395010709762573,106.69000244140625,4.43,3.77,2.0612989488610167,2.368701051138983,-0.11118599380465222,-0.6599999999999997,-3.8600006103515625
2022-11-18,1.036172866821289,106.93000030517578,4.51,3.82,2.018950084966263,2.4910499150337366,0.12340285672470008,-0.69,-1.279998779296875
2022-11-21,1.0330898761749268,107.83999633789062,4.48,3.83,2.0047775559055783,2.475222444094422,0.16231354303727397,-0.6500000000000004,1.17999267578125
2022-11-22,1.0245691537857056,107.22000122070312,4.47,3.76,2.0457049057857546,2.424295094214245,0.15570975197270265,-0.71,0.8199996948242188
2022-11-23,1.0311086177825928,106.08000183105469,4.46,3.71,2.0584494834149383,2.4015505165850617,0.1355591780843679,-0.75,-0.1999969482421875
2022-11-25,1.040810227394104,105.95999908447266,4.42,3.68,2.095491886377564,2.324508113622436,-0.04419293751654685,-0.7399999999999998,-0.7300033569335938
2022-11-28,1.0367528200149536,106.68000030517578,4.46,3.69,2.078470592703055,2.381529407296945,-0.10952050773679156,-0.77,-0.25
2022-11-29,1.034554123878479,106.81999969482422,4.48,3.75,2.000685294735888,2.4793147052641125,0.004092261169690303,-0.7300000000000004,-1.0199966430664062
2022-11-30,1.0324499607086182,105.94999694824219,4.38,3.68,2.0378229449647427,2.342177055035257,-0.08211803917898797,-0.6999999999999997,-1.2700042724609375
2022-12-01,1.042535424232483,104.7300033569336,4.25,3.53,1.922140242759317,2.3278597572406827,-0.07369075934437896,-0.7200000000000002,-1.3499984741210938
2022-12-02,1.052842140197754,104.55000305175781,4.28,3.51,1.957771136629288,2.322228863370712,-0.00227925025172393,-0.7700000000000005,-1.4099960327148438
2022-12-05,1.0544185638427734,105.29000091552734,4.41,3.6,1.990850016047067,2.4191499839529333,0.03762057665598828,-0.81,-1.3899993896484375
2022-12-06,1.0496923923492432,105.58000183105469,4.34,3.51,1.9406936410728115,2.3993063589271886,-0.08000834633692389,-0.8300000000000001,-1.2399978637695312
2022-12-07,1.0469011068344116,105.0999984741211,4.26,3.42,1.906255100980616,2.353744899019384,0.011567843984126913,-0.8399999999999999,-0.8499984741210938
2022-12-08,1.051325798034668,104.7699966430664,4.31,3.48,1.929789257221064,2.3802107427789356,0.0523509855382529,-0.8299999999999996,0.0399932861328125
2022-12-09,1.0559661388397217,104.80999755859375,4.33,3.57,2.031453341217061,2.2985466587829393,-0.023682204587772926,-0.7600000000000002,0.2599945068359375
2022-12-12,1.0522217750549316,105.12999725341797,4.39,3.61,2.035024669781803,2.354975330218197,-0.06417465373473652,-0.7799999999999998,-0.160003662109375
2022-12-13,1.0541739463806152,103.9800033569336,4.22,3.51,1.9767289639652827,2.243271036034717,-0.15603532289247157,-0.71,-1.5999984741210938
2022-12-14,1.062665343284607,103.7699966430664,4.23,3.49,1.9879907657421152,2.2420092342578855,-0.11173566476149865,-0.7400000000000002,-1.3300018310546875
2022-12-15,1.0676347017288208,104.55999755859375,4.23,3.44,2.15306390863348,2.0769360913665205,-0.30327465141241516,-0.7900000000000005,-0.20999908447265625
2022-12-16,1.064056158065796,104.69999694824219,4.17,3.48,2.353045986264086,1.8169540137359141,-0.48159264504702515,-0.69,-0.1100006103515625
2022-12-19,1.05850350856781,104.72000122070312,4.25,3.57,2.317665015367384,1.9323349846326159,-0.42264034558558095,-0.6800000000000002,-0.40999603271484375
2022-12-20,1.0614584684371948,103.97000122070312,4.25,3.69,2.3842690999251674,1.8657309000748326,-0.37754013595988445,-0.56,-0.01000213623046875
2022-12-21,1.062699317932129,104.16000366210938,4.21,3.68,2.3820105554882285,1.8279894445117715,-0.414019789746114,-0.5299999999999998,0.39000701904296875
2022-12-22,1.0610079765319824,104.43000030517578,4.24,3.67,2.4496776493245087,1.7903223506754915,-0.28661374069102896,-0.5700000000000003,-0.12999725341796875
2022-12-23,1.060333013534546,104.30999755859375,4.31,3.75,2.4879402870114675,1.822059712988532,0.005105699252617946,-0.5599999999999996,-0.3899993896484375
2022-12-27,1.064022183418274,104.18000030517578,4.32,3.84,2.4920564331104176,1.8279435668895827,-0.10439141774303318,-0.4800000000000004,-0.5400009155273438
2022-12-28,1.0637166500091553,104.45999908447266,4.31,3.88,2.4961170374074646,1.813882962592535,-0.051847937482297546,-0.4299999999999997,0.48999786376953125
2022-12-29,1.062925100326538,103.83999633789062,4.34,3.83,2.511002322187056,1.8289976778129438,0.0010082333011722788,-0.5099999999999998,-0.32000732421875
2022-12-30,1.066075325012207,103.5199966430664,4.41,3.88,2.565336451215762,1.8446635487842382,0.05434119810874671,-0.5300000000000002,-0.910003662109375
2023-01-03,1.0677714347839355,104.5199966430664,4.4,3.79,2.546283778786453,1.8537162212135474,0.03165650822501531,-0.6100000000000003,0.20999908447265625
2023-01-04,1.0546854734420776,104.25,4.36,3.69,2.483008964506129,1.8769910354938713,0.04904746860428855,-0.6700000000000004,0.06999969482421875
2023-01-05,1.0606365203857422,105.04000091552734,4.45,3.71,2.5383481512088126,1.9116518487911875,0.09776888619865254,-0.7400000000000002,0.5800018310546875
2023-01-06,1.0522217750549316,103.87999725341797,4.24,3.55,2.51956357950473,1.72043642049527,-0.10856125731767374,-0.6900000000000004,0.04000091552734375
2023-01-09,1.0656323432922363,103.0,4.19,3.53,2.4683140364569285,1.721685963543072,-0.12297758524116631,-0.6600000000000006,-0.5199966430664062
2023-01-10,1.073318362236023,103.23999786376953,4.24,3.61,2.516520986693499,1.723479013306501,-0.1302372079070464,-0.6300000000000003,-1.279998779296875
2023-01-11,1.0738946199417114,103.19000244140625,4.2,3.54,2.490685499222022,1.7093145007779782,-0.16767653471589306,-0.6600000000000001,-1.05999755859375
2023-01-12,1.0766000747680664,102.25,4.12,3.43,2.4353470700411144,1.6846529299588857,-0.22699891883230183,-0.69,-2.7900009155273438
2023-01-13,1.0860239267349243,102.19999694824219,4.22,3.49,2.417843795472366,1.8021562045276336,0.08171978403236357,-0.7299999999999995,-1.6800003051757812
2023-01-17,1.0830129384994507,102.38999938964844,4.18,3.53,2.418051341047806,1.7619486589521935,0.04026269540912164,-0.6499999999999999,-0.6100006103515625
2023-01-18,1.0793308019638062,102.36000061035156,4.06,3.37,2.284162711099747,1.7758372889002527,0.052358275593751724,-0.6899999999999995,-0.8799972534179688
2023-01-19,1.0797853469848633,102.05999755859375,4.09,3.39,2.3732918577247277,1.7167081422752721,0.007393641497293935,-0.6999999999999997,-1.1300048828125
2023-01-20,1.083388328552246,102.01000213623047,4.14,3.48,2.4418335055022475,1.6981664944977521,0.01351356453886643,-0.6599999999999997,-0.23999786376953125
2023-01-23,1.086507797241211,102.13999938964844,4.21,3.52,2.45094911579032,1.75905088420968,-0.043105320317953666,-0.69,-0.05999755859375
2023-01-24,1.0874292850494385,101.91999816894531,4.12,3.46,2.468910902801844,1.651089097198156,-0.11085956175403755,-0.6600000000000001,-0.470001220703125
2023-01-25,1.088814616203308,101.63999938964844,4.11,3.46,2.383698149213637,1.7263018507863634,-0.049535438113889274,-0.6500000000000004,-0.720001220703125
2023-01-26,1.0922038555145264,101.83999633789062,4.17,3.49,2.430065262899688,1.7399347371003118,0.023226594825039637,-0.6799999999999997,-0.220001220703125
2023-01-27,1.0894432067871094,101.93000030517578,4.19,3.52,2.471055684076287,1.7189443159237134,0.020777821425961296,-0.6700000000000004,-0.0800018310546875
2023-01-30,1.0871455669403076,102.27999877929688,4.25,3.55,2.543510404967572,1.7064895950324281,-0.05256128917725178,-0.7000000000000002,0.1399993896484375
2023-01-31,1.0850694179534912,102.0999984741211,4.21,3.52,2.5071773696943893,1.7028226303056107,0.051733533107454654,-0.69,0.18000030517578125
2023-02-01,1.0860947370529175,101.22000122070312,4.09,3.39,2.523092110729766,1.566907889270234,-0.1593939615161295,-0.6999999999999997,-0.4199981689453125
2023-02-02,1.1012852191925049,101.75,4.09,3.4,2.4115555678889424,1.6784444321110574,-0.06149030498925434,-0.69,-0.089996337890625
2023-02-03,1.0905125141143799,102.91999816894531,4.3,3.53,2.4148278319108263,1.8851721680891735,0.1662278521654601,-0.77,0.9899978637695312
2023-02-06,1.079086184501648,103.62000274658203,4.44,3.63,2.4683538902568105,1.9716461097431899,0.26515651471076174,-0.8100000000000005,1.3400039672851562
2023-02-07,1.0730764865875244,103.43000030517578,4.47,3.67,2.4972408966526087,1.972759103347391,0.26993647304178037,-0.7999999999999998,1.3300018310546875
2023-02-08,1.0729728937149048,103.41000366210938,4.45,3.63,2.5893589029066173,1.8606410970933829,0.29373320782314893,-0.8200000000000003,2.19000244140625
2023-02-09,1.0715816020965576,103.22000122070312,4.48,3.67,2.5508368316472145,1.929163168352786,0.25071873624172847,-0.8100000000000005,1.470001220703125
2023-02-10,1.0742292404174805,103.62999725341797,4.5,3.74,2.6244977897457047,1.8755022102542953,-0.009669957834878229,-0.7599999999999998,0.7099990844726562
2023-02-13,1.0677714347839355,103.3499984741211,4.52,3.72,2.675666502704129,1.8443334972958705,-0.1273126124473194,-0.7999999999999994,-0.2700042724609375
2023-02-14,1.0730419158935547,103.2300033569336,4.6,3.77,2.7505892299672565,1.8494107700327431,-0.1233483333146479,-0.8299999999999996,-0.1999969482421875
2023-02-15,1.0735719203948975,103.91999816894531,4.62,3.81,2.7467068493087465,1.8732931506912536,0.012652053597870694,-0.81,0.5099945068359375
2023-02-16,1.0691757202148438,103.86000061035156,4.62,3.86,2.7819962242555727,1.8380037757444274,-0.09115939260835848,-0.7600000000000002,0.6399993896484375
2023-02-17,1.0665756464004517,103.86000061035156,4.6,3.82,2.753165841778893,1.8468341582211067,-0.028668052033188562,-0.7799999999999998,0.23000335693359375
2023-02-21,1.068261981010437,104.18000030517578,4.67,3.95,2.8502222654765177,1.8197777345234822,-0.024555762772388245,-0.7199999999999998,0.8300018310546875
2023-02-22,1.065200924873352,104.58999633789062,4.66,3.93,2.820118609068605,1.8398813909313954,-0.009529379101347768,-0.73,1.3599929809570312
2023-02-23,1.0605803728103638,104.5999984741211,4.66,3.88,2.812225332855386,1.847774667144614,-0.025518483546639548,-0.7800000000000002,0.6800003051757812
2023-02-24,1.0598047971725464,105.20999908447266,4.78,3.95,2.9392259172414485,1.8407740827585517,0.0027703070141242847,-0.8300000000000001,1.3499984741210938
2023-02-27,1.0554758310317993,104.66999816894531,4.78,3.92,2.955940428720977,1.8240595712790233,-0.022774586942083452,-0.8600000000000003,0.80999755859375
2023-02-28,1.0611205101013184,104.87000274658203,4.81,3.92,3.0819028976254854,1.7280971023745142,-0.09168063214896804,-0.8899999999999997,0.69000244140625
2023-03-01,1.0577309131622314,104.4800033569336,4.89,4.01,3.107496639510386,1.7825033604896139,-0.05737803044178147,-0.8799999999999999,-0.10999298095703125
2023-03-02,1.066894292831421,105.02999877929688,4.89,4.08,3.092462369186412,1.7975376308135878,-0.050237036331026275,-0.8099999999999996,0.43000030517578125
2023-03-03,1.0599732398986816,104.5199966430664,4.86,3.97,3.1235908566897423,1.736409143310258,-0.10436493944829373,-0.8900000000000001,-0.69000244140625
2023-03-06,1.0626201629638672,104.3499984741211,4.89,3.98,3.21255737471705,1.6774426252829495,-0.14661694599607378,-0.9099999999999997,-0.31999969482421875
2023-03-07,1.0688328742980957,105.62000274658203,5.0,3.97,3.165240311941172,1.8347596880588282,0.10666258568431397,-1.0299999999999998,0.75
2023-03-08,1.05507493019104,105.66000366210938,5.05,3.98,3.1939231086350777,1.8560768913649222,0.07357353087530827,-1.0699999999999998,1.1800003051757812
2023-03-09,1.0549525022506714,105.30999755859375,4.9,3.93,3.1669737211522246,1.7330262788477757,-0.06451135196581204,-0.9700000000000002,0.279998779296875
2023-03-10,1.0584698915481567,104.58000183105469,4.6,3.7,2.9391974219533576,1.660802578046642,-0.07560656526361598,-0.8999999999999995,0.06000518798828125
2023-03-13,1.0683646202087402,103.5999984741211,4.03,3.55,2.582924545124204,1.447075454875796,-0.2303671704071535,-0.4800000000000004,-0.75
2023-03-14,1.0725010633468628,103.5999984741211,4.2,3.64,2.850468326166118,1.3495316738338823,-0.4852280142249459,-0.56,-2.0200042724609375
2023-03-15,1.0727657079696655,104.6500015258789,3.93,3.51,2.4157954055747446,1.5142045944252556,-0.3418722969396666,-0.4200000000000004,-1.0100021362304688
2023-03-16,1.0583354234695435,104.41999816894531,4.14,3.56,2.4729174732066603,1.6670825267933393,-0.06594375205443637,-0.5799999999999996,-0.8899993896484375
2023-03-17,1.0614134073257446,103.70999908447266,3.81,3.39,2.369973346543386,1.4400266534566142,-0.22077592459002782,-0.41999999999999993,-0.8700027465820312
2023-03-20,1.0678855180740356,103.27999877929688,3.92,3.47,2.2723030397636004,1.6476969602363996,0.20062150536060352,-0.44999999999999973,-0.31999969482421875
2023-03-21,1.071914792060852,103.26000213623047,4.17,3.59,2.455111966123495,1.714888033876505,0.3653563600426226,-0.5800000000000001,-0.339996337890625
2023-03-22,1.0774236917495728,102.3499984741211,3.96,3.48,2.637997598353074,1.3220024016469258,-0.19220219277832973,-0.48,-2.3000030517578125
2023-03-23,1.0870392322540283,102.52999877929688,3.76,3.38,2.4841834609511038,1.275816539048896,-0.3912659877444433,-0.3799999999999999,-1.8899993896484375
2023-03-24,1.0835057497024536,103.12000274658203,3.76,3.38,2.3040471855891558,1.455952814410844,0.01592616095422983,-0.3799999999999999,-0.589996337890625
2023-03-27,1.077818512916565,102.86000061035156,3.94,3.53,2.4779187277228067,1.4620812722771932,-0.18561568795920635,-0.41000000000000014,-0.4199981689453125
2023-03-28,1.0807071924209595,102.43000030517578,4.02,3.55,2.485753086842742,1.5342469131572574,-0.18064112071924754,-0.46999999999999975,-0.8300018310546875
2023-03-29,1.0839520692825317,102.63999938964844,4.08,3.57,2.54143094329267,1.5385690567073302,0.2165666550604044,-0.5100000000000002,0.29000091552734375
2023-03-30,1.0843634605407715,102.13999938964844,4.1,3.55,2.665786479413865,1.4342135205861348,0.1583969815372388,-0.5499999999999998,-0.3899993896484375
2023-03-31,1.0904649496078491,102.51000213623047,4.06,3.48,2.6178698624258403,1.4421301375741593,-0.0138226768366847,-0.5799999999999996,-0.6100006103515625
2023-04-03,1.0803335905075073,102.08999633789062,3.97,3.43,2.6273474139960062,1.342652586003994,-0.11942868627319925,-0.54,-0.7700042724609375
2023-04-04,1.091226577758789,101.58999633789062,3.84,3.35,2.6356119444608197,1.2043880555391802,-0.3298588576180772,-0.48999999999999977,-0.8400039672851562
2023-04-05,1.0960105657577515,101.8499984741211,3.79,3.3,2.501501831047471,1.288498168952529,-0.25007088775480124,-0.4900000000000002,-0.7900009155273438
2023-04-06,1.090334177017212,101.81999969482422,3.82,3.3,2.4693855880900277,1.3506144119099721,-0.08359910867616271,-0.52,-0.31999969482421875
2023-04-11,1.086932897567749,102.19999694824219,4.03,3.43,2.621938679621374,1.4080613203786263,-0.03406881719553301,-0.6000000000000001,-0.31000518798828125
2023-04-12,1.0917507410049438,101.5,3.95,3.41,2.6898515579233964,1.2601484420766038,-0.08250414392739014,-0.54,-0.589996337890625
2023-04-13,1.0999890565872192,101.01000213623047,3.96,3.45,2.6758730124022394,1.2841269875977606,0.0797389320585804,-0.5099999999999998,-0.5799942016601562
2023-04-14,1.1054610013961792,101.55000305175781,4.08,3.52,2.7721003136868423,1.3078996863131578,0.019401517360628784,-0.56,-0.29999542236328125
2023-04-17,1.098659634590149,102.0999984741211,4.18,3.6,2.794299125300649,1.3857008746993507,0.03508646278937855,-0.5799999999999996,0.279998779296875
2023-04-18,1.0925379991531372,101.75,4.19,3.58,2.8027190806913023,1.3872809193086981,-0.020780401069928178,-0.6100000000000003,-0.4499969482421875
2023-04-19,1.0975382328033447,101.97000122070312,4.24,3.6,2.876840210382918,1.3631597896170824,0.10301134754047858,-0.6400000000000001,0.470001220703125
2023-04-20,1.095218300819397,101.83999633789062,4.14,3.54,2.8369815110996783,1.3030184889003213,0.018891501302560787,-0.5999999999999996,0.8299942016601562
2023-04-21,1.0970927476882935,101.81999969482422,4.17,3.57,2.8448744048913435,1.3251255951086565,0.01722590879549868,-0.6000000000000001,0.26999664306640625
2023-04-24,1.0992271900177002,101.3499984741211,4.12,3.52,2.873230652667898,1.2467693473321022,-0.13893152736724845,-0.6000000000000001,-0.75
2023-04-25,1.1059499979019165,101.86000061035156,3.86,3.4,2.765111287626422,1.094888712373578,-0.29239220693512014,-0.45999999999999996,0.1100006103515625
2023-04-26,1.0978394746780396,101.47000122070312,3.9,3.43,2.6950072587995644,1.2049927412004355,-0.15816704841664686,-0.46999999999999975,-0.5
2023-04-27,1.1047282218933105,101.5,4.07,3.53,2.7512450355515217,1.3187549644484786,0.01573647554815727,-0.5400000000000005,-0.339996337890625
2023-04-28,1.1032048463821411,101.66999816894531,4.04,3.44,2.6848043965691053,1.3551956034308947,0.030070008322238273,-0.6000000000000001,-0.15000152587890625
2023-05-02,1.0969241857528687,101.95999908447266,3.97,3.44,2.6927415498791043,1.277258450120896,0.030489102788793687,-0.5300000000000002,0.6100006103515625
2023-05-03,1.1010911464691162,101.33999633789062,3.89,3.38,2.563151661274414,1.3268483387255863,0.23195962635200829,-0.5100000000000002,-0.5200042724609375
2023-05-04,1.1068925857543945,101.4000015258789,3.75,3.37,2.5553335300283497,1.1946664699716503,-0.010326271228785266,-0.3799999999999999,-0.06999969482421875
2023-05-05,1.102292776107788,101.20999908447266,3.92,3.44,2.5031414451536937,1.4168585548463062,0.09810359039782757,-0.48,-0.29000091552734375
2023-05-08,1.10186767578125,101.37000274658203,4.0,3.52,2.5678561174972647,1.4321438825027353,0.07694827907184054,-0.48,-0.29999542236328125
2023-05-09,1.0996140241622925,101.63999938964844,4.01,3.53,2.572856405963255,1.437143594036745,0.15988514391584907,-0.48,-0.31999969482421875
2023-05-10,1.096467137336731,101.4800033569336,3.9,3.43,2.51295480231844,1.38704519768156,0.06019685895597382,-0.46999999999999975,0.14000701904296875
2023-05-11,1.098406195640564,102.05999755859375,3.89,3.39,2.46253122937565,1.4274687706243503,0.23280230065270002,-0.5,0.6599960327148438
2023-05-12,1.0912145376205444,102.68000030517578,3.98,3.46,2.5155727016596314,1.4644272983403686,0.04756874349406237,-0.52,1.470001220703125
2023-05-15,1.0852696895599365,102.43000030517578,3.99,3.5,2.5446029134814303,1.44539708651857,0.01325320401583463,-0.4900000000000002,1.05999755859375
2023-05-16,1.0873701572418213,102.55999755859375,4.06,3.54,2.561432719568333,1.4985672804316668,0.061423686394921795,-0.5199999999999996,0.9199981689453125
2023-05-17,1.0865668058395386,102.87999725341797,4.12,3.57,2.6000707891195223,1.5199292108804778,0.13288401319891774,-0.5500000000000003,1.399993896484375
2023-05-18,1.0838346481323242,103.58000183105469,4.24,3.65,2.67928689239477,1.5607131076052303,0.13324433698088,-0.5900000000000003,1.5200042724609375
2023-05-19,1.0775396823883057,103.19999694824219,4.28,3.7,2.7471737737,1.5328262263,0.06839892795963154,-0.5800000000000001,0.5199966430664062
2023-05-22,1.0822745561599731,103.19999694824219,4.29,3.72,2.7279288532,1.5620711468000001,0.11667406028143024,-0.5699999999999998,0.7699966430664062
2023-05-23,1.0811045169830322,103.48999786376953,4.26,3.7,2.7872740983,1.4727259016999996,-0.02584137873166714,-0.5599999999999996,0.9300003051757812
2023-05-24,1.076971173286438,103.88999938964844,4.31,3.73,2.7467516756,1.5632483243999995,0.04331911351952167,-0.5799999999999996,1.0100021362304688
2023-05-25,1.0757315158843994,104.20999908447266,4.5,3.83,2.8093492376,1.6906507623999998,0.12993765479476949,-0.6699999999999999,0.6299972534179688
2023-05-26,1.0724436044692993,104.20999908447266,4.54,3.8,2.8494210987,1.6905789012999999,0.1577526749999998,-0.7400000000000002,1.0100021362304688
2023-05-30,1.0707669258117676,104.16999816894531,4.46,3.69,2.7775186808,1.6824813191999999,0.12041017239999974,-0.77,0.970001220703125
2023-05-31,1.073306918144226,104.31999969482422,4.4,3.64,2.6441031237,1.7558968763000005,0.28317097460000085,-0.7600000000000002,0.8300018310546875
2023-06-01,1.0695186853408813,103.55999755859375,4.33,3.61,2.621862071,1.7081379290000003,0.14488960460000078,-0.7200000000000002,-0.3300018310546875
2023-06-02,1.0760787725448608,104.0199966430664,4.5,3.69,2.7101764811,1.7898235189,0.09917275650000024,-0.81,-0.19000244140625
2023-06-05,1.0698620080947876,104.0,4.46,3.69,2.8103150572,1.6496849428,-0.04089395849999988,-0.77,-0.20999908447265625
2023-06-06,1.0711798667907715,104.12999725341797,4.51,3.7,2.7772506474,1.7327493526,0.05026803340000008,-0.8099999999999996,-0.04000091552734375
2023-06-07,1.0698047876358032,104.0999984741211,4.56,3.79,2.814904492,1.7450955079999995,-0.010801368300001002,-0.7699999999999996,-0.220001220703125
2023-06-08,1.0707440376281738,103.33999633789062,4.52,3.73,2.8156737674,1.7043262325999997,-0.0038116964000005638,-0.7899999999999996,-0.220001220703125
2023-06-09,1.078271746635437,103.55999755859375,4.59,3.75,2.851706748,1.738293252,-0.051530266899999955,-0.8399999999999999,-0.45999908447265625
2023-06-12,1.0750954151153564,103.62999725341797,4.55,3.73,2.8282479493,1.7217520506999997,0.0720671078999997,-0.8199999999999998,-0.37000274658203125
2023-06-13,1.0762988328933716,103.33999633789062,4.67,3.84,2.879761289,1.7902387109999998,0.0574893583999998,-0.8300000000000001,-0.7900009155273438
2023-06-14,1.078934907913208,103.01000213623047,4.74,3.83,2.9274793648,1.8125206352000003,0.06742512720000082,-0.9100000000000001,-1.089996337890625
2023-06-15,1.084304690361023,102.12000274658203,4.62,3.72,2.9810342345,1.6389657655,-0.06536046709999965,-0.8999999999999999,-1.2199935913085938
2023-06-16,1.0945948362350464,102.30000305175781,4.7,3.77,3.0461809705,1.6538190295000001,-0.08447422249999992,-0.9300000000000002,-1.2599945068359375
2023-06-20,1.0924304723739624,102.54000091552734,4.68,3.74,3.0586385717,1.6213614282999997,-0.10039062239999996,-0.9399999999999995,-1.089996337890625
2023-06-21,1.0920368432998657,102.06999969482422,4.68,3.72,3.0874790329,1.5925209670999996,-0.1977177439000002,-0.9599999999999995,-1.2699966430664062
2023-06-22,1.0992635488510132,102.38999938964844,4.77,3.8,3.1331520191,1.6368479808999994,-0.1756726543000009,-0.9699999999999998,-0.6200027465820312
2023-06-23,1.0958904027938843,102.9000015258789,4.71,3.74,3.0262011384,1.6837988616000001,0.04483309610000008,-0.9699999999999998,0.779998779296875
2023-06-26,1.0906671285629272,102.69000244140625,4.65,3.72,3.0240954207,1.6259045793000002,-0.02791445019999994,-0.9300000000000002,0.3899993896484375
2023-06-27,1.091048002243042,102.48999786376953,4.74,3.77,3.0181871169,1.7218128831000001,0.1004514548000004,-0.9700000000000002,-0.0500030517578125
2023-06-28,1.0957223176956177,102.91000366210938,4.71,3.71,3.0438746421,1.6661253579,0.07360439080000036,-1.0,0.8400039672851562
2023-06-29,1.0915838479995728,103.33999633789062,4.87,3.85,3.0941406989,1.7758593011000001,0.13901132020000073,-1.02,0.9499969482421875
2023-06-30,1.0868029594421387,102.91000366210938,4.87,3.81,3.1194082381,1.7505917619,0.06679290029999985,-1.06,0.01000213623046875
2023-07-03,1.0907504558563232,102.98999786376953,4.94,3.86,3.1278154899,1.8121845101000003,0.18627993080000005,-1.0800000000000005,0.29999542236328125
2023-07-05,1.0884946584701538,103.37000274658203,4.94,3.95,3.1022951761,1.8377048239000002,0.11589194080000009,-0.9900000000000002,0.8800048828125
2023-07-06,1.0856584310531616,103.16999816894531,4.99,4.05,3.2281563247,1.7618436753000002,0.09571831740000025,-0.9400000000000004,0.2599945068359375
2023-07-07,1.0890636444091797,102.2699966430664,4.94,4.06,3.1791189338,1.7608810662000005,-0.01497823489999961,-0.8800000000000008,-1.0699996948242188
2023-07-10,1.0969723463058472,101.97000122070312,4.85,4.01,3.1796892627,1.6703107372999995,-0.08028102460000053,-0.8399999999999999,-0.94000244140625
2023-07-11,1.100594401359558,101.7300033569336,4.88,3.99,3.2061389059,1.6738610940999998,-0.13832341600000042,-0.8899999999999997,-1.2599945068359375
2023-07-12,1.101406455039978,100.5199966430664,4.72,3.86,3.1939926581,1.5260073418999998,-0.31169748200000047,-0.8599999999999999,-2.850006103515625
2023-07-13,1.1144545078277588,99.7699966430664,4.59,3.76,3.0970746443,1.4929253556999997,-0.26891831960000045,-0.8300000000000001,-3.4000015258789062
2023-07-14,1.1223469972610474,99.91000366210938,4.74,3.83,3.0844499382,1.6555500618,-0.10533100440000043,-0.9100000000000001,-2.3599929809570312
2023-07-17,1.1227755546569824,99.83999633789062,4.74,3.81,3.1144875226,1.6255124774,-0.044798259899999415,-0.9300000000000002,-2.1300048828125
2023-07-18,1.1237596273422241,99.94000244140625,4.74,3.8,2.9994428532,1.7405571468,0.06669605270000023,-0.9400000000000004,-1.7900009155273438
2023-07-19,1.1228890419006348,100.27999877929688,4.74,3.75,3.0135869229,1.7264130771000001,0.20040573520000038,-0.9900000000000002,-0.23999786376953125
2023-07-20,1.120523452758789,100.87999725341797,4.8,3.85,3.1096135054,1.6903864945999998,0.19746113890000005,-0.9499999999999997,1.1100006103515625
2023-07-21,1.113709807395935,101.06999969482422,4.82,3.84,3.0692936148,1.7507063852000004,0.09515632340000035,-0.9800000000000004,1.1599960327148438
2023-07-24,1.112532615661621,101.3499984741211,4.81,3.86,3.0134729353,1.7965270646999998,0.17101458729999974,-0.9499999999999997,1.5100021362304688
2023-07-25,1.1063170433044434,101.3499984741211,4.85,3.91,3.0261300338,1.8238699661999997,0.08331281939999968,-0.9399999999999995,1.4099960327148438
2023-07-26,1.1050456762313843,100.88999938964844,4.82,3.86,3.1032051396,1.7167948604000003,-0.009618216699999849,-0.9600000000000004,0.6100006103515625
2023-07-27,1.1078368425369263,101.7699966430664,4.91,4.01,3.0132001128,1.8967998872000003,0.20641339260000047,-0.9000000000000004,0.8899993896484375
2023-07-28,1.0978755950927734,101.62000274658203,4.87,3.96,3.0319643724,1.8380356276,0.08732924239999962,-0.9100000000000001,0.5500030517578125
2023-07-31,1.1024264097213745,101.86000061035156,4.88,3.97,3.0155475324,1.8644524676,0.06792540290000026,-0.9099999999999997,0.5100021362304688
2023-08-01,1.0997591018676758,102.30000305175781,4.92,4.05,3.0373738202,1.8826261798,0.05875621360000016,-0.8700000000000001,0.9500045776367188
2023-08-02,1.1007881164550781,102.58999633789062,4.88,4.08,2.9597561893,1.9202438106999997,0.20344895029999943,-0.7999999999999998,1.6999969482421875
2023-08-03,1.0944151878356934,102.54000091552734,4.9,4.2,2.9364916411,1.9635083589000004,0.06670847170000016,-0.7000000000000002,0.7700042724609375
2023-08-04,1.095158338546753,102.0199966430664,4.78,4.05,2.9998271575,1.7801728425000003,-0.05786278509999976,-0.7300000000000004,0.399993896484375
2023-08-07,1.1002674102783203,102.05000305175781,4.76,4.09,2.9500983445,1.8099016554999996,-0.054550812100000456,-0.6699999999999999,0.19000244140625
2023-08-08,1.100315809249878,102.52999877929688,4.74,4.02,2.8769242493,1.8630757507000002,-0.01955042909999971,-0.7200000000000006,0.2299957275390625
2023-08-09,1.0958904027938843,102.48999786376953,4.79,4.0,2.9263636467,1.8636363533,-0.05660745739999973,-0.79,-0.09999847412109375
2023-08-10,1.0977671146392822,102.5199966430664,4.82,4.09,2.9381063931,1.8818936069000003,-0.08161475200000012,-0.7300000000000004,-0.0200042724609375
2023-08-11,1.0981649160385132,102.83999633789062,4.89,4.16,2.968814151,1.9211858489999996,0.14101300649999926,-0.7299999999999995,0.8199996948242188
2023-08-14,1.094439148902893,103.19000244140625,4.96,4.19,3.0002788884,1.9597211116,0.14981945610000036,-0.7699999999999996,1.1399993896484375
2023-08-15,1.0909883975982666,103.20999908447266,4.92,4.21,3.0593355164,1.8606644836,-0.0024112671000002805,-0.71,0.6800003051757812
2023-08-16,1.0904173851013184,103.41999816894531,4.97,4.28,3.0305812298,1.9394187701999996,0.07578241689999965,-0.6899999999999995,0.9300003051757812
2023-08-17,1.0874884128570557,103.44000244140625,4.94,4.3,3.0497014785,1.8902985215000006,0.008404914600000257,-0.6400000000000006,0.9200057983398438
2023-08-18,1.0874648094177246,103.37999725341797,4.92,4.26,2.963525779,1.9564742210000001,0.03528837200000057,-0.6600000000000001,0.5400009155273438
2023-08-21,1.087559461593628,103.33000183105469,4.97,4.34,3.0394879713,1.9305120287,-0.029209082900000016,-0.6299999999999999,0.1399993896484375
2023-08-22,1.0898351669311523,103.55999755859375,5.02,4.34,3.0446173245,1.9753826754999997,0.11471819189999977,-0.6799999999999997,0.34999847412109375
2023-08-23,1.0846692323684692,103.36000061035156,4.95,4.19,2.934804265,2.0151957350000003,0.07577696480000062,-0.7599999999999998,-0.05999755859375
2023-08-24,1.086578607559204,103.9800033569336,4.98,4.23,2.9513054486,2.0286945514000005,0.1383960299,-0.75,0.5400009155273438
2023-08-25,1.07991361618042,104.08000183105469,5.03,4.25,2.9918215004,2.0381784996000003,0.08170427860000018,-0.7800000000000002,0.7000045776367188
2023-08-28,1.0797386169433594,104.05999755859375,4.98,4.2,3.0095787621,1.9704212379000006,0.03990920920000063,-0.7800000000000002,0.7299957275390625
2023-08-29,1.0825556516647339,103.55000305175781,4.87,4.12,3.0461419089,1.8238580911,-0.15152458439999972,-0.75,-0.0099945068359375
2023-08-30,1.0869210958480835,103.16000366210938,4.9,4.12,3.0078964075,1.8921035925000003,-0.1230921425,-0.7800000000000002,-0.1999969482421875
2023-08-31,1.0932546854019165,103.62000274658203,4.85,4.09,2.9548772685,1.8951227314999994,-0.1335718199000011,-0.7599999999999998,-0.3600006103515625
2023-09-01,1.0844104290008545,104.23999786376953,4.87,4.18,2.9158876556,1.9541123444,-0.08406615520000038,-0.6900000000000004,0.15999603271484375
2023-09-05,1.0794472694396973,104.80999755859375,4.94,4.27,2.9756205578,1.9643794422000003,-0.006041795700000296,-0.6700000000000008,0.75
2023-09-06,1.0726161003112793,104.86000061035156,5.01,4.3,3.0172667986,1.9927332013999997,0.1688751102999997,-0.71,1.30999755859375
2023-09-07,1.0724204778671265,105.05999755859375,4.94,4.27,3.0539134053,1.8860865947000005,-0.006016997799999757,-0.6700000000000008,1.899993896484375
2023-09-08,1.0697818994522095,105.08999633789062,4.98,4.26,3.0298050404,1.9501949596000006,0.05507222810000112,-0.7200000000000006,1.4699935913085938
2023-09-11,1.071811318397522,104.56999969482422,4.97,4.29,3.0247079348,1.9452920651999999,-0.008820279200000058,-0.6799999999999997,0.3300018310546875
2023-09-12,1.0750375986099243,104.70999908447266,4.98,4.27,3.0456917307,1.9343082693000002,-0.030071172900000054,-0.7100000000000009,-0.09999847412109375
2023-09-13,1.075326681137085,104.7699966430664,4.96,4.25,3.0857729928,1.8742270072,-0.11850619419999964,-0.71,-0.09000396728515625
2023-09-14,1.0734220743179321,105.41000366210938,5.0,4.29,3.0858386268,1.9141613731999998,0.028074778499999287,-0.71,0.350006103515625
2023-09-15,1.0637166500091553,105.31999969482422,5.02,4.33,3.1408985551,1.8791014448999994,-0.07109351470000114,-0.6899999999999995,0.23000335693359375
2023-09-18,1.0668259859085083,105.19999694824219,5.05,4.32,3.1933303353,1.8566696646999996,-0.08862240050000025,-0.7299999999999995,0.6299972534179688
2023-09-19,1.0692671537399292,105.19999694824219,5.08,4.37,3.2157679102,1.8642320898000002,-0.0700761795,-0.71,0.48999786376953125
2023-09-20,1.0682048797607422,105.16000366210938,5.12,4.35,3.1974932651,1.9225067349000002,0.04827972770000022,-0.7700000000000005,0.39000701904296875
2023-09-21,1.065303087234497,105.36000061035156,5.12,4.49,3.2096075111,1.9103924889,-0.003768884299999886,-0.6299999999999999,-0.0500030517578125
2023-09-22,1.0661548376083374,105.58000183105469,5.1,4.44,3.1857524853,1.9142475146999995,0.035146069800000124,-0.6599999999999993,0.26000213623046875
2023-09-25,1.0648492574691772,106.0,5.09,4.55,3.1999134289,1.8900865711,0.03341690640000028,-0.54,0.8000030517578125
2023-09-26,1.0591648817062378,106.2300033569336,5.04,4.56,3.1883778339,1.8516221660999999,-0.012609923700000358,-0.4800000000000004,1.0300064086914062
2023-09-27,1.0569483041763306,106.66999816894531,5.1,4.61,3.1735727157,1.9264272842999994,0.003920549399999196,-0.4899999999999993,1.5099945068359375
2023-09-28,1.0505305528640747,106.22000122070312,5.04,4.59,3.2565522841,1.7834477159,-0.12694477299999996,-0.4500000000000002,0.8600006103515625
2023-09-29,1.0562450885772705,106.16999816894531,5.03,4.59,3.1572218833,1.8727781167000002,-0.04146939799999938,-0.4400000000000004,0.589996337890625
2023-10-02,1.0565240383148193,106.9000015258789,5.12,4.69,3.1711296866,1.9488703134,0.058783742300000164,-0.4299999999999997,0.9000015258789062
2023-10-03,1.0480751991271973,107.0,5.15,4.81,3.1649616523,1.9850383477000002,0.13341618160000035,-0.34000000000000075,0.7699966430664062
2023-10-04,1.0472300052642822,106.80000305175781,5.05,4.73,3.1955840764,1.8544159236,-0.07201136069999947,-0.3199999999999994,0.1300048828125
2023-10-05,1.0507071018218994,106.33000183105469,5.03,4.72,3.1187784649,1.9112215351000001,0.1277738192000002,-0.3100000000000005,0.1100006103515625
2023-10-06,1.0546631813049316,106.04000091552734,5.08,4.78,3.1028853198,1.9771146802000001,0.10433656349999998,-0.2999999999999998,-0.12999725341796875
2023-10-10,1.0578875541687012,105.83000183105469,4.96,4.66,3.0514113255,1.9085886744999998,-0.04028163890000025,-0.2999999999999998,-1.0699996948242188
2023-10-11,1.0604791641235352,105.81999969482422,4.99,4.58,3.0614074113,1.9285925887000004,-0.05644575899999982,-0.41000000000000014,-1.1800003051757812
2023-10-12,1.0624282360076904,106.56999969482422,5.06,4.7,3.0935073995,1.9664926004999996,0.11207667689999967,-0.35999999999999943,-0.23000335693359375
2023-10-13,1.0536741018295288,106.6500015258789,5.04,4.63,3.0527420436,1.9872579564000001,0.07603642129999999,-0.41000000000000014,0.31999969482421875
2023-10-16,1.0521553754806519,106.23999786376953,5.09,4.71,3.08895947,2.00104053,0.0239258497999999,-0.3799999999999999,0.1999969482421875
2023-10-17,1.0554312467575073,106.25,5.19,4.83,3.1621624987,2.0278375013000005,0.1192488268000007,-0.3600000000000003,0.4199981689453125
2023-10-18,1.057305932044983,106.56999969482422,5.19,4.91,3.1703723649,2.0196276351000004,0.09103504640000004,-0.28000000000000025,0.75
2023-10-19,1.053851842880249,106.25,5.14,4.98,3.200917778,1.9390822219999997,-0.027410378499999943,-0.15999999999999925,-0.31999969482421875
2023-10-20,1.0586491823196411,106.16000366210938,5.07,4.93,3.1165339022,1.9534660978000002,-0.03379185859999989,-0.14000000000000057,-0.48999786376953125
2023-10-23,1.0589966773986816,105.54000091552734,5.05,4.86,3.1484631297,1.9015368702999997,-0.0995036597000003,-0.1899999999999995,-0.6999969482421875
2023-10-24,1.0669853687286377,106.2699966430664,5.02,4.83,3.0950318402,1.9249681597999997,-0.10286934150000082,-0.1899999999999995,0.01999664306640625
2023-10-25,1.059535264968872,106.52999877929688,5.08,4.95,3.1016687815,1.9783312185000002,-0.041296416600000274,-0.1299999999999999,-0.04000091552734375
2023-10-26,1.056725025177002,106.5999984741211,5.02,4.86,3.0572836914,1.9627163085999997,0.023634086599999993,-0.15999999999999925,0.34999847412109375
2023-10-27,1.0564459562301636,106.55999755859375,4.99,4.84,3.0392520295,1.9507479705000002,-0.002718127300000095,-0.15000000000000036,0.399993896484375
2023-10-30,1.0562450885772705,106.12000274658203,5.03,4.88,3.0290351186,2.0009648814000003,0.09942801110000055,-0.15000000000000036,0.5800018310546875
2023-10-31,1.061503529548645,106.66000366210938,5.07,4.88,2.9879266452,2.0820733548000003,0.15710519500000064,-0.1900000000000004,0.39000701904296875
2023-11-01,1.0579099655151367,106.87999725341797,4.95,4.77,2.9764181668,1.9735818332000004,-0.004749385299999798,-0.1800000000000006,0.34999847412109375
2023-11-02,1.05870521068573,106.12000274658203,4.98,4.67,2.9532301252,2.0267698748000003,0.06405356620000058,-0.3100000000000005,-0.4799957275390625
2023-11-03,1.0619093179702759,105.0199966430664,4.83,4.57,2.9533432273,1.8766567727,-0.07409119780000006,-0.2599999999999998,-1.5400009155273438
2023-11-06,1.0732147693634033,105.22000122070312,4.93,4.67,3.0049265289,1.9250734710999997,-0.07589141030000057,-0.2599999999999998,-0.9000015258789062
2023-11-07,1.0721560716629028,105.54000091552734,4.91,4.58,3.0134784955,1.8965215045000003,-0.1855518503,-0.33000000000000007,-1.1200027465820312
2023-11-08,1.0696102380752563,105.58999633789062,4.93,4.49,2.9855487514,1.9444512485999996,-0.02913058460000073,-0.4399999999999995,-1.2900009155273438
2023-11-09,1.0710422992706299,105.91000366210938,5.03,4.62,3.0000366509,2.0299633491000004,0.0031934743000001653,-0.41000000000000014,-0.20999908447265625
2023-11-10,1.0667576789855957,105.86000061035156,5.04,4.61,3.0472267959,1.9927732041000001,0.11611643140000005,-0.4299999999999997,0.8400039672851562
2023-11-13,1.069015622138977,105.66000366210938,5.02,4.63,3.0713345527,1.9486654472999994,0.023591976199999642,-0.3899999999999997,0.44000244140625
2023-11-14,1.0701825618743896,104.11000061035156,4.8,4.44,3.0162404941,1.7837595059,-0.11276199860000036,-0.35999999999999943,-1.4300003051757812
2023-11-15,1.0878314971923828,104.38999938964844,4.9,4.53,2.9767360733,1.9232639267000002,-0.02118732189999939,-0.3700000000000001,-1.1999969482421875
2023-11-16,1.0854581594467163,104.37000274658203,4.83,4.45,2.9380674081,1.8919325918999998,-0.13803075720000058,-0.3799999999999999,-1.5400009155273438
2023-11-17,1.0853756666183472,103.81999969482422,4.88,4.44,2.9253266084,1.9546733916,-0.03809981250000005,-0.4399999999999995,-2.0400009155273438
2023-11-20,1.090702772140503,103.47000122070312,4.89,4.42,2.9716816978,1.9183183021999999,-0.030347145099999473,-0.46999999999999975,-2.19000244140625
2023-11-21,1.0945948362350464,103.58999633789062,4.86,4.41,2.9623133778,1.8976866222000002,0.11392711630000019,-0.4500000000000002,-0.5200042724609375
2023-11-22,1.0918222665786743,103.91999816894531,4.89,4.42,2.9477727578,1.9422272421999995,0.0189633154999993,-0.46999999999999975,-0.470001220703125
2023-11-24,1.0906314849853516,103.4000015258789,4.92,4.47,3.0207169197,1.8992830803,0.007350488400000188,-0.4500000000000002,-0.970001220703125
2023-11-27,1.0940439701080322,103.19999694824219,4.84,4.39,2.9748875466,1.8651124533999996,-0.08956093820000044,-0.4500000000000002,-0.6200027465820312
2023-11-28,1.0958423614501953,102.75,4.73,4.34,2.9113210465,1.8186789535000005,-0.09963934869999935,-0.39000000000000057,-0.720001220703125
2023-11-29,1.100594401359558,102.7699966430664,4.64,4.27,2.7922998704,1.8477001295999997,-0.04998649260000043,-0.3700000000000001,-0.8199996948242188
2023-11-30,1.0973695516586304,103.5,4.73,4.37,2.8061242815,1.9238757185000006,-0.01835152369999893,-0.3600000000000003,-0.4199981689453125
2023-12-01,1.0892059803009033,103.2699966430664,4.56,4.22,2.7018369649,1.8581630350999996,-0.041120045200000455,-0.33999999999999986,-0.1300048828125
2023-12-04,1.088814616203308,103.63999938964844,4.64,4.28,2.6382268674,2.0017731326,0.13666067920000025,-0.35999999999999943,0.44000244140625
2023-12-05,1.0837758779525757,104.05000305175781,4.57,4.18,2.6304272202,1.9395727798000002,0.12089382629999967,-0.39000000000000057,1.3000030517578125
2023-12-06,1.0793657302856445,104.1500015258789,4.6,4.12,2.6400281518,1.9599718481999995,0.11227171859999974,-0.47999999999999954,1.3800048828125
2023-12-07,1.076669692993164,103.54000091552734,4.58,4.14,2.6109618289,1.9690381711000002,0.045162452599999625,-0.4400000000000004,0.04000091552734375
2023-12-08,1.079214334487915,104.01000213623047,4.71,4.23,2.6870166383,2.0229833617,0.16482032660000057,-0.47999999999999954,0.7400054931640625
2023-12-11,1.0765769481658936,104.0999984741211,4.71,4.23,2.6808021842,2.0291978158,0.027424683200000022,-0.47999999999999954,0.45999908447265625
2023-12-12,1.076658010482788,103.87000274658203,4.73,4.2,2.6846527347,2.0453472653,0.10577448550000002,-0.5300000000000002,-0.18000030517578125
2023-12-13,1.0798670053482056,102.87000274658203,4.46,4.04,2.6676521659,1.7923478341,-0.16762401409999939,-0.41999999999999993,-1.279998779296875
2023-12-14,1.0886130332946777,101.95999908447266,4.37,3.92,2.5793904722,1.7906095278,-0.1784286433000002,-0.4500000000000002,-1.5800018310546875
2023-12-15,1.0993602275848389,102.55000305175781,4.44,3.91,2.5667243104,1.8732756896000002,-0.1497076720999999,-0.5300000000000002,-1.4599990844726562
2023-12-18,1.0895264148712158,102.51000213623047,4.43,3.95,2.5722233274,1.8577766725999996,-0.17142114320000035,-0.47999999999999954,-1.589996337890625
2023-12-19,1.092382788658142,102.16999816894531,4.41,3.93,2.5350216439,1.8749783561000002,-0.17036890920000003,-0.48,-1.7000045776367188
2023-12-20,1.0981045961380005,102.41000366210938,4.34,3.86,2.5144620976,1.8255379023999998,0.03319006829999971,-0.48,-0.45999908447265625
2023-12-21,1.0945708751678467,101.83999633789062,4.33,3.89,2.4790505151,1.8509494849,0.06033995710000006,-0.43999999999999995,-0.12000274658203125
2023-12-22,1.100618600845337,101.69999694824219,4.31,3.9,2.4243853894,1.8856146105999998,0.012338920999999559,-0.4099999999999997,-0.850006103515625
2023-12-27,1.1043012142181396,100.98999786376953,4.2,3.79,2.424210111,1.7757898890000003,-0.08198678359999922,-0.41000000000000014,-1.5200042724609375
2023-12-28,1.110864281654358,101.2300033569336,4.26,3.84,2.4143239472,1.8456760527999996,-0.02930230330000061,-0.41999999999999993,-0.9399948120117188
2023-12-29,1.1068191528320312,101.33000183105469,4.23,3.88,2.4363455063,1.7936544937000005,-0.03188340869999928,-0.35000000000000053,-1.0800018310546875
2024-01-02,1.1038745641708374,102.19999694824219,4.33,3.95,2.4381982119,1.8918017881,0.040852303199999884,-0.3799999999999999,0.3600006103515625
2024-01-03,1.0941756963729858,102.45999908447266,4.33,3.91,2.4464644861,1.8835355139,-0.0020790966999997273,-0.41999999999999993,0.7600021362304688
2024-01-04,1.0927767753601074,102.41999816894531,4.38,3.99,2.4951679082,1.8848320917999999,0.10904220279999954,-0.3899999999999997,1.4300003051757812
2024-01-05,1.0947387218475342,102.41000366210938,4.4,4.05,2.57754173,1.8224582700000003,-0.02321778279999931,-0.35000000000000053,1.1800003051757812
2024-01-08,1.0942236185073853,102.20999908447266,4.36,4.01,2.5624614331,1.7975385669000001,0.003884073199999616,-0.35000000000000053,0.8799972534179688
2024-01-09,1.095170259475708,102.56999969482422,4.36,4.02,2.5599655325,1.8000344675000002,-0.09176732059999981,-0.34000000000000075,0.37000274658203125
2024-01-10,1.0932426452636719,102.36000061035156,4.37,4.04,2.5780494152,1.7919505848,-0.09158492910000016,-0.33000000000000007,-0.09999847412109375
2024-01-11,1.0975141525268555,102.29000091552734,4.26,3.98,2.5647437386,1.6952562614,-0.18957583039999992,-0.2799999999999998,-0.12999725341796875
2024-01-12,1.0981649160385132,102.4000015258789,4.14,3.96,2.5251907164,1.6148092835999996,-0.20764898640000062,-0.17999999999999972,-0.01000213623046875
2024-01-16,1.0945708751678467,103.36000061035156,4.22,4.07,2.5579114471,1.6620885528999998,-0.13545001400000034,-0.14999999999999947,1.1500015258789062
2024-01-17,1.087878942489624,103.44999694824219,4.34,4.1,2.6661449844,1.6738550156,-0.12617945190000013,-0.2400000000000002,0.8799972534179688
2024-01-18,1.0885775089263916,103.54000091552734,4.34,4.14,2.6768131019,1.6631868980999998,-0.12876368670000016,-0.20000000000000018,1.1800003051757812
2024-01-19,1.0879143476486206,103.29000091552734,4.39,4.15,2.6601461212,1.7298538787999997,0.03459761739999978,-0.23999999999999932,1.0
2024-01-22,1.089229702949524,103.33000183105469,4.37,4.11,2.6444992404,1.7255007596,0.1106914760000004,-0.2599999999999998,0.9300003051757812
2024-01-23,1.088020920753479,103.62000274658203,4.31,4.14,2.6721226703,1.6378773296999998,-0.02421122320000002,-0.16999999999999993,0.26000213623046875
2024-01-24,1.0857881307601929,103.23999786376953,4.34,4.18,2.663037387,1.6769626129999997,0.003107597399999662,-0.16000000000000014,-0.20999908447265625
2024-01-25,1.088174819946289,103.56999969482422,4.28,4.14,2.5950024031,1.6849975969000002,0.021810698800000416,-0.14000000000000057,0.029998779296875
2024-01-26,1.0847046375274658,103.47000122070312,4.34,4.15,2.5873884106,1.7526115893999998,0.02275771060000009,-0.1899999999999995,0.18000030517578125
2024-01-29,1.0843517780303955,103.61000061035156,4.29,4.08,2.530533517,1.7594664830000002,0.03396572340000015,-0.20999999999999996,0.279998779296875
2024-01-30,1.0834470987319946,103.4000015258789,4.36,4.06,2.5229616619,1.8370383381000002,0.1991610084000004,-0.3000000000000007,-0.220001220703125
2024-01-31,1.08433997631073,103.2699966430664,4.27,3.99,2.4737329487,1.7962670512999996,0.11930443829999993,-0.27999999999999936,0.029998779296875
2024-02-01,1.0803920030593872,103.05000305175781,4.2,3.87,2.4718578156,1.7281421844000002,0.04314458750000005,-0.33000000000000007,-0.5199966430664062
2024-02-02,1.0874648094177246,103.91999816894531,4.36,4.03,2.5665608501,1.7934391499000002,0.04082756050000036,-0.33000000000000007,0.4499969482421875
2024-02-05,1.0780043601989746,104.44999694824219,4.46,4.17,2.6225322873,1.8374677127,0.0780012296999999,-0.29000000000000004,0.839996337890625
2024-02-06,1.0741831064224243,104.18000030517578,4.39,4.09,2.6304437348,1.7595562651999996,-0.07748207290000053,-0.2999999999999998,0.779998779296875
2024-02-07,1.075719952583313,104.04000091552734,4.41,4.09,2.6142635533,1.7957364467000003,-0.0005306045999993181,-0.3200000000000003,0.7700042724609375
2024-02-08,1.077574610710144,104.1500015258789,4.46,4.15,2.6703657991,1.7896342009000001,0.06149201649999991,-0.3099999999999996,1.0999984741210938
2024-02-09,1.0777255296707153,104.08000183105469,4.48,4.17,2.7200920439,1.7599079561000006,-0.03353119379999958,-0.3100000000000005,0.160003662109375
2024-02-12,1.0798202753067017,104.16999816894531,4.46,4.17,2.7150454203,1.7449545797,-0.09251313300000019,-0.29000000000000004,-0.279998779296875
2024-02-13,1.0772264003753662,104.95999908447266,4.64,4.31,2.7570764919,1.8829235080999998,0.12336724290000012,-0.33000000000000007,0.779998779296875
2024-02-14,1.0708931684494019,104.72000122070312,4.56,4.27,2.7822301815,1.7777698184999995,-0.017966628200000834,-0.29000000000000004,0.6800003051757812
2024-02-15,1.0732147693634033,104.30000305175781,4.56,4.24,2.7610694685,1.7989305314999995,0.009296330599999347,-0.3199999999999994,0.15000152587890625
2024-02-16,1.0773887634277344,104.27999877929688,4.64,4.3,2.8339608318,1.8060391681999999,0.046131212099999264,-0.33999999999999986,0.1999969482421875
2024-02-20,1.0775396823883057,104.08000183105469,4.59,4.27,2.7955100414,1.7944899585999998,0.04953537889999993,-0.3200000000000003,-0.089996337890625
2024-02-21,1.0813149213790894,104.01000213623047,4.64,4.32,2.8245174859,1.8154825140999997,-0.06744099400000003,-0.3199999999999994,-0.9499969482421875
2024-02-22,1.0820403099060059,103.95999908447266,4.69,4.33,2.8704212885,1.8195787115000006,0.041808893000001124,-0.3600000000000003,-0.7600021362304688
2024-02-23,1.0825674533843994,103.94000244140625,4.67,4.26,2.8509066911,1.8190933088999999,0.020162777400000387,-0.41000000000000014,-0.3600006103515625
2024-02-26,1.0820051431655884,103.83000183105469,4.69,4.28,2.9029634891,1.7870365109000006,-0.01900265729999928,-0.41000000000000014,-0.4499969482421875
2024-02-27,1.0850930213928223,103.83000183105469,4.7,4.31,2.9063723664,1.7936276336000003,-0.0008623249999994975,-0.39000000000000057,-0.25
2024-02-28,1.084481120109558,103.9800033569336,4.64,4.27,2.9113834927,1.7286165072999995,-0.08686600680000023,-0.3700000000000001,-0.029998779296875
2024-02-29,1.0838816165924072,104.16000366210938,4.64,4.25,2.9012443273,1.7387556726999995,-0.08082303880000108,-0.3899999999999997,0.20000457763671875
2024-03-01,1.0804970264434814,103.86000061035156,4.54,4.19,2.8997453122,1.6402546878000002,-0.1788386210999997,-0.34999999999999964,-0.0800018310546875
2024-03-04,1.084269404411316,103.83000183105469,4.61,4.22,2.8804907504,1.7295092496000004,-0.05752726130000019,-0.39000000000000057,0.0
2024-03-05,1.0855170488357544,103.80000305175781,4.54,4.13,2.8523626568,1.6876373432,-0.1059902904000003,-0.41000000000000014,-0.029998779296875
2024-03-06,1.0855995416641235,103.37000274658203,4.55,4.11,2.8473304056,1.7026695943999997,-0.02594691289999984,-0.4399999999999995,-0.6100006103515625
2024-03-07,1.089953899383545,102.81999969482422,4.5,4.09,2.8529528524,1.6470471476,-0.0917085250999996,-0.41000000000000014,-1.3400039672851562
2024-03-08,1.0950144529342651,102.73999786376953,4.48,4.09,2.7745423427,1.7054576573000002,0.06520296950000004,-0.39000000000000057,-1.1200027465820312
2024-03-11,1.0942955017089844,102.87000274658203,4.51,4.1,2.8039501177,1.7060498822999999,-0.023459367300000533,-0.41000000000000014,-0.9599990844726562
2024-03-12,1.093135118484497,102.95999908447266,4.58,4.16,2.842023547,1.737976453,0.05033910979999989,-0.41999999999999993,-0.8400039672851562
2024-03-13,1.0927767753601074,102.79000091552734,4.61,4.19,2.8389592329,1.7710407671000001,0.06837117270000048,-0.41999999999999993,-0.5800018310546875
2024-03-14,1.0955302715301514,103.36000061035156,4.68,4.29,2.8719249526,1.8080750473999996,0.16102789979999965,-0.3899999999999997,0.5400009155273438
2024-03-15,1.0883406400680542,103.43000030517578,4.72,4.31,2.9044036442,1.8155963558,0.11013869849999969,-0.41000000000000014,0.69000244140625
2024-03-18,1.0882576704025269,103.58000183105469,4.73,4.34,2.9015674337,1.8284325663000005,0.12238268400000063,-0.39000000000000057,0.7099990844726562
2024-03-19,1.087393879890442,103.80999755859375,4.68,4.3,2.8799697964,1.8000302035999995,0.062053750599999624,-0.3799999999999999,0.8499984741210938
2024-03-20,1.0863306522369385,103.41000366210938,4.59,4.27,2.8888368353,1.7011631647,-0.06987760240000007,-0.3200000000000003,0.6200027465820312
2024-03-21,1.0937210321426392,104.0,4.62,4.27,2.8619899929,1.7580100071000002,-0.050065040299999364,-0.35000000000000053,0.6399993896484375
2024-03-22,1.0862362384796143,104.43000030517578,4.59,4.22,2.8142077684,1.7757922315999997,-0.039804124200000235,-0.3700000000000001,1.0
2024-03-25,1.0807539224624634,104.2300033569336,4.54,4.25,2.8436140029,1.6963859971000002,-0.13204656920000035,-0.29000000000000004,0.6500015258789062
2024-03-26,1.0838228464126587,104.29000091552734,4.56,4.24,2.8446520188,1.7153479811999994,-0.08468222240000012,-0.3199999999999994,0.48000335693359375
2024-03-27,1.0832358598709106,104.3499984741211,4.54,4.2,2.7940012216,1.7459987784000002,0.04483561370000011,-0.33999999999999986,0.9399948120117188
2024-03-28,1.0813382863998413,104.55000305175781,4.59,4.2,2.7981962094,1.7918037906,0.03379378349999973,-0.3899999999999997,0.5500030517578125
2024-04-02,1.0737217664718628,104.81999969482422,4.7,4.36,2.8169937607,1.8830062393000002,0.10721400770000056,-0.33999999999999986,0.3899993896484375
2024-04-03,1.076855182647705,104.25,4.68,4.36,2.8340042643,1.8459957356999999,0.1496097385999997,-0.3199999999999994,0.01999664306640625
2024-04-04,1.0838346481323242,104.12000274658203,4.65,4.31,2.8021367279,1.8478632721000006,0.13251529090000114,-0.34000000000000075,-0.1699981689453125
2024-04-05,1.0837054252624512,104.30000305175781,4.73,4.39,2.8304301161,1.8995698839000004,0.1535711055000002,-0.34000000000000075,-0.04999542236328125
2024-04-08,1.0830481052398682,104.13999938964844,4.78,4.42,2.8453378402,1.9346621598000002,0.14285836920000028,-0.3600000000000003,-0.410003662109375
2024-04-09,1.0863661766052246,104.1500015258789,4.74,4.36,2.844529147,1.8954708530000004,0.012464613700000182,-0.3799999999999999,-0.6699981689453125
2024-04-10,1.0859296321868896,105.25,4.97,4.55,2.890368268,2.0796317319999997,0.23363599629999987,-0.41999999999999993,1.0
2024-04-11,1.074171543121338,105.27999877929688,4.93,4.56,2.900117997,2.0298820029999995,0.18201873089999898,-0.3700000000000001,1.1599960327148438
2024-04-12,1.0726851224899292,106.04000091552734,4.88,4.5,2.8092030862,2.0707969137999997,0.17122702989999938,-0.3799999999999999,1.7399978637695312
2024-04-15,1.0649627447128296,106.20999908447266,4.93,4.63,2.8315737776,2.0984262223999997,0.16376406259999943,-0.2999999999999998,2.0699996948242188
2024-04-16,1.0625749826431274,106.26000213623047,4.97,4.67,2.8579131238,2.1120868762,0.2166160231999994,-0.2999999999999998,2.1100006103515625
2024-04-17,1.0621461868286133,105.94999694824219,4.93,4.59,2.8689112024,2.0610887975999996,-0.0185429344000001,-0.33999999999999986,0.6999969482421875
2024-04-18,1.0669398307800293,106.1500015258789,4.98,4.64,2.8823985611,2.0976014389000004,0.06771943590000085,-0.34000000000000075,0.8700027465820312
2024-04-19,1.0644185543060303,106.1500015258789,4.97,4.62,2.920971954,2.0490280459999997,-0.02176886780000009,-0.34999999999999964,0.1100006103515625
2024-04-22,1.065825343132019,106.08000183105469,4.97,4.62,2.8859431272,2.0840568727999997,-0.014369349599999914,-0.34999999999999964,-0.12999725341796875
2024-04-23,1.065405249595642,105.69000244140625,4.86,4.61,2.8798383983,1.9801616017000003,-0.13192527449999947,-0.25,-0.5699996948242188
2024-04-24,1.0704345703125,105.86000061035156,4.89,4.65,2.9343412144,1.9556587855999998,-0.1054300119999998,-0.23999999999999932,-0.089996337890625
2024-04-25,1.0699878931045532,105.5999984741211,4.96,4.7,2.9873046997,1.9726953002999998,-0.12490613860000055,-0.2599999999999998,-0.5500030517578125
2024-04-26,1.072961449623108,105.94000244140625,4.96,4.67,2.9516982017,2.0083017982999998,-0.040726247699999885,-0.29000000000000004,-0.20999908447265625
2024-04-29,1.0706866979599,105.58000183105469,4.97,4.63,2.9228527419,2.0471472581,-0.03690961469999987,-0.33999999999999986,-0.5
2024-04-30,1.0715701580047607,106.22000122070312,5.04,4.69,2.9967567161,2.0432432839,0.06308168219999954,-0.34999999999999964,0.529998779296875
2024-05-02,1.0721560716629028,105.30000305175781,4.87,4.58,2.9691102147,1.9008897853,-0.05476900029999987,-0.29000000000000004,-0.55999755859375
2024-05-03,1.073306918144226,105.02999877929688,4.81,4.5,2.9053014011,1.9046985988999996,-0.06799670140000025,-0.3099999999999996,-0.5699996948242188
2024-05-06,1.0758124589920044,105.05000305175781,4.82,4.49,2.909517873,1.9104821270000003,-0.09781967129999947,-0.33000000000000007,-0.8899993896484375
2024-05-07,1.0767507553100586,105.41000366210938,4.82,4.47,2.8988787532,1.9211212468000003,-0.12602601129999957,-0.35000000000000053,-0.1699981689453125
2024-05-08,1.0750491619110107,105.55000305175781,4.84,4.48,2.915182553,1.9248174469999997,-0.11842583690000019,-0.35999999999999943,-0.6699981689453125
2024-05-09,1.0746910572052002,105.2300033569336,4.8,4.45,2.9257582575,1.8742417424999998,-0.026648042800000216,-0.34999999999999964,-0.06999969482421875
2024-05-10,1.078515887260437,105.30999755859375,4.87,4.5,2.9442451164,1.9257548836000002,0.02105628470000065,-0.3700000000000001,0.279998779296875
2024-05-13,1.077040672302246,105.22000122070312,4.85,4.48,2.9305148009,1.9194851990999995,0.009003072099999176,-0.3699999999999992,0.1699981689453125
2024-05-14,1.079354166984558,105.01000213623047,4.81,4.45,2.9395315903,1.8704684096999995,-0.05065283710000079,-0.35999999999999943,-0.40000152587890625
2024-05-15,1.0814552307128906,104.3499984741211,4.73,4.36,2.8943669893,1.8356330107000005,-0.08918443629999917,-0.3700000000000001,-1.2000045776367188
2024-05-16,1.0889805555343628,104.45999908447266,4.78,4.38,2.8959022268,1.8840977732000002,0.009856030700000407,-0.40000000000000036,-0.7700042724609375
2024-05-17,1.0867793560028076,104.44999694824219,4.83,4.42,2.9387147944,1.8912852056,-0.034469678000000226,-0.41000000000000014,-0.8600006103515625
2024-05-20,1.0875475406646729,104.56999969482422,4.82,4.44,2.9329042182,1.8870957818000003,-0.032389417299999224,-0.3799999999999999,-0.6500015258789062
2024-05-21,1.086082935333252,104.66000366210938,4.82,4.41,2.91930996,1.9006900400000002,0.03022163030000069,-0.41000000000000014,-0.34999847412109375
2024-05-22,1.0855170488357544,104.94000244140625,4.86,4.43,2.9535232779,1.9064767221000003,0.07084371139999979,-0.4300000000000006,0.5900039672851562
2024-05-23,1.0825204849243164,105.11000061035156,4.91,4.47,3.0028329815,1.9071670185,0.023069245299999874,-0.4400000000000004,0.6500015258789062
2024-05-24,1.0812681913375854,104.72000122070312,4.93,4.46,3.0330994089,1.8969005910999996,0.0056153854999996256,-0.46999999999999975,0.2700042724609375
2024-05-28,1.0861891508102417,104.61000061035156,4.94,4.54,2.9725027088,1.9674972912000004,0.08040150940000013,-0.40000000000000036,0.04000091552734375
2024-05-29,1.0851871967315674,105.0999984741211,4.96,4.61,3.0272376639,1.9327623361000001,0.03207229609999995,-0.34999999999999964,0.43999481201171875
2024-05-30,1.0801819562911987,104.72000122070312,4.92,4.55,3.0169714126,1.9030285874000001,-0.0034481347000001605,-0.3700000000000001,-0.220001220703125
2024-05-31,1.0835410356521606,104.66999816894531,4.89,4.51,3.0193484923,1.8706515076999999,-0.03651551080000015,-0.3799999999999999,-0.44000244140625
2024-06-03,1.0853049755096436,104.13999938964844,4.82,4.41,2.9779859652,1.8420140348000005,-0.05488655629999917,-0.41000000000000014,-0.5800018310546875
2024-06-04,1.0907385349273682,104.11000061035156,4.77,4.33,2.9277644372,1.8422355627999996,-0.12526172840000083,-0.4399999999999995,-0.5
2024-06-05,1.0881866216659546,104.2699966430664,4.72,4.29,2.935561114,1.7844388859999998,-0.14832345010000036,-0.4299999999999997,-0.8300018310546875
2024-06-06,1.087453007698059,104.0999984741211,4.72,4.28,2.9664368423,1.7535631577,-0.1494654297000002,-0.4399999999999995,-0.6200027465820312
2024-06-07,1.0894432067871094,104.88999938964844,4.87,4.43,3.0231188867,1.8468811133000003,-0.023770394399999617,-0.4400000000000004,0.220001220703125
2024-06-10,1.0778882503509521,105.1500015258789,4.87,4.47,3.0191670638,1.8508329362000002,0.008818901399999746,-0.40000000000000036,1.0100021362304688
2024-06-11,1.0764262676239014,105.2300033569336,4.81,4.39,2.9634554635,1.8465445364999997,0.004308973700000163,-0.41999999999999993,1.1200027465820312
2024-06-12,1.0740330219268799,104.6500015258789,4.75,4.31,2.9281543851,1.8218456149,0.037406728900000186,-0.4400000000000004,0.3800048828125
2024-06-13,1.0813149213790894,105.19999694824219,4.68,4.24,2.8987005515,1.7812994484999995,0.02773629079999962,-0.4399999999999995,1.0999984741210938
2024-06-14,1.0738831758499146,105.55000305175781,4.67,4.2,2.7627458678,1.9072541321999998,0.060373018899999575,-0.46999999999999975,0.660003662109375
2024-06-17,1.0702168941497803,105.31999969482422,4.75,4.28,2.7914537869,1.9585462131,0.10771327689999977,-0.46999999999999975,0.1699981689453125
2024-06-18,1.0740677118301392,105.26000213623047,4.69,4.22,2.7938622283,1.8961377717000003,0.049593235200000585,-0.47000000000000064,0.029998779296875
2024-06-20,1.0751532316207886,105.58999633789062,4.7,4.25,2.8161233418,1.8838766582000002,0.0620310433000002,-0.4500000000000002,0.9399948120117188
2024-06-21,1.0706409215927124,105.80000305175781,4.7,4.25,2.7675013428,1.9324986572,0.15119920870000048,-0.4500000000000002,0.600006103515625
2024-06-24,1.0687757730484009,105.47000122070312,4.71,4.25,2.8073327872,1.9026672128,-0.004586919399999889,-0.45999999999999996,-0.0800018310546875
2024-06-25,1.0732723474502563,105.61000061035156,4.65,4.23,2.7992322474,1.8507677526000004,-0.10777846049999962,-0.41999999999999993,0.29000091552734375
2024-06-26,1.0709619522094727,106.05000305175781,4.71,4.32,2.8076536727,1.9023463273,0.006208555599999777,-0.3899999999999997,0.7900009155273438
2024-06-27,1.068010926246643,105.91000366210938,4.7,4.29,2.809586269,1.8904137310000002,0.006537072800000043,-0.41000000000000014,0.32000732421875
2024-06-28,1.0708472728729248,105.87000274658203,4.71,4.36,2.7993707466,1.9106292533999998,-0.021869403800000242,-0.34999999999999964,0.06999969482421875
2024-07-01,1.0735257863998413,105.9000015258789,4.77,4.48,2.8738448081,1.8961551918999997,-0.006512020900000248,-0.28999999999999915,0.43000030517578125
2024-07-02,1.0737102031707764,105.72000122070312,4.74,4.43,2.8849534405,1.8550465595000003,0.004278806899999932,-0.3100000000000005,0.1100006103515625
2024-07-03,1.0748412609100342,105.4000015258789,4.71,4.36,2.9017080189,1.8082919811,-0.09405434620000008,-0.34999999999999964,-0.6500015258789062
2024-07-05,1.0810693502426147,104.87999725341797,4.6,4.28,2.8742369158,1.7257630841999996,-0.16465064680000063,-0.3199999999999994,-1.0300064086914062
2024-07-08,1.082602620124817,105.01000213623047,4.62,4.28,2.843711286,1.776288714,-0.13434053939999968,-0.33999999999999986,-0.8600006103515625
2024-07-09,1.0830950736999512,105.12000274658203,4.62,4.3,2.8615695202,1.7584304798,-0.1377247120999998,-0.3200000000000003,-0.779998779296875
2024-07-10,1.0814785957336426,105.05000305175781,4.62,4.28,2.8584445118,1.7615554882,-0.09349107130000034,-0.33999999999999986,-0.6699981689453125
2024-07-11,1.083329677581787,104.44000244140625,4.5,4.2,2.7946898478,1.7053101522,-0.10298182889999996,-0.2999999999999998,-0.9599990844726562
2024-07-12,1.0872756242752075,104.08999633789062,4.45,4.18,2.8310235521,1.6189764479000002,-0.1067866362999994,-0.27000000000000046,-0.7900009155273438
2024-07-15,1.0885539054870605,104.19000244140625,4.44,4.23,2.7754653648,1.6645346352000003,-0.11175407879999977,-0.20999999999999996,-0.8199996948242188
2024-07-16,1.0901559591293335,104.2699966430664,4.43,4.17,2.7614783971,1.6685216028999998,-0.08990887690000005,-0.2599999999999998,-0.850006103515625
2024-07-17,1.0902509689331055,103.75,4.42,4.16,2.7626279177,1.6573720822999998,-0.10418340590000019,-0.2599999999999998,-1.3000030517578125
2024-07-18,1.094020128250122,104.16999816894531,4.46,4.2,2.7456871835,1.7143128165000001,0.009002664300000074,-0.2599999999999998,-0.2700042724609375
2024-07-19,1.0901559591293335,104.4000015258789,4.49,4.25,2.7681083283,1.7218916717000003,0.10291522380000018,-0.2400000000000002,0.31000518798828125
2024-07-22,1.0899182558059692,104.30999755859375,4.5,4.26,2.7666766314,1.7333233685999998,0.06878873339999947,-0.2400000000000002,0.1199951171875
2024-07-23,1.0889805555343628,104.44999694824219,4.4,4.25,2.7539063343,1.6460936657000005,-0.02242793719999936,-0.15000000000000036,0.18000030517578125
2024-07-24,1.0850694179534912,104.38999938964844,4.37,4.28,2.721389585,1.6486104150000003,-0.008761667299999498,-0.08999999999999986,0.6399993896484375
2024-07-25,1.0839520692825317,104.36000061035156,4.41,4.27,2.7027505058,1.7072494942,-0.007063322300000063,-0.14000000000000057,0.19000244140625
2024-07-26,1.0851283073425293,104.31999969482422,4.36,4.2,2.6906245201,1.6693754799000002,-0.05251619180000011,-0.16000000000000014,-0.0800018310546875
2024-07-29,1.0853756666183472,104.55999755859375,4.36,4.17,2.6688958534,1.6911041466000003,-0.0422192219999995,-0.1900000000000004,0.25
2024-07-30,1.081946611404419,104.55000305175781,4.35,4.15,2.6109896462,1.7390103537999995,0.09291668809999898,-0.1999999999999993,0.100006103515625
2024-07-31,1.0816072225570679,104.0999984741211,4.29,4.09,2.5822152139,1.7077847861,0.05917437109999968,-0.20000000000000018,-0.29000091552734375
2024-08-01,1.082391619682312,104.41999816894531,4.16,3.99,2.5606727906,1.5993272094000002,-0.10792228479999988,-0.16999999999999993,0.05999755859375
2024-08-02,1.0787602663040161,103.20999908447266,3.88,3.8,2.4705683801,1.4094316198999999,-0.25994386000000036,-0.08000000000000007,-1.1100006103515625
2024-08-05,1.0910836458206177,102.69000244140625,3.89,3.78,2.3095484768,1.5804515232000003,-0.11065262340000004,-0.11000000000000032,-1.8699951171875
2024-08-06,1.0950982570648193,102.97000122070312,3.99,3.9,2.3366425227,1.6533574773000002,-0.08565287649999931,-0.0900000000000003,-1.5800018310546875
2024-08-07,1.0926215648651123,103.19999694824219,4.0,3.96,2.4235840543,1.5764159457,-0.13136884039999996,-0.040000000000000036,-0.9000015258789062
2024-08-08,1.0928125381469727,103.20999908447266,4.04,3.99,2.4313380332,1.6086619668000002,0.009334757400000004,-0.04999999999999982,-1.2099990844726562
2024-08-09,1.0915720462799072,103.13999938964844,4.05,3.94,2.4002093268,1.6497906731999996,0.24035905329999974,-0.10999999999999988,-0.06999969482421875
2024-08-12,1.091381311416626,103.13999938964844,4.01,3.9,2.4018433469,1.6081566531,0.027705129899999736,-0.10999999999999988,0.4499969482421875
2024-08-13,1.0936251878738403,102.55999755859375,3.93,3.85,2.3682264916,1.5617735084,-0.0915839689000002,-0.08000000000000007,-0.410003662109375
2024-08-14,1.0996986627578735,102.56999969482422,3.94,3.83,2.3650988634,1.5749011365999999,-0.0015148091000001251,-0.10999999999999988,-0.6299972534179688
2024-08-15,1.1013215780258179,102.9800033569336,4.08,3.92,2.4398204079,1.6401795921,0.031517625299999796,-0.16000000000000014,-0.2299957275390625
2024-08-16,1.0972732305526733,102.45999908447266,4.06,3.89,2.4216635162,1.6383364837999994,-0.011454189400000203,-0.16999999999999948,-0.6800003051757812
2024-08-19,1.1024993658065796,101.88999938964844,4.06,3.86,2.4232229273,1.6367770726999997,0.028620419599999725,-0.19999999999999973,-1.25
2024-08-20,1.1086474657058716,101.44000244140625,3.99,3.82,2.3907306734,1.5992693266000004,0.037495818200000475,-0.17000000000000037,-1.1199951171875
2024-08-21,1.112792730331421,101.04000091552734,3.92,3.79,2.3497079812,1.5702920188,-0.00460911779999984,-0.1299999999999999,-1.529998779296875
2024-08-22,1.115536093711853,101.51000213623047,3.99,3.86,2.3542595388,1.6357404612000002,-0.00443913089999981,-0.13000000000000034,-1.470001220703125
2024-08-23,1.111716389656067,100.72000122070312,3.9,3.81,2.381168929,1.5188310709999997,-0.11950541279999971,-0.08999999999999986,-1.7399978637695312
2024-08-26,1.1187934875488281,100.8499984741211,3.91,3.82,2.369541087,1.5404589130000002,-0.09631815969999957,-0.0900000000000003,-1.0400009155273438
2024-08-27,1.1164700984954834,100.55000305175781,3.83,3.83,2.3926134933,1.4373865067000002,-0.1618828199000002,0.0,-0.8899993896484375
2024-08-28,1.117793083190918,101.08999633789062,3.83,3.84,2.3545063473,1.4754936527,-0.09479836610000003,0.009999999999999787,0.04999542236328125
2024-08-29,1.1124955415725708,101.33999633789062,3.87,3.87,2.3180484558,1.5519515442,-0.08378891700000013,0.0,-0.17000579833984375
2024-08-30,1.1080454587936401,101.69999694824219,3.91,3.91,2.3591456102,1.5508543898,0.03202331880000031,0.0,0.9799957275390625
2024-09-03,1.1067456007003784,101.83000183105469,3.88,3.84,2.381162134,1.4988378659999997,-0.041621047000000466,-0.040000000000000036,0.9800033569335938
2024-09-04,1.1048868894577026,101.36000061035156,3.76,3.77,2.3375777023,1.4224222976999998,-0.014964209000000395,0.010000000000000231,0.80999755859375
2024-09-05,1.1080454587936401,101.11000061035156,3.75,3.73,2.2623239828,1.4876760172,0.012182364500000098,-0.020000000000000018,0.0200042724609375
2024-09-06,1.1111111640930176,101.18000030517578,3.66,3.72,2.2812464132,1.3787535868000003,-0.17319795739999977,0.06000000000000005,-0.15999603271484375
2024-09-09,1.1087212562561035,101.55000305175781,3.68,3.7,2.2272159765,1.4527840235,-0.09807036629999999,0.020000000000000018,-0.149993896484375
2024-09-10,1.1037527322769165,101.62999725341797,3.59,3.65,2.2133271902,1.3766728098,-0.12216505619999962,0.06000000000000005,-0.20000457763671875
2024-09-11,1.1020983457565308,101.68000030517578,3.62,3.65,2.1390237934,1.4809762066000003,0.05855390890000045,0.029999999999999805,0.31999969482421875
2024-09-12,1.1010911464691162,101.37000274658203,3.64,3.68,2.1754847132,1.4645152868000002,-0.023160730399999885,0.040000000000000036,0.26000213623046875
2024-09-13,1.1077877283096313,101.11000061035156,3.57,3.66,2.1629372456,1.4070627544,0.028309167599999796,0.0900000000000003,-0.06999969482421875
2024-09-16,1.1088441610336304,100.76000213623047,3.56,3.63,2.1777910624,1.3822089376000002,-0.07057508589999983,0.06999999999999984,-0.7900009155273438
2024-09-17,1.1129536628723145,100.88999938964844,3.59,3.65,2.1607422865,1.4292577134999997,0.052584903699999686,0.06000000000000005,-0.7399978637695312
2024-09-18,1.1123099327087402,100.5999984741211,3.61,3.7,2.2050798971,1.4049201028999998,-0.07605610370000049,0.0900000000000003,-1.0800018310546875
2024-09-19,1.1114816665649414,100.61000061035156,3.59,3.73,2.1915578525,1.3984421475,-0.06607313930000025,0.14000000000000012,-0.7600021362304688
2024-09-20,1.1161960363388062,100.72000122070312,3.55,3.73,2.2099509708,1.3400490291999998,-0.06701372520000026,0.18000000000000016,-0.3899993896484375
2024-09-23,1.1160838603973389,100.91999816894531,3.57,3.75,2.1511405872,1.4188594127999998,0.036650475199999644,0.18000000000000016,0.15999603271484375
2024-09-24,1.1111727952957153,100.37000274658203,3.49,3.74,2.0943300472,1.3956699528,-0.03358776069999969,0.25,-0.5199966430664062
2024-09-25,1.1191190481185913,100.91999816894531,3.53,3.79,2.0974194602,1.4325805398,0.027660436900000196,0.26000000000000023,0.31999969482421875
2024-09-26,1.1131023168563843,100.55999755859375,3.6,3.79,2.0416181686,1.5583818314000002,0.15993968390000024,0.18999999999999995,-0.0500030517578125
2024-09-27,1.117717981338501,100.41999816894531,3.55,3.75,2.0119940033,1.5380059967,0.19795696750000014,0.20000000000000018,-0.3000030517578125
2024-09-30,1.1169815063476562,100.77999877929688,3.66,3.81,2.0342844512,1.6257155488000001,0.2068561360000003,0.1499999999999999,-0.1399993896484375
2024-10-01,1.113660216331482,101.19000244140625,3.61,3.74,1.9456250509,1.6643749491,0.2687049962999999,0.13000000000000034,0.8199996948242188
2024-10-02,1.1063904762268066,101.68000030517578,3.63,3.79,2.0007264821,1.6292735178999997,0.19669297809999975,0.16000000000000014,0.7600021362304688
2024-10-03,1.1048502922058105,101.98999786376953,3.7,3.85,2.0212892241,1.6787107759000004,0.1203289445000002,0.1499999999999999,1.4300003051757812
2024-10-04,1.103557825088501,102.5199966430664,3.93,3.98,2.1022005749,1.8277994251000003,0.28979342840000033,0.04999999999999982,2.0999984741210938
2024-10-07,1.0974539518356323,102.54000091552734,3.99,4.03,2.1576127679,1.8323872321000003,0.2066716833000002,0.040000000000000036,1.7600021362304688
2024-10-08,1.0975743532180786,102.55000305175781,3.98,4.04,2.1763718703,1.8036281296999999,0.13925318059999992,0.06000000000000005,1.3600006103515625
2024-10-09,1.0975743532180786,102.93000030517578,3.99,4.06,2.1768275104,1.8131724896000003,0.18389897170000058,0.0699999999999994,1.25
2024-10-10,1.0943313837051392,102.98999786376953,3.98,4.09,2.1884832799,1.7915167201000002,0.11280594419999979,0.10999999999999988,1.0
2024-10-11,1.0933860540390015,102.88999938964844,3.95,4.08,2.1920214757,1.7579785243000003,-0.06982090079999992,0.1299999999999999,0.37000274658203125
2024-10-15,1.0909169912338257,103.26000213623047,3.95,4.03,2.1480490822,1.8019509178000002,-0.030436314300000156,0.08000000000000007,0.720001220703125
2024-10-16,1.0884116888046265,103.58999633789062,3.93,4.02,2.1075010731,1.8224989269000003,0.0188707972000004,0.08999999999999941,1.0399932861328125
2024-10-17,1.0862481594085693,103.83000183105469,3.96,4.09,2.1011632395,1.8588367605,0.04566427089999969,0.1299999999999999,0.9000015258789062
2024-10-18,1.0829542875289917,103.48999786376953,3.95,4.08,2.0328800201,1.9171199799000003,0.1256032598000001,0.1299999999999999,0.5
2024-10-21,1.0868619680404663,104.01000213623047,4.02,4.19,2.1254694639,1.8945305360999996,0.1365520117999992,0.17000000000000082,1.1200027465820312
2024-10-22,1.0817828178405762,104.08000183105469,4.03,4.2,2.1273525065,1.9026474935000004,0.10069657570000023,0.16999999999999993,0.8199996948242188
2024-10-23,1.079727053642273,104.43000030517578,4.07,4.24,2.0778460531,1.9921539469000002,0.16965502,0.16999999999999993,0.8400039672851562
2024-10-24,1.0780508518218994,104.05999755859375,4.07,4.21,2.0604909137,2.0095090863000005,0.15067232580000045,0.13999999999999968,0.2299957275390625
2024-10-25,1.0824151039123535,104.26000213623047,4.11,4.25,2.0891054524,2.0208945476,0.10377456769999993,0.13999999999999968,0.7700042724609375
2024-10-28,1.0796570777893066,104.31999969482422,4.12,4.28,2.047174035,2.0728259650000003,0.17829542890000072,0.16000000000000014,0.30999755859375
2024-10-29,1.0816774368286133,104.27999877929688,4.11,4.28,2.0905380679,2.0194619321000005,0.11681443860000007,0.16999999999999993,0.1999969482421875
2024-10-30,1.0820636749267578,103.98999786376953,4.15,4.29,2.1631326224,1.9868673776000003,-0.0052865692999999325,0.13999999999999968,-0.44000244140625
2024-10-31,1.0859178304672241,103.9800033569336,4.16,4.28,2.2433129773,1.9166870227000001,-0.09282206360000034,0.1200000000000001,-0.07999420166015625
2024-11-01,1.0886130332946777,104.27999877929688,4.21,4.37,2.1952562375,2.0147437624999998,-0.006150785100000444,0.16000000000000014,0.01999664306640625
2024-11-04,1.087453007698059,103.88999938964844,4.17,4.31,2.2221182741,1.9478817258999999,-0.12494423910000041,0.13999999999999968,-0.43000030517578125
2024-11-05,1.0874056816101074,103.41999816894531,4.19,4.26,2.2263637944,1.9636362056000003,-0.05582572650000017,0.0699999999999994,-0.8600006103515625
2024-11-06,1.093445897102356,105.08999633789062,4.27,4.42,2.1549863148,2.1150136851999997,0.12814630759999934,0.15000000000000036,1.0999984741210938
2024-11-07,1.073306918144226,104.51000213623047,4.21,4.31,2.1580280616,2.0519719384,0.13528491569999979,0.09999999999999964,0.529998779296875
2024-11-08,1.0795172452926636,105.0,4.26,4.3,2.1485568177,2.1114431823,0.09669941980000019,0.040000000000000036,0.720001220703125
2024-11-12,1.066439151763916,106.0199966430664,4.34,4.43,2.0692720316,2.2707279683999997,0.3228462424999998,0.08999999999999986,2.1299972534179688
2024-11-13,1.061672568321228,106.4800033569336,4.27,4.44,2.0985880386,2.1714119613999996,0.2077757557999993,0.17000000000000082,3.0600051879882812
2024-11-14,1.0564124584197998,106.66999816894531,4.34,4.43,2.0649425177,2.2750574823,0.16004379710000016,0.08999999999999986,1.5800018310546875
2024-11-15,1.0530084371566772,106.69000244140625,4.31,4.43,2.087979243,2.2220207569999997,0.17004881859999976,0.1200000000000001,2.1800003051757812
2024-11-18,1.0533745288848877,106.27999877929688,4.29,4.42,2.1396008737,2.1503991263,0.03895594400000002,0.1299999999999999,1.279998779296875
2024-11-19,1.059490442276001,106.20999908447266,4.27,4.39,2.100254494,2.1697455059999995,-0.1009824624000002,0.1200000000000001,0.19000244140625
2024-11-20,1.0607603788375854,106.68000030517578,4.31,4.41,2.1028413895,2.2071586104999996,0.03574664910000003,0.10000000000000053,0.1999969482421875
2024-11-21,1.0546187162399292,106.97000122070312,4.34,4.43,2.0626525434,2.2773474566,0.0022899742999999972,0.08999999999999986,0.3000030517578125
2024-11-22,1.0469341278076172,107.48999786376953,4.37,4.41,1.9917460703,2.3782539297,0.15623317270000037,0.040000000000000036,0.7999954223632812
2024-11-25,1.0479873418807983,106.81999969482422,4.21,4.27,1.9688081202,2.2411918797999997,0.09079275349999971,0.05999999999999961,0.5400009155273438
2024-11-26,1.0444300174713135,107.01000213623047,4.21,4.3,2.0073401995,2.2026598004999998,0.032914294500000274,0.08999999999999986,0.8000030517578125
2024-11-27,1.0491198301315308,106.08000183105469,4.19,4.25,1.9921060501,2.1978939499,-0.00926466059999953,0.05999999999999961,-0.5999984741210938
2024-11-29,1.0563008785247803,105.73999786376953,4.13,4.18,1.9120084184,2.2179915815999998,-0.05935587500000006,0.04999999999999982,-1.2300033569335938
2024-12-02,1.0545074939727783,106.44999694824219,4.17,4.19,1.8564459333,2.3135540667,-0.06469986299999997,0.020000000000000462,-1.0400009155273438
2024-12-03,1.0501223802566528,106.37000274658203,4.17,4.23,1.8753282922,2.2946717078,0.053479828000000396,0.0600000000000005,-0.4499969482421875
2024-12-04,1.0510826110839844,106.33999633789062,4.13,4.19,1.9043105134,2.2256894866,0.023029686100000113,0.0600000000000005,-0.6700057983398438
2024-12-05,1.051414132118225,105.70999908447266,4.15,4.17,1.9630802353,2.1869197647000003,-0.01097418519999982,0.019999999999999574,-0.37000274658203125
2024-12-06,1.058559536933899,105.97000122070312,4.1,4.15,1.9622855999,2.1377144000999997,-0.08027718150000007,0.05000000000000071,0.23000335693359375
2024-12-09,1.0565463304519653,106.1500015258789,4.13,4.2,1.9488705956,2.1811294044,-0.13242466230000005,0.07000000000000028,-0.29999542236328125
2024-12-10,1.0555204153060913,106.4000015258789,4.15,4.22,1.9444423681,2.2055576319000005,-0.08911407589999953,0.0699999999999994,0.029998779296875
2024-12-11,1.0532968044281006,106.70999908447266,4.15,4.26,1.9140376769,2.2359623231000003,0.010272836500000437,0.10999999999999943,0.37000274658203125
2024-12-12,1.0506850481033325,106.95999908447266,4.18,4.32,1.9672665227,2.2127334772999996,0.025813712599999317,0.14000000000000057,1.25
2024-12-13,1.0474056005477905,107.0,4.25,4.4,1.9997336276,2.2502663724,0.11255197230000036,0.15000000000000036,1.029998779296875
2024-12-16,1.051005244255066,106.86000061035156,4.25,4.39,2.000605868,2.249394132,0.06826472759999991,0.13999999999999968,0.7099990844726562
2024-12-17,1.0517348051071167,106.95999908447266,4.25,4.4,1.9851802289,2.2648197711,0.05926213919999945,0.15000000000000036,0.55999755859375
2024-12-18,1.0495051145553589,108.02999877929688,4.35,4.5,1.9759524375,2.3740475624999995,0.13808523939999917,0.15000000000000036,1.3199996948242188
2024-12-19,1.0350252389907837,108.41000366210938,4.32,4.57,2.0137551282,2.3062448718,0.09351139450000057,0.25,1.4500045776367188
2024-12-20,1.0364949703216553,107.62000274658203,4.3,4.52,1.960729092,2.3392709079999996,0.08900453559999955,0.21999999999999975,0.6200027465820312
2024-12-23,1.0433076620101929,108.04000091552734,4.3,4.59,1.9977993063,2.3022006936999997,0.052806561699999754,0.29000000000000004,1.1800003051757812
2024-12-24,1.0405826568603516,108.26000213623047,4.29,4.59,2.0031476754,2.2868523246,0.022032553499999885,0.2999999999999998,1.3000030517578125
2024-12-27,1.0423181056976318,108.0,4.31,4.62,2.0076965659,2.3023034340999997,-0.07174412839999977,0.3100000000000005,-0.029998779296875
2024-12-30,1.0429377555847168,108.12999725341797,4.24,4.55,2.0111511629,2.2288488371,-0.0773960347,0.3099999999999996,-0.28000640869140625
2025-01-02,1.0351860523223877,109.38999938964844,4.25,4.57,2.0076200899,2.2423799101,-0.09689099789999966,0.3200000000000003,1.7699966430664062
2025-01-03,1.0268205404281616,108.94999694824219,4.28,4.6,2.0886587479,2.1913412521000004,-0.11085944159999928,0.3199999999999994,0.9099960327148438
2025-01-06,1.0305347442626953,108.26000213623047,4.28,4.62,2.1595698444,2.1204301556000003,-0.16642216899999962,0.33999999999999986,0.0
2025-01-07,1.0386372804641724,108.54000091552734,4.3,4.67,2.103299616,2.1967003839999997,-0.10560305010000004,0.3700000000000001,0.5400009155273438
2025-01-08,1.034554123878479,109.08999633789062,4.28,4.67,2.1490938371,2.1309061629,-0.09794267420000002,0.3899999999999997,0.9599990844726562
2025-01-09,1.0314701795578003,109.18000030517578,4.27,4.68,2.1646834993,2.1053165006999994,-0.1370634094000005,0.41000000000000014,-0.20999908447265625
2025-01-10,1.0297601222991943,109.6500015258789,4.4,4.77,2.2202151764,2.1797848236000004,-0.011556428500000049,0.3699999999999992,0.7000045776367188
2025-01-13,1.0244431495666504,109.95999908447266,4.4,4.79,2.2442257115,2.1557742885000004,0.03534413290000016,0.3899999999999997,1.6999969482421875
2025-01-14,1.0265253782272339,109.2699966430664,4.37,4.78,2.2686086924,2.1013913076,-0.09530907639999953,0.41000000000000014,0.7299957275390625
2025-01-15,1.0306835174560547,109.08999633789062,4.27,4.66,2.2012399722,2.0687600278,-0.06214613510000033,0.39000000000000057,0.0
2025-01-16,1.0295268297195435,108.95999908447266,4.23,4.61,2.235734602,1.9942653980000005,-0.11105110269999896,0.3799999999999999,-0.220001220703125
2025-01-17,1.0301949977874756,109.3499984741211,4.27,4.61,2.2064343832,2.0635656167999996,-0.11621920680000075,0.34000000000000075,-0.3000030517578125
2025-01-21,1.0420682430267334,108.05999755859375,4.29,4.57,2.1747840711,2.1152159289,-0.040558359600000315,0.28000000000000025,-1.9000015258789062
2025-01-22,1.0405935049057007,108.16999816894531,4.29,4.6,2.1747840711,2.1152159289,0.01382462129999995,0.3099999999999996,-1.0999984741210938
2025-01-23,1.0410159826278687,108.05000305175781,4.29,4.65,2.1875774122,2.1024225878,0.03366256000000023,0.3600000000000003,-1.0399932861328125
2025-01-24,1.041601538658142,107.44000244140625,4.27,4.63,2.2401136815,2.0298863184999996,0.0356209204999991,0.3600000000000003,-1.5199966430664062
2025-01-27,1.0467586517333984,107.33999633789062,4.17,4.53,2.2016690685,1.9683309314999997,-0.0952346852999999,0.3600000000000003,-2.0100021362304688
2025-01-28,1.0445064306259155,107.87000274658203,4.19,4.55,2.2021654345,1.9878345655000005,-0.12738136339999961,0.35999999999999943,-0.18999481201171875
2025-01-29,1.0429050922393799,108.0,4.21,4.55,2.1948520403,2.0151479597,-0.10006796919999994,0.33999999999999986,-0.1699981689453125
2025-01-30,1.0425245761871338,107.80000305175781,4.18,4.52,2.1240844937,2.0559155063,-0.04650708150000016,0.33999999999999986,-0.25
2025-01-31,1.0397279262542725,108.37000274658203,4.22,4.58,2.0552152666,2.1647847334,0.13489841490000032,0.3600000000000003,0.9300003051757812
2025-02-03,1.024779200553894,108.98999786376953,4.26,4.54,1.9872366835,2.2727633165,0.30443238500000014,0.28000000000000025,1.6500015258789062
2025-02-04,1.0327378511428833,107.95999908447266,4.21,4.52,1.9974569542,2.2125430458,0.22470848029999946,0.3099999999999996,0.089996337890625
2025-02-05,1.0372798442840576,107.58000183105469,4.17,4.43,1.9988268412,2.1711731588,0.15602519909999968,0.2599999999999998,-0.4199981689453125
2025-02-06,1.0400848388671875,107.69000244140625,4.21,4.45,2.0061366048,2.2038633952,0.1479478889000001,0.2400000000000002,-0.1100006103515625
2025-02-07,1.0385725498199463,108.04000091552734,4.29,4.49,2.0135594267,2.2764405733,0.11165583990000005,0.20000000000000018,-0.3300018310546875
2025-02-10,1.0311616659164429,108.31999969482422,4.28,4.51,1.9758389315,2.3041610685,0.03139775200000017,0.22999999999999954,-0.6699981689453125
2025-02-11,1.0301525592803955,107.95999908447266,4.29,4.54,2.0216543109,2.2683456891000002,0.05580264330000029,0.25,0.0
2025-02-12,1.0364949703216553,107.94000244140625,4.36,4.62,2.0731938112,2.2868061888000004,0.11563303000000058,0.2599999999999998,0.3600006103515625
2025-02-13,1.039198637008667,107.30999755859375,4.31,4.52,2.0349752962,2.2750247037999998,0.0711613085999998,0.20999999999999996,-0.3800048828125
2025-02-14,1.0461673736572266,106.56999969482422,4.26,4.47,2.0624994984,2.1975005016,-0.07894007169999995,0.20999999999999996,-1.470001220703125
2025-02-18,1.048536777496338,107.05000305175781,4.29,4.55,2.0741708107,2.2158291893,-0.08833187920000007,0.2599999999999998,-1.2699966430664062
2025-02-19,1.044833779335022,107.16999816894531,4.28,4.53,2.1285716169,2.1514283831000003,-0.11691730599999994,0.25,-0.7900009155273438
2025-02-20,1.0421009063720703,106.33999633789062,4.28,4.5,2.1062244707,2.1737755293000003,-0.11303065950000013,0.21999999999999975,-1.600006103515625
2025-02-21,1.0500562191009521,106.61000061035156,4.19,4.42,2.0427070281,2.1472929719000002,-0.12773173189999953,0.22999999999999954,-0.6999969482421875
2025-02-24,1.0474823713302612,106.5999984741211,4.13,4.4,2.026742961,2.103257039,-0.09424346260000016,0.27000000000000046,0.029998779296875
2025-02-25,1.0461344718933105,106.30999755859375,4.07,4.3,2.015339264,2.054660736,-0.16116845329999974,0.22999999999999954,-0.7400054931640625
2025-02-26,1.0524100065231323,106.41999816894531,4.05,4.25,2.0144299849,2.0355700151,-0.11585836800000049,0.20000000000000018,-0.75
2025-02-27,1.0488777160644531,107.23999786376953,4.07,4.29,1.992752704,2.0772472960000004,-0.09652823329999993,0.21999999999999975,0.9000015258789062
2025-02-28,1.039511799812317,107.61000061035156,3.99,4.24,1.974536006,2.015463994,-0.13182897790000014,0.25,1.0
2025-03-03,1.0413846969604492,106.75,3.96,4.16,2.0318952758,1.9281047241999998,-0.17515231480000004,0.20000000000000018,0.15000152587890625
2025-03-04,1.0485037565231323,105.73999786376953,3.96,4.22,1.9743120874,1.9856879126,-0.06897282340000022,0.2599999999999998,-0.5699996948242188
2025-03-05,1.062699317932129,105.73999786376953,3.99,4.28,2.1420782115,1.8479217885000003,-0.18764822659999947,0.29000000000000004,-0.6800003051757812
2025-03-06,1.0794938802719116,104.05999755859375,3.96,4.29,2.2259304935,1.7340695065,-0.34317778950000033,0.33000000000000007,-3.1800003051757812
2025-03-07,1.0787951946258545,103.83999633789062,3.99,4.32,2.180223707,1.809776293,-0.205687701,0.33000000000000007,-3.7700042724609375
2025-03-10,1.086059331893921,103.91000366210938,3.89,4.22,2.1478681152,1.7421318848,-0.18597283939999976,0.3299999999999996,-2.839996337890625
2025-03-11,1.0839403867721558,103.44000244140625,3.94,4.28,2.1484797044,1.7915202955999998,-0.19416761700000018,0.3400000000000003,-2.2999954223632812
2025-03-12,1.0914170742034912,103.61000061035156,4.01,4.32,2.1770756347,1.8329243652999998,-0.014997423200000526,0.3100000000000005,-2.1299972534179688
2025-03-13,1.0886249542236328,103.83000183105469,3.94,4.27,2.1416020912,1.7983979088000002,0.06432840230000014,0.3299999999999996,-0.2299957275390625
2025-03-14,1.085564136505127,103.72000122070312,4.02,4.31,2.1719678102,1.8480321897999996,0.03825589679999952,0.29000000000000004,-0.1199951171875
2025-03-17,1.0881274938583374,103.37000274658203,4.06,4.31,2.1424126111,1.9175873888999995,0.17545550409999944,0.25,-0.5400009155273438
2025-03-18,1.091917634010315,103.23999786376953,4.04,4.29,2.1649719311,1.8750280688999998,0.08350777330000003,0.25,-0.20000457763671875
2025-03-19,1.093948245048523,103.43000030517578,3.99,4.25,2.1373179128,1.8526820872000003,0.01975772190000047,0.2599999999999998,-0.18000030517578125
2025-03-20,1.0911908149719238,103.8499984741211,3.95,4.24,2.1097935149,1.8402064851,0.04180857629999979,0.29000000000000004,0.01999664306640625
2025-03-21,1.0856702327728271,104.08999633789062,3.94,4.25,2.1078266368,1.8321733632,-0.01585882659999971,0.31000000000000005,0.3699951171875
2025-03-24,1.0835762023925781,104.26000213623047,4.04,4.34,2.1035268227,1.9364731773,0.018885788400000436,0.2999999999999998,0.8899993896484375
2025-03-25,1.0803569555282593,104.18000030517578,3.96,4.31,2.1131294674,1.8468705326000001,-0.02815753629999973,0.34999999999999964,0.94000244140625
2025-03-26,1.0787487030029297,104.55000305175781,3.98,4.35,2.0864188814,1.8935811185999998,0.04089903139999951,0.36999999999999966,1.1200027465820312
2025-03-27,1.0742061138153076,104.06999969482422,3.97,4.38,2.0491543401,1.9208456599000003,0.08063917480000038,0.4099999999999997,0.220001220703125
2025-03-28,1.080100178718567,104.04000091552734,3.89,4.27,2.0213322345,1.8686677655000001,0.03649440230000023,0.37999999999999945,-0.04999542236328125
2025-03-31,1.082391619682312,104.20999908447266,3.89,4.23,1.9946853961,1.8953146039000002,-0.04115857339999973,0.3400000000000003,-0.0500030517578125
2025-04-01,1.0818880796432495,104.26000213623047,3.87,4.17,1.9946997438,1.8753002562,0.028429723599999956,0.2999999999999998,0.0800018310546875
2025-04-02,1.0795987844467163,103.80999755859375,3.91,4.2,1.9895064102,1.9204935898000002,0.0269124712000004,0.29000000000000004,-0.7400054931640625
2025-04-03,1.090869426727295,102.06999969482422,3.71,4.06,1.9439000041,1.7660999958999999,-0.15474566400000045,0.34999999999999964,-2.0
2025-04-04,1.1043744087219238,103.0199966430664,3.68,4.01,1.8215221075,1.8584778925,-0.010189873000000071,0.3299999999999996,-1.0200042724609375
2025-04-07,1.098454475402832,103.26000213623047,3.73,4.15,1.7878631774,1.9421368226,0.04682221869999981,0.4200000000000004,-0.9499969482421875
2025-04-08,1.0915361642837524,102.95999908447266,3.71,4.26,1.9048767912,1.8051232088,-0.07017704740000008,0.5499999999999998,-1.3000030517578125
2025-04-09,1.0980443954467773,102.9000015258789,3.91,4.34,1.7508397125,2.1591602875,0.23866669770000004,0.4299999999999997,-0.9099960327148438
2025-04-10,1.0952062606811523,100.87000274658203,3.84,4.4,1.8313708594,2.0086291406,0.2425291447000002,0.5600000000000005,-1.1999969482421875
2025-04-11,1.1257838010787964,99.77999877929688,3.96,4.48,1.7300159396,2.2299840603999996,0.3715061678999996,0.5200000000000005,-3.2399978637695312
2025-04-14,1.1343141794204712,99.63999938964844,3.84,4.38,1.7391264376,2.1008735624,0.15873673979999992,0.54,-3.6200027465820312
2025-04-15,1.1339668035507202,100.22000122070312,3.84,4.35,1.7747438536,2.0652561464,0.2601329375999999,0.5099999999999998,-2.7399978637695312
2025-04-16,1.1292672157287598,99.37999725341797,3.77,4.29,1.7290503897,2.0409496103,-0.1182106772,0.52,-3.5200042724609375
2025-04-17,1.1396790742874146,99.37999725341797,3.81,4.34,1.7046384892,2.1053615108,0.0967323701999998,0.5299999999999998,-1.4900054931640625
2025-04-22,1.1512778997421265,98.91999816894531,3.76,4.41,1.6718726322,2.0881273678,-0.14185669259999978,0.6500000000000004,-0.8600006103515625
2025-04-23,1.1351252794265747,99.83999633789062,3.81,4.4,1.7433495911,2.0666504089,-0.034223153499999714,0.5900000000000003,0.1999969482421875
2025-04-24,1.132733702659607,99.29000091552734,3.77,4.32,1.6777609946,2.0922390053999997,0.02698285899999986,0.5500000000000003,-0.9300003051757812
2025-04-25,1.1371906995773315,99.47000122070312,3.74,4.29,1.715780973,2.024219027,-0.016730583300000212,0.5499999999999998,0.09000396728515625
2025-04-28,1.1343141794204712,99.01000213623047,3.67,4.23,1.7363224447,1.9336775552999999,-0.17168395550000004,0.5600000000000005,-0.3699951171875
2025-04-29,1.1409143209457397,99.23999786376953,3.65,4.19,1.745149545,1.9048504549999998,-0.18327691280000002,0.5400000000000005,0.31999969482421875
2025-04-30,1.1389262676239014,99.47000122070312,3.6,4.17,1.6995058817,1.9004941183000001,-0.16615629060000003,0.5699999999999998,-0.3699951171875
2025-05-02,1.1296498775482178,100.0,3.83,4.33,1.7503686787,2.0796313213,-0.012607684099999794,0.5,0.7099990844726562
2025-05-05,1.1323232650756836,99.83000183105469,3.83,4.36,1.7418307971,2.0881692029,0.06395017590000007,0.5300000000000002,0.3600006103515625
2025-05-06,1.1313369274139404,99.23999786376953,3.78,4.3,1.7671821893,2.0128178106999997,0.0791402553999998,0.52,0.2299957275390625
2025-05-07,1.1342755556106567,99.61000061035156,3.78,4.26,1.7320107645,2.0479892355,0.14313878049999995,0.48,0.37000274658203125
2025-05-08,1.1306205987930298,100.63999938964844,3.9,4.37,1.7413589325,2.1586410674999996,0.2581469491999995,0.4700000000000002,1.1699981689453125
2025-05-09,1.122422695159912,100.33999633789062,3.88,4.37,1.773598502,2.106401498,0.026770176699999926,0.4900000000000002,0.339996337890625
2025-05-12,1.12296462059021,101.79000091552734,3.98,4.45,1.8797796809,2.1002203191,0.012051116199999878,0.4700000000000002,1.9599990844726562
2025-05-13,1.1095577478408813,101.0,4.02,4.49,1.8788957042,2.1411042957999995,0.12828648509999985,0.47000000000000064,1.7600021362304688
2025-05-14,1.1185556650161743,101.04000091552734,4.05,4.53,1.8873503967,2.1626496033,0.1146603678,0.4800000000000004,1.4300003051757812
2025-05-15,1.1181930303573608,100.87999725341797,3.96,4.45,1.8674987143,2.0925012857,-0.06613978179999958,0.4900000000000002,0.23999786376953125
2025-05-16,1.1192693710327148,101.08999633789062,3.98,4.43,1.8362162012,2.1437837988,0.037382300800000046,0.44999999999999973,0.75
2025-05-19,1.1187559366226196,100.43000030517578,3.97,4.46,1.8145949522,2.1554050478000004,0.05518472870000046,0.48999999999999977,-1.3600006103515625
2025-05-20,1.1233429908752441,100.12000274658203,3.97,4.48,1.8402949154,2.1297050846000003,-0.011399211199999204,0.5100000000000002,-0.8799972534179688
2025-05-21,1.1287955045700073,99.55999755859375,4.0,4.58,1.8425789682,2.1574210318,-0.005228571499999557,0.5800000000000001,-1.4800033569335938
2025-05-22,1.133118748664856,99.95999908447266,4.0,4.54,1.8221230663,2.1778769337,0.08537564799999986,0.54,-0.9199981689453125
2025-05-23,1.1281843185424805,99.11000061035156,4.0,4.51,1.7386811942,2.2613188058,0.1175350070000003,0.5099999999999998,-1.9799957275390625
2025-05-27,1.1388484239578247,99.5199966430664,3.92,4.43,1.7746946262,2.1453053738,-0.010099674000000558,0.5099999999999998,-0.910003662109375
2025-05-28,1.1337097883224487,99.87999725341797,3.96,4.47,1.7958959811,2.1641040189,0.03439893429999952,0.5099999999999998,-0.2400054931640625
2025-05-29,1.123368263244629,99.27999877929688,3.92,4.43,1.7724631081,2.1475368918999997,-0.009884139900000477,0.5099999999999998,-0.279998779296875
2025-05-30,1.1378376483917236,99.33000183105469,3.89,4.41,1.780577865,2.109422135,-0.06845479869999993,0.52,-0.6299972534179688
2025-06-02,1.1353315114974976,98.69999694824219,3.94,4.46,1.8072703241,2.1327296759,-0.12858912990000038,0.52,-0.410003662109375
2025-06-03,1.1453442573547363,99.25,3.96,4.46,1.7609713344,2.1990286656,0.05372329180000035,0.5,-0.26999664306640625
2025-06-04,1.1384464502334595,98.79000091552734,3.87,4.37,1.7934058136,2.0765941864000004,-0.08750983249999944,0.5,-1.089996337890625
2025-06-05,1.1422044038772583,98.73999786376953,3.92,4.4,1.8250862266,2.0949137734,-0.05262311849999968,0.4800000000000004,-0.5400009155273438
2025-06-06,1.1453834772109985,99.19000244140625,4.04,4.51,1.8622240107,2.1777759892999997,0.06835385429999974,0.46999999999999975,-0.1399993896484375
2025-06-09,1.1407841444015503,98.94000244140625,4.01,4.49,1.8561998473,2.1538001526999997,0.02107047679999985,0.4800000000000004,0.2400054931640625
2025-06-10,1.1428048610687256,99.05000305175781,4.01,4.47,1.8336509094,2.1763490905999996,-0.022679575000000618,0.45999999999999996,-0.1999969482421875
2025-06-11,1.143746018409729,98.62999725341797,3.94,4.41,1.8054730197,2.1345269803,0.05793279389999961,0.4700000000000002,-0.160003662109375
2025-06-12,1.1509333848953247,97.91999816894531,3.9,4.36,1.7980167692,2.1019832308,0.00706945740000009,0.4600000000000004,-0.8199996948242188
2025-06-13,1.1600254774093628,98.18000030517578,3.96,4.41,1.8343448481,2.1256551519,-0.05212083739999951,0.4500000000000002,-1.0100021362304688
2025-06-16,1.1556684970855713,98.0,3.97,4.46,1.8311404697,2.1388595303000004,-0.01494062239999927,0.48999999999999977,-0.94000244140625
2025-06-17,1.1551345586776733,98.81999969482422,3.94,4.39,1.8499896246,2.0900103754,-0.0863387151999997,0.44999999999999973,-0.23000335693359375
2025-06-18,1.1482638120651245,98.91000366210938,3.94,4.38,1.8339061542,2.1060938458000003,-0.028433134499999735,0.43999999999999995,0.28000640869140625
2025-06-20,1.1512778997421265,98.70999908447266,3.9,4.38,1.836071063,2.063928937,-0.03805429380000014,0.48,0.7900009155273438
2025-06-23,1.1500862836837769,98.41999816894531,3.84,4.34,1.8549831431,1.9850168569,-0.14063829500000025,0.5,0.23999786376953125
2025-06-24,1.1599044799804688,97.86000061035156,3.75,4.3,1.8486111052,1.9013888948,-0.23747063550000047,0.5499999999999998,-0.1399993896484375
2025-06-25,1.161224365234375,97.68000030517578,3.74,4.29,1.8509723862,1.8890276138000002,-0.20098276159999973,0.5499999999999998,-1.1399993896484375
2025-06-26,1.1683744192123413,97.1500015258789,3.7,4.26,1.816880051,1.8831199490000001,-0.22297389680000013,0.5599999999999996,-1.7600021362304688
2025-06-27,1.1692214012145996,97.4000015258789,3.73,4.29,1.8455372589,1.8844627411,-0.17946619590000013,0.56,-1.30999755859375
2025-06-30,1.1727453470230103,96.87999725341797,3.72,4.24,1.8448999837,1.8751000163000002,-0.10991684059999973,0.52,-1.5400009155273438
2025-07-01,1.178717017173767,96.81999969482422,3.78,4.26,1.8239814624,1.9560185375999999,0.05462964279999993,0.48,-1.0400009155273438
2025-07-02,1.180553913116455,96.77999877929688,3.78,4.3,1.8483808664,1.9316191335999997,0.04259151979999953,0.52,-0.9000015258789062
2025-07-03,1.18002450466156,97.18000030517578,3.88,4.35,1.8348212146,2.0451787854,0.16205883639999996,0.46999999999999975,0.029998779296875
2025-07-07,1.178078293800354,97.4800033569336,3.9,4.4,1.83026981,2.0697301899999996,0.1852674488999997,0.5000000000000004,0.0800018310546875
2025-07-08,1.1736538410186768,97.51000213623047,3.9,4.42,1.8665369634,2.0334630365999997,0.1583630202999995,0.52,0.6300048828125
2025-07-09,1.1724566221237183,97.47000122070312,3.86,4.34,1.8470333959,2.0129666041,0.05694806649999995,0.48,0.6500015258789062
2025-07-10,1.17311692237854,97.6500015258789,3.86,4.35,1.8672876318,1.9927123681999999,0.06109323460000016,0.48999999999999977,0.8700027465820312
2025-07-11,1.1702749729156494,97.8499984741211,3.9,4.43,1.903209113,1.996790887,-0.04838789840000013,0.5299999999999998,0.6699981689453125
2025-07-14,1.1682106256484985,98.08000183105469,3.9,4.43,1.8699459982,2.0300540018,-0.03967618819999963,0.5299999999999998,0.5999984741210938
2025-07-15,1.1666297912597656,98.62000274658203,3.95,4.5,1.8413199979,2.1086800021000003,0.07521696550000057,0.5499999999999998,1.1100006103515625
2025-07-16,1.1607391834259033,98.38999938964844,3.88,4.46,1.8309948522,2.0490051478,0.03603854370000015,0.5800000000000001,0.9199981689453125
2025-07-17,1.1635754108428955,98.7300033569336,3.91,4.47,1.827158467,2.082841533,0.0901291648,0.5599999999999996,1.0800018310546875
2025-07-18,1.161548137664795,98.4800033569336,3.88,4.44,1.8421399825,2.0378600175,0.04106913049999994,0.5600000000000005,0.6300048828125
2025-07-21,1.1630746126174927,97.8499984741211,3.85,4.38,1.8098318192,2.0401681808000003,0.010114179000000334,0.5299999999999998,-0.23000335693359375
2025-07-22,1.1694538593292236,97.38999938964844,3.83,4.35,1.7986465081,2.0313534919,-0.07732651020000025,0.5199999999999996,-1.2300033569335938
2025-07-23,1.1739156246185303,97.20999908447266,3.88,4.4,1.7905376433,2.0894623567,0.04045720889999993,0.5200000000000005,-1.1800003051757812
2025-07-24,1.1774264574050903,97.37999725341797,3.91,4.43,1.8858153399,2.0241846601000004,-0.058656872899999435,0.5199999999999996,-1.350006103515625
2025-07-25,1.1756131649017334,97.6500015258789,3.91,4.4,1.9267637335,1.9832362665,-0.05462375099999983,0.4900000000000002,-0.8300018310546875
2025-07-28,1.1756821870803833,98.66000366210938,3.91,4.42,1.8843251375,2.0256748625,-0.014493318300000446,0.5099999999999998,0.8100051879882812
2025-07-29,1.1596757173538208,98.91000366210938,3.86,4.34,1.9076732152,1.9523267847999999,-0.07902670710000015,0.48,1.5200042724609375
2025-07-30,1.1550945043563843,99.94000244140625,3.94,4.38,1.9284117853,2.0115882146999997,-0.0778741420000002,0.43999999999999995,2.7300033569335938
2025-07-31,1.1429355144500732,100.02999877929688,3.94,4.37,1.9362248244,2.0037751756,-0.020409484500000463,0.43000000000000016,2.6500015258789062
2025-08-01,1.142374038696289,98.69000244140625,3.69,4.23,1.8822516117,1.8077483882999998,-0.17548787820000022,0.5400000000000005,1.0400009155273438
2025-08-04,1.158668041229248,98.77999877929688,3.69,4.22,1.8777986574,1.8122013425999999,-0.21347351989999996,0.5299999999999998,0.1199951171875
2025-08-05,1.1584129333496094,98.77999877929688,3.72,4.22,1.8794618579,1.8405381421000002,-0.11178864269999966,0.49999999999999956,-0.1300048828125
2025-08-06,1.1579166650772095,98.18000030517578,3.69,4.22,1.8796763767,1.8103236233,-0.20126459139999975,0.5299999999999998,-1.7600021362304688
2025-08-07,1.1663167476654053,98.4000015258789,3.72,4.23,1.8910557398,1.8289442602000001,-0.17483091539999984,0.5100000000000002,-1.6299972534179688
2025-08-08,1.1676650047302246,98.18000030517578,3.76,4.27,1.9353984474,1.8246015525999997,0.016853164299999834,0.5099999999999998,-0.5100021362304688
2025-08-11,1.1647952795028687,98.5199966430664,3.76,4.27,1.9399036004,1.8200963995999997,0.007895056999999817,0.5099999999999998,-0.26000213623046875
2025-08-12,1.1618449687957764,98.0999984741211,3.72,4.29,1.9512619362,1.7687380638,-0.07180007830000013,0.5699999999999998,-0.6800003051757812
2025-08-13,1.1677058935165405,97.83999633789062,3.67,4.24,1.9143562536,1.7556437463999999,-0.05467987690000009,0.5700000000000003,-0.34000396728515625
2025-08-14,1.171289324760437,98.25,3.74,4.29,1.9217794248,1.8182205752000002,-0.010723684999999872,0.5499999999999998,-0.15000152587890625
2025-08-15,1.1651345491409302,97.8499984741211,3.75,4.33,1.9296540424,1.8203459576,-0.004255594999999612,0.5800000000000001,-0.3300018310546875
2025-08-18,1.1706587076187134,98.16999816894531,3.77,4.34,1.9361723298,1.8338276702,0.013731270600000345,0.5699999999999998,-0.34999847412109375
2025-08-19,1.1668338775634766,98.2699966430664,3.75,4.3,1.9299063054,1.8200936946,0.05135563079999983,0.5499999999999998,0.1699981689453125
2025-08-20,1.164252758026123,98.22000122070312,3.74,4.29,1.9028262007,1.8371737993000001,0.08153005290000026,0.5499999999999998,0.3800048828125
2025-08-21,1.165175199508667,98.62000274658203,3.79,4.33,1.9395964645,1.8504035355000001,0.032182960299999896,0.54,0.37000274658203125
2025-08-22,1.16130530834198,97.72000122070312,3.68,4.26,1.9473188478,1.7326811522,-0.08766480539999999,0.5799999999999996,-0.12999725341796875
2025-08-25,1.1709601879119873,98.43000030517578,3.73,4.28,1.9578977321,1.7721022679,-0.06172540230000001,0.5500000000000003,0.26000213623046875
2025-08-26,1.1618449687957764,98.2300033569336,3.61,4.26,1.9200470906,1.6899529093999999,-0.13014078520000005,0.6499999999999999,-0.0399932861328125
2025-08-27,1.1639411449432373,98.2300033569336,3.59,4.24,1.9044242003,1.6855757996999998,-0.1515979996000003,0.6500000000000004,0.01000213623046875
2025-08-28,1.1647952795028687,97.80999755859375,3.62,4.22,1.914518753,1.705481247,-0.1449222885000001,0.5999999999999996,-0.8100051879882812
2025-08-29,1.1681560277938843,97.7699966430664,3.59,4.23,1.9213686405,1.6686313595,-0.06404979270000011,0.6400000000000006,0.04999542236328125
2025-09-02,1.1715912818908691,98.4000015258789,3.66,4.28,1.9547879495,1.7052120505000001,-0.0668902173999999,0.6200000000000001,-0.029998779296875
2025-09-03,1.163602590560913,98.13999938964844,3.61,4.22,1.9325486542,1.6774513457999998,-0.012501563600000098,0.6099999999999999,-0.09000396728515625
2025-09-04,1.16604483127594,98.3499984741211,3.59,4.17,1.9264749155,1.6635250844999998,-0.022050715200000015,0.5800000000000001,0.1199951171875
2025-09-05,1.1656913757324219,97.7699966430664,3.51,4.1,1.9033183028,1.6066816971999998,-0.09879954980000027,0.5899999999999999,-0.04000091552734375
2025-09-08,1.1713168621063232,97.44999694824219,3.49,4.05,1.895973612,1.5940263880000003,-0.07460497149999967,0.5599999999999996,-0.31999969482421875
2025-09-09,1.1769136190414429,97.79000091552734,3.54,4.08,1.9051122605,1.6348877395,-0.07032431100000003,0.54,-0.6100006103515625
2025-09-10,1.1702749729156494,97.77999877929688,3.54,4.04,1.9141822433,1.6258177567,-0.05163358909999971,0.5,-0.3600006103515625
2025-09-11,1.1703435182571411,97.54000091552734,3.52,4.01,1.9532167861,1.5667832139,-0.09674187059999984,0.48999999999999977,-0.80999755859375
2025-09-12,1.1734747886657715,97.55000305175781,3.56,4.06,1.9790847728,1.5809152272,-0.025766469999999764,0.49999999999999956,-0.21999359130859375
2025-09-15,1.1726491451263428,97.30000305175781,3.54,4.05,1.9720407965,1.5679592035,-0.02606718450000023,0.5099999999999998,-0.149993896484375
2025-09-16,1.1763737201690674,96.62999725341797,3.51,4.04,1.9778896988,1.5321103011999997,-0.10277743830000041,0.5300000000000002,-1.160003662109375
2025-09-17,1.1871408224105835,96.87000274658203,3.52,4.06,1.9643942273,1.5556057727000001,-0.07021198399999995,0.5399999999999996,-0.9099960327148438
2025-09-18,1.1826341152191162,97.3499984741211,3.57,4.11,1.9780242937,1.5919757062999997,0.025192492399999766,0.5400000000000005,-0.19000244140625
2025-09-19,1.1791062355041504,97.63999938964844,3.57,4.14,1.9896402238,1.5803597762,-0.0005554510000000956,0.5699999999999998,0.089996337890625
2025-09-22,1.1736950874328613,97.33000183105469,3.61,4.15,1.9852879818,1.6247120181999999,0.05675281469999982,0.5400000000000005,0.029998779296875
2025-09-23,1.1801080703735352,97.26000213623047,3.53,4.12,1.9956466397,1.5343533603,0.002243059100000222,0.5900000000000003,0.6300048828125
2025-09-24,1.1814465522766113,97.87000274658203,3.57,4.16,1.9873716479,1.5826283520999997,0.027022579399999636,0.5900000000000003,1.0
2025-09-25,1.1744670867919922,98.55000305175781,3.64,4.18,2.0094562374,1.6305437626000003,0.0385680563000006,0.5399999999999996,1.2000045776367188
2025-09-26,1.166275978088379,98.1500015258789,3.63,4.2,1.9994178834,1.6305821165999999,0.050222340399999954,0.5700000000000003,0.5100021362304688
2025-09-29,1.170823097229004,97.91000366210938,3.63,4.15,1.9956701695,1.6343298304999998,0.009617812299999917,0.5200000000000005,0.5800018310546875
2025-09-30,1.1731443405151367,97.7699966430664,3.6,4.16,1.9908238068,1.6091761932000002,0.07482283290000025,0.56,0.5099945068359375
2025-10-01,1.1735849380493164,97.70999908447266,3.55,4.12,1.9761886629,1.5738113370999998,-0.008817014999999984,0.5700000000000003,-0.160003662109375
2025-10-02,1.1734058856964111,97.8499984741211,3.55,4.1,1.9917023576,1.5582976424,-0.07224612020000043,0.5499999999999998,-0.7000045776367188
2025-10-03,1.1725116968154907,97.72000122070312,3.58,4.13,1.9939644259,1.5860355741,-0.044546542499999786,0.5499999999999998,-0.43000030517578125
2025-10-06,1.171248197555542,98.11000061035156,3.6,4.18,1.98083288,1.6191671200000002,-0.015162710499999621,0.5799999999999996,0.1999969482421875
2025-10-07,1.171028733253479,98.58000183105469,3.57,4.14,1.9857003252,1.5842996747999998,-0.02487651840000038,0.5699999999999998,0.8100051879882812
2025-10-08,1.1654603481292725,98.8499984741211,3.58,4.13,1.9630022754,1.6169977246,0.043186387500000256,0.5499999999999998,1.1399993896484375
2025-10-09,1.1631964445114136,99.54000091552734,3.6,4.14,1.9726228378,1.6273771622000002,0.06907951980000027,0.5399999999999996,1.69000244140625
2025-10-10,1.156644344329834,98.9800033569336,3.52,4.05,1.9587396731,1.5612603269,-0.024775247200000017,0.5299999999999998,1.2600021362304688
2025-10-14,1.1566845178604126,99.05000305175781,3.48,4.03,1.9168815171,1.5631184829,-0.05604863710000019,0.5500000000000003,0.94000244140625
2025-10-15,1.1602274179458618,98.79000091552734,3.5,4.05,1.9001731195,1.5998268805,0.015527205700000213,0.5499999999999998,0.20999908447265625
2025-10-16,1.1646324396133423,98.38999938964844,3.41,3.99,1.9037734982,1.5062265018,-0.11077122279999996,0.5800000000000001,-0.45999908447265625
2025-10-17,1.1699601411819458,98.43000030517578,3.46,4.02,1.8984483024,1.5615516976,-0.06582546460000027,0.5599999999999996,-1.1100006103515625
2025-10-20,1.165745735168457,98.58999633789062,3.46,4.0,1.8984182214,1.5615817786,0.000321451699999864,0.54,-0.39000701904296875
2025-10-21,1.164442539215088,98.93000030517578,3.45,3.98,1.8885775465,1.5614224535,-0.0016960293999999099,0.5299999999999998,-0.12000274658203125
2025-10-22,1.160038948059082,98.9000015258789,3.45,3.97,1.8988944421,1.5511055579000002,-0.04872132259999984,0.52,0.1100006103515625
2025-10-23,1.1608469486236572,98.94000244140625,3.48,4.01,1.9077101748,1.5722898252,0.06606332339999987,0.5299999999999998,0.5500030517578125
2025-10-24,1.1618045568466187,98.94999694824219,3.48,4.02,1.9492572548,1.5307427452,-0.030808952399999923,0.5399999999999996,0.5199966430664062
2025-10-27,1.1631693840026855,98.77999877929688,3.48,4.01,1.9525802229,1.5274197771,-0.03416200149999993,0.5299999999999998,0.19000244140625
2025-10-28,1.165175199508667,98.69000244140625,3.47,3.99,1.9502180776,1.5197819224000002,-0.04164053109999988,0.52,-0.23999786376953125
2025-10-29,1.1657865047454834,99.22000122070312,3.59,4.08,1.9449959952,1.6450040047999999,0.09389844689999971,0.4900000000000002,0.31999969482421875
2025-10-30,1.1603351831436157,99.52999877929688,3.61,4.11,1.966546382,1.643453618,0.07116379279999996,0.5000000000000004,0.589996337890625
2025-10-31,1.157246708869934,99.80000305175781,3.6,4.11,1.9496455975,1.6503544025,0.11961165730000012,0.5100000000000002,0.850006103515625
2025-11-03,1.1528042554855347,99.87000274658203,3.6,4.13,1.9601849719,1.6398150281000001,0.11239525100000014,0.5299999999999998,1.0900039672851562
2025-11-04,1.1519144773483276,100.22000122070312,3.58,4.1,1.9545242785,1.6254757215,0.10569379909999976,0.5199999999999996,1.529998779296875
2025-11-05,1.1485539674758911,100.19999694824219,3.63,4.17,1.9539552601,1.6760447398999998,0.03104073509999994,0.54,0.9799957275390625
2025-11-06,1.1496764421463013,99.7300033569336,3.57,4.11,1.9634247745,1.6065752254999999,-0.03687839250000002,0.5400000000000005,0.20000457763671875
2025-11-07,1.1549211740493774,99.5999984741211,3.55,4.11,1.9723170296,1.5776829703999997,-0.07267143210000038,0.5600000000000005,-0.20000457763671875
2025-11-10,1.1543878316879272,99.62000274658203,3.58,4.13,1.9713384534,1.6086615466,-0.03115348150000008,0.5499999999999998,-0.25
2025-11-12,1.1587486267089844,99.4800033569336,3.56,4.08,1.9757924828,1.5842075172,-0.04126820429999989,0.52,-0.7399978637695312
2025-11-13,1.159218668937683,99.18000030517578,3.58,4.11,1.9946614329,1.5853385671,-0.09070617279999982,0.5300000000000002,-1.0199966430664062
2025-11-14,1.1631964445114136,99.2699966430664,3.62,4.14,1.9897807117,1.6302192883000002,0.02364406280000031,0.5199999999999996,-0.4600067138671875
2025-11-17,1.1615345478057861,99.58999633789062,3.6,4.13,2.001966068,1.5980339319999999,0.02035096160000016,0.5299999999999998,-0.01000213623046875
2025-11-18,1.159057378768921,99.55000305175781,3.58,4.12,1.9800858891,1.5999141109000001,-0.008747435699999917,0.54,-0.06999969482421875
2025-11-19,1.1581177711486816,100.2300033569336,3.58,4.13,1.9897453776,1.5902546224,0.006047105199999958,0.5499999999999998,0.75
2025-11-20,1.154068112373352,100.16000366210938,3.55,4.1,2.0067656218,1.5432343781999998,-0.04210418890000023,0.5499999999999998,0.9800033569335938
2025-11-21,1.1534557342529297,100.18000030517578,3.51,4.06,1.9777959808,1.5322040191999997,-0.09801526910000047,0.5499999999999998,0.910003662109375
2025-11-24,1.1507612466812134,100.13999938964844,3.46,4.04,1.9981241414,1.4618758586,-0.13615807339999986,0.5800000000000001,0.5500030517578125
2025-11-25,1.1520073413848877,99.66000366210938,3.43,4.01,1.9924426405,1.4375573595000002,-0.16235675139999994,0.5799999999999996,0.1100006103515625
2025-11-26,1.156483769416809,99.5999984741211,3.45,4.0,1.9959402407,1.4540597593000002,-0.13619486309999984,0.5499999999999998,-0.6300048828125
2025-11-28,1.1599851846694946,99.45999908447266,3.47,4.02,2.0086159249,1.4613840751000002,-0.08185030309999952,0.5499999999999994,-0.7000045776367188
2025-12-01,1.1601465940475464,99.41000366210938,3.54,4.09,2.0361617384,1.5038382616,-0.02836575759999982,0.5499999999999998,-0.7699966430664062
2025-12-02,1.1607661247253418,99.36000061035156,3.51,4.09,2.0262999062,1.4837000938,0.021824235199999986,0.5800000000000001,-0.779998779296875
2025-12-03,1.1627906560897827,98.8499984741211,3.49,4.06,2.0245242654,1.4654757346,0.027918375099999837,0.5699999999999994,-0.8100051879882812
2025-12-04,1.1666841506958008,98.98999786376953,3.52,4.11,2.0453654549,1.4746345450999998,0.020574785799999606,0.5900000000000003,-0.6100006103515625
2025-12-05,1.1642799377441406,98.98999786376953,3.56,4.14,2.052909768,1.507090232,0.045706156899999684,0.5799999999999996,-0.470001220703125
2025-12-08,1.164022445678711,99.08999633789062,3.57,4.17,2.1127957698,1.4572042302,-0.0466340314,0.6000000000000001,-0.32000732421875
2025-12-09,1.1641442775726318,99.22000122070312,3.61,4.18,2.1151576926,1.4948423074,0.011142213599999895,0.5699999999999998,-0.1399993896484375
2025-12-10,1.1628313064575195,98.79000091552734,3.54,4.13,2.1334987566,1.4065012434000002,-0.05897449119999987,0.5899999999999999,-0.05999755859375
2025-12-11,1.1701242923736572,98.3499984741211,3.52,4.14,2.1223183223,1.3976816777,-0.07695286739999974,0.6199999999999997,-0.6399993896484375
2025-12-12,1.1739431619644165,98.4000015258789,3.52,4.19,2.1260062539,1.3939937461,-0.11309648589999988,0.6700000000000004,-0.589996337890625
2025-12-15,1.1737639904022217,98.1500015258789,3.51,4.18,2.1145348663,1.3954651336999997,-0.0617390965000002,0.6699999999999999,-0.9399948120117188
2025-12-16,1.1754610538482666,98.1500015258789,3.48,4.15,2.1131495875,1.3668504124999998,-0.12799189490000007,0.6700000000000004,-1.0699996948242188
2025-12-17,1.1749500036239624,98.37000274658203,3.49,4.16,2.1027460322,1.3872539678000004,-0.019247275599999725,0.6699999999999999,-0.4199981689453125
2025-12-18,1.1742326021194458,98.43000030517578,3.46,4.12,2.100313418,1.3596865820000001,-0.037995095699999926,0.6600000000000001,0.0800018310546875
2025-12-19,1.1725666522979736,98.5999984741211,3.48,4.16,2.1198446236,1.3601553763999998,-0.033838369700000204,0.6800000000000002,0.1999969482421875
2025-12-22,1.1708093881607056,98.29000091552734,3.44,4.17,2.1227241736,1.3172758264,-0.07818930729999973,0.73,0.1399993896484375
2025-12-23,1.1765950918197632,97.94000244140625,3.48,4.18,2.1201323564,1.3598676436,-0.006982768899999936,0.6999999999999997,-0.20999908447265625
2025-12-24,1.179551362991333,97.9800033569336,3.47,4.15,2.1214520268,1.3485479732,-0.03870599460000035,0.6800000000000002,-0.3899993896484375
2025-12-29,1.1772738695144653,98.04000091552734,3.45,4.12,2.0890805136,1.3609194864000003,0.0012329044000001232,0.6699999999999999,-0.3899993896484375
2025-12-30,1.1772878170013428,98.23999786376953,3.45,4.14,2.1004409369,1.3495590631,-0.010596313299999771,0.6899999999999995,-0.3600006103515625
2025-12-31,1.1747292280197144,98.27999877929688,3.47,4.18,2.108454926,1.3615450740000004,0.044269247600000394,0.7099999999999995,-0.01000213623046875
2026-01-02,1.175046682357788,98.41999816894531,3.47,4.19,2.1097118774,1.3602881226,0.00042047900000019567,0.7200000000000002,0.4799957275390625
2026-01-05,1.1704667806625366,98.2699966430664,3.46,4.17,2.1166888082,1.3433111917999998,-0.005236781400000279,0.71,0.2899932861328125
2026-01-06,1.1714951992034912,98.58000183105469,3.47,4.18,2.0811808209,1.3888191791000004,0.027899692700000145,0.7099999999999995,0.5400009155273438
2026-01-07,1.1688251495361328,98.68000030517578,3.47,4.15,2.0676284816,1.4023715184000003,0.05281245530000023,0.6800000000000002,0.44000244140625
2026-01-08,1.1676785945892334,98.93000030517578,3.49,4.19,2.0789036096,1.4110963904,0.049551316399999656,0.7000000000000002,0.6500015258789062
2026-01-09,1.1657865047454834,99.12999725341797,3.54,4.18,2.0896572574,1.4503427426000002,0.09005462000000009,0.6399999999999997,0.7099990844726562
2026-01-12,1.1623716354370117,98.86000061035156,3.54,4.19,2.0774595775,1.4625404225,0.11922923070000024,0.6500000000000004,0.5900039672851562
2026-01-13,1.1666978597640991,99.12999725341797,3.53,4.18,2.0777781125,1.4522218875,0.06340270839999951,0.6499999999999999,0.5499954223632812
2026-01-14,1.164252758026123,99.12999725341797,3.51,4.15,2.0614395345,1.4485604655,0.046188947099999655,0.6400000000000006,0.4499969482421875
2026-01-15,1.1646324396133423,99.31999969482422,3.56,4.17,2.0696657104,1.4903342896000003,0.07923789920000024,0.6099999999999999,0.3899993896484375
2026-01-16,1.1609008312225342,99.38999938964844,3.59,4.24,2.0876313209,1.5023686791,0.05202593649999976,0.6500000000000004,0.26000213623046875
2026-01-20,1.1639139652252197,98.63999938964844,3.6,4.3,2.0547042686,1.5452957314,0.08275530889999994,0.6999999999999997,-0.220001220703125
2026-01-21,1.1727865934371948,98.76000213623047,3.6,4.26,2.0537035653,1.5462964346999999,0.09407454719999997,0.6599999999999997,-0.3699951171875
2026-01-22,1.1672970056533813,98.36000061035156,3.61,4.26,2.0855734238,1.5244265761999998,0.07586611069999982,0.6499999999999999,-0.7699966430664062
2026-01-23,1.1754610538482666,97.5999984741211,3.6,4.24,2.1048870037,1.4951129963,0.004778706699999802,0.6400000000000001,-1.720001220703125
2026-01-26,1.1858457326889038,97.04000091552734,3.56,4.22,2.0873579681,1.4726420319,-0.029726647199999956,0.6599999999999997,-2.3499984741210938
2026-01-27,1.1876484155654907,96.22000122070312,3.53,4.24,2.0805342608,1.4494657391999999,-0.0958299922000001,0.7100000000000004,-2.4199981689453125
2026-01-28,1.2017642259597778,96.44999694824219,3.56,4.26,2.0530366858,1.5069633142,-0.03933312049999982,0.6999999999999997,-2.3100051879882812
2026-01-29,1.1977769136428833,96.27999877929688,3.53,4.24,2.036202589,1.4937974109999996,-0.03062916520000014,0.7100000000000004,-2.0800018310546875
2026-01-30,1.19657301902771,96.98999786376953,3.52,4.26,2.0495671759,1.4704328241,-0.024680172200000072,0.7399999999999998,-0.6100006103515625
2026-02-02,1.1849182844161987,97.61000061035156,3.57,4.29,2.0631603149,1.5068396850999997,0.03419765319999968,0.7200000000000002,0.5699996948242188
2026-02-03,1.1798714399337769,97.44000244140625,3.57,4.28,2.0813185732,1.4886814268,0.03921568760000005,0.7100000000000004,1.220001220703125
2026-02-04,1.1816140413284302,97.62000274658203,3.57,4.29,2.0624879741,1.5075120258999997,0.0005487116999995933,0.7200000000000002,1.1700057983398438
2026-02-05,1.180163860321045,97.81999969482422,3.47,4.21,2.0587574086,1.4112425914000002,-0.08255481959999944,0.7399999999999998,1.5400009155273438
2026-02-06,1.177786946296692,97.62999725341797,3.5,4.22,2.043146305,1.456853695,-0.013579129100000031,0.7199999999999998,0.6399993896484375
2026-02-09,1.182578206062317,96.81999969482422,3.48,4.22,2.032594875,1.447405125,-0.0594345600999997,0.7399999999999998,-0.7900009155273438
2026-02-10,1.1904053688049316,96.80000305175781,3.45,4.16,2.0294694015,1.4205305985,-0.06815082829999985,0.71,-0.6399993896484375
2026-02-11,1.1889617443084717,96.83000183105469,3.52,4.18,2.0353981842,1.4846018158,-0.022910210099999606,0.6599999999999997,-0.7900009155273438
2026-02-12,1.1876062154769897,96.93000030517578,3.47,4.09,2.0269946228,1.4430053772,0.031762785799999804,0.6199999999999997,-0.8899993896484375
2026-02-13,1.1868449449539185,96.87999725341797,3.4,4.04,1.9972761628,1.4027238372,-0.054129857800000014,0.6400000000000001,-0.75
2026-02-17,1.1849884986877441,97.16000366210938,3.43,4.05,2.0029126282,1.4270873718000003,-0.020317753199999622,0.6199999999999997,0.34000396728515625
2026-02-18,1.185185194015503,97.69999694824219,3.47,4.09,2.0125980441,1.4574019559,0.036871357399999916,0.6199999999999997,0.899993896484375
2026-02-19,1.1788839101791382,97.93000030517578,3.47,4.08,2.0165098289,1.4534901711000003,-0.03111164469999972,0.6099999999999999,1.0999984741210938
2026-02-20,1.1769136190414429,97.80000305175781,3.48,4.08,2.0134776273,1.4665223727,0.023516995500000082,0.6000000000000001,0.8700027465820312
2026-02-23,1.1834739446640015,97.69999694824219,3.43,4.03,2.0077993115,1.4222006885000003,0.01947685130000032,0.6000000000000001,0.8199996948242188
2026-02-24,1.1793843507766724,97.87999725341797,3.43,4.04,2.0065503018,1.4234496982000002,-0.003637673600000113,0.6099999999999999,0.7199935913085938
2026-02-25,1.1775233745574951,97.69999694824219,3.45,4.05,2.0088303801,1.4411696199000001,-0.016232335999999847,0.5999999999999996,0.0
2026-02-26,1.181516408920288,97.79000091552734,3.42,4.02,2.0032308997,1.4167691002999998,-0.03672107080000053,0.5999999999999996,-0.1399993896484375
2026-02-27,1.1803030967712402,97.61000061035156,3.38,3.97,1.9805043076,1.3994956924,-0.06702668030000014,0.5900000000000003,-0.19000244140625
2026-03-02,1.1759449243545532,98.37999725341797,3.47,4.05,2.030707584,1.4392924160000002,0.017091727499999987,0.5799999999999996,0.6800003051757812
2026-03-03,1.1697274446487427,99.05000305175781,3.51,4.06,2.133731533,1.3762684669999996,-0.04718123120000062,0.5499999999999998,1.1700057983398438
2026-03-04,1.161224365234375,98.7699966430664,3.54,4.09,2.098893153,1.441106847,-6.277290000022973e-05,0.5499999999999998,1.0699996948242188
2026-03-05,1.1635618209838867,99.31999969482422,3.57,4.13,2.1676114472,1.4023885527999997,-0.014380547500000063,0.56,1.529998779296875
2026-03-06,1.1608065366744995,98.98999786376953,3.56,4.15,2.2233174688,1.3366825312000001,-0.0628131611999998,0.5900000000000003,1.3799972534179688
2026-03-09,1.152325987815857,99.18000030517578,3.56,4.12,2.2505716678,1.3094283322,-0.12986408380000025,0.56,0.8000030517578125
2026-03-10,1.1617234945297241,98.83000183105469,3.57,4.15,2.1757420376,1.3942579623999998,0.017989495400000166,0.5800000000000005,-0.220001220703125
2026-03-11,1.1611299514770508,99.2300033569336,3.64,4.21,2.3138180443,1.3261819557,-0.11492489129999983,0.5699999999999998,0.4600067138671875
2026-03-12,1.1543211936950684,99.73999786376953,3.76,4.27,2.3517295137,1.4082704862999997,0.005881933499999992,0.5099999999999998,0.4199981689453125
2026-03-13,1.1521666049957275,100.36000061035156,3.73,4.28,2.3632504207,1.3667495793,0.030067048099999827,0.5500000000000003,1.3700027465820312
2026-03-16,1.1435105800628662,99.70999908447266,3.68,4.23,2.340172575,1.3398274250000002,0.030399092800000194,0.5500000000000003,0.529998779296875
2026-03-17,1.1499539613723755,99.58000183105469,3.68,4.2,2.3318529669,1.3481470331,-0.046110929299999714,0.52,0.75
2026-03-18,1.153948187828064,100.08999633789062,3.76,4.26,2.4052936167,1.3547063833,0.028524427599999846,0.5,0.8599929809570312
2026-03-19,1.1464471817016602,99.2300033569336,3.79,4.25,2.4681846638,1.3218153362000002,-0.08645515009999949,0.45999999999999996,-0.5099945068359375
2026-03-20,1.157755732536316,99.6500015258789,3.88,4.39,2.5854170099,1.2945829900999999,-0.07216658920000008,0.5099999999999998,-0.7099990844726562
2026-03-23,1.1560158729553223,98.94999694824219,3.83,4.34,2.5182150027,1.3117849973000002,-0.028042427699999983,0.5099999999999998,-0.7600021362304688
2026-03-24,1.1607122421264648,99.43000030517578,3.9,4.39,2.5894585133,1.3105414867,-0.03760554640000002,0.48999999999999977,-0.15000152587890625
2026-03-25,1.16146719455719,99.5999984741211,3.84,4.33,2.5571657133,1.2828342867,-0.07187209659999994,0.4900000000000002,-0.48999786376953125
2026-03-26,1.1561496257781982,99.9000015258789,3.96,4.42,2.6236868951,1.3363131048999999,0.014497768699999636,0.45999999999999996,0.6699981689453125
2026-03-27,1.1535090208053589,100.1500015258789,3.88,4.44,2.6447072056,1.2352927943999998,-0.05929019570000005,0.5600000000000005,0.5
2026-03-30,1.149200677871704,100.51000213623047,3.82,4.35,2.6005623576,1.2194376424,-0.09234735490000023,0.5299999999999998,1.5600051879882812
2026-03-31,1.1460003852844238,99.95999908447266,3.79,4.3,2.5889838861,1.2010161139000002,-0.10952537279999985,0.5099999999999998,0.529998779296875
2026-04-01,1.1574207544326782,99.6500015258789,3.81,4.33,2.5482024884,1.2617975116000002,-0.021036775099999794,0.52,0.0500030517578125
2026-04-02,1.159057378768921,100.02999877929688,3.79,4.31,2.5948155184,1.1951844816000001,-0.14112862329999976,0.5199999999999996,0.12999725341796875
2026-04-07,1.1541212797164917,99.63999938964844,3.81,4.33,2.6592217899,1.1507782101,-0.08451458429999992,0.52,-0.5100021362304688
2026-04-08,1.1686612367630005,99.12999725341797,3.79,4.29,2.4414899676,1.3485100324000001,0.12907239000000015,0.5,-1.3800048828125
2026-04-09,1.16593599319458,98.81999969482422,3.78,4.29,2.5237103254,1.2562896745999996,0.05527356069999945,0.5100000000000002,-1.1399993896484375
2026-04-10,1.1691256761550903,98.6500015258789,3.81,4.31,2.5310621219,1.2789378781000003,0.01714036650000006,0.49999999999999956,-1.0
2026-04-13,1.1675150394439697,98.37000274658203,3.78,4.3,2.5855339022,1.1944660978,-0.0007183838000002218,0.52,-1.6599960327148438
2026-04-14,1.176885962486267,98.12000274658203,3.76,4.26,2.5445231091,1.2154768908999998,0.06469868079999985,0.5,-1.5199966430664062
2026-04-15,1.179940938949585,98.05999755859375,3.76,4.29,2.4953056634,1.2646943365999999,-0.08381569580000026,0.5300000000000002,-1.0699996948242188
2026-04-16,1.1809163093566895,98.22000122070312,3.78,4.32,2.4885726292,1.2914273707999997,0.03513769620000007,0.5400000000000005,-0.5999984741210938
2026-04-17,1.1782727241516113,98.0999984741211,3.71,4.26,2.4099992558,1.3000007442000001,0.021062866099999855,0.5499999999999998,-0.5500030517578125
2026-04-20,1.1741223335266113,98.05000305175781,3.72,4.26,2.4209588043,1.2990411957,0.10457509790000019,0.5399999999999996,-0.31999969482421875
2026-04-21,1.1784392595291138,98.41000366210938,3.78,4.3,2.4560076038,1.3239923962,0.1085155053000002,0.52,0.29000091552734375
2026-04-22,1.174425721168518,98.58999633789062,3.79,4.3,2.4912944573,1.2987055427,0.03401120610000019,0.5099999999999998,0.529998779296875
2026-04-23,1.1706037521362305,98.80000305175781,3.83,4.34,2.5376409998,1.2923590002000003,0.0009316294000005776,0.5099999999999998,0.5800018310546875
2026-04-24,1.16838800907135,98.51000213623047,3.78,4.31,2.5420491489,1.2379508511,-0.0620498931000002,0.5299999999999998,0.410003662109375
2026-04-27,1.1706448793411255,98.4800033569336,3.78,4.35,2.530043291,1.2499567089999997,-0.04908448670000043,0.5699999999999998,0.43000030517578125
2026-04-28,1.1723467111587524,98.62000274658203,3.84,4.36,2.601788104,1.2382118959999997,-0.08578050020000028,0.5200000000000005,0.20999908447265625
2026-04-29,1.171783447265625,98.91999816894531,3.92,4.42,2.665172473,1.2548275269999998,-0.04387801570000027,0.5,0.3300018310546875
2026-04-30,1.168470025062561,98.08000183105469,3.88,4.4,2.6058943243,1.2741056757,-0.01825332450000028,0.5200000000000005,-0.720001220703125
2026-05-04,1.1726628541946411,98.47000122070312,3.95,4.45,2.6404350044,1.3095649956000002,0.07161414450000025,0.5,-0.04000091552734375
2026-05-05,1.1691941022872925,98.4800033569336,3.93,4.43,2.6390993225,1.2909006775000003,0.040943968500000594,0.49999999999999956,0.0
2026-05-06,1.1715774536132812,98.0199966430664,3.87,4.36,2.5384893356,1.3315106644,0.0932987684000004,0.4900000000000002,-0.600006103515625
2026-05-07,1.1747430562973022,98.25,3.92,4.41,2.5130682789,1.4069317210999999,0.1521041941000001,0.4900000000000002,-0.6699981689453125
2026-05-08,1.1731581687927246,97.83999633789062,3.9,4.38,2.5402702863,1.3597297136999997,0.08562403799999974,0.48,-0.2400054931640625
2026-05-11,1.176885962486267,97.94000244140625,3.95,4.42,2.5923630642,1.3576369358,0.04807194019999983,0.46999999999999975,-0.529998779296875
2026-05-12,1.177994966506958,98.29000091552734,4.0,4.46,2.6582573787,1.3417426212999999,0.05084194379999962,0.45999999999999996,-0.19000244140625
2026-05-13,1.1735436916351318,98.4800033569336,3.98,4.46,2.6562503742,1.3237496258,-0.007761038599999992,0.48,0.4600067138671875
2026-05-14,1.1716049909591675,98.87999725341797,4.0,4.47,2.6059369849,1.3940630151,-0.012868705999999897,0.46999999999999975,0.6299972534179688
2026-05-15,1.166208028793335,99.2699966430664,4.09,4.59,2.6867609973,1.4032390027,0.04350928900000017,0.5,1.4300003051757812
2026-05-18,1.161440134048462,98.97000122070312,4.07,4.61,2.6399098709,1.4300901291000003,0.07245319330000033,0.54,1.029998779296875
2026-05-19,1.1655147075653076,99.30000305175781,4.13,4.67,2.6893209753,1.4406790247,0.0989364034000002,0.54,1.0100021362304688
2026-05-20,1.1607122421264648,99.11000061035156,4.04,4.57,2.6729796871,1.3670203129000003,0.04327068710000015,0.5300000000000002,0.6299972534179688
2026-05-21,1.1625338792800903,99.19000244140625,4.08,4.57,2.6286870284,1.4513129716000002,0.0572499565000002,0.4900000000000002,0.31000518798828125
2026-05-22,1.1621150970458984,99.31999969482422,4.13,4.56,2.5735265749,1.5564734251,0.15323442240000018,0.4299999999999997,0.0500030517578125
2026-05-26,1.1637378931045532,99.16999816894531,4.01,4.5,2.5304227883,1.4795772116999997,0.049487082599999344,0.4900000000000002,0.1999969482421875
2026-05-27,1.1636837720870972,99.20999908447266,4.0,4.48,2.5242753911,1.4757246088999998,0.0350455841999997,0.4800000000000004,-0.09000396728515625
2026-05-28,1.1617909669876099,99.0199966430664,3.99,4.45,2.5253148055,1.4646851945000003,0.09766488160000009,0.45999999999999996,-0.09000396728515625
2026-05-29,1.1652837991714478,98.91000366210938,3.98,4.45,2.5006714674,1.4793285325999999,0.02801556099999969,0.4700000000000002,-0.279998779296875
2026-06-01,1.164890170097351,99.19999694824219,4.05,4.47,2.5777190557,1.4722809443,-0.08419248080000008,0.41999999999999993,-0.12000274658203125
2026-06-02,1.1635483503341675,99.22000122070312,4.05,4.46,2.5557837052,1.4942162947999997,0.014639083100000061,0.41000000000000014,0.0500030517578125
2026-06-03,1.1622096300125122,99.52999877929688,4.08,4.49,2.5889111082,1.4910888918,0.015364282900000248,0.41000000000000014,0.31999969482421875
2026-06-04,1.160941243171692,99.41000366210938,4.05,4.47,2.5816369773,1.4683630226999997,0.0036778281999994,0.41999999999999993,0.39000701904296875
2026-06-05,1.1612648963928223,100.06999969482422,4.17,4.55,2.6015235946,1.5684764053999998,0.08914787279999992,0.3799999999999999,1.1599960327148438
2026-06-08,1.1522595882415771,100.05000305175781,4.15,4.56,2.623581458,1.5264185420000005,0.054137597700000484,0.40999999999999925,0.850006103515625
2026-06-09,1.1528440713882446,99.91000366210938,4.13,4.53,2.6189683991,1.5110316009,0.01681530610000026,0.40000000000000036,0.69000244140625
2026-06-10,1.1535356044769287,99.94999694824219,4.13,4.55,2.6354295416,1.4945704583999997,0.0034815665999996526,0.41999999999999993,0.4199981689453125
2026-06-11,1.1535621881484985,99.86000061035156,4.05,4.45,2.6089401632,1.4410598367999996,-0.027303185900000138,0.40000000000000036,0.4499969482421875
2026-06-12,1.157594919204712,99.75,4.09,4.48,2.5775819706,1.5124180294,-0.05605837599999974,0.39000000000000057,-0.31999969482421875
2026-06-15,1.1603081226348877,99.62999725341797,4.07,4.47,2.5184709728,1.5515290272000004,0.02511048519999992,0.39999999999999947,-0.42000579833984375
2026-06-16,1.1594202518463135,99.54000091552734,4.05,4.43,2.5154495371,1.5345504629,0.023518861999999974,0.3799999999999999,-0.37000274658203125
2026-06-17,1.1609952449798584,100.08999633789062,4.2,4.49,2.5267491655,1.6732508345000001,0.17868037610000043,0.29000000000000004,0.1399993896484375
2026-06-18,1.150734782218933,100.8499984741211,4.19,4.46,2.5543756811,1.6356243189000006,0.194564482100001,0.2699999999999996,0.9899978637695312
2026-06-22,1.1462763547897339,101.0199966430664,4.24,4.51,2.5451244434,1.6948755566,0.18245752719999997,0.2699999999999996,1.2699966430664062
2026-06-23,1.1427135467529297,101.41000366210938,4.16,4.5,2.5038709417,1.6561290583000003,0.10460003109999993,0.33999999999999986,1.7800064086914062
2026-06-24,1.1379542350769043,101.61000061035156,4.11,4.41,2.4861849189,1.6238150811000005,0.08926461820000053,0.2999999999999998,2.0699996948242188
2026-06-25,1.1354217529296875,101.43000030517578,4.09,4.4,2.4756991249,1.6143008750999996,-0.05894995940000047,0.3100000000000005,1.3400039672851562
2026-06-26,1.1361699104309082,101.36000061035156,4.07,4.38,2.4528794927,1.6171205073000001,-0.018503811600000475,0.3099999999999996,0.5100021362304688
2026-06-29,1.1385631561279297,101.11000061035156,4.1,4.38,2.476732268,1.6232677319999995,-0.07160782460000048,0.28000000000000025,0.09000396728515625
2026-06-30,1.1422044038772583,101.19000244140625,4.14,4.44,2.4760833371,1.6639166628999997,0.007787604599999387,0.3000000000000007,-0.220001220703125
2026-07-01,1.1413310766220093,101.38999938964844,4.17,4.48,2.4738910102,1.6961089898,0.07229390869999941,0.3100000000000005,-0.220001220703125
2026-07-02,1.13779878616333,100.86000061035156,4.14,4.49,2.4543322029,1.6856677970999998,0.07136692200000017,0.35000000000000053,-0.5699996948242188
2026-07-06,1.1437721252441406,100.8499984741211,4.13,4.48,2.484644142,1.6453558579999998,0.028235350699999717,0.35000000000000053,-0.5100021362304688
2026-07-07,1.144177794456482,101.13999938964844,4.19,4.55,2.5291403048,1.6608596952000005,0.03759196320000102,0.35999999999999943,0.029998779296875
2026-07-08,1.140380859375,101.05000305175781,4.21,4.56,2.6192816299,1.5907183700999998,-0.0731982927999999,0.34999999999999964,-0.1399993896484375
2026-07-09,1.1422044038772583,100.94000244140625,4.16,4.54,2.6146246593,1.5453753407000002,-0.15073364909999976,0.3799999999999999,-0.4499969482421875
2026-07-10,1.1433405876159668,100.97000122070312,4.21,4.56,2.5992991792,1.6107008208,-0.07496697629999982,0.34999999999999964,0.1100006103515625
2026-07-13,1.1404459476470947,101.27999877929688,4.26,4.62,2.6446073262,1.6153926737999997,-0.029963184200000104,0.3600000000000003,0.43000030517578125
2026-07-14,1.1384334564208984,100.94000244140625,4.18,4.58,2.6874859602,1.4925140397999996,-0.1683456554000009,0.40000000000000036,-0.1999969482421875
2026-07-15,1.1424654722213745,100.5,4.13,4.55,2.6761872416,1.4538127583999998,-0.13690561170000004,0.41999999999999993,-0.5500030517578125
2026-07-16,1.1470258235931396,100.7300033569336,4.16,4.57,2.6989120043,1.4610879957000003,-0.0842873449999999,0.41000000000000014,-0.20999908447265625
2026-07-17,1.1444659233093262,100.75,4.18,4.55,2.6977042564,1.4822957436,-0.12840507720000005,0.3700000000000001,-0.220001220703125
2026-07-20,1.142765760421753,100.98999786376953,4.21,4.6,2.7099382231,1.5000617769,-0.11533089689999976,0.3899999999999997,-0.29000091552734375
2026-07-21,1.1418131589889526,101.18000030517578,4.26,4.63,2.7373771255,1.5226228744999997,0.03010883470000003,0.3700000000000001,0.23999786376953125
2026-07-22,1.140380859375,101.13999938964844,4.31,4.67,2.7617110552,1.5482889447999995,0.09447618639999966,0.3600000000000003,0.6399993896484375
2026-07-23,1.1411746740341187,101.43000030517578,4.37,4.71,2.8005546841,1.5694453159,0.10835732019999966,0.33999999999999986,0.6999969482421875
2026-07-24,1.137682318687439,101.47000122070312,4.33,4.69,2.7719528205,1.5580471795,0.0757514359,0.3600000000000003,0.720001220703125
2026-07-27,1.1394972801208496,101.51000213623047,4.31,4.65,2.7295925773,1.5804074226999996,0.08034564579999959,0.34000000000000075,0.5200042724609375
2026-07-28,1.1369450092315674,101.37999725341797,4.26,4.61,2.7075644189,1.5524355810999997,0.029812706600000016,0.35000000000000053,0.1999969482421875
2026-07-29,1.1386538743972778,100.80000305175781,4.22,4.67,2.7319809842,1.4880190158,-0.0602699289999995,0.4500000000000002,-0.339996337890625
2026-07-30,1.1467232704162598,100.01000213623047,4.23,4.68,2.7130737913,1.5169262087000006,-0.052519107199999304,0.4499999999999993,-1.4199981689453125
2026-07-31,1.1523525714874268,99.80000305175781,4.28,4.75,2.7607858384,1.5192141616000003,-0.0388330178999996,0.46999999999999975,-1.6699981689453125
2026-08-03,1.154401183128357,99.95999908447266,4.25,4.7,2.7020530741,1.5479469258999998,-0.03246049679999974,0.4500000000000002,-1.5500030517578125
2026-08-04,1.150734782218933,99.88999938964844,4.2,4.63,2.662325091,1.5376749090000001,-0.014760672099999539,0.4299999999999997,-1.4899978637695312
2026-08-05,1.153242826461792,99.69000244140625,4.18,4.63,2.6703142615,1.5096857384999995,0.021666722699999585,0.4500000000000002,-1.1100006103515625
2026-08-06,1.1557353734970093,99.97000122070312,4.25,4.69,2.6725142222,1.5774857778000002,0.0605595690999996,0.4400000000000004,-0.04000091552734375
2026-08-07,1.1524720191955566,99.5999984741211,4.19,4.65,2.6658514849,1.5241485151000003,0.004934353499999933,0.45999999999999996,-0.20000457763671875
2026-08-10,1.155641794204712,99.80999755859375,4.25,4.72,2.7207716313,1.5292283687000001,-0.018718557199999708,0.46999999999999975,-0.15000152587890625
2026-08-11,1.1546411514282227,99.81999969482422,4.22,4.7,2.7087020959,1.5112979040999996,-0.0263770049000005,0.4800000000000004,-0.06999969482421875
2026-08-12,1.1543744802474976,100.01000213623047,4.2,4.68,2.700507465,1.4994925350000003,-0.010193203499999193,0.47999999999999954,0.31999969482421875
2026-08-13,1.1530035734176636,99.95999908447266,4.15,4.63,2.6909507954,1.4590492046000003,-0.1184365731999999,0.47999999999999954,-0.01000213623046875
2026-08-14,1.1535356044769287,99.66999816894531,4.17,4.68,2.7276488205,1.4423511795000001,-0.08179733560000013,0.5099999999999998,0.06999969482421875
2026-08-17,1.1573940515518188,99.63999938964844,4.19,4.72,2.7360418851,1.4539581149000003,-0.07527025379999985,0.5299999999999994,-0.1699981689453125
2026-08-18,1.1582788228988647,99.6500015258789,4.19,4.71,2.7804608813,1.4095391187000006,-0.10175878539999905,0.5199999999999996,-0.1699981689453125
2026-08-19,1.1579434871673584,98.83000183105469,4.19,4.65,2.7807523845,1.4092476155000004,-0.09024491949999991,0.45999999999999996,-1.1800003051757812
2026-08-20,1.1673787832260132,98.9000015258789,4.19,4.69,2.7913954426,1.3986045574000006,-0.06044464719999976,0.5,-1.05999755859375
2026-08-21,1.1687841415405273,98.80000305175781,4.24,4.74,2.7610795861,1.4789204139,0.03656923439999993,0.5,-0.8699951171875
