Publication_Date,Report_Date,Open_Interest,NonComm_Long,NonComm_Short,Net_Position,Net_Pos_Pct_OI,LevFunds_Long,LevFunds_Short,LevFunds_Net,LevFunds_Net_Pct_OI,Z_Net_OI,Z_dNet_OI,X7_COT_pctl,COT_Signal
2010-07-23,2010-07-20,230118,50543,93432,-42888,-18.64,30298,71049,-40751,-17.71,,,,MODERATE SPECULATIVE NET SHORT
2010-07-30,2010-07-27,232193,54520,90583,-36063,-15.53,34118,67984,-33866,-14.59,,,,MODERATE SPECULATIVE NET SHORT
2010-08-06,2010-08-03,236101,56833,83914,-27080,-11.47,34148,59251,-25103,-10.63,,,,MODERATE SPECULATIVE NET SHORT
2010-08-13,2010-08-10,234276,55684,75393,-19708,-8.41,33402,49230,-15828,-6.76,,,,MODERATE SPECULATIVE NET SHORT
2010-08-20,2010-08-17,250090,59205,88890,-29684,-11.87,35139,63817,-28678,-11.47,,,,MODERATE SPECULATIVE NET SHORT
2010-08-27,2010-08-24,245448,53300,91898,-38598,-15.73,29115,65757,-36642,-14.93,,,,MODERATE SPECULATIVE NET SHORT
2010-09-03,2010-08-31,241133,52769,92459,-39689,-16.46,32332,64492,-32160,-13.34,,,,MODERATE SPECULATIVE NET SHORT
2010-09-10,2010-09-07,257788,50388,93727,-43338,-16.81,29100,70229,-41129,-15.95,,,,MODERATE SPECULATIVE NET SHORT
2010-09-17,2010-09-14,170651,52659,81500,-28840,-16.9,33007,60803,-27796,-16.29,,,,MODERATE SPECULATIVE NET SHORT
2010-09-24,2010-09-21,167463,52532,63918,-11385,-6.8,29290,44965,-15675,-9.36,,,,MODERATE SPECULATIVE NET SHORT
2010-10-01,2010-09-28,190039,73518,52053,21465,11.3,47592,35213,12379,6.51,,,,MODERATE SPECULATIVE NET LONG
2010-10-08,2010-10-05,197406,74593,43695,30898,15.65,48716,24827,23889,12.1,,,,MODERATE SPECULATIVE NET LONG
2010-10-15,2010-10-12,197836,70105,44496,25609,12.94,44042,26485,17557,8.87,,,,MODERATE SPECULATIVE NET LONG
2010-10-22,2010-10-19,219761,80024,42406,37617,17.12,50940,24588,26352,11.99,,,,MODERATE SPECULATIVE NET LONG
2010-10-29,2010-10-26,209103,75122,45077,30045,14.37,47943,29553,18390,8.79,,,,MODERATE SPECULATIVE NET LONG
2010-11-05,2010-11-02,206972,72075,50321,21754,10.51,45948,34132,11816,5.71,,,,MODERATE SPECULATIVE NET LONG
2010-11-12,2010-11-09,204528,64478,55145,9332,4.56,35280,40244,-4964,-2.43,,,,MODERATE SPECULATIVE NET LONG
2010-11-19,2010-11-16,195598,57653,61878,-4225,-2.16,33150,43572,-10422,-5.33,,,,MODERATE SPECULATIVE NET SHORT
2010-11-26,2010-11-23,187189,45455,70240,-24784,-13.24,21148,47933,-26785,-14.31,,,,MODERATE SPECULATIVE NET SHORT
2010-12-03,2010-11-30,203930,51430,74825,-23394,-11.47,31464,50009,-18545,-9.09,,,,MODERATE SPECULATIVE NET SHORT
2010-12-10,2010-12-07,198099,35922,67328,-31406,-15.85,17486,49899,-32413,-16.36,,,,MODERATE SPECULATIVE NET SHORT
2010-12-17,2010-12-14,146781,36642,64915,-28273,-19.26,16766,46457,-29691,-20.23,,,,MODERATE SPECULATIVE NET SHORT
2010-12-24,2010-12-21,156136,42408,74271,-31862,-20.41,22249,52260,-30011,-19.22,,,,MODERATE SPECULATIVE NET SHORT
2010-12-31,2010-12-28,162312,36520,81305,-44784,-27.59,15443,61279,-45836,-28.24,,,,MODERATE SPECULATIVE NET SHORT
2011-01-07,2011-01-04,163239,41263,80026,-38762,-23.75,20323,56517,-36194,-22.17,,,,MODERATE SPECULATIVE NET SHORT
2011-01-14,2011-01-11,202004,46053,106538,-60485,-29.94,25030,76226,-51196,-25.34,,,,MODERATE SPECULATIVE NET SHORT
2011-01-21,2011-01-18,188933,70474,82572,-12097,-6.4,44563,61604,-17041,-9.02,,,,MODERATE SPECULATIVE NET SHORT
2011-01-28,2011-01-25,199706,78895,67612,11282,5.65,52229,46485,5744,2.88,,,,MODERATE SPECULATIVE NET LONG
2011-02-04,2011-02-01,211730,89910,59574,30336,14.33,64625,36657,27968,13.21,,,,MODERATE SPECULATIVE NET LONG
2011-02-11,2011-02-08,203541,81495,58238,23256,11.43,56090,35785,20305,9.98,,,,MODERATE SPECULATIVE NET LONG
2011-02-18,2011-02-15,193304,73565,56907,16658,8.62,48288,33887,14401,7.45,,,,MODERATE SPECULATIVE NET LONG
2011-02-25,2011-02-22,207869,85113,58472,26640,12.82,58959,41991,16968,8.16,,,,MODERATE SPECULATIVE NET LONG
2011-03-04,2011-03-01,217066,90064,58570,31494,14.51,64166,37187,26979,12.43,,,,MODERATE SPECULATIVE NET LONG
2011-03-11,2011-03-08,263702,104620,65423,39197,14.86,72271,43312,28959,10.98,,,,MODERATE SPECULATIVE NET LONG
2011-03-18,2011-03-15,190848,94056,61379,32677,17.12,62919,37231,25688,13.46,,,,MODERATE SPECULATIVE NET LONG
2011-03-25,2011-03-22,194709,91433,53159,38274,19.66,62333,29845,32488,16.69,,,,MODERATE SPECULATIVE NET LONG
2011-04-01,2011-03-29,218177,104113,60898,43214,19.81,74873,37044,37829,17.34,,,,MODERATE SPECULATIVE NET LONG
2011-04-08,2011-04-05,236270,108847,65922,42925,18.17,78789,39413,39376,16.67,,,,MODERATE SPECULATIVE NET LONG
2011-04-15,2011-04-12,243203,110700,65398,45302,18.63,80120,38808,41312,16.99,,,,MODERATE SPECULATIVE NET LONG
2011-04-22,2011-04-19,244006,106764,68531,38233,15.67,76388,40203,36185,14.83,,,,MODERATE SPECULATIVE NET LONG
2011-04-29,2011-04-26,249000,111382,65866,45515,18.28,81402,40303,41099,16.51,,,,MODERATE SPECULATIVE NET LONG
2011-05-06,2011-05-03,264337,135703,64350,71353,26.99,105405,47627,57778,21.86,,,,MODERATE SPECULATIVE NET LONG
2011-05-13,2011-05-10,242927,99210,64531,34679,14.28,68986,45937,23049,9.49,,,,MODERATE SPECULATIVE NET LONG
2011-05-20,2011-05-17,250533,90703,78775,11928,4.76,60895,53397,7498,2.99,,,,MODERATE SPECULATIVE NET LONG
2011-05-27,2011-05-24,258663,76041,85788,-9746,-3.77,51375,59617,-8242,-3.19,,,,MODERATE SPECULATIVE NET SHORT
2011-06-03,2011-05-31,270101,80614,89094,-8479,-3.14,56010,60973,-4963,-1.84,,,,MODERATE SPECULATIVE NET SHORT
2011-06-10,2011-06-07,296126,95647,81540,14107,4.76,71419,63880,7539,2.55,,,,MODERATE SPECULATIVE NET LONG
2011-06-17,2011-06-14,190373,90200,61481,28719,15.09,68240,42128,26112,13.72,,,,MODERATE SPECULATIVE NET LONG
2011-06-24,2011-06-21,189190,79969,70997,8972,4.74,57942,44490,13452,7.11,,,,MODERATE SPECULATIVE NET LONG
2011-07-01,2011-06-28,183206,75237,63726,11511,6.28,53306,41546,11760,6.42,,,,MODERATE SPECULATIVE NET LONG
2011-07-08,2011-07-05,194329,86255,66772,19483,10.03,64555,47296,17259,8.88,,,,MODERATE SPECULATIVE NET LONG
2011-07-15,2011-07-12,185541,69328,76048,-6719,-3.62,46791,57127,-10336,-5.57,,,,MODERATE SPECULATIVE NET SHORT
2011-07-22,2011-07-19,180314,62537,72871,-10334,-5.73,35357,52885,-17528,-9.72,,,,MODERATE SPECULATIVE NET SHORT
2011-07-29,2011-07-26,183690,68502,64500,4001,2.18,41839,46960,-5121,-2.79,,,,MODERATE SPECULATIVE NET LONG
2011-08-05,2011-08-02,190722,70114,77788,-7673,-4.02,44262,56722,-12460,-6.53,,,,MODERATE SPECULATIVE NET SHORT
2011-08-12,2011-08-09,183571,68494,76187,-7692,-4.19,48629,45771,2858,1.56,,,,MODERATE SPECULATIVE NET SHORT
2011-08-19,2011-08-16,168931,60400,61387,-986,-0.58,41298,37636,3662,2.17,,,,MODERATE SPECULATIVE NET SHORT
2011-08-26,2011-08-23,174714,62321,63090,-769,-0.44,42878,38997,3881,2.22,,,,MODERATE SPECULATIVE NET SHORT
2011-09-02,2011-08-30,179162,57931,61619,-3687,-2.06,43107,39766,3341,1.86,,,,MODERATE SPECULATIVE NET SHORT
2011-09-09,2011-09-06,209515,67608,85799,-18190,-8.68,53812,61495,-7683,-3.67,,,,MODERATE SPECULATIVE NET SHORT
2011-09-16,2011-09-13,264500,77354,99972,-22617,-8.55,63377,73866,-10489,-3.97,,,,MODERATE SPECULATIVE NET SHORT
2011-09-23,2011-09-20,201556,49877,114372,-64494,-32.0,36687,87622,-50935,-25.27,,,,MODERATE SPECULATIVE NET SHORT
2011-09-30,2011-09-27,215172,56332,119655,-63323,-29.43,44206,90665,-46459,-21.59,,,,MODERATE SPECULATIVE NET SHORT
2011-10-07,2011-10-04,220839,64952,120490,-55538,-25.15,53010,89631,-36621,-16.58,,,,MODERATE SPECULATIVE NET SHORT
2011-10-14,2011-10-11,223167,62634,109657,-47022,-21.07,50685,81502,-30817,-13.81,,,,MODERATE SPECULATIVE NET SHORT
2011-10-21,2011-10-18,230483,68815,117573,-48757,-21.15,54759,87551,-32792,-14.23,,,,MODERATE SPECULATIVE NET SHORT
2011-10-28,2011-10-25,235774,66626,118019,-51393,-21.8,51243,91709,-40466,-17.16,,,,MODERATE SPECULATIVE NET SHORT
2011-11-04,2011-11-01,231229,63818,105523,-41704,-18.04,48212,78541,-30329,-13.12,,,,MODERATE SPECULATIVE NET SHORT
2011-11-11,2011-11-08,231445,68527,96155,-27627,-11.94,52683,67623,-14940,-6.46,,,,MODERATE SPECULATIVE NET SHORT
2011-11-18,2011-11-15,244552,75948,115214,-39266,-16.06,59834,86885,-27051,-11.06,,,,MODERATE SPECULATIVE NET SHORT
2011-11-25,2011-11-22,260064,80100,118781,-38680,-14.87,62727,90056,-27329,-10.51,,,,MODERATE SPECULATIVE NET SHORT
2011-12-02,2011-11-29,277511,90187,135921,-45733,-16.48,69316,108084,-38768,-13.97,,,,MODERATE SPECULATIVE NET SHORT
2011-12-09,2011-12-06,283309,94180,134196,-40015,-14.12,66525,104430,-37905,-13.38,,,,MODERATE SPECULATIVE NET SHORT
2011-12-16,2011-12-13,327740,104521,151104,-46582,-14.21,77262,124484,-47222,-14.41,,,,MODERATE SPECULATIVE NET SHORT
2011-12-23,2011-12-20,266597,76578,163773,-87195,-32.71,50187,134988,-84801,-31.81,,,,MODERATE SPECULATIVE NET SHORT
2011-12-30,2011-12-27,276022,84002,172424,-88422,-32.03,57998,144008,-86010,-31.16,,,,MODERATE SPECULATIVE NET SHORT
2012-01-06,2012-01-03,282790,92161,178806,-86644,-30.64,66673,149926,-83253,-29.44,,,,MODERATE SPECULATIVE NET SHORT
2012-01-13,2012-01-10,294263,86433,185782,-99348,-33.76,68102,155989,-87887,-29.87,,,,MODERATE SPECULATIVE NET SHORT
2012-01-20,2012-01-17,300962,86010,185303,-99293,-32.99,67707,157917,-90210,-29.97,,,,MODERATE SPECULATIVE NET SHORT
2012-01-27,2012-01-24,315350,89253,197481,-108227,-34.32,70651,174171,-103520,-32.83,,,,MODERATE SPECULATIVE NET SHORT
2012-02-03,2012-01-31,305328,89451,185851,-96399,-31.57,70584,161936,-91352,-29.92,,,,MODERATE SPECULATIVE NET SHORT
2012-02-10,2012-02-07,288657,79266,171255,-91988,-31.87,59814,145974,-86160,-29.85,,,,MODERATE SPECULATIVE NET SHORT
2012-02-17,2012-02-14,291060,72544,172475,-99931,-34.33,51873,149048,-97175,-33.39,,,,MODERATE SPECULATIVE NET SHORT
2012-02-24,2012-02-21,287525,70692,168525,-97832,-34.03,49974,143547,-93573,-32.54,,,,MODERATE SPECULATIVE NET SHORT
2012-03-02,2012-02-28,271282,72891,148532,-75641,-27.88,51754,120966,-69212,-25.51,,,,MODERATE SPECULATIVE NET SHORT
2012-03-09,2012-03-06,284739,76016,150848,-74831,-26.28,57022,122654,-65632,-23.05,,,,MODERATE SPECULATIVE NET SHORT
2012-03-16,2012-03-13,311057,79253,156312,-77058,-24.77,61643,129820,-68177,-21.92,,,,MODERATE SPECULATIVE NET SHORT
2012-03-23,2012-03-20,258535,65537,151729,-86191,-33.34,48605,123944,-75339,-29.14,,,,MODERATE SPECULATIVE NET SHORT
2012-03-30,2012-03-27,239446,45779,140630,-94850,-39.61,30924,112405,-81481,-34.03,,,,MODERATE SPECULATIVE NET SHORT
2012-04-06,2012-04-03,241006,52337,134106,-81768,-33.93,38274,105605,-67331,-27.94,,,,MODERATE SPECULATIVE NET SHORT
2012-04-13,2012-04-10,274830,61419,158083,-96663,-35.17,47765,129486,-81721,-29.74,,,,MODERATE SPECULATIVE NET SHORT
2012-04-20,2012-04-17,295844,67375,181427,-114052,-38.55,54321,143809,-89488,-30.25,,,,MODERATE SPECULATIVE NET SHORT
2012-04-27,2012-04-24,287215,62722,173674,-110951,-38.63,50397,134506,-84109,-29.28,,,,MODERATE SPECULATIVE NET SHORT
2012-05-04,2012-05-01,279605,62252,165243,-102990,-36.83,49337,129999,-80662,-28.85,,,,MODERATE SPECULATIVE NET SHORT
2012-05-11,2012-05-08,321037,122719,203581,-80861,-25.19,60165,166483,-106318,-33.12,,,,MODERATE SPECULATIVE NET SHORT
2012-05-18,2012-05-15,356674,134857,231940,-97082,-27.22,72382,194983,-122601,-34.37,,,,MODERATE SPECULATIVE NET SHORT
2012-05-25,2012-05-22,376708,131427,248881,-117453,-31.18,68915,216214,-147299,-39.1,,,,MODERATE SPECULATIVE NET SHORT
2012-06-01,2012-05-29,394160,137927,262933,-125005,-31.71,75361,227687,-152326,-38.65,,,,MODERATE SPECULATIVE NET SHORT
2012-06-08,2012-06-05,401812,135724,269981,-134256,-33.41,74691,234828,-160137,-39.85,,,,MODERATE SPECULATIVE NET SHORT
2012-06-15,2012-06-12,422131,136452,251350,-114897,-27.22,77328,217739,-140411,-33.26,,,,MODERATE SPECULATIVE NET SHORT
2012-06-22,2012-06-19,311933,137585,209963,-72377,-23.2,67141,182918,-115777,-37.12,,,,MODERATE SPECULATIVE NET SHORT
2012-06-29,2012-06-26,315785,132329,212815,-80486,-25.49,59653,184323,-124670,-39.48,,,,MODERATE SPECULATIVE NET SHORT
2012-07-06,2012-07-03,302289,131775,192580,-60804,-20.11,61617,162223,-100606,-33.28,,,,MODERATE SPECULATIVE NET SHORT
2012-07-13,2012-07-10,326374,140683,218845,-78162,-23.95,70787,190991,-120204,-36.83,,,,MODERATE SPECULATIVE NET SHORT
2012-07-20,2012-07-17,323228,133710,213580,-79870,-24.71,66581,185076,-118495,-36.66,,,,MODERATE SPECULATIVE NET SHORT
2012-07-27,2012-07-24,324443,142611,211014,-68402,-21.08,72892,181375,-108483,-33.44,,,,MODERATE SPECULATIVE NET SHORT
2012-08-03,2012-07-31,311436,142375,196266,-53890,-17.3,74744,167704,-92960,-29.85,,,,MODERATE SPECULATIVE NET SHORT
2012-08-10,2012-08-07,322243,148300,194892,-46591,-14.46,79789,163508,-83719,-25.98,,,,MODERATE SPECULATIVE NET SHORT
2012-08-17,2012-08-14,321568,144196,197912,-53715,-16.7,75938,166782,-90844,-28.25,,,,MODERATE SPECULATIVE NET SHORT
2012-08-24,2012-08-21,321166,145761,188622,-42860,-13.35,78048,158777,-80729,-25.14,,,,MODERATE SPECULATIVE NET SHORT
2012-08-31,2012-08-28,311925,144396,166265,-21869,-7.01,77494,134983,-57489,-18.43,,,,MODERATE SPECULATIVE NET SHORT
2012-09-07,2012-09-04,314363,145705,167687,-21981,-6.99,77709,134605,-56896,-18.1,,,,MODERATE SPECULATIVE NET SHORT
2012-09-14,2012-09-11,332637,138369,154249,-15879,-4.77,72242,126460,-54218,-16.3,,,,MODERATE SPECULATIVE NET SHORT
2012-09-21,2012-09-18,234394,69697,138274,-68576,-29.26,37233,107860,-70627,-30.13,,,,MODERATE SPECULATIVE NET SHORT
2012-09-28,2012-09-25,218363,76037,122730,-46692,-21.38,44036,97519,-53483,-24.49,,,,MODERATE SPECULATIVE NET SHORT
2012-10-05,2012-10-02,217516,73017,118021,-45003,-20.69,38032,92646,-54614,-25.11,,,,MODERATE SPECULATIVE NET SHORT
2012-10-12,2012-10-09,227541,68288,125539,-57251,-25.16,26231,99825,-73594,-32.34,,,,MODERATE SPECULATIVE NET SHORT
2012-10-19,2012-10-16,219809,67544,108848,-41304,-18.79,26553,83924,-57371,-26.1,,,,MODERATE SPECULATIVE NET SHORT
2012-10-26,2012-10-23,216842,63355,107172,-43816,-20.21,21990,80808,-58818,-27.12,,,,MODERATE SPECULATIVE NET SHORT
2012-11-02,2012-10-30,221524,64289,110135,-45846,-20.7,22100,81918,-59818,-27.0,,,,MODERATE SPECULATIVE NET SHORT
2012-11-09,2012-11-06,227725,71290,122868,-51578,-22.65,27499,90155,-62656,-27.51,,,,MODERATE SPECULATIVE NET SHORT
2012-11-16,2012-11-13,231660,68747,133952,-65204,-28.15,26746,102124,-75378,-32.54,,,,MODERATE SPECULATIVE NET SHORT
2012-11-23,2012-11-20,232328,63164,136044,-72879,-31.37,23229,104356,-81127,-34.92,,,,MODERATE SPECULATIVE NET SHORT
2012-11-30,2012-11-27,210234,54609,113445,-58836,-27.99,18908,80275,-61367,-29.19,,,,MODERATE SPECULATIVE NET SHORT
2012-12-07,2012-12-04,217546,65538,97780,-32241,-14.82,29764,66642,-36878,-16.95,,,,MODERATE SPECULATIVE NET SHORT
2012-12-14,2012-12-11,241932,76252,97182,-20930,-8.65,36377,66223,-29846,-12.34,,,,MODERATE SPECULATIVE NET SHORT
2012-12-21,2012-12-18,193681,81765,93046,-11280,-5.82,55166,59469,-4303,-2.22,,,,MODERATE SPECULATIVE NET SHORT
2012-12-27,2012-12-24,202591,87871,90880,-3009,-1.49,61048,59348,1700,0.84,,,,MODERATE SPECULATIVE NET SHORT
2013-01-03,2012-12-31,207608,94372,90360,4012,1.93,67384,58509,8875,4.27,,,,MODERATE SPECULATIVE NET LONG
2013-01-11,2013-01-08,194251,80329,90734,-10404,-5.36,53695,62122,-8427,-4.34,,,,MODERATE SPECULATIVE NET SHORT
2013-01-18,2013-01-15,211373,91872,91381,491,0.23,65502,61682,3820,1.81,,,,MODERATE SPECULATIVE NET LONG
2013-01-25,2013-01-22,216059,95220,78991,16228,7.51,66444,52192,14252,6.6,,,,MODERATE SPECULATIVE NET LONG
2013-02-01,2013-01-29,237856,105151,84265,20885,8.78,74861,57466,17395,7.31,,,,MODERATE SPECULATIVE NET LONG
2013-02-08,2013-02-05,251236,112345,77018,35327,14.06,82597,49624,32973,13.12,,,,MODERATE SPECULATIVE NET LONG
2013-02-15,2013-02-12,239566,102876,79082,23793,9.93,73116,51671,21445,8.95,,,,MODERATE SPECULATIVE NET LONG
2013-02-22,2013-02-19,234039,96087,78648,17439,7.45,67440,51723,15717,6.72,,,,MODERATE SPECULATIVE NET LONG
2013-03-01,2013-02-26,230567,94653,96089,-1435,-0.62,64662,66802,-2140,-0.93,,,,MODERATE SPECULATIVE NET SHORT
2013-03-08,2013-03-05,218469,79118,102042,-22923,-10.49,47395,73062,-25667,-11.75,,,,MODERATE SPECULATIVE NET SHORT
2013-03-15,2013-03-12,213113,70779,96035,-25255,-11.85,44300,68546,-24246,-11.38,,,,MODERATE SPECULATIVE NET SHORT
2013-03-22,2013-03-19,195073,66489,103557,-37067,-19.0,35843,72519,-36676,-18.8,,,,MODERATE SPECULATIVE NET SHORT
2013-03-29,2013-03-26,204257,60874,105650,-44776,-21.92,28181,71988,-43807,-21.45,,,,MODERATE SPECULATIVE NET SHORT
2013-04-05,2013-04-02,235871,69064,129943,-60878,-25.81,33814,88557,-54743,-23.21,,,,MODERATE SPECULATIVE NET SHORT
2013-04-12,2013-04-09,220353,59810,111561,-51750,-23.49,22934,72895,-49961,-22.67,,,,MODERATE SPECULATIVE NET SHORT
2013-04-19,2013-04-16,215657,74286,105429,-31142,-14.44,37447,63934,-26487,-12.28,,,,MODERATE SPECULATIVE NET SHORT
2013-04-26,2013-04-23,220051,75299,107653,-32353,-14.7,38319,67615,-29296,-13.31,,,,MODERATE SPECULATIVE NET SHORT
2013-05-03,2013-04-30,222618,83215,111625,-28410,-12.76,45834,71777,-25943,-11.65,,,,MODERATE SPECULATIVE NET SHORT
2013-05-10,2013-05-07,214597,86669,105821,-19151,-8.92,44483,70879,-26396,-12.3,,,,MODERATE SPECULATIVE NET SHORT
2013-05-17,2013-05-14,232417,90392,121078,-30685,-13.2,46365,83141,-36776,-15.82,,,,MODERATE SPECULATIVE NET SHORT
2013-05-24,2013-05-21,265194,94161,148594,-54433,-20.53,41601,110377,-68776,-25.93,,,,MODERATE SPECULATIVE NET SHORT
2013-05-31,2013-05-28,264212,89503,146410,-56906,-21.54,37181,106382,-69201,-26.19,,,,MODERATE SPECULATIVE NET SHORT
2013-06-07,2013-06-04,240733,86061,120038,-33976,-14.11,37549,78958,-41409,-17.2,,,,MODERATE SPECULATIVE NET SHORT
2013-06-14,2013-06-11,260418,103750,97911,5839,2.24,59561,61706,-2145,-0.82,,,,MODERATE SPECULATIVE NET LONG
2013-06-21,2013-06-18,213331,99885,92057,7828,3.67,76841,52976,23865,11.19,,,,MODERATE SPECULATIVE NET LONG
2013-06-28,2013-06-25,211651,100887,91629,9258,4.37,76065,51019,25046,11.83,,,,MODERATE SPECULATIVE NET LONG
2013-07-05,2013-07-02,196064,73564,93571,-20006,-10.2,47669,53155,-5486,-2.8,,,,MODERATE SPECULATIVE NET SHORT
2013-07-12,2013-07-09,225051,70354,110734,-40379,-17.94,42649,69965,-27316,-12.14,,,,MODERATE SPECULATIVE NET SHORT
2013-07-19,2013-07-16,220137,73390,108063,-34672,-15.75,42779,68057,-25278,-11.48,-0.27,0.34,45.5,MODERATE SPECULATIVE NET SHORT
2013-07-26,2013-07-23,219429,78693,109921,-31227,-14.23,47633,68296,-20663,-9.42,-0.17,0.23,50.0,MODERATE SPECULATIVE NET SHORT
2013-08-02,2013-07-30,222957,90724,104776,-14051,-6.3,58362,63919,-5557,-2.49,0.32,1.22,64.7,MODERATE SPECULATIVE NET SHORT
2013-08-09,2013-08-06,228726,97032,100018,-2985,-1.31,65290,56721,8569,3.75,0.62,0.76,72.4,MODERATE SPECULATIVE NET SHORT
2013-08-16,2013-08-13,225665,102956,94948,8008,3.55,71187,49934,21253,9.42,0.92,0.74,76.9,MODERATE SPECULATIVE NET LONG
2013-08-23,2013-08-20,249660,125198,99344,25854,10.36,93057,53969,39088,15.66,1.33,1.02,85.9,MODERATE SPECULATIVE NET LONG
2013-08-30,2013-08-27,248672,126963,95159,31804,12.79,93380,50844,42536,17.11,1.46,0.34,87.8,MODERATE SPECULATIVE NET LONG
2013-09-06,2013-09-03,244563,112234,98618,13616,5.57,77806,55233,22573,9.23,1.0,-1.13,79.5,MODERATE SPECULATIVE NET LONG
2013-09-13,2013-09-10,257969,96361,93798,2563,0.99,62609,52899,9710,3.76,0.71,-0.72,72.4,MODERATE SPECULATIVE NET LONG
2013-09-20,2013-09-17,218264,118593,95778,22815,10.45,90521,50140,40381,18.5,1.28,1.41,85.3,MODERATE SPECULATIVE NET LONG
2013-09-27,2013-09-24,254464,149215,88219,60995,23.97,119731,41112,78619,30.9,2.08,2.03,99.4,EXTREME SPECULATIVE NET LONG (Crowded)
2013-10-04,2013-10-01,255067,147369,81918,65450,25.66,115774,35270,80504,31.56,2.16,0.25,99.4,EXTREME SPECULATIVE NET LONG (Crowded)
2013-10-11,2013-10-08,263859,148487,80587,67900,25.73,118974,32919,86055,32.61,2.14,0.0,99.4,EXTREME SPECULATIVE NET LONG (Crowded)
2013-10-18,2013-10-15,257199,141425,80309,61116,23.76,110779,35060,75719,29.44,2.01,-0.31,97.4,EXTREME SPECULATIVE NET LONG (Crowded)
2013-10-25,2013-10-22,278139,149903,79304,70599,25.38,118439,37248,81191,29.19,2.09,0.24,98.1,EXTREME SPECULATIVE NET LONG (Crowded)
2013-11-01,2013-10-29,282923,150425,80532,69892,24.7,117110,38556,78554,27.77,2.03,-0.12,97.4,EXTREME SPECULATIVE NET LONG (Crowded)
2013-11-08,2013-11-05,252554,120690,86867,33823,13.39,88170,44594,43576,17.25,1.36,-1.75,87.2,MODERATE SPECULATIVE NET LONG
2013-11-15,2013-11-12,229166,103877,85554,18323,8.0,74893,45636,29257,12.77,1.04,-0.83,80.8,MODERATE SPECULATIVE NET LONG
2013-11-22,2013-11-19,232326,102429,89077,13351,5.75,73540,46427,27113,11.67,0.9,-0.35,78.2,MODERATE SPECULATIVE NET LONG
2013-11-29,2013-11-26,243049,95950,100915,-4964,-2.04,65636,52053,13583,5.59,0.45,-1.22,66.0,MODERATE SPECULATIVE NET SHORT
2013-12-06,2013-12-03,253653,103652,99559,4093,1.61,73150,49004,24146,9.52,0.65,0.55,70.5,MODERATE SPECULATIVE NET LONG
2013-12-13,2013-12-10,302100,115127,103997,11130,3.68,83721,47165,36556,12.1,0.76,0.3,73.7,MODERATE SPECULATIVE NET LONG
2013-12-20,2013-12-17,230955,118205,103547,14658,6.35,91807,42189,49618,21.48,0.91,0.39,78.8,MODERATE SPECULATIVE NET LONG
2013-12-27,2013-12-24,240206,125382,105123,20258,8.43,95554,41552,54002,22.48,1.01,0.29,80.8,MODERATE SPECULATIVE NET LONG
2014-01-03,2013-12-31,242071,123189,107203,15986,6.6,96557,42201,54356,22.45,0.9,-0.32,78.2,MODERATE SPECULATIVE NET LONG
2014-01-10,2014-01-07,238570,111613,107304,4309,1.81,84159,43290,40869,17.13,0.61,-0.77,67.9,MODERATE SPECULATIVE NET LONG
2014-01-17,2014-01-14,243434,107084,109009,-1924,-0.79,80190,46508,33682,13.84,0.45,-0.43,63.5,MODERATE SPECULATIVE NET SHORT
2014-01-24,2014-01-21,255300,103178,114867,-11688,-4.58,74804,51479,23325,9.14,0.24,-0.62,57.1,MODERATE SPECULATIVE NET SHORT
2014-01-31,2014-01-28,260799,104481,109786,-5305,-2.03,76591,39634,36957,14.17,0.39,0.43,62.2,MODERATE SPECULATIVE NET SHORT
2014-02-07,2014-02-04,274146,84687,124749,-40061,-14.61,56409,46760,9649,3.52,-0.33,-2.05,41.7,MODERATE SPECULATIVE NET SHORT
2014-02-14,2014-02-11,281037,92335,128116,-35780,-12.73,65787,51995,13792,4.91,-0.21,0.33,48.1,MODERATE SPECULATIVE NET SHORT
2014-02-21,2014-02-18,291360,106010,123086,-17075,-5.86,78567,46323,32244,11.07,0.19,1.14,55.8,MODERATE SPECULATIVE NET SHORT
2014-02-28,2014-02-25,296924,111072,121666,-10593,-3.57,82354,44265,38089,12.83,0.33,0.39,62.2,MODERATE SPECULATIVE NET SHORT
2014-03-07,2014-03-04,304308,124841,125344,-502,-0.17,96160,48412,47748,15.69,0.54,0.57,69.2,MODERATE SPECULATIVE NET SHORT
2014-03-14,2014-03-11,322020,133659,117511,16147,5.01,106455,43550,62905,19.53,0.86,0.85,78.8,MODERATE SPECULATIVE NET LONG
2014-03-21,2014-03-18,264443,135688,110228,25460,9.63,103686,33399,70287,26.58,1.14,0.76,85.9,MODERATE SPECULATIVE NET LONG
2014-03-28,2014-03-25,262179,128448,113891,14556,5.55,95313,35310,60003,22.89,0.91,-0.65,79.5,MODERATE SPECULATIVE NET LONG
2014-04-04,2014-04-01,260075,125969,115108,10861,4.18,89129,37164,51965,19.98,0.84,-0.21,76.3,MODERATE SPECULATIVE NET LONG
2014-04-11,2014-04-08,261439,115290,116012,-721,-0.28,78871,41407,37464,14.33,0.58,-0.7,69.2,MODERATE SPECULATIVE NET SHORT
2014-04-18,2014-04-15,270722,131353,123776,7577,2.8,92934,48114,44820,16.56,0.78,0.51,75.0,MODERATE SPECULATIVE NET LONG
2014-04-25,2014-04-22,266259,127534,120579,6955,2.61,88509,44544,43965,16.51,0.78,-0.02,75.0,MODERATE SPECULATIVE NET LONG
2014-05-02,2014-04-29,271515,129197,121510,7686,2.83,88206,48473,39733,14.63,0.8,0.05,76.3,MODERATE SPECULATIVE NET LONG
2014-05-09,2014-05-06,277013,136317,120972,15345,5.54,95027,50047,44980,16.24,0.99,0.46,82.7,MODERATE SPECULATIVE NET LONG
2014-05-16,2014-05-13,268142,107800,125246,-17446,-6.51,67940,59727,8213,3.06,0.24,-1.97,55.1,MODERATE SPECULATIVE NET SHORT
2014-05-23,2014-05-20,268199,94299,125566,-31266,-11.66,57288,60999,-3711,-1.38,-0.08,-0.83,50.0,MODERATE SPECULATIVE NET SHORT
2014-05-30,2014-05-27,274051,86065,129717,-43651,-15.93,50359,64444,-14085,-5.14,-0.35,-0.69,39.1,MODERATE SPECULATIVE NET SHORT
2014-06-06,2014-06-03,280747,73044,132468,-59424,-21.17,38195,68036,-29841,-10.63,-0.67,-0.84,28.8,MODERATE SPECULATIVE NET SHORT
2014-06-13,2014-06-10,331636,62275,142974,-80699,-24.33,28211,80460,-52249,-15.75,-0.86,-0.49,23.7,MODERATE SPECULATIVE NET SHORT
2014-06-20,2014-06-17,285489,79430,154865,-75434,-26.42,41530,91462,-49932,-17.49,-0.99,-0.3,18.6,MODERATE SPECULATIVE NET SHORT
2014-06-27,2014-06-24,291244,82543,157601,-75057,-25.77,44148,93738,-49590,-17.03,-0.93,0.14,20.5,MODERATE SPECULATIVE NET SHORT
2014-07-04,2014-07-01,291488,80956,157165,-76209,-26.14,40639,92697,-52058,-17.86,-0.94,-0.03,19.9,MODERATE SPECULATIVE NET SHORT
2014-07-11,2014-07-08,294381,77925,155676,-77751,-26.41,39902,91011,-51109,-17.36,-0.95,-0.01,19.2,MODERATE SPECULATIVE NET SHORT
2014-07-18,2014-07-15,310661,91890,168943,-77053,-24.8,52941,102424,-49483,-15.93,-0.83,0.3,25.0,MODERATE SPECULATIVE NET SHORT
2014-07-25,2014-07-22,339706,96866,193823,-96957,-28.54,58693,125676,-66983,-19.72,-1.06,-0.62,15.4,MODERATE SPECULATIVE NET SHORT
2014-08-01,2014-07-29,356865,98157,209768,-111610,-31.28,61074,143273,-82199,-23.03,-1.23,-0.43,12.8,MODERATE SPECULATIVE NET SHORT
2014-08-08,2014-08-05,379004,94162,228658,-134496,-35.49,58092,163345,-105253,-27.77,-1.48,-0.69,2.6,MODERATE SPECULATIVE NET SHORT
2014-08-15,2014-08-12,376424,89999,223267,-133267,-35.4,54781,159247,-104466,-27.75,-1.45,0.05,3.2,MODERATE SPECULATIVE NET SHORT
2014-08-22,2014-08-19,396460,95336,237631,-142294,-35.89,59429,176719,-117290,-29.58,-1.46,-0.05,2.6,MODERATE SPECULATIVE NET SHORT
2014-08-29,2014-08-26,402709,87425,242520,-155094,-38.51,52160,178320,-126160,-31.33,-1.6,-0.41,1.9,EXTREME SPECULATIVE NET SHORT (Squeeze Risk)
2014-09-05,2014-09-02,419850,96430,256460,-160029,-38.12,61387,188588,-127201,-30.3,-1.55,0.11,2.6,EXTREME SPECULATIVE NET SHORT (Squeeze Risk)
2014-09-12,2014-09-09,484306,106941,254939,-147997,-30.56,67831,186378,-118547,-24.48,-1.06,1.33,17.9,MODERATE SPECULATIVE NET SHORT
2014-09-19,2014-09-16,397652,134254,247307,-113052,-28.43,80424,182280,-101856,-25.61,-0.92,0.39,20.5,MODERATE SPECULATIVE NET SHORT
2014-09-26,2014-09-23,398937,118668,237675,-119006,-29.83,61813,170386,-108573,-27.22,-1.01,-0.26,17.9,MODERATE SPECULATIVE NET SHORT
2014-10-03,2014-09-30,409986,121154,235750,-114595,-27.95,65812,164819,-99007,-24.15,-0.89,0.34,21.8,MODERATE SPECULATIVE NET SHORT
2014-10-10,2014-10-07,425656,111828,237826,-125998,-29.6,60122,166201,-106079,-24.92,-0.99,-0.29,18.6,MODERATE SPECULATIVE NET SHORT
2014-10-17,2014-10-14,434873,109576,247027,-137450,-31.61,56164,176761,-120597,-27.73,-1.11,-0.35,14.1,MODERATE SPECULATIVE NET SHORT
2014-10-24,2014-10-21,439863,109424,249023,-139598,-31.74,58283,182016,-123733,-28.13,-1.11,-0.01,13.5,MODERATE SPECULATIVE NET SHORT
2014-10-31,2014-10-28,441369,105888,254506,-148617,-33.67,54852,186066,-131214,-29.73,-1.22,-0.34,9.6,MODERATE SPECULATIVE NET SHORT
2014-11-07,2014-11-04,465332,108168,267086,-158917,-34.15,55669,194303,-138634,-29.79,-1.24,-0.07,7.7,MODERATE SPECULATIVE NET SHORT
2014-11-14,2014-11-11,463976,107964,249796,-141831,-30.57,54932,184026,-129094,-27.82,-1.01,0.68,19.9,MODERATE SPECULATIVE NET SHORT
2014-11-21,2014-11-18,465168,105661,251556,-145895,-31.36,52016,186132,-134116,-28.83,-1.05,-0.13,17.9,MODERATE SPECULATIVE NET SHORT
2014-11-28,2014-11-25,465339,107273,249007,-141734,-30.46,52559,180788,-128229,-27.56,-0.98,0.18,21.8,MODERATE SPECULATIVE NET SHORT
2014-12-05,2014-12-02,462058,108623,241368,-132744,-28.73,54669,174780,-120111,-25.99,-0.87,0.33,24.4,MODERATE SPECULATIVE NET SHORT
2014-12-12,2014-12-09,477861,115382,219465,-104082,-21.78,62299,149894,-87595,-18.33,-0.45,1.28,41.7,MODERATE SPECULATIVE NET SHORT
2014-12-19,2014-12-16,368171,115924,211172,-95247,-25.87,37772,140458,-102686,-27.89,-0.69,-0.73,32.7,MODERATE SPECULATIVE NET SHORT
2014-12-26,2014-12-23,376849,102636,220476,-117839,-31.27,23487,151153,-127666,-33.88,-1.02,-1.02,18.6,MODERATE SPECULATIVE NET SHORT
2015-01-02,2014-12-30,386295,103617,228080,-124463,-32.22,24362,155817,-131455,-34.03,-1.07,-0.18,12.8,MODERATE SPECULATIVE NET SHORT
2015-01-09,2015-01-06,406624,105936,240710,-134773,-33.14,26680,162045,-135365,-33.29,-1.13,-0.17,12.2,MODERATE SPECULATIVE NET SHORT
2015-01-16,2015-01-13,422426,111165,252541,-141376,-33.47,30839,167542,-136703,-32.36,-1.15,-0.06,10.3,MODERATE SPECULATIVE NET SHORT
2015-01-23,2015-01-20,450262,113380,268973,-155592,-34.56,32373,176807,-144434,-32.08,-1.21,-0.2,6.4,MODERATE SPECULATIVE NET SHORT
2015-01-30,2015-01-27,449726,114503,266991,-152488,-33.91,27853,166533,-138680,-30.84,-1.17,0.12,9.6,MODERATE SPECULATIVE NET SHORT
2015-02-06,2015-02-03,457209,112757,278177,-165419,-36.18,25027,180585,-155558,-34.02,-1.31,-0.42,3.8,MODERATE SPECULATIVE NET SHORT
2015-02-13,2015-02-10,444139,108518,272480,-163961,-36.92,26289,185271,-158982,-35.8,-1.35,-0.13,3.2,MODERATE SPECULATIVE NET SHORT
2015-02-20,2015-02-17,438411,107598,261741,-154142,-35.16,27173,179139,-151966,-34.66,-1.24,0.33,7.7,MODERATE SPECULATIVE NET SHORT
2015-02-27,2015-02-24,431217,108616,254116,-145499,-33.74,26742,176724,-149982,-34.78,-1.15,0.27,10.9,MODERATE SPECULATIVE NET SHORT
2015-03-06,2015-03-03,440733,110615,251308,-140692,-31.92,27440,172579,-145139,-32.93,-1.04,0.35,15.4,MODERATE SPECULATIVE NET SHORT
2015-03-13,2015-03-10,496465,129966,263608,-133641,-26.92,44633,173805,-129172,-26.02,-0.74,0.95,30.1,MODERATE SPECULATIVE NET SHORT
2015-03-20,2015-03-17,449508,172188,275807,-103618,-23.05,28948,173161,-144213,-32.08,-0.51,0.73,40.4,MODERATE SPECULATIVE NET SHORT
2015-03-27,2015-03-24,460950,163894,291966,-128071,-27.78,20642,190872,-170230,-36.93,-0.8,-0.91,28.2,MODERATE SPECULATIVE NET SHORT
2015-04-03,2015-03-31,459746,154417,290713,-136295,-29.65,21400,182074,-160674,-34.95,-0.92,-0.37,22.4,MODERATE SPECULATIVE NET SHORT
2015-04-10,2015-04-07,441624,153572,277081,-123508,-27.97,15124,169767,-154643,-35.02,-0.82,0.31,26.9,MODERATE SPECULATIVE NET SHORT
2015-04-17,2015-04-14,453518,163271,281479,-118207,-26.06,24209,173013,-148804,-32.81,-0.71,0.35,32.1,MODERATE SPECULATIVE NET SHORT
2015-04-24,2015-04-21,457610,167610,283295,-115685,-25.28,28537,167961,-139424,-30.47,-0.67,0.13,34.6,MODERATE SPECULATIVE NET SHORT
2015-05-01,2015-04-28,456919,175825,270224,-94398,-20.66,33188,157422,-124234,-27.19,-0.4,0.86,46.2,MODERATE SPECULATIVE NET SHORT
2015-05-08,2015-05-05,449254,174512,266529,-92016,-20.48,35663,153966,-118303,-26.33,-0.4,0.01,46.8,MODERATE SPECULATIVE NET SHORT
2015-05-15,2015-05-12,439122,172127,249322,-77195,-17.58,32567,140065,-107498,-24.48,-0.22,0.55,50.0,MODERATE SPECULATIVE NET SHORT
2015-05-22,2015-05-19,428580,167009,234547,-67538,-15.76,26542,129771,-103229,-24.09,-0.12,0.34,51.9,MODERATE SPECULATIVE NET SHORT
2015-05-29,2015-05-26,431927,175836,244085,-68248,-15.8,31548,134616,-103068,-23.86,-0.13,-0.03,51.3,MODERATE SPECULATIVE NET SHORT
2015-06-05,2015-06-02,428403,182404,235130,-52725,-12.31,33142,119478,-86336,-20.15,0.08,0.65,59.6,MODERATE SPECULATIVE NET SHORT
2015-06-12,2015-06-09,436540,185329,213523,-28193,-6.46,33597,106766,-73169,-16.76,0.44,1.1,65.4,MODERATE SPECULATIVE NET SHORT
2015-06-19,2015-06-16,350145,141969,193906,-51936,-14.83,63194,96196,-33002,-9.43,-0.09,-1.64,51.3,MODERATE SPECULATIVE NET SHORT
2015-06-26,2015-06-23,345427,117635,189899,-72263,-20.92,47174,92842,-45668,-13.22,-0.47,-1.18,39.7,MODERATE SPECULATIVE NET SHORT
2015-07-03,2015-06-30,346115,112419,187136,-74717,-21.59,42314,91268,-48954,-14.14,-0.52,-0.13,36.5,MODERATE SPECULATIVE NET SHORT
2015-07-10,2015-07-07,354885,108742,187822,-79079,-22.28,36754,95864,-59110,-16.66,-0.56,-0.13,35.3,MODERATE SPECULATIVE NET SHORT
2015-07-17,2015-07-14,356760,111108,193844,-82736,-23.19,33476,99335,-65859,-18.46,-0.61,-0.18,33.3,MODERATE SPECULATIVE NET SHORT
2015-07-24,2015-07-21,366892,113425,200569,-87143,-23.75,37069,109230,-72161,-19.67,-0.65,-0.11,32.1,MODERATE SPECULATIVE NET SHORT
2015-07-31,2015-07-28,357940,119245,196436,-77190,-21.57,37860,104351,-66491,-18.58,-0.51,0.42,37.8,MODERATE SPECULATIVE NET SHORT
2015-08-07,2015-08-04,367885,121371,205968,-84596,-23.0,40472,114546,-74074,-20.14,-0.6,-0.27,34.6,MODERATE SPECULATIVE NET SHORT
2015-08-14,2015-08-11,361334,120205,200113,-79907,-22.11,39630,111198,-71568,-19.81,-0.54,0.18,36.5,MODERATE SPECULATIVE NET SHORT
2015-08-21,2015-08-18,356952,119335,183074,-63738,-17.86,41471,99699,-58228,-16.31,-0.28,0.82,48.1,MODERATE SPECULATIVE NET SHORT
2015-08-28,2015-08-25,374977,127139,180948,-53808,-14.35,54876,97336,-42460,-11.32,-0.06,0.68,55.1,MODERATE SPECULATIVE NET SHORT
2015-09-04,2015-09-01,363980,113773,170579,-56805,-15.61,46880,87166,-40286,-11.07,-0.13,-0.23,51.9,MODERATE SPECULATIVE NET SHORT
2015-09-11,2015-09-08,383187,119703,182707,-63003,-16.44,48378,98342,-49964,-13.04,-0.18,-0.15,49.4,MODERATE SPECULATIVE NET SHORT
2015-09-18,2015-09-15,311366,101738,175959,-74221,-23.84,33665,93306,-59641,-19.15,-0.63,-1.41,32.1,MODERATE SPECULATIVE NET SHORT
2015-09-25,2015-09-22,315450,106548,171900,-65351,-20.72,34018,90489,-56471,-17.9,-0.44,0.64,42.3,MODERATE SPECULATIVE NET SHORT
2015-10-02,2015-09-29,322721,111957,179706,-67748,-20.99,35818,93775,-57957,-17.96,-0.46,-0.06,41.0,MODERATE SPECULATIVE NET SHORT
2015-10-09,2015-10-06,337606,122683,186428,-63744,-18.88,39560,101991,-62431,-18.49,-0.33,0.44,46.8,MODERATE SPECULATIVE NET SHORT
2015-10-16,2015-10-13,349720,130595,182631,-52035,-14.88,41637,101741,-60104,-17.19,-0.08,0.83,53.2,MODERATE SPECULATIVE NET SHORT
2015-10-23,2015-10-20,357133,135325,166723,-31397,-8.79,41222,89838,-48616,-13.61,0.29,1.27,64.1,MODERATE SPECULATIVE NET SHORT
2015-10-30,2015-10-27,380564,143338,202144,-58805,-15.45,43343,126389,-83046,-21.82,-0.12,-1.4,51.9,MODERATE SPECULATIVE NET SHORT
2015-11-06,2015-11-03,405462,149927,231807,-81880,-20.19,38820,157029,-118209,-29.15,-0.42,-0.99,44.2,MODERATE SPECULATIVE NET SHORT
2015-11-13,2015-11-10,421967,160732,245544,-84811,-20.1,43341,173423,-130082,-30.83,-0.42,0.02,44.2,MODERATE SPECULATIVE NET SHORT
2015-11-20,2015-11-17,436801,154855,262790,-107934,-24.71,44106,185168,-141062,-32.29,-0.71,-0.97,29.5,MODERATE SPECULATIVE NET SHORT
2015-11-27,2015-11-24,444626,147841,270135,-122293,-27.5,41300,193182,-151882,-34.16,-0.89,-0.59,22.4,MODERATE SPECULATIVE NET SHORT
2015-12-04,2015-12-01,462447,151016,279655,-128638,-27.82,40995,197721,-156726,-33.89,-0.91,-0.07,21.2,MODERATE SPECULATIVE NET SHORT
2015-12-11,2015-12-08,474921,143500,267744,-124243,-26.16,42876,182251,-139375,-29.35,-0.8,0.37,25.0,MODERATE SPECULATIVE NET SHORT
2015-12-18,2015-12-15,404837,115358,245074,-129715,-32.04,37709,164104,-126395,-31.22,-1.16,-1.23,10.3,MODERATE SPECULATIVE NET SHORT
2015-12-25,2015-12-22,406533,116684,248427,-131742,-32.41,38680,168264,-129584,-31.88,-1.17,-0.04,9.6,MODERATE SPECULATIVE NET SHORT
2016-01-01,2015-12-29,400497,110738,243970,-133231,-33.27,35015,166364,-131349,-32.8,-1.2,-0.14,9.0,MODERATE SPECULATIVE NET SHORT
2016-01-08,2016-01-05,407105,111484,242304,-130819,-32.13,38376,161853,-123477,-30.33,-1.12,0.29,11.5,MODERATE SPECULATIVE NET SHORT
2016-01-15,2016-01-12,398570,106500,229069,-122568,-30.75,36831,146209,-109378,-27.44,-1.02,0.33,16.7,MODERATE SPECULATIVE NET SHORT
2016-01-22,2016-01-19,400362,112568,220349,-107780,-26.92,42777,138771,-95994,-23.98,-0.77,0.87,26.9,MODERATE SPECULATIVE NET SHORT
2016-01-29,2016-01-26,402227,114584,213467,-98882,-24.58,41806,130781,-88975,-22.12,-0.61,0.56,34.6,MODERATE SPECULATIVE NET SHORT
2016-02-05,2016-02-02,403939,139835,197678,-57842,-14.32,44996,119549,-74553,-18.46,0.04,2.28,61.5,MODERATE SPECULATIVE NET SHORT
2016-02-12,2016-02-09,441228,155517,191425,-35907,-8.14,56296,118095,-61799,-14.01,0.44,1.37,69.9,MODERATE SPECULATIVE NET SHORT
2016-02-19,2016-02-16,429997,154234,175045,-20810,-4.84,57265,98372,-41107,-9.56,0.66,0.73,73.1,MODERATE SPECULATIVE NET SHORT
2016-02-26,2016-02-23,422624,134248,166272,-32023,-7.58,55047,90947,-35900,-8.49,0.49,-0.57,70.5,MODERATE SPECULATIVE NET SHORT
2016-03-04,2016-03-01,417624,130456,182960,-52503,-12.57,55422,107037,-51615,-12.36,0.18,-1.07,65.4,MODERATE SPECULATIVE NET SHORT
2016-03-11,2016-03-08,433221,132099,190050,-57950,-13.38,51645,113572,-61927,-14.29,0.12,-0.17,63.5,MODERATE SPECULATIVE NET SHORT
2016-03-18,2016-03-15,322405,89609,185473,-95864,-29.73,31348,106061,-74713,-23.17,-0.92,-3.57,19.9,MODERATE SPECULATIVE NET SHORT
2016-03-25,2016-03-22,324310,92347,179729,-87381,-26.94,34559,103365,-68806,-21.22,-0.74,0.6,26.9,MODERATE SPECULATIVE NET SHORT
2016-04-01,2016-03-29,330090,96659,180329,-83669,-25.35,40268,103385,-63117,-19.12,-0.63,0.34,34.0,MODERATE SPECULATIVE NET SHORT
2016-04-08,2016-04-05,338533,101733,171992,-70258,-20.75,44989,99328,-54339,-16.05,-0.34,0.97,46.8,MODERATE SPECULATIVE NET SHORT
2016-04-15,2016-04-12,333535,99716,162553,-62837,-18.84,42407,89897,-47490,-14.24,-0.22,0.4,51.3,MODERATE SPECULATIVE NET SHORT
2016-04-22,2016-04-19,345563,108356,170376,-62019,-17.95,48596,99473,-50877,-14.72,-0.16,0.2,51.9,MODERATE SPECULATIVE NET SHORT
2016-04-29,2016-04-26,340200,107776,161115,-53339,-15.68,47618,90830,-43212,-12.7,-0.01,0.49,57.7,MODERATE SPECULATIVE NET SHORT
2016-05-06,2016-05-03,360461,116285,157637,-41351,-11.47,51355,89978,-38623,-10.71,0.26,0.9,67.9,MODERATE SPECULATIVE NET SHORT
2016-05-13,2016-05-10,344978,106569,143056,-36486,-10.58,43026,74363,-31337,-9.08,0.31,0.19,68.6,MODERATE SPECULATIVE NET SHORT
2016-05-20,2016-05-17,349559,110955,141610,-30654,-8.77,48634,71176,-22542,-6.45,0.43,0.38,69.9,MODERATE SPECULATIVE NET SHORT
2016-05-27,2016-05-24,350242,106554,165667,-59112,-16.88,44138,92972,-48834,-13.94,-0.09,-1.77,53.8,MODERATE SPECULATIVE NET SHORT
2016-06-03,2016-05-31,356178,108289,182370,-74080,-20.8,47103,108677,-61574,-17.29,-0.35,-0.84,45.5,MODERATE SPECULATIVE NET SHORT
2016-06-10,2016-06-07,386010,104093,174928,-70834,-18.35,40588,104671,-64083,-16.6,-0.19,0.54,51.3,MODERATE SPECULATIVE NET SHORT
2016-06-17,2016-06-14,325402,85502,185422,-99919,-30.71,34745,104819,-70074,-21.53,-0.97,-2.74,17.3,MODERATE SPECULATIVE NET SHORT
2016-06-24,2016-06-21,317400,68855,177063,-108207,-34.09,20771,99392,-78621,-24.77,-1.17,-0.69,6.4,MODERATE SPECULATIVE NET SHORT
2016-07-01,2016-06-28,337273,93174,195180,-102005,-30.24,49126,107937,-58811,-17.44,-0.91,0.9,20.5,MODERATE SPECULATIVE NET SHORT
2016-07-08,2016-07-05,362649,96432,215707,-119274,-32.89,50547,125202,-74655,-20.59,-1.07,-0.57,10.9,MODERATE SPECULATIVE NET SHORT
2016-07-15,2016-07-12,370372,90511,221222,-130710,-35.29,44389,136261,-91872,-24.81,-1.22,-0.52,4.5,MODERATE SPECULATIVE NET SHORT
2016-07-22,2016-07-19,388905,96683,236945,-140261,-36.07,47774,152822,-105048,-27.01,-1.25,-0.15,2.6,MODERATE SPECULATIVE NET SHORT
2016-07-29,2016-07-26,400035,94184,247284,-153099,-38.27,45408,157311,-111903,-27.97,-1.38,-0.47,0.6,MODERATE SPECULATIVE NET SHORT
2016-08-05,2016-08-02,378500,84788,229441,-144652,-38.22,34783,143066,-108283,-28.61,-1.35,0.06,1.3,MODERATE SPECULATIVE NET SHORT
2016-08-12,2016-08-09,368693,79083,219537,-140453,-38.09,30468,134266,-103798,-28.15,-1.33,0.08,2.6,MODERATE SPECULATIVE NET SHORT
2016-08-19,2016-08-16,366037,83328,216562,-133233,-36.4,33869,132494,-98625,-26.94,-1.2,0.45,3.8,MODERATE SPECULATIVE NET SHORT
2016-08-26,2016-08-23,364044,87259,201972,-114712,-31.51,37197,120293,-83096,-22.83,-0.88,1.21,19.9,MODERATE SPECULATIVE NET SHORT
2016-09-02,2016-08-30,364843,89263,207926,-118663,-32.52,40910,123907,-82997,-22.75,-0.94,-0.17,15.4,MODERATE SPECULATIVE NET SHORT
2016-09-09,2016-09-06,375985,78180,203667,-125486,-33.38,32909,120521,-87612,-23.3,-0.98,-0.14,13.5,MODERATE SPECULATIVE NET SHORT
2016-09-16,2016-09-13,379624,74442,189670,-115227,-30.35,29045,111600,-82555,-21.75,-0.77,0.77,26.9,MODERATE SPECULATIVE NET SHORT
2016-09-23,2016-09-20,324525,76960,186155,-109195,-33.65,29136,111313,-82177,-25.32,-0.98,-0.73,12.8,MODERATE SPECULATIVE NET SHORT
2016-09-30,2016-09-27,328490,78792,184874,-106081,-32.29,27769,107429,-79660,-24.25,-0.88,0.43,17.9,MODERATE SPECULATIVE NET SHORT
2016-10-07,2016-10-04,347643,81601,195788,-114186,-32.85,31968,120181,-88213,-25.37,-0.92,-0.05,16.7,MODERATE SPECULATIVE NET SHORT
2016-10-14,2016-10-11,378774,86517,219545,-133027,-35.12,33435,142631,-109196,-28.83,-1.08,-0.47,9.0,MODERATE SPECULATIVE NET SHORT
2016-10-21,2016-10-18,413183,90332,253434,-163102,-39.47,36224,175376,-139152,-33.68,-1.39,-0.98,0.0,MODERATE SPECULATIVE NET SHORT
2016-10-28,2016-10-25,448471,102829,283964,-181135,-40.39,52746,205053,-152307,-33.96,-1.47,-0.12,0.0,MODERATE SPECULATIVE NET SHORT
2016-11-04,2016-11-01,444502,93526,279069,-185542,-41.74,43948,201538,-157590,-35.45,-1.59,-0.23,0.0,EXTREME SPECULATIVE NET SHORT (Squeeze Risk)
2016-11-11,2016-11-08,418007,91440,247046,-155606,-37.23,39714,174612,-134898,-32.27,-1.24,1.23,5.1,MODERATE SPECULATIVE NET SHORT
2016-11-18,2016-11-15,415752,95494,243498,-148003,-35.6,39876,169235,-129359,-31.11,-1.1,0.49,9.0,MODERATE SPECULATIVE NET SHORT
2016-11-25,2016-11-22,434768,102795,261526,-158730,-36.51,45054,180975,-135921,-31.26,-1.16,-0.16,6.4,MODERATE SPECULATIVE NET SHORT
2016-12-02,2016-11-29,447190,101261,272383,-171121,-38.27,43426,199792,-156366,-34.97,-1.29,-0.39,3.2,MODERATE SPECULATIVE NET SHORT
2016-12-09,2016-12-06,433237,103643,247973,-144329,-33.31,44906,171370,-126464,-29.19,-0.88,1.34,19.9,MODERATE SPECULATIVE NET SHORT
2016-12-16,2016-12-13,447679,100847,227501,-126653,-28.29,37839,155164,-117325,-26.21,-0.47,1.34,40.4,MODERATE SPECULATIVE NET SHORT
2016-12-23,2016-12-20,399589,100687,215535,-114847,-28.74,37089,142018,-104929,-26.26,-0.49,-0.06,38.5,MODERATE SPECULATIVE NET SHORT
2016-12-30,2016-12-27,405681,103348,221821,-118472,-29.2,40745,145933,-105188,-25.93,-0.52,-0.06,38.5,MODERATE SPECULATIVE NET SHORT
2017-01-06,2017-01-03,416239,103877,230620,-126743,-30.45,39085,156312,-117227,-28.16,-0.62,-0.26,34.6,MODERATE SPECULATIVE NET SHORT
2017-01-13,2017-01-10,415212,111253,229070,-117816,-28.38,40658,156379,-115721,-27.87,-0.43,0.58,42.3,MODERATE SPECULATIVE NET SHORT
2017-01-20,2017-01-17,415090,116837,219619,-102782,-24.76,40110,151134,-111024,-26.75,-0.11,0.97,55.1,MODERATE SPECULATIVE NET SHORT
2017-01-27,2017-01-24,414447,120306,204944,-84637,-20.42,39640,138292,-98652,-23.8,0.29,1.14,69.2,MODERATE SPECULATIVE NET SHORT
2017-02-03,2017-01-31,405541,117945,192318,-74372,-18.34,45287,129247,-83960,-20.7,0.49,0.56,73.1,MODERATE SPECULATIVE NET SHORT
2017-02-10,2017-02-07,409178,118446,194112,-75665,-18.49,42430,129012,-86582,-21.16,0.48,-0.03,72.4,MODERATE SPECULATIVE NET SHORT
2017-02-17,2017-02-14,406350,119294,200882,-81588,-20.08,42453,132489,-90036,-22.16,0.34,-0.41,71.2,MODERATE SPECULATIVE NET SHORT
2017-02-24,2017-02-21,417129,120769,216576,-95807,-22.97,41682,145281,-103599,-24.84,0.09,-0.75,60.9,MODERATE SPECULATIVE NET SHORT
2017-03-03,2017-02-28,431635,130860,213379,-82518,-19.12,47426,139282,-91856,-21.28,0.45,1.06,72.4,MODERATE SPECULATIVE NET SHORT
2017-03-10,2017-03-07,435309,125656,216473,-90816,-20.86,40433,141023,-100590,-23.11,0.31,-0.43,66.7,MODERATE SPECULATIVE NET SHORT
2017-03-17,2017-03-14,381474,109172,223564,-114391,-29.99,43640,131374,-87734,-23.0,-0.53,-2.4,36.5,MODERATE SPECULATIVE NET SHORT
2017-03-24,2017-03-21,406717,121826,215830,-94004,-23.11,52933,121836,-68903,-16.94,0.15,1.89,60.3,MODERATE SPECULATIVE NET SHORT
2017-03-31,2017-03-28,408853,124109,202792,-78682,-19.24,55749,115668,-59919,-14.66,0.56,1.06,74.4,MODERATE SPECULATIVE NET SHORT
2017-04-07,2017-04-04,397594,117130,203270,-86139,-21.67,50153,117506,-67353,-16.94,0.34,-0.6,64.7,MODERATE SPECULATIVE NET SHORT
2017-04-14,2017-04-11,420332,118296,230308,-112011,-26.65,48657,136804,-88147,-20.97,-0.17,-1.27,49.4,MODERATE SPECULATIVE NET SHORT
2017-04-21,2017-04-18,430589,124126,247538,-123411,-28.66,54348,150668,-96320,-22.37,-0.37,-0.48,41.7,MODERATE SPECULATIVE NET SHORT
2017-04-28,2017-04-25,411006,120614,224224,-103609,-25.21,50343,131648,-81305,-19.78,0.03,0.96,56.4,MODERATE SPECULATIVE NET SHORT
2017-05-05,2017-05-02,409936,123566,196794,-73228,-17.86,52095,105099,-53004,-12.93,0.91,1.96,82.7,MODERATE SPECULATIVE NET SHORT
2017-05-12,2017-05-09,418301,118667,187787,-69119,-16.52,49908,100749,-50841,-12.15,1.13,0.38,84.6,MODERATE SPECULATIVE NET SHORT
2017-05-19,2017-05-16,431659,128112,179714,-51601,-11.95,55162,88600,-33438,-7.75,1.72,1.23,94.2,MODERATE SPECULATIVE NET SHORT
2017-05-26,2017-05-23,449360,141611,170741,-29129,-6.48,69482,74824,-5342,-1.19,2.39,1.46,98.7,MODERATE SPECULATIVE NET SHORT
2017-06-02,2017-05-30,453280,142173,165670,-23496,-5.18,71490,65844,5646,1.25,2.51,0.33,99.4,MODERATE SPECULATIVE NET SHORT
2017-06-09,2017-06-06,447178,135235,153739,-18503,-4.14,64699,54589,10110,2.26,2.58,0.25,100.0,MODERATE SPECULATIVE NET SHORT
2017-06-16,2017-06-13,474300,131554,150583,-19028,-4.01,61696,51695,10001,2.11,2.52,0.0,100.0,MODERATE SPECULATIVE NET SHORT
2017-06-23,2017-06-20,379269,129354,185688,-56333,-14.85,59455,74430,-14975,-3.95,1.22,-2.95,87.8,MODERATE SPECULATIVE NET SHORT
2017-06-30,2017-06-27,400560,139288,189070,-49781,-12.43,66956,75103,-8147,-2.03,1.48,0.61,91.0,MODERATE SPECULATIVE NET SHORT
2017-07-06,2017-07-03,422496,142902,177822,-34920,-8.27,68317,74930,-6613,-1.57,1.93,1.06,94.9,MODERATE SPECULATIVE NET SHORT
2017-07-14,2017-07-11,436899,146985,172289,-25303,-5.79,72673,72383,290,0.07,2.17,0.61,97.4,MODERATE SPECULATIVE NET SHORT
2017-07-21,2017-07-18,446259,152073,173447,-21373,-4.79,77654,71195,6459,1.45,2.24,0.23,98.7,MODERATE SPECULATIVE NET SHORT
2017-07-28,2017-07-25,449086,142877,168404,-25526,-5.68,68288,67936,352,0.08,2.09,-0.27,96.8,MODERATE SPECULATIVE NET SHORT
2017-08-04,2017-08-01,457254,142639,165157,-22518,-4.92,72993,66296,6697,1.46,2.13,0.16,97.4,MODERATE SPECULATIVE NET SHORT
2017-08-11,2017-08-08,461152,151270,157361,-6091,-1.32,83468,58135,25333,5.49,2.47,0.89,100.0,MODERATE SPECULATIVE NET SHORT
2017-08-18,2017-08-15,462148,141317,162101,-20783,-4.5,70194,60834,9360,2.03,2.08,-0.89,98.1,MODERATE SPECULATIVE NET SHORT
2017-08-25,2017-08-22,464445,150815,160413,-9598,-2.07,80501,56657,23844,5.13,2.29,0.58,99.4,MODERATE SPECULATIVE NET SHORT
2017-09-01,2017-08-29,469307,153159,158708,-5548,-1.18,82489,51683,30806,6.56,2.34,0.17,100.0,MODERATE SPECULATIVE NET SHORT
2017-09-08,2017-09-05,464988,150505,157635,-7130,-1.53,81977,51920,30057,6.46,2.25,-0.15,98.7,MODERATE SPECULATIVE NET SHORT
2017-09-15,2017-09-12,487425,148679,170564,-21884,-4.49,84642,61588,23054,4.73,1.91,-0.83,96.2,MODERATE SPECULATIVE NET SHORT
2017-09-22,2017-09-19,431108,143765,197824,-54058,-12.54,78292,77133,1159,0.27,1.07,-2.16,83.3,MODERATE SPECULATIVE NET SHORT
2017-09-29,2017-09-26,429111,136509,171231,-34721,-8.09,70012,50279,19733,4.6,1.5,1.13,89.1,MODERATE SPECULATIVE NET SHORT
2017-10-06,2017-10-03,438663,137798,170078,-32279,-7.36,69139,50830,18309,4.17,1.55,0.16,89.7,MODERATE SPECULATIVE NET SHORT
2017-10-13,2017-10-10,450748,148115,176200,-28084,-6.23,80601,57794,22807,5.06,1.64,0.26,91.0,MODERATE SPECULATIVE NET SHORT
2017-10-20,2017-10-17,446338,137297,169759,-32462,-7.27,70431,55097,15334,3.44,1.51,-0.31,89.1,MODERATE SPECULATIVE NET SHORT
2017-10-27,2017-10-24,445018,133775,169470,-35694,-8.02,69117,58958,10159,2.28,1.41,-0.24,87.2,MODERATE SPECULATIVE NET SHORT
2017-11-03,2017-10-31,440384,126049,166333,-40283,-9.15,59118,59175,-57,-0.01,1.28,-0.34,83.3,MODERATE SPECULATIVE NET SHORT
2017-11-10,2017-11-07,446502,130276,162208,-31931,-7.15,62131,57575,4556,1.02,1.46,0.48,89.1,MODERATE SPECULATIVE NET SHORT
2017-11-17,2017-11-14,467842,148266,179037,-30770,-6.58,79328,75472,3856,0.82,1.49,0.11,89.1,MODERATE SPECULATIVE NET SHORT
2017-11-24,2017-11-21,465307,137998,117149,20849,4.48,67135,57542,9593,2.06,2.53,2.84,100.0,EXTREME SPECULATIVE NET LONG (Crowded)
2017-12-01,2017-11-28,495561,154224,131761,22463,4.53,80824,73895,6929,1.4,2.47,-0.04,100.0,EXTREME SPECULATIVE NET LONG (Crowded)
2017-12-08,2017-12-05,499124,150856,128582,22274,4.46,79554,72003,7551,1.51,2.4,-0.07,98.7,EXTREME SPECULATIVE NET LONG (Crowded)
2017-12-15,2017-12-12,505744,144424,115298,29126,5.76,70920,55803,15117,2.99,2.46,0.29,100.0,EXTREME SPECULATIVE NET LONG (Crowded)
2017-12-22,2017-12-19,485622,141605,128769,12835,2.64,67452,69797,-2345,-0.48,2.12,-0.85,97.4,EXTREME SPECULATIVE NET LONG (Crowded)
2017-12-29,2017-12-26,497744,152330,136742,15588,3.13,77098,76535,563,0.11,2.12,0.07,97.4,EXTREME SPECULATIVE NET LONG (Crowded)
2018-01-05,2018-01-02,542622,183875,130161,53713,9.9,103746,69216,34530,6.36,2.67,1.69,100.0,EXTREME SPECULATIVE NET LONG (Crowded)
2018-01-12,2018-01-09,563400,185723,121586,64136,11.38,101215,59173,42042,7.46,2.72,0.31,100.0,EXTREME SPECULATIVE NET LONG (Crowded)
2018-01-19,2018-01-16,594038,204502,137178,67323,11.33,116996,71311,45685,7.69,2.64,-0.09,99.4,EXTREME SPECULATIVE NET LONG (Crowded)
2018-01-26,2018-01-23,608683,216192,133673,82519,13.56,127165,68142,59023,9.7,2.76,0.5,100.0,EXTREME SPECULATIVE NET LONG (Crowded)
2018-02-02,2018-01-30,603460,215692,117281,98411,16.31,128097,51244,76853,12.74,2.9,0.63,100.0,EXTREME SPECULATIVE NET LONG (Crowded)
2018-02-09,2018-02-06,596937,205972,118569,87403,14.64,118937,52485,66452,11.13,2.68,-0.51,99.4,EXTREME SPECULATIVE NET LONG (Crowded)
2018-02-16,2018-02-13,564233,167751,116749,51002,9.04,86687,51901,34786,6.17,2.18,-1.52,96.2,EXTREME SPECULATIVE NET LONG (Crowded)
2018-02-23,2018-02-20,567534,163868,115125,48743,8.59,82318,53036,29282,5.16,2.1,-0.19,95.5,EXTREME SPECULATIVE NET LONG (Crowded)
2018-03-02,2018-02-27,567463,165931,114044,51887,9.14,86607,53046,33561,5.91,2.1,0.07,96.2,EXTREME SPECULATIVE NET LONG (Crowded)
2018-03-09,2018-03-06,557530,157454,106805,50649,9.08,77977,47837,30140,5.41,2.06,-0.08,95.5,EXTREME SPECULATIVE NET LONG (Crowded)
2018-03-16,2018-03-13,584759,161207,102232,58975,10.09,82704,44967,37737,6.45,2.09,0.2,96.8,EXTREME SPECULATIVE NET LONG (Crowded)
2018-03-23,2018-03-20,496964,153789,102481,51307,10.32,75540,49876,25664,5.16,2.06,0.0,96.8,EXTREME SPECULATIVE NET LONG (Crowded)
2018-03-30,2018-03-27,514049,167965,106660,61305,11.93,86384,58869,27515,5.35,2.14,0.35,98.1,EXTREME SPECULATIVE NET LONG (Crowded)
2018-04-06,2018-04-03,493677,149701,97114,52587,10.65,68333,49189,19144,3.88,2.0,-0.4,96.2,EXTREME SPECULATIVE NET LONG (Crowded)
2018-04-13,2018-04-10,508204,161264,99124,62140,12.23,78185,53135,25050,4.93,2.08,0.34,98.1,EXTREME SPECULATIVE NET LONG (Crowded)
2018-04-20,2018-04-17,509032,159615,95970,63645,12.5,80379,50401,29978,5.89,2.05,0.01,98.1,EXTREME SPECULATIVE NET LONG (Crowded)
2018-04-27,2018-04-24,494154,135210,92812,42398,8.58,56370,48017,8353,1.69,1.74,-1.07,89.7,EXTREME SPECULATIVE NET LONG (Crowded)
2018-05-04,2018-05-01,509659,145367,111237,34130,6.7,64315,61805,2510,0.49,1.58,-0.53,89.1,EXTREME SPECULATIVE NET LONG (Crowded)
2018-05-11,2018-05-08,515132,146830,113868,32962,6.4,67669,62778,4891,0.95,1.54,-0.12,88.5,EXTREME SPECULATIVE NET LONG (Crowded)
2018-05-18,2018-05-15,505114,135153,115688,19465,3.85,57717,61801,-4084,-0.81,1.34,-0.7,85.3,MODERATE SPECULATIVE NET LONG
2018-05-25,2018-05-22,520648,139710,130506,9204,1.77,60848,71536,-10688,-2.05,1.18,-0.57,83.3,MODERATE SPECULATIVE NET LONG
2018-06-01,2018-05-29,552251,148648,151066,-2418,-0.44,70434,88324,-17890,-3.24,1.02,-0.6,82.7,MODERATE SPECULATIVE NET SHORT
2018-06-08,2018-06-05,576287,147612,165519,-17906,-3.11,67518,100985,-33467,-5.81,0.83,-0.71,79.5,MODERATE SPECULATIVE NET SHORT
2018-06-15,2018-06-12,599561,134653,157438,-22784,-3.8,50902,92912,-42010,-7.01,0.79,-0.18,78.8,MODERATE SPECULATIVE NET SHORT
2018-06-22,2018-06-19,478200,124438,165089,-40651,-8.5,40761,96068,-55307,-11.57,0.47,-1.26,64.7,MODERATE SPECULATIVE NET SHORT
2018-06-29,2018-06-26,481383,123058,168481,-45422,-9.44,39270,99328,-60058,-12.48,0.4,-0.27,62.2,MODERATE SPECULATIVE NET SHORT
2018-07-06,2018-07-03,487131,123213,168880,-45667,-9.37,43024,99990,-56966,-11.69,0.4,-0.0,62.2,MODERATE SPECULATIVE NET SHORT
2018-07-13,2018-07-10,477596,112827,170535,-57707,-12.08,35598,104700,-69102,-14.47,0.21,-0.74,59.0,MODERATE SPECULATIVE NET SHORT
2018-07-20,2018-07-17,490064,113159,171883,-58723,-11.98,32316,103269,-70953,-14.48,0.21,0.01,59.0,MODERATE SPECULATIVE NET SHORT
2018-07-27,2018-07-24,496665,113673,169341,-55667,-11.21,33910,101903,-67993,-13.69,0.26,0.18,60.3,MODERATE SPECULATIVE NET SHORT
2018-08-03,2018-07-31,499721,115876,168555,-52678,-10.54,34268,101360,-67092,-13.43,0.3,0.16,60.9,MODERATE SPECULATIVE NET SHORT
2018-08-10,2018-08-07,507186,118400,187610,-69209,-13.65,35743,118267,-82524,-16.27,0.09,-0.84,53.8,MODERATE SPECULATIVE NET SHORT
2018-08-17,2018-08-14,526571,131917,216154,-84236,-16.0,45132,142990,-97858,-18.58,-0.08,-0.63,48.7,MODERATE SPECULATIVE NET SHORT
2018-08-24,2018-08-21,532137,130785,220624,-89839,-16.88,45328,147602,-102274,-19.22,-0.14,-0.24,46.8,MODERATE SPECULATIVE NET SHORT
2018-08-31,2018-08-28,529124,114761,202616,-87855,-16.6,33041,132771,-99730,-18.85,-0.12,0.08,47.4,MODERATE SPECULATIVE NET SHORT
2018-09-07,2018-09-04,527579,116570,198551,-81981,-15.54,33922,128817,-94895,-17.99,-0.04,0.28,50.6,MODERATE SPECULATIVE NET SHORT
2018-09-14,2018-09-11,550492,110716,190539,-79822,-14.5,29948,105905,-75957,-13.8,0.03,0.27,52.6,MODERATE SPECULATIVE NET SHORT
2018-09-21,2018-09-18,465130,115785,194675,-78889,-16.96,33698,110361,-76663,-16.48,-0.14,-0.68,45.5,MODERATE SPECULATIVE NET SHORT
2018-09-28,2018-09-25,477881,117188,193140,-75951,-15.89,32021,118715,-86694,-18.14,-0.07,0.28,48.7,MODERATE SPECULATIVE NET SHORT
2018-10-05,2018-10-02,479644,126083,198803,-72720,-15.16,37615,119431,-81816,-17.06,-0.03,0.19,50.6,MODERATE SPECULATIVE NET SHORT
2018-10-12,2018-10-09,483802,125815,206739,-80923,-16.73,36846,118768,-81922,-16.93,-0.13,-0.43,45.5,MODERATE SPECULATIVE NET SHORT
2018-10-19,2018-10-16,469299,113340,199409,-86068,-18.34,26929,112156,-85227,-18.16,-0.24,-0.43,42.3,MODERATE SPECULATIVE NET SHORT
2018-10-26,2018-10-23,489829,121666,218553,-96887,-19.78,30236,123394,-93158,-19.02,-0.33,-0.37,38.5,MODERATE SPECULATIVE NET SHORT
2018-11-02,2018-10-30,504458,126829,230576,-103746,-20.57,37046,130192,-93146,-18.46,-0.39,-0.21,35.9,MODERATE SPECULATIVE NET SHORT
2018-11-09,2018-11-06,510193,119100,229337,-110237,-21.61,28935,131185,-102250,-20.04,-0.46,-0.29,34.0,MODERATE SPECULATIVE NET SHORT
2018-11-16,2018-11-13,520240,129846,229492,-99645,-19.15,41857,130776,-88919,-17.09,-0.29,0.68,39.7,MODERATE SPECULATIVE NET SHORT
2018-11-23,2018-11-20,535707,123322,235593,-112270,-20.96,36514,136774,-100260,-18.72,-0.41,-0.51,34.0,MODERATE SPECULATIVE NET SHORT
2018-11-30,2018-11-27,538454,115546,235327,-119780,-22.25,26502,138103,-111601,-20.73,-0.5,-0.37,32.1,MODERATE SPECULATIVE NET SHORT
2018-12-07,2018-12-04,545537,116325,232499,-116174,-21.3,29362,131441,-102079,-18.71,-0.44,0.25,33.3,MODERATE SPECULATIVE NET SHORT
2018-12-14,2018-12-11,613745,117661,226492,-108830,-17.73,31728,124184,-92456,-15.06,-0.2,0.98,44.9,MODERATE SPECULATIVE NET SHORT
2018-12-21,2018-12-18,505711,116289,219709,-103419,-20.45,27921,112509,-84588,-16.73,-0.4,-0.78,35.9,MODERATE SPECULATIVE NET SHORT
2018-12-27,2018-12-24,508253,114941,220409,-105468,-20.75,26688,115542,-88854,-17.48,-0.42,-0.1,34.6,MODERATE SPECULATIVE NET SHORT
2019-01-03,2018-12-31,505986,117880,217323,-99442,-19.65,28805,112280,-83475,-16.5,-0.36,0.28,37.8,MODERATE SPECULATIVE NET SHORT
2019-01-11,2019-01-08,514545,118588,213496,-94908,-18.45,29570,111916,-82346,-16.0,-0.28,0.31,41.0,MODERATE SPECULATIVE NET SHORT
2019-01-18,2019-01-15,525052,124292,209891,-85598,-16.3,32090,111976,-79886,-15.21,-0.14,0.58,48.7,MODERATE SPECULATIVE NET SHORT
2019-01-25,2019-01-22,527176,119343,211716,-92372,-17.52,27903,112808,-84905,-16.11,-0.23,-0.36,44.2,MODERATE SPECULATIVE NET SHORT
2019-02-01,2019-01-29,527521,119075,209496,-90420,-17.14,28376,112108,-83732,-15.87,-0.21,0.09,44.2,MODERATE SPECULATIVE NET SHORT
2019-02-08,2019-02-05,523868,121716,204584,-82867,-15.82,30090,107043,-76953,-14.69,-0.11,0.38,50.6,MODERATE SPECULATIVE NET SHORT
2019-02-15,2019-02-12,538627,131252,226785,-95532,-17.74,37918,122159,-84241,-15.64,-0.24,-0.54,42.9,MODERATE SPECULATIVE NET SHORT
2019-02-22,2019-02-19,537396,122147,226968,-104821,-19.51,31020,121662,-90642,-16.87,-0.36,-0.49,35.9,MODERATE SPECULATIVE NET SHORT
2019-03-01,2019-02-26,528376,119899,221274,-101374,-19.19,30866,113046,-82180,-15.55,-0.33,0.12,37.2,MODERATE SPECULATIVE NET SHORT
2019-03-08,2019-03-05,541753,131575,237242,-105667,-19.5,44045,125120,-81075,-14.97,-0.35,-0.08,36.5,MODERATE SPECULATIVE NET SHORT
2019-03-15,2019-03-12,536724,121378,231116,-109737,-20.45,35487,118661,-83174,-15.5,-0.41,-0.27,33.3,MODERATE SPECULATIVE NET SHORT
2019-03-22,2019-03-19,483172,113288,222071,-108783,-22.51,26752,113593,-86841,-17.97,-0.56,-0.67,25.6,MODERATE SPECULATIVE NET SHORT
2019-03-29,2019-03-26,486804,112940,221031,-108090,-22.2,27064,115577,-88513,-18.18,-0.54,0.09,26.3,MODERATE SPECULATIVE NET SHORT
2019-04-05,2019-04-02,497717,116945,243099,-126154,-25.35,29983,133701,-103718,-20.84,-0.77,-1.01,21.8,MODERATE SPECULATIVE NET SHORT
2019-04-12,2019-04-09,494804,115625,237433,-121807,-24.62,29006,132688,-103682,-20.95,-0.71,0.24,23.7,MODERATE SPECULATIVE NET SHORT
2019-04-19,2019-04-16,499280,119734,236071,-116336,-23.3,33281,132662,-99381,-19.9,-0.62,0.43,24.4,MODERATE SPECULATIVE NET SHORT
2019-04-26,2019-04-23,507722,123093,243849,-120755,-23.78,35713,139533,-103820,-20.45,-0.65,-0.14,24.4,MODERATE SPECULATIVE NET SHORT
2019-05-03,2019-04-30,517935,122610,249833,-127222,-24.56,35648,145173,-109525,-21.15,-0.7,-0.23,24.4,MODERATE SPECULATIVE NET SHORT
2019-05-10,2019-05-07,516282,119526,247780,-128253,-24.84,32252,146844,-114592,-22.2,-0.71,-0.06,23.1,MODERATE SPECULATIVE NET SHORT
2019-05-17,2019-05-14,504460,116493,235724,-119231,-23.64,30438,142131,-111693,-22.14,-0.62,0.42,26.3,MODERATE SPECULATIVE NET SHORT
2019-05-24,2019-05-21,516122,122898,241710,-118811,-23.02,35410,142820,-107410,-20.81,-0.57,0.23,28.2,MODERATE SPECULATIVE NET SHORT
2019-05-31,2019-05-28,536798,122687,240707,-118019,-21.99,36534,140497,-103963,-19.37,-0.49,0.35,31.4,MODERATE SPECULATIVE NET SHORT
2019-06-07,2019-06-04,517428,129993,231738,-101744,-19.66,42983,134965,-91982,-17.78,-0.33,0.77,39.7,MODERATE SPECULATIVE NET SHORT
2019-06-14,2019-06-11,542810,121009,221182,-100172,-18.45,31166,134565,-103399,-19.05,-0.25,0.4,46.2,MODERATE SPECULATIVE NET SHORT
2019-06-21,2019-06-18,503825,127878,211213,-83334,-16.54,35140,123984,-88844,-17.63,-0.12,0.64,53.2,MODERATE SPECULATIVE NET SHORT
2019-06-28,2019-06-25,521907,126176,213916,-87739,-16.81,37864,130813,-92949,-17.81,-0.15,-0.13,51.3,MODERATE SPECULATIVE NET SHORT
2019-07-05,2019-07-02,520970,125938,205875,-79936,-15.34,36190,122545,-86355,-16.58,-0.05,0.49,57.1,MODERATE SPECULATIVE NET SHORT
2019-07-12,2019-07-09,521379,123526,210604,-87077,-16.7,31821,123452,-91631,-17.57,-0.16,-0.52,51.3,MODERATE SPECULATIVE NET SHORT
2019-07-19,2019-07-16,535848,135454,217848,-82393,-15.38,37455,126557,-89102,-16.63,-0.07,0.43,56.4,MODERATE SPECULATIVE NET SHORT
2019-07-26,2019-07-23,541102,132244,227046,-94801,-17.52,37526,133778,-96252,-17.79,-0.24,-0.8,46.8,MODERATE SPECULATIVE NET SHORT
2019-08-02,2019-07-30,563024,136411,242626,-106215,-18.87,38230,141494,-103264,-18.34,-0.35,-0.53,40.4,MODERATE SPECULATIVE NET SHORT
2019-08-09,2019-08-06,545453,134251,232867,-98615,-18.08,42290,127634,-85344,-15.65,-0.3,0.24,43.6,MODERATE SPECULATIVE NET SHORT
2019-08-16,2019-08-13,550607,127278,229569,-102290,-18.58,28720,137251,-108531,-19.71,-0.35,-0.22,39.7,MODERATE SPECULATIVE NET SHORT
2019-08-23,2019-08-20,542806,127967,221680,-93712,-17.26,30643,126115,-95472,-17.59,-0.26,0.43,46.8,MODERATE SPECULATIVE NET SHORT
2019-08-30,2019-08-27,525065,125190,216470,-91279,-17.38,33930,121825,-87895,-16.74,-0.28,-0.08,46.2,MODERATE SPECULATIVE NET SHORT
2019-09-06,2019-09-03,546954,138301,236003,-97701,-17.86,48225,138243,-90018,-16.46,-0.33,-0.21,42.9,MODERATE SPECULATIVE NET SHORT
2019-09-13,2019-09-10,585117,126828,230086,-103257,-17.65,36765,133494,-96729,-16.53,-0.32,0.04,44.2,MODERATE SPECULATIVE NET SHORT
2019-09-20,2019-09-17,503272,125700,235309,-109609,-21.78,30517,137178,-106661,-21.19,-0.64,-1.51,23.1,MODERATE SPECULATIVE NET SHORT
2019-09-27,2019-09-24,502612,120621,221942,-101320,-20.16,29730,121019,-91289,-18.16,-0.53,0.55,29.5,MODERATE SPECULATIVE NET SHORT
2019-10-04,2019-10-01,511934,135209,237042,-101832,-19.89,44921,134406,-89485,-17.48,-0.51,0.07,30.1,MODERATE SPECULATIVE NET SHORT
2019-10-11,2019-10-08,514638,130686,241268,-110581,-21.49,38991,141981,-102990,-20.01,-0.65,-0.6,23.1,MODERATE SPECULATIVE NET SHORT
2019-10-18,2019-10-15,517182,119992,231746,-111753,-21.61,33138,134965,-101827,-19.69,-0.67,-0.07,22.4,MODERATE SPECULATIVE NET SHORT
2019-10-25,2019-10-22,528545,132785,223447,-90661,-17.15,38461,133011,-94550,-17.89,-0.33,1.57,46.8,MODERATE SPECULATIVE NET SHORT
2019-11-01,2019-10-29,538847,136839,225174,-88334,-16.39,40929,134425,-93496,-17.35,-0.29,0.22,52.6,MODERATE SPECULATIVE NET SHORT
2019-11-08,2019-11-05,563336,138101,233398,-95296,-16.92,42111,143181,-101070,-17.94,-0.35,-0.25,47.4,MODERATE SPECULATIVE NET SHORT
2019-11-15,2019-11-12,569527,141186,233079,-91893,-16.14,39577,137093,-97516,-17.12,-0.3,0.23,53.2,MODERATE SPECULATIVE NET SHORT
2019-11-22,2019-11-19,577689,139327,233382,-94054,-16.28,43096,131953,-88857,-15.38,-0.33,-0.1,52.6,MODERATE SPECULATIVE NET SHORT
2019-11-29,2019-11-26,578450,144017,239197,-95180,-16.45,41461,138868,-97407,-16.84,-0.36,-0.11,50.6,MODERATE SPECULATIVE NET SHORT
2019-12-06,2019-12-03,590124,144738,238969,-94230,-15.97,43557,137918,-94361,-15.99,-0.34,0.12,53.8,MODERATE SPECULATIVE NET SHORT
2019-12-13,2019-12-10,646417,146005,240102,-94097,-14.56,45034,146272,-101238,-15.66,-0.23,0.48,58.3,MODERATE SPECULATIVE NET SHORT
2019-12-20,2019-12-17,542923,146832,237175,-90342,-16.64,44265,148057,-103792,-19.12,-0.42,-0.8,46.8,MODERATE SPECULATIVE NET SHORT
2019-12-27,2019-12-24,540395,143533,242125,-98591,-18.24,42584,155491,-112907,-20.89,-0.57,-0.62,34.6,MODERATE SPECULATIVE NET SHORT
2020-01-03,2019-12-31,557585,148538,252809,-104271,-18.7,44827,172022,-127195,-22.81,-0.62,-0.2,30.1,MODERATE SPECULATIVE NET SHORT
2020-01-10,2020-01-07,555940,145257,240251,-94994,-17.09,42151,159703,-117552,-21.14,-0.49,0.57,42.3,MODERATE SPECULATIVE NET SHORT
2020-01-17,2020-01-14,571239,147492,236335,-88842,-15.55,41577,150952,-109375,-19.15,-0.36,0.54,54.5,MODERATE SPECULATIVE NET SHORT
2020-01-24,2020-01-21,582164,153907,237386,-83479,-14.34,46342,147131,-100789,-17.31,-0.25,0.43,59.0,MODERATE SPECULATIVE NET SHORT
2020-01-31,2020-01-28,598793,170039,259446,-89407,-14.93,55726,159127,-103401,-17.27,-0.31,-0.23,56.4,MODERATE SPECULATIVE NET SHORT
2020-02-07,2020-02-04,594698,161696,265117,-103420,-17.39,46758,163930,-117172,-19.7,-0.54,-0.93,37.2,MODERATE SPECULATIVE NET SHORT
2020-02-14,2020-02-11,612444,165398,277520,-112121,-18.31,44521,178070,-133549,-21.81,-0.62,-0.35,30.8,MODERATE SPECULATIVE NET SHORT
2020-02-21,2020-02-18,617487,167172,287322,-120149,-19.46,48476,186683,-138207,-22.38,-0.73,-0.43,23.7,MODERATE SPECULATIVE NET SHORT
2020-02-28,2020-02-25,625563,162913,297393,-134480,-21.5,49751,195284,-145533,-23.26,-0.92,-0.77,13.5,MODERATE SPECULATIVE NET SHORT
2020-03-06,2020-03-03,640357,158922,265874,-106951,-16.7,42754,183133,-140379,-21.92,-0.48,1.81,44.2,MODERATE SPECULATIVE NET SHORT
2020-03-13,2020-03-10,659151,162153,207111,-44957,-6.82,38294,145905,-107611,-16.33,0.42,3.68,70.5,MODERATE SPECULATIVE NET SHORT
2020-03-20,2020-03-17,588116,151044,156579,-5534,-0.94,38965,101775,-62810,-10.68,0.95,2.13,82.1,MODERATE SPECULATIVE NET SHORT
2020-03-27,2020-03-24,571086,149360,139121,10239,1.79,43370,85717,-42347,-7.42,1.19,0.97,83.3,MODERATE SPECULATIVE NET LONG
2020-04-03,2020-03-31,551752,149064,127847,21216,3.85,43712,79721,-36009,-6.53,1.36,0.72,85.3,MODERATE SPECULATIVE NET LONG
2020-04-10,2020-04-07,554697,153286,124651,28635,5.16,48500,76019,-27519,-4.96,1.46,0.43,87.2,MODERATE SPECULATIVE NET LONG
2020-04-17,2020-04-14,543361,156043,120562,35480,6.53,51052,72530,-21478,-3.95,1.57,0.44,88.5,EXTREME SPECULATIVE NET LONG (Crowded)
2020-04-24,2020-04-21,546661,161013,122016,38997,7.13,53217,72546,-19329,-3.54,1.6,0.14,89.1,EXTREME SPECULATIVE NET LONG (Crowded)
2020-05-01,2020-04-28,545082,156851,125917,30934,5.68,55128,74633,-19505,-3.58,1.45,-0.63,85.9,MODERATE SPECULATIVE NET LONG
2020-05-08,2020-05-05,541624,160096,131798,28297,5.22,54435,78604,-24169,-4.46,1.38,-0.24,85.3,MODERATE SPECULATIVE NET LONG
2020-05-15,2020-05-12,547329,157602,136884,20718,3.79,51313,78126,-26813,-4.9,1.24,-0.61,80.8,MODERATE SPECULATIVE NET LONG
2020-05-22,2020-05-19,547206,155883,138230,17653,3.23,48455,79962,-31507,-5.76,1.17,-0.26,80.1,MODERATE SPECULATIVE NET LONG
2020-05-29,2020-05-26,556749,162871,142171,20700,3.72,52480,83302,-30822,-5.54,1.2,0.17,80.1,MODERATE SPECULATIVE NET LONG
2020-06-05,2020-06-02,583384,164096,137816,26280,4.5,52066,83119,-31053,-5.32,1.26,0.29,83.3,MODERATE SPECULATIVE NET LONG
2020-06-12,2020-06-09,592915,170912,133863,37048,6.25,51348,84377,-33029,-5.57,1.41,0.68,86.5,MODERATE SPECULATIVE NET LONG
2020-06-19,2020-06-16,574939,170262,117783,52479,9.13,47845,66789,-18944,-3.29,1.65,1.13,91.7,EXTREME SPECULATIVE NET LONG (Crowded)
2020-06-26,2020-06-23,585421,174504,119821,54683,9.34,52353,67326,-14973,-2.56,1.64,0.02,92.3,EXTREME SPECULATIVE NET LONG (Crowded)
2020-07-03,2020-06-30,579738,166306,129074,37232,6.42,45082,76489,-31407,-5.42,1.36,-1.31,85.9,MODERATE SPECULATIVE NET LONG
2020-07-10,2020-07-07,593341,173841,125607,48234,8.13,49579,76501,-26922,-4.54,1.49,0.69,87.8,MODERATE SPECULATIVE NET LONG
2020-07-17,2020-07-14,604982,174417,125718,48698,8.05,53992,79311,-25319,-4.19,1.47,-0.07,87.2,MODERATE SPECULATIVE NET LONG
2020-07-24,2020-07-21,636212,182134,118614,63520,9.98,59583,74578,-14995,-2.36,1.62,0.79,92.9,EXTREME SPECULATIVE NET LONG (Crowded)
2020-07-31,2020-07-28,678965,217373,126753,90620,13.35,78712,84562,-5850,-0.86,1.88,1.4,98.1,EXTREME SPECULATIVE NET LONG (Crowded)
2020-08-07,2020-08-04,704875,238715,121275,117440,16.66,91850,80218,11632,1.65,2.13,1.36,100.0,EXTREME SPECULATIVE NET LONG (Crowded)
2020-08-14,2020-08-11,706458,243212,106707,136505,19.32,96780,66321,30459,4.31,2.31,1.09,100.0,EXTREME SPECULATIVE NET LONG (Crowded)
2020-08-21,2020-08-18,704050,231850,102521,129329,18.37,93893,62324,31569,4.48,2.18,-0.47,99.4,EXTREME SPECULATIVE NET LONG (Crowded)
2020-08-28,2020-08-25,704077,233723,95099,138624,19.69,89098,52003,37095,5.27,2.25,0.51,100.0,EXTREME SPECULATIVE NET LONG (Crowded)
2020-09-04,2020-09-01,698211,230266,100653,129613,18.56,86169,54361,31808,4.56,2.11,-0.54,98.7,EXTREME SPECULATIVE NET LONG (Crowded)
2020-09-11,2020-09-08,690782,223891,99600,124291,17.99,81097,51168,29929,4.33,2.03,-0.3,97.4,EXTREME SPECULATIVE NET LONG (Crowded)
2020-09-18,2020-09-15,658174,205628,100472,105156,15.98,67043,47965,19078,2.9,1.84,-0.93,95.5,EXTREME SPECULATIVE NET LONG (Crowded)
2020-09-25,2020-09-22,666412,222759,104959,117800,17.68,74981,51976,23005,3.45,1.94,0.68,96.8,EXTREME SPECULATIVE NET LONG (Crowded)
2020-10-02,2020-09-29,655912,221690,99158,122532,18.68,77163,48037,29126,4.44,1.98,0.38,98.7,EXTREME SPECULATIVE NET LONG (Crowded)
2020-10-09,2020-10-06,652135,211052,94385,116667,17.89,68151,50728,17423,2.67,1.88,-0.43,96.2,EXTREME SPECULATIVE NET LONG (Crowded)
2020-10-16,2020-10-13,646165,206244,95634,110609,17.12,63825,53514,10311,1.6,1.79,-0.42,94.9,EXTREME SPECULATIVE NET LONG (Crowded)
2020-10-23,2020-10-20,644667,208777,98706,110071,17.07,67693,57879,9814,1.52,1.76,-0.09,94.2,EXTREME SPECULATIVE NET LONG (Crowded)
2020-10-30,2020-10-27,636778,199267,96007,103260,16.22,60841,56428,4413,0.69,1.67,-0.46,92.3,EXTREME SPECULATIVE NET LONG (Crowded)
2020-11-06,2020-11-03,627754,190074,102525,87549,13.95,49641,59764,-10123,-1.61,1.48,-1.1,90.4,MODERATE SPECULATIVE NET LONG
2020-11-13,2020-11-10,638993,188386,102283,86103,13.47,56591,59918,-3327,-0.52,1.43,-0.28,89.1,MODERATE SPECULATIVE NET LONG
2020-11-20,2020-11-17,637946,188266,101287,86979,13.63,55787,61398,-5611,-0.88,1.42,0.01,89.7,MODERATE SPECULATIVE NET LONG
2020-11-27,2020-11-24,644566,191908,98477,93430,14.5,57894,59428,-1534,-0.24,1.47,0.4,90.4,MODERATE SPECULATIVE NET LONG
2020-12-04,2020-12-01,654257,193704,99558,94146,14.39,64671,59125,5546,0.85,1.45,-0.09,89.7,MODERATE SPECULATIVE NET LONG
2020-12-11,2020-12-08,683351,198913,100040,98873,14.47,72412,58873,13539,1.98,1.45,0.01,89.7,MODERATE SPECULATIVE NET LONG
2020-12-18,2020-12-15,657046,196830,90796,106034,16.14,66504,48447,18057,2.75,1.55,0.8,91.7,EXTREME SPECULATIVE NET LONG (Crowded)
2020-12-24,2020-12-21,659499,200609,91267,109341,16.58,68772,50411,18361,2.78,1.57,0.18,92.9,EXTREME SPECULATIVE NET LONG (Crowded)
2021-01-01,2020-12-29,671643,204248,92225,112023,16.68,68234,51624,16610,2.47,1.56,0.01,93.6,EXTREME SPECULATIVE NET LONG (Crowded)
2021-01-08,2021-01-05,673532,203632,93324,110308,16.38,67843,54977,12866,1.91,1.53,-0.18,91.7,EXTREME SPECULATIVE NET LONG (Crowded)
2021-01-15,2021-01-12,677952,205629,87127,118502,17.48,72119,48463,23656,3.49,1.6,0.55,94.9,EXTREME SPECULATIVE NET LONG (Crowded)
2021-01-22,2021-01-19,676515,213509,80949,132560,19.59,80097,48853,31244,4.62,1.73,1.07,99.4,EXTREME SPECULATIVE NET LONG (Crowded)
2021-01-29,2021-01-26,677432,212105,77893,134212,19.81,76457,46921,29536,4.36,1.73,0.09,100.0,EXTREME SPECULATIVE NET LONG (Crowded)
2021-02-05,2021-02-02,675520,208071,82661,125410,18.57,73530,51409,22121,3.27,1.65,-0.65,96.8,EXTREME SPECULATIVE NET LONG (Crowded)
2021-02-12,2021-02-09,673116,206239,79696,126543,18.8,70898,48435,22463,3.34,1.66,0.11,97.4,EXTREME SPECULATIVE NET LONG (Crowded)
2021-02-19,2021-02-16,675761,204421,81643,122777,18.17,68136,48708,19428,2.87,1.6,-0.37,94.2,EXTREME SPECULATIVE NET LONG (Crowded)
2021-02-26,2021-02-23,696916,207882,87758,120124,17.24,72092,54006,18086,2.6,1.53,-0.53,91.0,EXTREME SPECULATIVE NET LONG (Crowded)
2021-03-05,2021-03-02,698229,203895,92783,111111,15.91,73422,55194,18228,2.61,1.43,-0.74,84.6,MODERATE SPECULATIVE NET LONG
2021-03-12,2021-03-09,722123,193298,104686,88612,12.27,64247,64173,74,0.01,1.18,-1.96,78.8,MODERATE SPECULATIVE NET LONG
2021-03-19,2021-03-16,638977,181368,98574,82793,12.96,48912,60735,-11823,-1.85,1.22,0.36,79.5,MODERATE SPECULATIVE NET LONG
2021-03-26,2021-03-23,641428,184074,95483,88591,13.81,51452,58114,-6662,-1.04,1.28,0.44,81.4,MODERATE SPECULATIVE NET LONG
2021-04-02,2021-03-30,645121,186149,106502,79647,12.35,57133,63913,-6780,-1.05,1.18,-0.78,77.6,MODERATE SPECULATIVE NET LONG
2021-04-09,2021-04-06,642671,183502,106378,77123,12.0,53206,65295,-12089,-1.88,1.16,-0.19,75.6,MODERATE SPECULATIVE NET LONG
2021-04-16,2021-04-13,648681,185862,105267,80594,12.42,55274,65489,-10215,-1.57,1.18,0.22,77.6,MODERATE SPECULATIVE NET LONG
2021-04-23,2021-04-20,661640,194798,97108,97690,14.76,61556,61540,16,0.0,1.34,1.23,84.0,MODERATE SPECULATIVE NET LONG
2021-04-30,2021-04-27,672072,195495,100629,94866,14.12,63322,63360,-38,-0.01,1.29,-0.36,81.4,MODERATE SPECULATIVE NET LONG
2021-05-07,2021-05-04,677397,194740,100984,93756,13.84,59981,63801,-3820,-0.56,1.26,-0.17,80.1,MODERATE SPECULATIVE NET LONG
2021-05-14,2021-05-11,697211,208609,108598,100011,14.34,72130,69703,2427,0.35,1.29,0.24,81.4,MODERATE SPECULATIVE NET LONG
2021-05-21,2021-05-18,727631,214827,112391,102436,14.08,70419,73738,-3319,-0.46,1.26,-0.18,80.1,MODERATE SPECULATIVE NET LONG
2021-05-28,2021-05-25,738138,217794,112412,105381,14.28,70981,73484,-2503,-0.34,1.26,0.07,80.8,MODERATE SPECULATIVE NET LONG
2021-06-04,2021-06-01,742079,216417,108260,108156,14.57,69560,69723,-163,-0.02,1.27,0.11,83.3,MODERATE SPECULATIVE NET LONG
2021-06-11,2021-06-08,743159,213000,107783,105217,14.16,63558,70560,-7002,-0.94,1.23,-0.29,79.5,MODERATE SPECULATIVE NET LONG
2021-06-18,2021-06-15,694722,198884,91504,107380,15.46,49079,51822,-2743,-0.39,1.3,0.65,84.0,MODERATE SPECULATIVE NET LONG
2021-06-25,2021-06-22,694804,196710,114967,81743,11.76,52382,68507,-16125,-2.32,1.05,-2.15,69.9,MODERATE SPECULATIVE NET LONG
2021-07-02,2021-06-29,697425,197848,113910,83938,12.04,51345,64095,-12750,-1.83,1.06,0.08,70.5,MODERATE SPECULATIVE NET LONG
2021-07-09,2021-07-06,699383,199156,122620,76536,10.94,52702,68652,-15950,-2.28,0.98,-0.68,68.6,MODERATE SPECULATIVE NET LONG
2021-07-16,2021-07-13,688952,203565,135137,68427,9.93,59722,81863,-22141,-3.21,0.9,-0.64,67.3,MODERATE SPECULATIVE NET LONG
2021-07-23,2021-07-20,683075,193200,148003,45197,6.62,54722,88458,-33736,-4.94,0.68,-1.91,63.5,MODERATE SPECULATIVE NET LONG
2021-07-30,2021-07-27,678008,187889,149275,38614,5.7,53235,86419,-33184,-4.89,0.62,-0.57,60.9,MODERATE SPECULATIVE NET LONG
2021-08-06,2021-08-03,674491,187211,149843,37368,5.54,51182,88923,-37741,-5.6,0.6,-0.14,59.6,MODERATE SPECULATIVE NET LONG
2021-08-13,2021-08-10,702098,199678,165910,33767,4.81,59526,97549,-38023,-5.42,0.55,-0.47,57.7,MODERATE SPECULATIVE NET LONG
2021-08-20,2021-08-17,694792,221031,162376,58655,8.44,58690,92187,-33497,-4.82,0.77,1.94,65.4,MODERATE SPECULATIVE NET LONG
2021-08-27,2021-08-24,698547,196559,156496,40062,5.74,62532,83371,-20839,-2.98,0.59,-1.57,60.3,MODERATE SPECULATIVE NET LONG
2021-09-03,2021-08-31,705110,191985,166602,25383,3.6,56161,94209,-38048,-5.4,0.45,-1.25,53.2,MODERATE SPECULATIVE NET LONG
2021-09-10,2021-09-07,696734,187340,150032,37307,5.35,51065,82340,-31275,-4.49,0.55,0.88,57.7,MODERATE SPECULATIVE NET LONG
2021-09-17,2021-09-14,653102,187844,140591,47253,7.24,48022,74166,-26144,-4.0,0.66,0.96,63.5,MODERATE SPECULATIVE NET LONG
2021-09-24,2021-09-21,663519,194492,154013,40479,6.1,50898,80625,-29727,-4.48,0.58,-0.7,59.6,MODERATE SPECULATIVE NET LONG
2021-10-01,2021-09-28,668067,197596,175337,22259,3.33,53203,98491,-45288,-6.78,0.4,-1.58,50.6,MODERATE SPECULATIVE NET LONG
2021-10-08,2021-10-05,693591,196449,201109,-4659,-0.67,51655,123129,-71474,-10.3,0.14,-2.22,48.7,MODERATE SPECULATIVE NET SHORT
2021-10-15,2021-10-12,695329,199552,202591,-3039,-0.44,58428,122030,-63602,-9.15,0.15,0.07,48.7,MODERATE SPECULATIVE NET SHORT
2021-10-22,2021-10-19,679418,189968,185765,4202,0.62,49927,103118,-53191,-7.83,0.21,0.5,48.7,MODERATE SPECULATIVE NET LONG
2021-10-29,2021-10-26,680374,192255,190064,2191,0.32,55993,106564,-50571,-7.43,0.18,-0.23,48.1,MODERATE SPECULATIVE NET LONG
2021-11-05,2021-11-02,678024,191170,182907,8263,1.22,55382,96689,-41307,-6.09,0.23,0.41,48.7,MODERATE SPECULATIVE NET LONG
2021-11-12,2021-11-09,678368,193537,176681,16856,2.48,55225,90357,-35132,-5.18,0.3,0.6,49.4,MODERATE SPECULATIVE NET LONG
2021-11-19,2021-11-16,705698,199855,194115,5740,0.81,60703,101120,-40417,-5.73,0.19,-0.97,47.4,MODERATE SPECULATIVE NET LONG
2021-11-26,2021-11-23,711685,200890,213654,-12764,-1.79,61527,111496,-49969,-7.02,0.01,-1.47,43.6,MODERATE SPECULATIVE NET SHORT
2021-12-03,2021-11-30,705409,197917,206640,-8723,-1.24,59415,109863,-50448,-7.15,0.04,0.22,43.6,MODERATE SPECULATIVE NET SHORT
2021-12-10,2021-12-07,716213,192439,192271,168,0.02,54321,102069,-47748,-6.67,0.11,0.61,45.5,MODERATE SPECULATIVE NET LONG
2021-12-17,2021-12-14,661711,190847,198939,-8091,-1.22,51027,104672,-53645,-8.11,0.03,-0.73,42.9,MODERATE SPECULATIVE NET SHORT
2021-12-24,2021-12-21,672239,197033,201953,-4920,-0.73,56120,107792,-51672,-7.69,0.05,0.2,43.6,MODERATE SPECULATIVE NET SHORT
2021-12-31,2021-12-28,673273,200239,201220,-980,-0.15,57637,108038,-50401,-7.49,0.08,0.25,44.9,MODERATE SPECULATIVE NET SHORT
2022-01-07,2022-01-04,678218,198844,198346,497,0.07,53226,103086,-49860,-7.35,0.09,0.05,45.5,MODERATE SPECULATIVE NET LONG
2022-01-14,2022-01-11,682293,202568,198159,4408,0.65,58385,106059,-47674,-6.99,0.12,0.25,46.8,MODERATE SPECULATIVE NET LONG
2022-01-21,2022-01-18,691882,205102,189641,15461,2.23,59745,103523,-43778,-6.33,0.22,0.8,48.7,MODERATE SPECULATIVE NET LONG
2022-01-28,2022-01-25,682952,204159,183575,20584,3.01,60810,104453,-43643,-6.39,0.26,0.36,49.4,MODERATE SPECULATIVE NET LONG
2022-02-04,2022-02-01,685431,205445,184334,21111,3.08,60108,103297,-43189,-6.3,0.26,-0.03,49.4,MODERATE SPECULATIVE NET LONG
2022-02-11,2022-02-08,700098,208268,174383,33885,4.84,63922,97767,-33845,-4.83,0.37,0.9,54.5,MODERATE SPECULATIVE NET LONG
2022-02-18,2022-02-15,702047,201277,163185,38092,5.43,52391,91413,-39022,-5.56,0.4,0.24,56.4,MODERATE SPECULATIVE NET LONG
2022-02-25,2022-02-22,696682,196673,148617,48056,6.9,50013,80598,-30585,-4.39,0.49,0.72,62.2,MODERATE SPECULATIVE NET LONG
2022-03-04,2022-03-01,719975,216775,160591,56184,7.8,65510,83665,-18155,-2.52,0.54,0.4,63.5,MODERATE SPECULATIVE NET LONG
2022-03-11,2022-03-08,738990,218268,178863,39405,5.33,83687,90574,-6887,-0.93,0.37,-1.45,53.8,MODERATE SPECULATIVE NET LONG
2022-03-18,2022-03-15,666010,186161,176373,9788,1.47,60296,86916,-26620,-4.0,0.09,-2.2,42.9,MODERATE SPECULATIVE NET LONG
2022-03-25,2022-03-22,658817,192091,170039,22052,3.35,67389,82786,-15397,-2.34,0.21,0.93,47.4,MODERATE SPECULATIVE NET LONG
2022-04-01,2022-03-29,662415,192024,163082,28942,4.37,68790,78753,-9963,-1.5,0.27,0.46,50.0,MODERATE SPECULATIVE NET LONG
2022-04-08,2022-04-05,663589,195319,169011,26308,3.96,69051,74903,-5852,-0.88,0.23,-0.33,49.4,MODERATE SPECULATIVE NET LONG
2022-04-15,2022-04-12,678607,200215,171257,28958,4.27,79273,71866,7407,1.09,0.24,0.07,49.4,MODERATE SPECULATIVE NET LONG
2022-04-22,2022-04-19,675939,198717,178878,19839,2.94,70868,75909,-5041,-0.75,0.14,-0.82,42.3,MODERATE SPECULATIVE NET LONG
2022-04-29,2022-04-26,688449,207578,193083,14494,2.11,76345,87058,-10713,-1.56,0.07,-0.54,40.4,MODERATE SPECULATIVE NET LONG
2022-05-06,2022-05-03,694926,207612,204957,2654,0.38,76413,96578,-20165,-2.9,-0.07,-1.03,35.9,MODERATE SPECULATIVE NET LONG
2022-05-13,2022-05-10,705046,217400,204229,13170,1.87,80967,99030,-18063,-2.56,0.02,0.72,39.7,MODERATE SPECULATIVE NET LONG
2022-05-20,2022-05-17,706712,221110,199347,21763,3.08,84236,99212,-14976,-2.12,0.1,0.57,43.6,MODERATE SPECULATIVE NET LONG
2022-05-27,2022-05-24,708938,217453,189413,28040,3.96,80090,91273,-11183,-1.58,0.16,0.39,48.7,MODERATE SPECULATIVE NET LONG
2022-06-03,2022-05-31,706317,219667,179237,40430,5.72,81461,84256,-2795,-0.4,0.29,0.86,57.1,MODERATE SPECULATIVE NET LONG
2022-06-10,2022-06-07,730667,215776,171961,43814,6.0,79551,77302,2249,0.31,0.3,0.06,57.7,MODERATE SPECULATIVE NET LONG
2022-06-17,2022-06-14,668164,201923,174426,27497,4.12,67595,78227,-10632,-1.59,0.14,-1.11,47.4,MODERATE SPECULATIVE NET LONG
2022-06-24,2022-06-21,671718,204763,170979,33784,5.03,73266,75862,-2596,-0.39,0.2,0.42,50.6,MODERATE SPECULATIVE NET LONG
2022-07-01,2022-06-28,671472,201564,162636,38927,5.8,70552,72913,-2361,-0.35,0.25,0.34,57.1,MODERATE SPECULATIVE NET LONG
2022-07-08,2022-07-05,673772,211304,181671,29633,4.4,78194,87788,-9594,-1.42,0.13,-0.83,47.4,MODERATE SPECULATIVE NET LONG
2022-07-15,2022-07-12,682031,209945,185058,24887,3.65,77104,84726,-7622,-1.12,0.06,-0.48,41.7,MODERATE SPECULATIVE NET LONG
2022-07-22,2022-07-19,694106,202133,194670,7463,1.08,70143,93138,-22995,-3.31,-0.16,-1.46,31.4,MODERATE SPECULATIVE NET LONG
2022-07-29,2022-07-26,694099,206346,200051,6295,0.91,73744,104779,-31035,-4.47,-0.18,-0.16,30.8,MODERATE SPECULATIVE NET LONG
2022-08-05,2022-08-02,683883,203297,188660,14637,2.14,69879,92579,-22700,-3.32,-0.09,0.6,34.6,MODERATE SPECULATIVE NET LONG
2022-08-12,2022-08-09,692398,207359,187976,19383,2.8,72779,89387,-16608,-2.4,-0.05,0.29,35.9,MODERATE SPECULATIVE NET LONG
2022-08-19,2022-08-16,698570,207055,195561,11494,1.65,70967,93137,-22170,-3.17,-0.16,-0.7,31.4,MODERATE SPECULATIVE NET LONG
2022-08-26,2022-08-23,717921,218531,212763,5768,0.8,82015,100897,-18882,-2.63,-0.25,-0.53,27.6,MODERATE SPECULATIVE NET LONG
2022-09-02,2022-08-30,720081,212696,215944,-3247,-0.45,76078,101436,-25358,-3.52,-0.37,-0.74,21.8,MODERATE SPECULATIVE NET SHORT
2022-09-09,2022-09-06,721678,213309,211028,2280,0.32,74344,97788,-23444,-3.25,-0.31,0.36,25.0,MODERATE SPECULATIVE NET LONG
2022-09-16,2022-09-13,742244,208921,195913,13008,1.75,68149,96774,-28625,-3.86,-0.2,0.71,31.4,MODERATE SPECULATIVE NET LONG
2022-09-23,2022-09-20,657952,207382,192540,14842,2.26,69575,97378,-27803,-4.23,-0.17,0.2,34.6,MODERATE SPECULATIVE NET LONG
2022-09-30,2022-09-27,654142,211717,196340,15377,2.35,75359,102250,-26891,-4.11,-0.18,-0.03,34.6,MODERATE SPECULATIVE NET LONG
2022-10-07,2022-10-04,640458,199994,181467,18527,2.89,68913,87224,-18311,-2.86,-0.14,0.22,35.9,MODERATE SPECULATIVE NET LONG
2022-10-14,2022-10-11,639348,195370,180510,14860,2.32,64598,83788,-19190,-3.0,-0.22,-0.4,33.3,MODERATE SPECULATIVE NET LONG
2022-10-21,2022-10-18,640469,201470,174725,26745,4.18,69229,80045,-10816,-1.69,-0.05,0.94,45.5,MODERATE SPECULATIVE NET LONG
2022-10-28,2022-10-25,666719,217639,176998,40641,6.1,83693,88897,-5204,-0.78,0.12,1.0,58.3,MODERATE SPECULATIVE NET LONG
2022-11-04,2022-11-01,671729,224074,163854,60220,8.96,88366,84155,4211,0.63,0.39,1.52,65.4,MODERATE SPECULATIVE NET LONG
2022-11-11,2022-11-08,667902,216564,151650,64914,9.72,81850,75031,6819,1.02,0.46,0.33,66.7,MODERATE SPECULATIVE NET LONG
2022-11-18,2022-11-15,682575,218168,153910,64258,9.41,80563,80590,-27,-0.0,0.42,-0.26,66.0,MODERATE SPECULATIVE NET LONG
2022-11-25,2022-11-22,680873,222455,144869,77586,11.4,83419,76878,6541,0.96,0.61,1.01,68.6,MODERATE SPECULATIVE NET LONG
2022-12-02,2022-11-29,695776,217337,146412,70925,10.19,76460,79804,-3344,-0.48,0.48,-0.77,67.3,MODERATE SPECULATIVE NET LONG
2022-12-09,2022-12-06,711537,217299,149608,67690,9.51,76694,81601,-4907,-0.69,0.39,-0.47,64.7,MODERATE SPECULATIVE NET LONG
2022-12-16,2022-12-13,772800,216333,143384,72949,9.44,68146,79103,-10957,-1.42,0.38,-0.12,64.1,MODERATE SPECULATIVE NET LONG
2022-12-23,2022-12-20,725968,225136,153797,71339,9.83,78454,95148,-16694,-2.3,0.41,0.12,65.4,MODERATE SPECULATIVE NET LONG
2022-12-30,2022-12-27,728387,228161,148309,79852,10.96,81740,92874,-11134,-1.53,0.53,0.53,67.9,MODERATE SPECULATIVE NET LONG
2023-01-06,2023-01-03,712030,212524,131335,81188,11.4,71489,77178,-5689,-0.8,0.57,0.14,68.6,MODERATE SPECULATIVE NET LONG
2023-01-13,2023-01-10,746163,228818,139892,88925,11.92,82961,89335,-6374,-0.85,0.63,0.19,69.2,MODERATE SPECULATIVE NET LONG
2023-01-20,2023-01-17,753915,221169,135153,86016,11.41,71486,85373,-13887,-1.84,0.55,-0.38,67.9,MODERATE SPECULATIVE NET LONG
2023-01-27,2023-01-24,777569,230141,136000,94141,12.11,77468,88332,-10864,-1.4,0.63,0.3,70.5,MODERATE SPECULATIVE NET LONG
2023-02-03,2023-01-31,796738,240145,130128,110017,13.81,85496,80440,5056,0.63,0.85,0.85,75.6,MODERATE SPECULATIVE NET LONG
2023-02-10,2023-02-07,781287,227442,110951,116490,14.91,73795,58220,15575,1.99,0.99,0.51,83.3,MODERATE SPECULATIVE NET LONG
2023-02-17,2023-02-14,788633,231699,109543,122155,15.49,79092,57684,21408,2.71,1.08,0.21,84.0,MODERATE SPECULATIVE NET LONG
2023-02-24,2023-02-21,789898,231220,111106,120114,15.21,79329,56100,23229,2.94,1.06,-0.28,82.7,MODERATE SPECULATIVE NET LONG
2023-03-03,2023-02-28,803963,239289,115528,123760,15.39,84939,58012,26927,3.35,1.11,-0.03,82.7,MODERATE SPECULATIVE NET LONG
2023-03-10,2023-03-07,821057,232687,116389,116297,14.16,75936,60049,15887,1.93,0.93,-0.83,76.3,MODERATE SPECULATIVE NET LONG
2023-03-17,2023-03-14,745403,217743,112828,104914,14.07,64007,56362,7645,1.03,0.91,-0.15,73.7,MODERATE SPECULATIVE NET LONG
2023-03-24,2023-03-21,737437,214055,102244,111811,15.16,61547,48206,13341,1.81,1.08,0.67,81.4,MODERATE SPECULATIVE NET LONG
2023-03-31,2023-03-28,732506,210885,109600,101284,13.83,58664,55651,3013,0.41,0.85,-0.97,71.2,MODERATE SPECULATIVE NET LONG
2023-04-07,2023-04-04,747095,219456,113585,105870,14.17,66748,63263,3485,0.47,0.89,0.19,75.6,MODERATE SPECULATIVE NET LONG
2023-04-14,2023-04-11,759439,226750,111220,115530,15.21,69139,61513,7626,1.0,1.05,0.68,82.1,MODERATE SPECULATIVE NET LONG
2023-04-21,2023-04-18,766374,223186,105689,117496,15.33,65844,57520,8324,1.09,1.06,0.04,82.1,MODERATE SPECULATIVE NET LONG
2023-04-28,2023-04-25,772882,222498,104308,118190,15.29,69260,55884,13376,1.73,1.04,-0.06,81.4,MODERATE SPECULATIVE NET LONG
2023-05-05,2023-05-02,779458,222815,103551,119264,15.3,70548,55759,14789,1.9,1.03,-0.04,81.4,MODERATE SPECULATIVE NET LONG
2023-05-12,2023-05-09,794721,231650,112597,119053,14.98,78046,64643,13403,1.69,0.97,-0.27,78.2,MODERATE SPECULATIVE NET LONG
2023-05-19,2023-05-16,789930,225904,103993,121911,15.43,69220,53952,15268,1.93,1.03,0.26,82.7,MODERATE SPECULATIVE NET LONG
2023-05-26,2023-05-23,781123,228355,108071,120284,15.4,72480,58233,14247,1.82,1.01,-0.08,82.1,MODERATE SPECULATIVE NET LONG
2023-06-02,2023-05-30,775142,225359,104830,120529,15.55,72423,53127,19296,2.49,1.02,0.05,84.0,MODERATE SPECULATIVE NET LONG
2023-06-09,2023-06-06,781967,227580,108371,119209,15.24,77781,54388,23393,2.99,0.96,-0.26,78.2,MODERATE SPECULATIVE NET LONG
2023-06-16,2023-06-13,818294,215262,99853,115408,14.1,70136,49937,20199,2.47,0.76,-0.84,67.3,MODERATE SPECULATIVE NET LONG
2023-06-23,2023-06-20,732979,213763,108089,105674,14.42,66452,60120,6332,0.86,0.81,0.2,71.8,MODERATE SPECULATIVE NET LONG
2023-06-30,2023-06-27,732123,214426,103583,110843,15.14,70527,56288,14239,1.94,0.92,0.48,75.6,MODERATE SPECULATIVE NET LONG
2023-07-06,2023-07-03,725927,212836,101338,111497,15.36,69829,52356,17473,2.41,0.94,0.12,80.1,MODERATE SPECULATIVE NET LONG
2023-07-14,2023-07-11,736056,213826,109946,103879,14.11,70220,60623,9597,1.3,0.73,-0.93,65.4,MODERATE SPECULATIVE NET LONG
2023-07-21,2023-07-18,783132,234875,112134,122741,15.67,86196,64705,21491,2.74,0.97,1.09,84.0,MODERATE SPECULATIVE NET LONG
2023-07-28,2023-07-25,772408,226565,102802,123763,16.02,80093,54039,26054,3.37,1.02,0.22,85.3,MODERATE SPECULATIVE NET LONG
2023-08-04,2023-08-01,755156,217300,100469,116831,15.47,70631,51919,18712,2.48,0.93,-0.41,81.4,MODERATE SPECULATIVE NET LONG
2023-08-11,2023-08-08,760968,219712,108858,110854,14.57,71402,60392,11010,1.45,0.79,-0.66,71.2,MODERATE SPECULATIVE NET LONG
2023-08-18,2023-08-15,760233,223140,101584,121556,15.99,76755,53700,23055,3.03,1.02,1.09,85.9,MODERATE SPECULATIVE NET LONG
2023-08-25,2023-08-22,750486,232297,112395,119902,15.98,91721,60015,31706,4.22,1.03,0.0,85.9,MODERATE SPECULATIVE NET LONG
2023-09-01,2023-08-29,748127,227539,117320,110219,14.73,87774,59359,28415,3.8,0.83,-0.92,71.8,MODERATE SPECULATIVE NET LONG
2023-09-08,2023-09-05,754263,229308,127306,102001,13.52,89527,65457,24070,3.19,0.65,-0.89,57.7,MODERATE SPECULATIVE NET LONG
2023-09-15,2023-09-12,743759,210603,121947,88655,11.92,72898,59469,13429,1.81,0.39,-1.18,52.6,MODERATE SPECULATIVE NET LONG
2023-09-22,2023-09-19,695343,204604,126584,78020,11.22,65602,60740,4862,0.7,0.29,-0.51,49.4,MODERATE SPECULATIVE NET LONG
2023-09-29,2023-09-26,699271,213485,135363,78121,11.17,76453,64578,11875,1.7,0.29,-0.01,49.4,MODERATE SPECULATIVE NET LONG
2023-10-06,2023-10-03,702433,217830,145205,72625,10.34,82368,69165,13203,1.88,0.16,-0.59,48.1,MODERATE SPECULATIVE NET LONG
2023-10-13,2023-10-10,687382,204605,140977,63628,9.26,68001,68963,-962,-0.14,-0.01,-0.78,43.6,MODERATE SPECULATIVE NET LONG
2023-10-20,2023-10-17,695676,213996,145283,68713,9.88,75357,71058,4299,0.62,0.1,0.51,47.4,MODERATE SPECULATIVE NET LONG
2023-10-27,2023-10-24,702668,220322,143027,77295,11.0,81600,72575,9025,1.28,0.3,0.88,51.3,MODERATE SPECULATIVE NET LONG
2023-11-03,2023-10-31,694962,215800,142803,72996,10.5,77740,72267,5473,0.79,0.22,-0.35,50.0,MODERATE SPECULATIVE NET LONG
2023-11-10,2023-11-07,697624,214216,141540,72675,10.42,77240,71870,5370,0.77,0.21,-0.04,50.0,MODERATE SPECULATIVE NET LONG
2023-11-17,2023-11-14,702463,214867,136314,78552,11.18,77152,70027,7125,1.01,0.34,0.59,53.8,MODERATE SPECULATIVE NET LONG
2023-11-24,2023-11-21,712364,213825,124092,89732,12.6,73652,65589,8063,1.13,0.59,1.09,62.8,MODERATE SPECULATIVE NET LONG
2023-12-01,2023-11-28,727138,216342,119295,97047,13.35,73233,63049,10184,1.4,0.72,0.58,64.1,MODERATE SPECULATIVE NET LONG
2023-12-08,2023-12-05,756615,223838,120190,103648,13.7,76280,64172,12108,1.6,0.78,0.27,65.4,MODERATE SPECULATIVE NET LONG
2023-12-15,2023-12-12,792149,227368,127507,99861,12.61,83174,66533,16641,2.1,0.59,-0.82,63.5,MODERATE SPECULATIVE NET LONG
2023-12-22,2023-12-19,700244,207373,133146,74227,10.6,67756,75221,-7465,-1.07,0.26,-1.51,51.3,MODERATE SPECULATIVE NET LONG
2023-12-29,2023-12-26,705627,209843,132972,76871,10.89,71580,75813,-4233,-0.6,0.31,0.25,51.9,MODERATE SPECULATIVE NET LONG
2024-01-05,2024-01-02,718885,224010,130449,93560,13.01,86037,73326,12711,1.77,0.69,1.63,66.0,MODERATE SPECULATIVE NET LONG
2024-01-12,2024-01-09,714079,217344,121957,95387,13.36,80190,64329,15861,2.22,0.75,0.28,67.3,MODERATE SPECULATIVE NET LONG
2024-01-19,2024-01-16,733091,221216,127426,93790,12.79,80292,68347,11945,1.63,0.66,-0.41,65.4,MODERATE SPECULATIVE NET LONG
2024-01-26,2024-01-23,725423,215941,131902,84039,11.58,75337,71769,3568,0.49,0.47,-0.88,58.3,MODERATE SPECULATIVE NET LONG
2024-02-02,2024-01-30,727210,220170,135418,84752,11.65,79542,68993,10549,1.45,0.49,0.09,59.0,MODERATE SPECULATIVE NET LONG
2024-02-09,2024-02-06,731991,222608,162483,60125,8.21,80024,85356,-5332,-0.73,-0.11,-2.57,42.3,MODERATE SPECULATIVE NET LONG
2024-02-16,2024-02-13,740105,228824,173200,55624,7.52,88270,94055,-5785,-0.78,-0.22,-0.46,41.7,MODERATE SPECULATIVE NET LONG
2024-02-23,2024-02-20,722299,223908,158640,65268,9.04,87583,77256,10327,1.43,0.06,1.18,44.9,MODERATE SPECULATIVE NET LONG
2024-03-01,2024-02-27,715545,223399,158123,65276,9.12,85862,79487,6375,0.89,0.09,0.1,45.5,MODERATE SPECULATIVE NET LONG
2024-03-08,2024-03-05,707108,221238,151479,69758,9.87,88588,79149,9439,1.33,0.24,0.59,50.0,MODERATE SPECULATIVE NET LONG
2024-03-15,2024-03-12,717720,211045,144092,66952,9.33,80929,77212,3717,0.52,0.14,-0.4,46.8,MODERATE SPECULATIVE NET LONG
2024-03-22,2024-03-19,656182,209828,159013,50815,7.74,85730,89372,-3642,-0.56,-0.15,-1.19,42.3,MODERATE SPECULATIVE NET LONG
2024-03-29,2024-03-26,657300,208394,168600,39794,6.05,81778,90904,-9126,-1.39,-0.46,-1.25,38.5,MODERATE SPECULATIVE NET LONG
2024-04-05,2024-04-02,682768,219131,196047,23083,3.38,94297,103690,-9393,-1.38,-0.95,-1.99,25.0,MODERATE SPECULATIVE NET LONG
2024-04-12,2024-04-09,643496,189193,168951,20241,3.15,65356,86911,-21555,-3.35,-0.98,-0.13,23.7,MODERATE SPECULATIVE NET LONG
2024-04-19,2024-04-16,658865,193489,190870,2619,0.4,70146,104691,-34545,-5.24,-1.48,-2.01,8.3,MODERATE SPECULATIVE NET LONG
2024-04-26,2024-04-23,665771,185617,193832,-8214,-1.23,63518,98985,-35467,-5.33,-1.76,-1.15,1.3,EXTREME SPECULATIVE NET SHORT (Squeeze Risk)
2024-05-03,2024-04-30,652297,187578,187701,-122,-0.02,68274,91458,-23184,-3.55,-1.51,0.97,5.8,EXTREME SPECULATIVE NET SHORT (Squeeze Risk)
2024-05-10,2024-05-07,654804,189671,182693,6978,1.07,69345,86146,-16801,-2.57,-1.29,0.87,13.5,MODERATE SPECULATIVE NET LONG
2024-05-17,2024-05-14,656802,197428,176992,20436,3.11,75619,82704,-7085,-1.08,-0.9,1.57,26.3,MODERATE SPECULATIVE NET LONG
2024-05-24,2024-05-21,653081,198433,162613,35820,5.48,75342,77721,-2379,-0.36,-0.45,1.79,39.1,MODERATE SPECULATIVE NET LONG
2024-05-31,2024-05-28,664864,198575,149252,49323,7.42,74699,67353,7346,1.1,-0.08,1.45,47.4,MODERATE SPECULATIVE NET LONG
2024-06-07,2024-06-04,671736,205398,145432,59966,8.93,80602,68259,12343,1.84,0.2,1.12,51.3,MODERATE SPECULATIVE NET LONG
2024-06-14,2024-06-11,712894,203498,161833,41665,5.84,79583,80975,-1392,-0.2,-0.36,-2.2,42.9,MODERATE SPECULATIVE NET LONG
2024-06-21,2024-06-18,650388,201472,174426,27046,4.16,78396,87215,-8819,-1.36,-0.67,-1.15,32.7,MODERATE SPECULATIVE NET LONG
2024-06-28,2024-06-25,650087,202451,180828,21623,3.33,78729,90328,-11599,-1.78,-0.82,-0.56,28.2,MODERATE SPECULATIVE NET LONG
2024-07-05,2024-07-02,636895,195775,181833,13942,2.19,72818,82267,-9449,-1.48,-1.02,-0.78,19.2,MODERATE SPECULATIVE NET LONG
2024-07-12,2024-07-09,637266,194158,172866,21292,3.34,73785,79258,-5473,-0.86,-0.79,0.87,29.5,MODERATE SPECULATIVE NET LONG
2024-07-19,2024-07-16,649251,203750,171119,32631,5.03,85859,78470,7389,1.14,-0.47,1.25,39.7,MODERATE SPECULATIVE NET LONG
2024-07-26,2024-07-23,672022,207065,169633,37432,5.57,83176,78836,4340,0.65,-0.36,0.4,43.6,MODERATE SPECULATIVE NET LONG
2024-08-02,2024-07-30,667299,197636,185567,12068,1.81,73234,91398,-18164,-2.72,-1.07,-2.75,17.3,MODERATE SPECULATIVE NET LONG
2024-08-09,2024-08-06,671104,201218,180463,20755,3.09,75644,90252,-14608,-2.18,-0.82,0.93,27.6,MODERATE SPECULATIVE NET LONG
2024-08-16,2024-08-13,667350,196466,180437,16029,2.4,71009,94427,-23418,-3.51,-0.94,-0.48,23.1,MODERATE SPECULATIVE NET LONG
2024-08-23,2024-08-20,692017,203759,158209,45550,6.58,75339,78023,-2684,-0.39,-0.16,3.08,50.0,MODERATE SPECULATIVE NET LONG
2024-08-30,2024-08-27,726519,224510,147998,76512,10.53,94322,73854,20468,2.82,0.57,2.83,65.4,MODERATE SPECULATIVE NET LONG
2024-09-06,2024-09-03,740311,225536,140010,85526,11.55,95060,69208,25852,3.49,0.75,0.69,71.8,MODERATE SPECULATIVE NET LONG
2024-09-13,2024-09-10,741888,204459,136424,68035,9.17,76583,63756,12827,1.73,0.3,-1.71,55.8,MODERATE SPECULATIVE NET LONG
2024-09-20,2024-09-17,678001,199363,140681,58682,8.66,72490,66772,5718,0.84,0.21,-0.37,52.6,MODERATE SPECULATIVE NET LONG
2024-09-27,2024-09-24,679514,196681,144911,51770,7.62,70914,66148,4766,0.7,0.01,-0.74,50.0,MODERATE SPECULATIVE NET LONG
2024-10-04,2024-10-01,674734,194466,149221,45245,6.71,70416,70519,-103,-0.02,-0.16,-0.67,47.4,MODERATE SPECULATIVE NET LONG
2024-10-11,2024-10-08,669131,201387,148756,52631,7.87,80224,62318,17906,2.68,0.04,0.81,51.3,MODERATE SPECULATIVE NET LONG
2024-10-18,2024-10-15,658481,193868,163006,30862,4.69,79699,66796,12903,1.96,-0.57,-2.36,37.2,MODERATE SPECULATIVE NET LONG
2024-10-25,2024-10-22,650759,187821,190045,-2223,-0.34,74459,84615,-10156,-1.56,-1.52,-3.63,3.8,EXTREME SPECULATIVE NET SHORT (Squeeze Risk)
2024-11-01,2024-10-29,661675,188113,213760,-25647,-3.88,75404,105616,-30212,-4.57,-2.19,-2.44,0.0,EXTREME SPECULATIVE NET SHORT (Squeeze Risk)
2024-11-08,2024-11-05,645597,193040,197872,-4831,-0.75,79747,103781,-24034,-3.72,-1.58,2.14,3.2,EXTREME SPECULATIVE NET SHORT (Squeeze Risk)
2024-11-15,2024-11-12,637105,186051,187944,-1892,-0.3,72706,101719,-29013,-4.55,-1.48,0.32,5.8,MODERATE SPECULATIVE NET SHORT
2024-11-22,2024-11-19,658774,182386,215047,-32660,-4.96,70766,110577,-39811,-6.04,-2.34,-3.13,0.0,EXTREME SPECULATIVE NET SHORT (Squeeze Risk)
2024-11-29,2024-11-26,665553,188574,222411,-33836,-5.08,78630,108586,-29956,-4.5,-2.34,-0.07,0.0,EXTREME SPECULATIVE NET SHORT (Squeeze Risk)
2024-12-06,2024-12-03,675059,188083,229232,-41149,-6.1,78970,115172,-36202,-5.36,-2.51,-0.66,0.0,EXTREME SPECULATIVE NET SHORT (Squeeze Risk)
2024-12-13,2024-12-10,727276,185893,233072,-47178,-6.49,76775,120696,-43921,-6.04,-2.53,-0.23,0.0,EXTREME SPECULATIVE NET SHORT (Squeeze Risk)
2024-12-20,2024-12-17,584000,179161,219247,-40085,-6.86,75931,114176,-38245,-6.55,-2.56,-0.22,0.0,EXTREME SPECULATIVE NET SHORT (Squeeze Risk)
2024-12-27,2024-12-24,597583,177596,229356,-51760,-8.66,69968,116500,-46532,-7.79,-2.84,-1.16,0.0,EXTREME SPECULATIVE NET SHORT (Squeeze Risk)
2025-01-03,2024-12-31,609159,187006,238814,-51807,-8.5,80796,122636,-41840,-6.87,-2.74,0.14,0.6,EXTREME SPECULATIVE NET SHORT (Squeeze Risk)
2025-01-10,2025-01-07,603187,177014,231293,-54279,-9.0,69495,111083,-41588,-6.89,-2.77,-0.29,0.0,EXTREME SPECULATIVE NET SHORT (Squeeze Risk)
2025-01-17,2025-01-14,604225,174679,223281,-48601,-8.04,68363,108162,-39799,-6.59,-2.55,0.67,1.9,EXTREME SPECULATIVE NET SHORT (Squeeze Risk)
2025-01-24,2025-01-21,609492,181410,225911,-44501,-7.3,72504,107738,-35234,-5.78,-2.37,0.53,2.6,EXTREME SPECULATIVE NET SHORT (Squeeze Risk)
2025-01-31,2025-01-28,618908,182245,219702,-37457,-6.05,72532,106828,-34296,-5.54,-2.12,0.87,5.1,EXTREME SPECULATIVE NET SHORT (Squeeze Risk)
2025-02-07,2025-02-04,616623,190686,222546,-31859,-5.17,82094,104271,-22177,-3.6,-1.94,0.62,5.8,EXTREME SPECULATIVE NET SHORT (Squeeze Risk)
2025-02-14,2025-02-11,622873,197112,229614,-32501,-5.22,88642,109469,-20827,-3.34,-1.92,0.01,5.8,EXTREME SPECULATIVE NET SHORT (Squeeze Risk)
2025-02-21,2025-02-18,638024,200200,223216,-23015,-3.61,89424,100651,-11227,-1.76,-1.64,1.11,9.0,EXTREME SPECULATIVE NET SHORT (Squeeze Risk)
2025-02-28,2025-02-25,658684,205698,211442,-5744,-0.87,93762,99058,-5296,-0.8,-1.2,1.85,10.3,MODERATE SPECULATIVE NET SHORT
2025-03-07,2025-03-04,683819,208624,207677,947,0.14,94173,102395,-8222,-1.2,-1.03,0.7,14.1,MODERATE SPECULATIVE NET LONG
2025-03-14,2025-03-11,729760,205437,195921,9516,1.3,90093,96012,-5919,-0.81,-0.84,0.79,19.2,MODERATE SPECULATIVE NET LONG
2025-03-21,2025-03-18,652620,206104,156111,49993,7.66,87050,73191,13859,2.12,0.12,4.27,50.0,MODERATE SPECULATIVE NET LONG
2025-03-28,2025-03-25,672875,210890,151335,59555,8.85,89643,63267,26376,3.92,0.3,0.74,52.6,MODERATE SPECULATIVE NET LONG
2025-04-04,2025-04-01,670827,211055,155623,55432,8.26,91315,58425,32890,4.9,0.21,-0.39,51.3,MODERATE SPECULATIVE NET LONG
2025-04-11,2025-04-08,697776,210960,152199,58761,8.42,85855,52777,33078,4.74,0.23,0.08,51.3,MODERATE SPECULATIVE NET LONG
2025-04-18,2025-04-15,708122,211426,151448,59978,8.47,80754,58948,21806,3.08,0.23,0.01,51.3,MODERATE SPECULATIVE NET LONG
2025-04-25,2025-04-22,719232,212694,155418,57275,7.96,81269,66559,14710,2.05,0.15,-0.35,48.7,MODERATE SPECULATIVE NET LONG
2025-05-02,2025-04-29,730212,209098,150723,58375,7.99,79893,62578,17315,2.37,0.15,-0.0,48.7,MODERATE SPECULATIVE NET LONG
2025-05-09,2025-05-06,737013,207209,147505,59703,8.1,73085,67340,5745,0.78,0.16,0.04,48.7,MODERATE SPECULATIVE NET LONG
2025-05-16,2025-05-13,750906,219333,149550,69783,9.29,86340,66187,20153,2.68,0.33,0.74,56.4,MODERATE SPECULATIVE NET LONG
2025-05-23,2025-05-20,759249,217164,165871,51293,6.76,83874,76941,6933,0.91,-0.06,-1.66,42.3,MODERATE SPECULATIVE NET LONG
2025-05-30,2025-05-27,760471,211794,163420,48374,6.36,76556,77460,-904,-0.12,-0.12,-0.27,40.4,MODERATE SPECULATIVE NET LONG
2025-06-06,2025-06-03,781284,213573,157208,56365,7.21,74113,76024,-1911,-0.24,0.01,0.54,42.3,MODERATE SPECULATIVE NET LONG
2025-06-13,2025-06-10,810517,223445,152173,71272,8.79,84861,72885,11976,1.48,0.25,1.01,51.3,MODERATE SPECULATIVE NET LONG
2025-06-20,2025-06-17,755861,230129,152688,77441,10.25,88119,72690,15429,2.04,0.47,0.92,62.2,MODERATE SPECULATIVE NET LONG
2025-06-27,2025-06-24,762607,231411,147357,84054,11.02,88638,67545,21093,2.77,0.58,0.47,67.3,MODERATE SPECULATIVE NET LONG
2025-07-04,2025-07-01,779031,238957,152827,86130,11.06,91623,76402,15221,1.95,0.58,0.0,67.3,MODERATE SPECULATIVE NET LONG
2025-07-11,2025-07-08,805847,253057,152686,100371,12.46,105233,76110,29123,3.61,0.79,0.87,75.0,MODERATE SPECULATIVE NET LONG
2025-07-18,2025-07-15,820440,256511,145897,110614,13.48,106430,67906,38524,4.7,0.94,0.62,78.8,MODERATE SPECULATIVE NET LONG
2025-07-25,2025-07-22,843447,258738,155025,103713,12.3,102310,73901,28409,3.37,0.74,-0.81,73.7,MODERATE SPECULATIVE NET LONG
2025-08-01,2025-07-29,828577,256104,163469,92634,11.18,110100,79238,30862,3.72,0.56,-0.77,66.7,MODERATE SPECULATIVE NET LONG
2025-08-08,2025-08-05,818360,252274,161303,90971,11.12,106098,71890,34208,4.18,0.54,-0.08,64.7,MODERATE SPECULATIVE NET LONG
2025-08-15,2025-08-12,824972,241690,155148,86542,10.49,100864,65926,34938,4.24,0.44,-0.44,59.0,MODERATE SPECULATIVE NET LONG
2025-08-22,2025-08-19,825219,240548,157084,83463,10.11,104037,70811,33226,4.03,0.37,-0.28,55.8,MODERATE SPECULATIVE NET LONG
2025-08-29,2025-08-26,842215,248234,160235,87998,10.45,109029,74822,34207,4.06,0.42,0.18,58.3,MODERATE SPECULATIVE NET LONG
2025-09-05,2025-09-02,845820,245317,161270,84046,9.94,107011,77338,29673,3.51,0.33,-0.38,54.5,MODERATE SPECULATIVE NET LONG
2025-09-12,2025-09-09,878104,241128,154618,86509,9.85,103962,71350,32612,3.71,0.31,-0.1,52.6,MODERATE SPECULATIVE NET LONG
2025-09-19,2025-09-16,855448,248204,163190,85014,9.94,108039,81802,26237,3.07,0.31,0.02,54.5,MODERATE SPECULATIVE NET LONG
2025-09-26,2025-09-23,859215,250911,167576,83335,9.7,106658,86855,19803,2.3,0.27,-0.19,50.0,MODERATE SPECULATIVE NET LONG
2025-10-03,2025-09-30,845775,247535,163069,84466,9.99,105007,82730,22277,2.63,0.31,0.16,54.5,MODERATE SPECULATIVE NET LONG
2025-10-10,2025-10-07,855286,251318,164028,87290,10.21,107423,86038,21385,2.5,0.34,0.11,55.8,MODERATE SPECULATIVE NET LONG
2025-10-17,2025-10-14,841079,240717,160752,79965,9.51,103080,80802,22278,2.65,0.22,-0.49,48.1,MODERATE SPECULATIVE NET LONG
2025-10-24,2025-10-21,835887,240429,159688,80740,9.66,102054,79590,22464,2.69,0.24,0.08,48.1,MODERATE SPECULATIVE NET LONG
2025-10-31,2025-10-28,843717,246055,172742,73313,8.69,108266,90923,17343,2.06,0.08,-0.65,38.5,MODERATE SPECULATIVE NET LONG
2025-11-07,2025-11-04,835176,234888,185955,48933,5.86,98873,93691,5182,0.62,-0.37,-1.88,25.6,MODERATE SPECULATIVE NET LONG
2025-11-13,2025-11-10,831275,220902,180198,40704,4.9,84211,89872,-5661,-0.68,-0.52,-0.61,23.1,MODERATE SPECULATIVE NET LONG
2025-11-21,2025-11-18,827015,222656,161678,60977,7.37,87561,75140,12421,1.5,-0.12,1.64,30.8,MODERATE SPECULATIVE NET LONG
2025-11-28,2025-11-25,830589,226211,165636,60575,7.29,90941,76217,14724,1.77,-0.13,-0.04,30.8,MODERATE SPECULATIVE NET LONG
2025-12-05,2025-12-02,851184,230596,158695,71901,8.45,90775,71503,19272,2.26,0.06,0.77,39.7,MODERATE SPECULATIVE NET LONG
2025-12-12,2025-12-09,942794,245770,146248,99522,10.56,102769,61164,41605,4.41,0.39,1.39,60.9,MODERATE SPECULATIVE NET LONG
2025-12-19,2025-12-16,986986,259511,151416,108094,10.95,116937,65636,51301,5.2,0.45,0.25,62.2,MODERATE SPECULATIVE NET LONG
2025-12-26,2025-12-23,866951,269573,152426,117147,13.51,120823,64716,56107,6.47,0.86,1.66,78.8,MODERATE SPECULATIVE NET LONG
2026-01-02,2025-12-30,869169,271788,156750,115038,13.24,121459,68797,52662,6.06,0.81,-0.18,76.3,MODERATE SPECULATIVE NET LONG
2026-01-09,2026-01-06,881815,270911,156320,114591,12.99,119570,68970,50600,5.74,0.77,-0.17,75.0,MODERATE SPECULATIVE NET LONG
2026-01-16,2026-01-13,883672,256435,168136,88298,9.99,103621,78229,25392,2.87,0.29,-1.94,53.8,MODERATE SPECULATIVE NET LONG
2026-01-23,2026-01-20,880948,249743,182122,67621,7.68,100073,89837,10236,1.16,-0.07,-1.47,34.6,MODERATE SPECULATIVE NET LONG
2026-01-30,2026-01-27,919284,272980,179589,93391,10.16,115423,89062,26361,2.87,0.33,1.59,55.8,MODERATE SPECULATIVE NET LONG
2026-02-06,2026-02-03,910464,278247,164573,113674,12.49,123767,81712,42055,4.62,0.7,1.49,73.1,MODERATE SPECULATIVE NET LONG
2026-02-13,2026-02-10,926273,289726,165183,124543,13.45,132693,82489,50204,5.42,0.86,0.61,78.8,MODERATE SPECULATIVE NET LONG
2026-02-20,2026-02-17,916813,284146,164827,119318,13.01,126502,82953,43549,4.75,0.79,-0.27,76.9,MODERATE SPECULATIVE NET LONG
2026-02-27,2026-02-24,911287,272911,166281,106630,11.7,120964,84167,36797,4.04,0.58,-0.81,71.2,MODERATE SPECULATIVE NET LONG
2026-03-06,2026-03-03,913289,270647,186851,83796,9.18,128443,98811,29632,3.24,0.19,-1.56,46.8,MODERATE SPECULATIVE NET LONG
2026-03-13,2026-03-10,969374,245631,185561,60070,6.2,105592,100361,5231,0.54,-0.28,-1.84,27.6,MODERATE SPECULATIVE NET LONG
2026-03-20,2026-03-17,755789,233156,207138,26018,3.44,106918,113870,-6952,-0.92,-0.72,-1.67,21.8,MODERATE SPECULATIVE NET LONG
2026-03-27,2026-03-24,764691,223519,206119,17400,2.28,97985,111523,-13538,-1.77,-0.9,-0.66,17.3,MODERATE SPECULATIVE NET LONG
2026-04-03,2026-03-31,774237,228174,201736,26438,3.41,106291,102344,3947,0.51,-0.7,0.74,22.4,MODERATE SPECULATIVE NET LONG
2026-04-10,2026-04-07,775043,227171,208256,18915,2.44,104662,103780,882,0.11,-0.85,-0.55,18.6,MODERATE SPECULATIVE NET LONG
2026-04-17,2026-04-14,788828,242562,192086,50476,6.4,117694,92312,25382,3.22,-0.2,2.47,31.4,MODERATE SPECULATIVE NET LONG
2026-04-24,2026-04-21,790622,239257,186313,52944,6.7,113259,92942,20317,2.57,-0.14,0.21,32.7,MODERATE SPECULATIVE NET LONG
2026-05-01,2026-04-28,801430,237967,191437,46530,5.81,111857,100263,11594,1.45,-0.28,-0.5,28.2,MODERATE SPECULATIVE NET LONG
2026-05-08,2026-05-05,815942,238089,196454,41635,5.1,110859,99013,11846,1.45,-0.39,-0.39,26.9,MODERATE SPECULATIVE NET LONG
2026-05-15,2026-05-12,829377,244722,194086,50635,6.11,115836,97833,18003,2.17,-0.21,0.64,31.4,MODERATE SPECULATIVE NET LONG
2026-05-22,2026-05-19,826019,249043,205719,43324,5.24,121171,104854,16317,1.98,-0.35,-0.49,27.6,MODERATE SPECULATIVE NET LONG
2026-05-29,2026-05-26,824224,238572,203872,34700,4.21,110985,103689,7296,0.89,-0.51,-0.58,25.0,MODERATE SPECULATIVE NET LONG
2026-06-05,2026-06-02,842424,241679,196029,45649,5.42,109583,97556,12027,1.43,-0.3,0.77,28.8,MODERATE SPECULATIVE NET LONG
2026-06-12,2026-06-09,871507,225995,214094,11901,1.37,91856,109244,-17388,-2.0,-0.97,-2.38,16.0,MODERATE SPECULATIVE NET LONG
2026-06-19,2026-06-16,894671,226129,211775,14354,1.6,94228,103154,-8926,-1.0,-0.92,0.18,16.7,MODERATE SPECULATIVE NET LONG
2026-06-26,2026-06-23,785477,239289,240857,-1567,-0.2,108150,123560,-15410,-1.96,-1.22,-1.01,12.8,MODERATE SPECULATIVE NET SHORT
2026-07-03,2026-06-30,790076,233777,256181,-22403,-2.84,102267,134911,-32644,-4.13,-1.65,-1.49,9.6,EXTREME SPECULATIVE NET SHORT (Squeeze Risk)
2026-07-10,2026-07-07,794833,222659,256435,-33775,-4.25,87460,132921,-45461,-5.72,-1.86,-0.75,8.3,EXTREME SPECULATIVE NET SHORT (Squeeze Risk)
2026-07-17,2026-07-14,799495,223117,264280,-41162,-5.15,89976,143667,-53691,-6.72,-1.99,-0.45,7.1,EXTREME SPECULATIVE NET SHORT (Squeeze Risk)
2026-07-24,2026-07-21,800061,222733,273815,-51081,-6.38,91110,147781,-56671,-7.08,-2.16,-0.64,4.5,EXTREME SPECULATIVE NET SHORT (Squeeze Risk)
2026-07-31,2026-07-28,819806,221272,290188,-68915,-8.41,92672,157870,-65198,-7.95,-2.46,-1.1,1.9,EXTREME SPECULATIVE NET SHORT (Squeeze Risk)
2026-08-07,2026-08-04,799909,222891,272837,-49946,-6.24,95389,147594,-52205,-6.53,-2.05,1.35,5.8,EXTREME SPECULATIVE NET SHORT (Squeeze Risk)
2026-08-14,2026-08-11,801884,215975,272911,-56935,-7.1,86753,147353,-60600,-7.56,-2.15,-0.42,3.8,EXTREME SPECULATIVE NET SHORT (Squeeze Risk)
2026-08-21,2026-08-18,804940,196241,255329,-59088,-7.34,90140,147856,-57716,-7.17,-2.16,-0.05,3.2,EXTREME SPECULATIVE NET SHORT (Squeeze Risk)
