FVG_Date,FVG_Type,FVG_Lo,FVG_Hi,FVG_Mid,Width_pct,Width_ATR,Displacement,Bar_Range,Close_Loc,Touch_1D,Touch_3D,Touch_5D,Touch_10D,Fill_50_10D,Fill_100_10D,Reject_10D,Break_10D
2003-12-02,BULLISH,1.204007,1.2077,1.205854,0.3055,0.3518,1.2188,1.5528,0.877,True,True,True,True,True,False,True,False
2003-12-05,BULLISH,1.214403,1.215407,1.214905,0.0824,0.0985,1.069,1.2272,0.9679,False,True,True,True,True,True,True,False
2003-12-08,BULLISH,1.219096,1.219795,1.219445,0.0572,0.0701,0.5216,0.8619,0.7669,True,True,True,True,True,True,True,False
2003-12-17,BULLISH,1.235895,1.236598,1.236247,0.0567,0.0694,0.8096,1.1848,0.8499,True,True,True,True,True,True,True,False
2003-12-29,BULLISH,1.2471,1.248299,1.2477,0.096,0.1298,0.5413,0.8453,0.6919,False,True,True,True,True,False,True,False
2003-12-30,BULLISH,1.250797,1.253007,1.251902,0.1761,0.2437,0.6946,0.882,0.8246,True,True,True,True,True,True,True,False
2004-01-02,BULLISH,1.260796,1.263695,1.262245,0.2305,0.2903,0.0,1.0119,0.5442,False,True,True,True,True,True,True,True
2004-01-05,BULLISH,1.262802,1.267202,1.265002,0.3469,0.4334,0.4722,0.5625,0.8759,True,True,True,True,True,True,True,True
2004-01-14,BEARISH,1.267106,1.271892,1.269499,0.3783,0.3021,0.8649,2.4112,0.6413,False,False,True,True,True,True,True,True
2004-01-16,BEARISH,1.242406,1.256897,1.249651,1.1689,0.8858,1.2346,1.5038,0.1383,True,True,True,True,True,True,True,True
2004-01-20,BULLISH,1.242406,1.256597,1.249501,1.1273,0.8538,1.4322,1.5169,0.9484,False,True,True,True,True,True,True,True
2004-01-21,BULLISH,1.260208,1.264494,1.262351,0.3386,0.2714,0.4942,0.6584,0.8951,True,True,True,True,True,True,False,True
2004-01-23,BEARISH,1.261098,1.264494,1.262796,0.2699,0.2149,0.8913,1.3024,0.063,True,True,True,True,True,True,True,True
2004-02-02,BULLISH,1.248502,1.2505,1.249501,0.1607,0.1295,0.2784,0.5574,0.43,True,True,True,True,False,False,True,False
2004-02-03,BULLISH,1.248206,1.2505,1.249353,0.1831,0.1521,0.0198,0.3718,0.5339,False,False,False,False,False,False,False,False
2004-02-06,BULLISH,1.2636,1.265502,1.264551,0.1498,0.1318,0.9001,1.4347,0.8744,False,False,False,True,True,True,False,True
2004-02-11,BULLISH,1.278707,1.279607,1.279157,0.0701,0.0632,1.0326,1.3264,0.9102,True,True,True,True,True,True,True,True
2004-02-13,BEARISH,1.279001,1.279607,1.279304,0.0476,0.0449,0.6604,1.2222,0.0177,True,True,True,True,True,True,True,True
2004-02-20,BEARISH,1.259398,1.265999,1.262699,0.5263,0.4302,1.4078,1.6813,0.1513,True,True,True,True,True,True,True,True
2004-02-25,BEARISH,1.251799,1.252897,1.252348,0.0878,0.0669,1.1092,1.3423,0.0595,False,True,True,True,True,True,True,False
2004-03-02,BEARISH,1.222001,1.242993,1.232497,1.7201,1.3004,1.5238,1.5303,0.0042,True,True,True,True,True,True,True,False
2004-03-05,BULLISH,1.224095,1.234598,1.229347,0.8492,0.6386,0.9913,1.502,0.7611,True,True,True,True,True,True,True,True
2004-03-24,BEARISH,1.219706,1.227295,1.2235,0.6252,0.4618,1.2592,1.5759,0.1084,True,True,True,True,True,True,True,True
2004-03-30,BULLISH,1.217004,1.217597,1.2173,0.0486,0.0443,0.1417,0.5226,0.4147,False,True,True,True,True,True,False,True
2004-03-31,BULLISH,1.222599,1.225896,1.224247,0.2678,0.2433,0.9661,1.077,0.9387,True,True,True,True,True,True,False,True
2004-04-02,BEARISH,1.212606,1.225896,1.219251,1.0957,0.8768,1.5635,1.7415,0.0796,True,True,True,True,True,False,True,False
2004-04-13,BEARISH,1.197304,1.205807,1.201555,0.7123,0.6577,1.0445,1.3379,0.1619,True,True,True,True,True,True,True,False
2004-04-16,BULLISH,1.198998,1.200293,1.199645,0.1079,0.1081,0.1249,0.9769,0.6144,True,True,True,True,True,True,False,True
2004-04-20,BEARISH,1.191199,1.200293,1.195746,0.7675,0.7319,1.1261,1.5449,0.1044,True,True,True,True,True,True,True,True
2004-05-04,BULLISH,1.199803,1.2102,1.205001,0.8588,0.838,1.3627,1.4664,0.9347,True,True,True,True,True,True,False,True
2004-05-06,BEARISH,1.208693,1.2102,1.209446,0.1248,0.1298,0.7058,0.9125,0.0757,False,False,False,False,False,False,False,False
2004-05-07,BEARISH,1.189499,1.206899,1.198199,1.4646,1.35,1.5364,1.6449,0.024,False,True,True,True,True,False,True,False
2004-05-17,BULLISH,1.1894,1.193602,1.191501,0.3494,0.3316,1.0261,1.3965,0.8082,False,True,True,True,True,False,True,False
2004-05-25,BULLISH,1.202501,1.208795,1.205648,0.5201,0.5374,0.8789,1.1791,0.8183,False,False,False,True,True,False,False,False
2004-05-27,BULLISH,1.214005,1.220703,1.217354,0.5456,0.5595,1.3857,1.612,0.9476,True,True,True,True,True,True,True,True
2004-06-04,BULLISH,1.225205,1.230906,1.228055,0.4644,0.5495,0.5407,1.098,0.7813,True,True,True,True,True,True,False,True
2004-06-08,BEARISH,1.227506,1.230906,1.229206,0.2773,0.3442,0.638,1.0125,0.1111,False,False,False,False,False,False,False,False
2004-06-09,BEARISH,1.211607,1.224995,1.218301,1.1116,1.1294,1.8475,2.0839,0.0604,False,True,True,True,True,False,True,False
2004-06-18,BULLISH,1.207598,1.208094,1.207846,0.0408,0.0384,0.868,1.3241,0.9767,True,True,True,True,True,True,True,False
2004-07-02,BULLISH,1.220807,1.227506,1.224157,0.5441,0.5639,1.2542,1.5235,0.8951,True,True,True,True,False,False,True,False
2004-07-07,BULLISH,1.232894,1.234294,1.233594,0.1132,0.1341,0.8342,1.0536,0.8453,False,True,True,True,True,True,True,True
2004-07-16,BULLISH,1.239203,1.240495,1.239849,0.1037,0.1418,1.0749,1.3936,0.9682,True,True,True,True,True,True,False,True
2004-07-20,BEARISH,1.234903,1.240495,1.237699,0.4533,0.5904,1.0983,1.5414,0.1643,False,False,False,False,False,False,False,False
2004-07-21,BEARISH,1.228999,1.230996,1.229998,0.1628,0.1998,0.7204,1.3416,0.3586,False,False,False,False,False,False,False,False
2004-07-23,BEARISH,1.217004,1.2239,1.220452,0.5701,0.6613,1.554,1.677,0.0226,True,True,True,True,True,True,True,True
2004-07-27,BEARISH,1.207904,1.209307,1.208606,0.1162,0.1308,0.7268,1.3989,0.1598,True,True,True,True,True,True,True,True
2004-08-06,BULLISH,1.207496,1.2251,1.216298,1.4303,1.5786,2.2503,2.322,1.0,True,True,True,True,True,False,True,False
2004-08-10,BEARISH,1.2248,1.2251,1.22495,0.0245,0.0291,0.4079,0.9302,0.1247,True,True,True,True,True,True,True,True
2004-08-13,BULLISH,1.229105,1.232499,1.230802,0.2742,0.3194,1.279,1.8259,0.9842,True,True,True,True,True,True,True,True
2004-08-20,BEARISH,1.2318,1.233593,1.232697,0.1455,0.2059,0.5866,1.1481,0.3695,False,False,False,False,False,False,False,False
2004-08-23,BEARISH,1.216693,1.228501,1.222597,0.9717,1.1748,1.552,1.8305,0.0978,False,False,True,True,False,False,True,False
2004-08-24,BEARISH,1.211299,1.213401,1.21235,0.174,0.2092,0.6869,0.9954,0.1502,True,True,True,True,True,True,True,True
2004-08-31,BULLISH,1.206695,1.2152,1.210947,0.6984,0.8555,1.2974,1.4776,0.8918,True,True,True,True,True,True,True,True
2004-09-03,BEARISH,1.208299,1.214506,1.211402,0.5149,0.6442,1.2444,1.4209,0.0658,True,True,True,True,True,True,False,True
2004-09-08,BULLISH,1.211299,1.216293,1.213796,0.4097,0.5327,0.9595,1.7168,0.9695,False,False,True,True,True,False,True,False
2004-09-09,BULLISH,1.219393,1.220599,1.219996,0.0985,0.1308,0.5536,0.8901,0.9635,False,True,True,True,True,True,True,True
2004-09-15,BEARISH,1.219795,1.223002,1.221399,0.2638,0.3527,1.1441,1.3636,0.1452,True,True,True,True,True,True,True,True
2004-09-21,BULLISH,1.218205,1.223301,1.220753,0.4134,0.5482,1.6885,1.8621,0.9068,False,False,False,False,False,False,False,False
2004-09-30,BULLISH,1.234202,1.238896,1.236549,0.3775,0.5471,1.1175,1.4332,0.9182,True,True,True,True,True,True,True,True
2004-10-04,BEARISH,1.233106,1.238896,1.236001,0.4711,0.6417,1.2417,1.529,0.1879,False,True,True,True,True,True,True,True
2004-10-08,BULLISH,1.2313,1.237394,1.234347,0.4911,0.7051,1.2506,1.6903,0.8289,True,True,True,True,True,True,True,False
2004-10-12,BEARISH,1.235193,1.237394,1.236294,0.1786,0.2674,0.7656,1.1415,0.2982,True,True,True,True,True,True,False,True
2004-10-14,BULLISH,1.235193,1.238206,1.2367,0.2432,0.3455,0.4701,1.0213,0.6961,False,False,False,False,False,False,False,False
2004-10-15,BULLISH,1.241604,1.246494,1.244049,0.3919,0.5356,0.9635,1.2916,0.8214,True,True,True,True,False,False,True,False
2004-10-20,BULLISH,1.252693,1.257498,1.255096,0.382,0.523,0.7281,1.4041,0.6046,False,False,False,False,False,False,False,False
2004-10-22,BULLISH,1.265006,1.272799,1.268903,0.614,0.8689,0.7804,1.0043,0.966,False,True,True,True,True,False,True,False
2004-10-25,BULLISH,1.269406,1.273399,1.271402,0.3117,0.4147,0.8419,1.0602,0.8132,True,True,True,True,True,True,True,False
2004-11-03,BULLISH,1.275006,1.279705,1.277356,0.3664,0.4273,0.9641,1.5104,0.9574,True,True,True,True,False,False,True,False
2004-11-05,BULLISH,1.289407,1.291005,1.290206,0.1232,0.1334,0.7844,1.6274,0.9335,True,True,True,True,True,True,True,True
2004-11-12,BULLISH,1.292107,1.292207,1.292157,0.0077,0.0099,0.6106,1.0163,0.8154,False,False,False,False,False,False,False,False
2004-11-23,BULLISH,1.305193,1.308695,1.306944,0.2674,0.3608,0.5667,1.2688,0.9512,False,False,False,False,False,False,False,False
2004-11-24,BULLISH,1.310307,1.316708,1.313507,0.4857,0.6532,0.7963,1.0623,0.8748,False,False,False,False,False,False,False,False
2004-11-25,BULLISH,1.319105,1.319906,1.319505,0.0604,0.0798,0.7677,1.1551,0.7843,False,False,False,True,True,True,True,False
2004-12-03,BULLISH,1.337793,1.339208,1.3385,0.1051,0.1242,1.7822,1.8161,1.0,False,True,True,True,True,True,True,True
2004-12-08,BEARISH,1.335898,1.339405,1.337652,0.2628,0.2953,0.7397,1.7931,0.5875,False,False,True,True,True,True,True,True
2004-12-20,BULLISH,1.332001,1.335791,1.333896,0.283,0.3037,0.65,0.8647,0.8436,True,True,True,True,True,True,True,True
2004-12-23,BULLISH,1.340303,1.349,1.344651,0.6436,0.7857,1.0935,1.2111,0.955,False,False,False,True,True,True,False,True
2004-12-24,BULLISH,1.351808,1.351899,1.351854,0.0068,0.0088,0.2312,0.5589,0.8291,False,False,True,True,True,True,False,True
2004-12-27,BULLISH,1.354793,1.359398,1.357095,0.338,0.4334,0.9038,1.1579,0.8534,True,True,True,True,True,True,True,True
2005-01-03,BEARISH,1.349601,1.352192,1.350896,0.1924,0.2337,1.0016,1.6155,0.38,False,False,False,False,False,False,False,False
2005-01-04,BEARISH,1.3303,1.340195,1.335248,0.745,0.7766,1.4758,1.8443,0.0892,False,False,False,False,False,False,False,False
2005-01-07,BEARISH,1.311992,1.316396,1.314194,0.3372,0.33,0.907,1.6338,0.1421,True,True,True,True,True,True,True,True
2005-01-12,BULLISH,1.317107,1.320306,1.318706,0.2414,0.2507,1.1116,1.5988,0.8282,True,True,True,True,True,True,False,True
2005-01-14,BEARISH,1.312905,1.320306,1.316605,0.5651,0.6051,0.9239,1.1772,0.2152,False,False,False,False,False,False,False,False
2005-01-21,BULLISH,1.302406,1.303492,1.302949,0.0836,0.0944,0.3221,1.1474,0.4776,True,True,True,True,True,True,True,True
2005-02-04,BEARISH,1.286505,1.2948,1.290652,0.6452,0.7717,1.0519,1.6381,0.0113,False,True,True,True,True,True,True,True
2005-02-07,BEARISH,1.279607,1.285595,1.282601,0.4691,0.5458,0.8376,1.131,0.1861,True,True,True,True,True,True,False,True
2005-02-10,BULLISH,1.281706,1.285298,1.283502,0.2789,0.3391,0.6229,1.4355,0.8153,False,False,False,False,False,False,False,False
2005-02-14,BULLISH,1.289707,1.295605,1.292656,0.4547,0.5775,0.8235,0.9996,0.8531,False,False,False,False,False,False,False,False
2005-02-22,BULLISH,1.307805,1.319192,1.313498,0.8586,1.136,1.9549,2.0949,0.9665,True,True,True,True,True,False,True,False
2005-03-01,BEARISH,1.317905,1.321109,1.319507,0.2432,0.3625,0.532,0.6327,0.0341,False,True,True,True,True,True,False,True
2005-03-02,BEARISH,1.316396,1.317003,1.316699,0.0462,0.069,0.4093,0.9675,0.4933,True,True,True,True,True,True,False,True
2005-03-04,BULLISH,1.316396,1.318496,1.317446,0.1585,0.2231,1.4976,1.6582,0.9483,False,False,False,True,True,True,False,True
2005-03-08,BULLISH,1.324696,1.3336,1.329148,0.6668,0.9083,1.3363,1.5418,0.9268,False,False,True,True,True,True,True,True
2005-03-09,BULLISH,1.336309,1.337292,1.3368,0.0735,0.102,0.2908,0.8912,0.4776,False,True,True,True,True,True,True,True
2005-03-14,BEARISH,1.340303,1.340608,1.340456,0.0229,0.0313,1.1181,1.4282,0.1806,True,True,True,True,True,True,True,True
2005-03-18,BEARISH,1.331895,1.3349,1.333397,0.2256,0.2946,0.5591,1.1476,0.444,False,False,False,False,False,False,False,False
2005-03-21,BEARISH,1.321598,1.326999,1.324298,0.4104,0.4828,1.4117,1.5462,0.087,False,False,False,False,False,False,False,False
2005-03-22,BEARISH,1.308798,1.314596,1.311697,0.4434,0.4929,0.7479,1.3178,0.1036,False,False,False,False,False,False,False,False
2005-03-23,BEARISH,1.302999,1.306097,1.304548,0.2384,0.2623,0.7123,1.0248,0.2144,False,False,False,True,False,False,True,False
2005-04-01,BEARISH,1.290706,1.291606,1.291156,0.0697,0.0855,0.5594,1.5581,0.1834,False,True,True,True,True,True,True,True
2005-04-04,BEARISH,1.287697,1.287896,1.287797,0.0155,0.0193,0.4568,0.8352,0.337,True,True,True,True,True,True,True,True
2005-04-18,BULLISH,1.293996,1.298701,1.296349,0.3615,0.3914,0.8726,1.3317,0.8558,False,False,True,True,True,True,True,True
2005-04-25,BEARISH,1.301507,1.302507,1.302007,0.077,0.0954,0.5921,0.9524,0.339,False,False,False,False,False,False,False,False
2005-04-27,BEARISH,1.293996,1.295001,1.294499,0.0778,0.1041,0.6517,0.7972,0.1431,True,True,True,True,True,True,True,True
2005-04-29,BEARISH,1.287498,1.288494,1.287996,0.0773,0.1048,0.3061,1.2736,0.1492,True,True,True,True,True,True,True,True
2005-05-03,BULLISH,1.287498,1.287896,1.287697,0.0309,0.0473,0.4503,0.7961,0.8041,False,True,True,True,True,True,True,True
2005-05-04,BULLISH,1.290006,1.293193,1.291599,0.246,0.3731,0.7387,1.0898,0.7635,True,True,True,True,True,True,False,True
2005-05-06,BEARISH,1.2872,1.293193,1.290196,0.4677,0.6593,1.574,1.6827,0.0064,True,True,True,True,True,False,True,False
2005-05-11,BEARISH,1.281296,1.282002,1.281649,0.0551,0.0786,0.8016,1.2587,0.2117,False,False,False,False,False,False,False,False
2005-05-12,BEARISH,1.2691,1.279001,1.274051,0.7808,1.019,1.3578,1.4818,0.0837,False,True,True,True,False,False,True,False
2005-05-13,BEARISH,1.264798,1.266897,1.265848,0.1664,0.2212,0.6422,0.8434,0.0636,True,True,True,True,True,True,True,True
2005-05-20,BEARISH,1.2597,1.261893,1.260796,0.1747,0.2439,0.9123,1.2565,0.1324,True,True,True,True,True,True,True,False
2005-05-30,BEARISH,1.248907,1.251001,1.249954,0.1677,0.2355,0.5066,0.9114,0.2094,False,False,False,False,False,False,False,False
2005-05-31,BEARISH,1.234096,1.246603,1.240349,1.0162,1.2231,1.7311,1.8492,0.0424,False,False,True,True,False,False,True,False
2005-06-01,BEARISH,1.229498,1.229997,1.229748,0.0409,0.0446,1.019,1.5562,0.1671,True,True,True,True,True,True,True,False
2005-06-10,BEARISH,1.212298,1.218799,1.215548,0.5357,0.6217,0.89,1.3294,0.1872,True,True,True,True,True,True,True,True
2005-06-28,BEARISH,1.2108,1.210903,1.210852,0.0085,0.0088,0.7539,1.0199,0.1688,True,True,True,True,True,True,True,True
2005-07-01,BEARISH,1.1949,1.204703,1.199802,0.8213,0.8549,1.325,1.4385,0.0,False,True,True,True,True,True,True,True
2005-07-11,BULLISH,1.198193,1.205705,1.201949,0.6224,0.7465,0.9734,1.2125,0.8685,False,True,True,True,True,True,True,False
2005-07-20,BULLISH,1.206505,1.211094,1.2088,0.3774,0.4056,1.1404,1.4941,0.894,True,True,True,True,True,True,True,True
2005-07-22,BEARISH,1.208795,1.211094,1.209944,0.1906,0.1982,0.8625,1.1382,0.022,False,True,True,True,True,True,False,True
2005-08-01,BULLISH,1.216397,1.218398,1.217397,0.1642,0.1902,0.5799,1.1698,0.5041,True,True,True,True,True,True,True,False
2005-08-03,BULLISH,1.2245,1.230497,1.227498,0.4862,0.5389,1.2946,1.6993,0.9468,False,False,False,True,True,True,False,True
2005-08-15,BEARISH,1.237394,1.239004,1.238199,0.1301,0.1677,0.8649,1.1138,0.1872,False,False,False,False,False,False,False,False
2005-08-17,BEARISH,1.229604,1.230603,1.230103,0.0813,0.1063,0.765,1.1172,0.1334,False,False,True,True,True,True,True,True
2005-08-18,BEARISH,1.219602,1.226407,1.223004,0.5586,0.6872,0.9501,1.3335,0.1515,True,True,True,True,True,True,False,True
2005-08-24,BULLISH,1.2254,1.226001,1.225701,0.049,0.0652,0.433,1.2569,0.9402,False,True,True,True,True,True,True,True
2005-08-29,BEARISH,1.224005,1.227702,1.225854,0.3021,0.4083,0.7849,1.3914,0.1187,True,True,True,True,True,True,False,True
2005-08-31,BULLISH,1.224005,1.232894,1.228449,0.7202,0.9163,1.2884,1.6695,0.9134,False,False,False,True,True,True,False,True
2005-09-01,BULLISH,1.235498,1.2471,1.241299,0.9289,1.0734,1.4058,1.6666,0.8942,False,True,True,True,True,True,False,True
2005-09-02,BULLISH,1.250907,1.251596,1.251251,0.055,0.063,0.394,1.0703,0.5306,True,True,True,True,True,True,False,True
2005-09-12,BEARISH,1.231497,1.238206,1.234851,0.5459,0.6717,1.111,1.3823,0.1093,True,True,True,True,False,False,True,False
2005-09-16,BEARISH,1.217597,1.220197,1.218897,0.2124,0.2875,0.0331,1.1062,0.33,True,True,True,True,True,True,True,False
2005-09-19,BEARISH,1.218606,1.220599,1.219602,0.1642,0.2068,0.1562,0.7463,0.4862,True,True,True,True,True,True,True,False
2005-09-23,BEARISH,1.208007,1.213695,1.210851,0.4724,0.5499,1.1021,1.1791,0.0071,False,False,False,True,True,True,True,True
2005-10-03,BEARISH,1.1947,1.200495,1.197598,0.4864,0.6265,1.1675,1.3611,0.071,True,True,True,True,True,True,False,True
2005-10-05,BULLISH,1.1947,1.200293,1.197497,0.4656,0.6473,1.0887,1.0885,1.0107,False,True,True,True,True,True,True,False
2005-10-06,BULLISH,1.2011,1.210302,1.205701,0.756,0.9038,1.5909,1.9843,0.8367,True,True,True,True,True,True,False,True
2005-10-10,BEARISH,1.205705,1.210302,1.208004,0.3815,0.4614,0.6726,1.074,0.038,False,True,True,True,True,True,True,True
2005-10-18,BEARISH,1.200206,1.200999,1.200603,0.0663,0.078,0.5708,0.9346,0.3376,True,True,True,True,True,True,True,True
2005-10-25,BULLISH,1.201793,1.205807,1.2038,0.3314,0.3556,1.2042,1.55,0.9715,True,True,True,True,True,True,True,True
2005-10-31,BEARISH,1.204007,1.2054,1.204704,0.1162,0.1252,0.6836,1.0288,0.1266,True,True,True,True,True,True,True,True
2005-11-03,BEARISH,1.198998,1.199098,1.199048,0.0084,0.0093,1.0657,1.3077,0.0921,False,False,False,False,False,False,False,False
2005-11-04,BEARISH,1.182998,1.193902,1.18845,0.923,0.9261,1.1376,1.5452,0.0276,False,False,False,True,False,False,True,False
2005-11-07,BEARISH,1.179496,1.180805,1.18015,0.111,0.1202,0.1279,0.4722,0.281,False,False,False,True,True,True,True,True
2005-12-01,BEARISH,1.174302,1.175903,1.175103,0.1364,0.1591,0.5657,1.0529,0.4535,True,True,True,True,True,True,True,True
2005-12-05,BULLISH,1.174302,1.176055,1.175179,0.1488,0.1731,0.6613,1.2628,0.7507,True,True,True,True,True,True,True,True
2005-12-12,BULLISH,1.183698,1.191299,1.187498,0.6357,0.7067,1.4974,1.7423,0.8616,False,False,True,True,True,True,False,True
2005-12-20,BEARISH,1.190802,1.197806,1.194304,0.5898,0.6672,1.2675,1.62,0.182,False,False,True,True,True,True,True,True
2006-01-03,BULLISH,1.186493,1.202906,1.1947,1.364,1.6375,2.1548,2.1751,0.9907,False,False,False,True,False,False,True,False
2006-01-04,BULLISH,1.2035,1.207205,1.205352,0.3059,0.3635,0.7949,1.1077,0.7343,False,True,True,True,True,True,True,False
2006-01-20,BULLISH,1.212106,1.216797,1.214452,0.3865,0.5385,0.529,0.9632,0.9297,False,False,True,True,True,True,False,True
2006-01-23,BULLISH,1.214196,1.226347,1.220272,0.9875,1.2133,1.3589,1.5285,0.8891,True,True,True,True,True,True,False,True
2006-01-26,BEARISH,1.223107,1.224005,1.223556,0.0735,0.1024,0.3546,0.7524,0.1964,False,False,False,False,False,False,False,False
2006-01-27,BEARISH,1.211402,1.220197,1.215799,0.7272,0.9286,1.2884,1.4786,0.0209,True,True,True,True,True,False,True,False
2006-02-10,BEARISH,1.191796,1.1952,1.193498,0.2859,0.3888,1.0739,1.4734,0.0933,True,True,True,True,True,True,True,False
2006-02-17,BULLISH,1.1911,1.192905,1.192002,0.1511,0.2405,0.4529,1.0665,1.0,True,True,True,True,True,True,True,True
2006-02-24,BEARISH,1.187705,1.189499,1.188602,0.1511,0.2684,0.6886,0.9723,0.1692,True,True,True,True,True,True,False,True
2006-02-28,BULLISH,1.187705,1.189655,1.18868,0.1635,0.2818,1.1705,1.4809,0.8985,False,False,True,True,True,True,True,False
2006-03-02,BULLISH,1.196802,1.200898,1.19885,0.3402,0.5276,1.5526,1.6807,0.9467,True,True,True,True,True,True,True,True
2006-03-07,BEARISH,1.193902,1.199501,1.196701,0.4709,0.6518,1.5123,1.7511,0.1229,True,True,True,True,True,True,True,True
2006-03-13,BULLISH,1.192905,1.194401,1.193653,0.125,0.2037,0.6004,0.6606,0.9587,False,False,False,False,False,False,False,False
2006-03-14,BULLISH,1.196902,1.201144,1.199023,0.3529,0.5656,0.6925,1.1344,0.881,False,False,False,True,True,True,True,False
2006-03-15,BULLISH,1.202906,1.203905,1.203406,0.0828,0.1358,0.7333,0.8771,0.9232,False,False,True,True,True,True,True,True
2006-03-16,BULLISH,1.207598,1.215096,1.211347,0.6159,0.8936,1.2261,1.7996,0.8998,False,True,True,True,True,True,True,True
2006-03-21,BEARISH,1.2108,1.215303,1.213052,0.3719,0.5958,0.6622,1.0458,0.3294,False,False,False,True,True,True,False,True
2006-03-22,BEARISH,1.208094,1.208196,1.208145,0.0085,0.0145,0.3813,0.5384,0.2379,False,True,True,True,True,True,True,True
2006-03-23,BEARISH,1.204805,1.207001,1.205903,0.1834,0.2831,1.4043,1.5852,0.1141,True,True,True,True,True,True,True,True
2006-03-30,BULLISH,1.204993,1.208956,1.206975,0.3257,0.4553,1.586,1.6992,0.9529,True,True,True,True,True,True,True,False
2006-04-04,BULLISH,1.214904,1.224695,1.2198,0.7986,0.9977,1.2541,1.5277,0.8936,True,True,True,True,True,True,True,True
2006-04-06,BEARISH,1.222001,1.224695,1.223348,0.2205,0.2761,0.7383,1.3014,0.0951,False,False,False,True,True,True,False,True
2006-04-07,BEARISH,1.2129,1.220197,1.216549,0.6032,0.7115,1.1698,1.3162,0.0736,True,True,True,True,True,True,True,True
2006-04-17,BULLISH,1.211798,1.222793,1.217295,0.8972,1.2276,1.3956,1.7756,0.786,False,False,False,False,False,False,False,False
2006-04-18,BULLISH,1.228803,1.229302,1.229052,0.0403,0.0516,1.191,1.4709,0.9795,False,True,True,True,True,True,True,False
2006-04-24,BULLISH,1.235605,1.236843,1.236224,0.0999,0.136,0.1533,0.7914,0.6519,False,False,False,False,False,False,False,False
2006-04-27,BULLISH,1.247007,1.252505,1.249756,0.4387,0.59,0.8791,1.4273,0.8948,False,False,False,False,False,False,False,False
2006-04-28,BULLISH,1.254595,1.256597,1.255596,0.1585,0.209,1.0857,1.1795,0.9816,True,True,True,True,False,False,True,False
2006-05-04,BULLISH,1.266897,1.267748,1.267323,0.067,0.0835,0.7752,1.3824,0.8728,False,True,True,True,True,True,True,False
2006-05-11,BULLISH,1.282298,1.284604,1.283451,0.1794,0.2191,0.713,1.6062,0.9227,True,True,True,True,True,True,True,True
2006-05-30,BULLISH,1.276895,1.280902,1.278898,0.3115,0.3357,0.947,1.3163,0.7453,True,True,True,True,True,True,True,True
2006-06-02,BULLISH,1.282199,1.290006,1.286103,0.6044,0.673,0.9145,1.1849,0.8553,True,True,True,True,True,True,False,True
2006-06-06,BEARISH,1.283697,1.290006,1.286852,0.4921,0.5628,0.6964,1.0788,0.091,False,False,False,False,False,False,False,False
2006-06-07,BEARISH,1.280902,1.281099,1.281,0.0154,0.0185,0.1834,0.6572,0.4998,False,False,False,False,False,False,False,False
2006-06-08,BEARISH,1.268102,1.276699,1.272401,0.6796,0.7418,1.3205,1.5274,0.0957,False,False,False,False,False,False,False,False
2006-06-19,BEARISH,1.261607,1.262196,1.261901,0.0468,0.0658,0.6482,0.9772,0.2691,True,True,True,True,True,True,True,True
2006-06-22,BEARISH,1.258796,1.259002,1.258899,0.0164,0.0224,0.8268,1.3267,0.2294,True,True,True,True,True,True,True,True
2006-06-29,BULLISH,1.258606,1.265999,1.262302,0.5838,0.7968,1.2723,1.5835,0.9596,False,False,False,True,False,False,False,False
2006-06-30,BULLISH,1.266994,1.276503,1.271748,0.744,0.9664,1.2189,1.3712,0.9115,False,True,True,True,True,True,True,True
2006-07-14,BEARISH,1.264095,1.267106,1.2656,0.2382,0.3713,0.6652,0.8385,0.2067,False,True,True,True,True,True,True,True
2006-07-17,BEARISH,1.255698,1.262993,1.259345,0.5828,0.8326,1.3813,1.4497,0.0321,True,True,True,True,True,True,False,True
2006-07-19,BULLISH,1.255698,1.259192,1.257445,0.2774,0.3757,1.0433,1.5261,0.9373,False,True,True,True,True,False,True,False
2006-07-20,BULLISH,1.260796,1.263201,1.261998,0.1904,0.271,0.3713,0.6877,0.6725,True,True,True,True,True,True,True,True
2006-07-26,BULLISH,1.266994,1.268601,1.267797,0.1264,0.162,1.2994,1.6225,0.9246,True,True,True,True,True,True,True,False
2006-08-15,BULLISH,1.276194,1.277498,1.276846,0.102,0.1371,0.7255,0.9668,0.87,False,False,False,True,True,True,True,True
2006-08-16,BULLISH,1.280295,1.281493,1.280894,0.0933,0.127,0.573,0.9445,0.7644,True,True,True,True,True,True,True,True
2006-09-05,BEARISH,1.283203,1.284307,1.283755,0.0861,0.1549,0.4625,0.9123,0.3684,False,False,False,False,False,False,False,False
2006-09-07,BEARISH,1.273902,1.2774,1.275651,0.2748,0.4592,1.1675,1.5687,0.1801,False,False,True,True,True,True,True,True
2006-09-21,BULLISH,1.272103,1.277694,1.274898,0.4375,0.7239,1.2176,1.482,0.8342,True,True,True,True,True,True,False,True
2006-09-25,BEARISH,1.276194,1.277694,1.276944,0.1177,0.199,0.636,1.1157,0.1081,False,False,True,True,False,False,True,False
2006-09-26,BEARISH,1.271407,1.273593,1.2725,0.1723,0.2804,0.7945,1.217,0.21,True,True,True,True,True,True,True,True
2006-10-02,BULLISH,1.271504,1.2722,1.271852,0.0546,0.0948,0.843,1.2811,0.8185,True,True,True,True,True,True,False,True
2006-10-06,BEARISH,1.2614,1.267652,1.264526,0.496,0.8501,1.2511,1.6306,0.2247,False,False,False,True,False,False,True,False
2006-10-10,BEARISH,1.255698,1.258796,1.257247,0.2472,0.4422,0.9849,1.2648,0.0903,True,True,True,True,True,True,True,True
2006-10-19,BULLISH,1.255997,1.260208,1.258103,0.3334,0.6178,1.2778,1.5413,0.8769,True,True,True,True,True,True,True,True
2006-10-23,BEARISH,1.257798,1.260208,1.259003,0.192,0.3606,0.9119,1.2506,0.1375,True,True,True,True,True,True,False,True
2006-10-25,BULLISH,1.257798,1.261352,1.259575,0.2817,0.552,0.9032,0.9797,0.9369,False,False,False,False,False,False,False,False
2006-10-26,BULLISH,1.262005,1.266657,1.264331,0.3665,0.6909,1.1892,1.2848,0.9311,False,False,False,False,False,False,False,False
2006-10-27,BULLISH,1.270002,1.270293,1.270148,0.0228,0.0413,0.7203,1.2736,0.8547,True,True,True,True,True,True,True,False
2006-10-31,BULLISH,1.273496,1.274649,1.274072,0.0903,0.1632,0.6806,1.4006,0.8383,True,True,True,True,True,True,True,True
2006-11-03,BEARISH,1.273399,1.274096,1.273747,0.0549,0.1025,1.0592,1.3512,0.1841,True,True,True,True,True,True,False,True
2006-11-07,BULLISH,1.273399,1.275299,1.274349,0.1487,0.2787,0.749,1.3634,0.5807,True,True,True,True,False,False,True,False
2006-11-09,BULLISH,1.280607,1.283351,1.281979,0.2139,0.3934,1.0468,1.3339,0.8547,True,True,True,True,True,True,True,True
2006-11-24,BULLISH,1.297606,1.310101,1.303853,0.9549,1.4222,1.5143,1.7636,0.8716,False,False,False,False,False,False,False,False
2006-11-27,BULLISH,1.310496,1.312198,1.311347,0.1296,0.1982,0.2918,0.6644,0.5609,False,False,False,False,False,False,False,False
2006-11-30,BULLISH,1.321405,1.322349,1.321877,0.0712,0.1051,1.1472,1.3762,0.842,False,False,True,True,True,True,True,True
2006-12-01,BULLISH,1.327052,1.328692,1.327872,0.1229,0.174,0.8595,1.3106,0.951,False,True,True,True,True,True,True,True
2006-12-08,BEARISH,1.326207,1.328004,1.327105,0.1341,0.1789,1.0754,2.2908,0.8437,True,True,True,True,True,True,True,True
2006-12-14,BEARISH,1.318044,1.319801,1.318922,0.1335,0.1597,0.5596,0.9641,0.1272,False,True,True,True,True,True,True,True
2006-12-15,BEARISH,1.311802,1.314302,1.313052,0.1909,0.2255,0.488,1.05,0.2999,True,True,True,True,True,True,True,True
2006-12-19,BULLISH,1.311802,1.3165,1.314151,0.3557,0.4363,0.9484,1.2013,0.9393,True,True,True,True,True,True,True,True
2007-01-01,BULLISH,1.320795,1.321755,1.321275,0.0726,0.1223,0.2666,0.5611,0.9762,True,True,True,True,True,True,False,True
2007-01-03,BEARISH,1.318096,1.321755,1.319925,0.2778,0.426,1.2215,1.5776,0.1151,False,False,False,False,False,False,False,False
2007-01-04,BEARISH,1.310393,1.315547,1.31297,0.3937,0.5872,0.89,1.1393,0.1199,False,False,False,False,False,False,False,False
2007-01-05,BEARISH,1.304002,1.308096,1.306049,0.3153,0.4447,1.141,1.3029,0.0084,True,True,True,True,False,False,True,False
2007-01-25,BEARISH,1.294197,1.295203,1.2947,0.0777,0.1288,0.3202,1.0368,0.2581,True,True,True,True,True,True,True,True
2007-01-29,BULLISH,1.294197,1.2948,1.294499,0.0465,0.0822,0.5431,0.8703,0.9842,True,True,True,True,True,True,True,True
2007-01-31,BULLISH,1.298094,1.300695,1.299394,0.1997,0.3545,0.7781,1.473,0.8711,True,True,True,True,True,True,True,True
2007-02-02,BEARISH,1.296697,1.300695,1.298696,0.3083,0.5559,0.7652,1.3423,0.1131,True,True,True,True,True,True,True,True
2007-02-06,BULLISH,1.296697,1.297404,1.297051,0.0544,0.1012,0.7166,1.074,0.9055,False,True,True,True,True,True,True,True
2007-02-14,BULLISH,1.304206,1.312302,1.308254,0.6161,1.0363,1.3811,1.5372,0.9324,True,True,True,True,False,False,True,False
2007-02-23,BULLISH,1.314199,1.315495,1.314847,0.0985,0.2037,0.6898,1.2249,0.7817,False,False,True,True,True,True,True,True
2007-03-05,BEARISH,1.314199,1.3147,1.314449,0.0383,0.0697,1.3778,1.6201,0.0808,True,True,True,True,True,True,True,True
2007-03-15,BULLISH,1.324293,1.327598,1.325945,0.2488,0.4665,0.6922,1.185,1.0126,False,False,False,True,True,False,True,False
2007-03-16,BULLISH,1.328198,1.328498,1.328348,0.0225,0.0428,0.4872,0.9276,0.6474,True,True,True,True,True,True,True,False
2007-04-10,BULLISH,1.338007,1.3414,1.339704,0.2525,0.4819,1.0807,1.4342,0.7924,False,False,False,False,False,False,False,False
2007-04-12,BULLISH,1.344104,1.348509,1.346306,0.3265,0.687,0.7975,0.9503,0.9044,False,False,False,False,False,False,False,False
2007-04-13,BULLISH,1.349692,1.352905,1.351299,0.2377,0.5014,0.4383,0.9977,0.5617,True,True,True,True,False,False,True,False
2007-04-24,BULLISH,1.3606,1.362602,1.361601,0.1468,0.3113,0.8235,1.446,0.904,True,True,True,True,True,True,True,True
2007-05-08,BEARISH,1.356502,1.359194,1.357848,0.1988,0.3928,0.8627,1.4892,0.1956,False,False,True,True,True,True,True,True
2007-06-04,BULLISH,1.345804,1.349,1.347402,0.2368,0.5522,0.8651,1.0376,0.8999,True,True,True,True,True,True,True,True
2007-06-07,BEARISH,1.343003,1.348909,1.345956,0.4398,0.9656,1.126,1.4387,0.0225,False,False,False,True,True,False,True,False
2007-06-08,BEARISH,1.336398,1.342606,1.339502,0.4647,0.9356,1.0247,1.5082,0.3007,True,True,True,True,True,True,True,True
2007-06-12,BEARISH,1.331593,1.333707,1.33265,0.1588,0.3415,0.7752,1.0835,0.0449,True,True,True,True,True,True,False,True
2007-06-15,BULLISH,1.332197,1.338204,1.3352,0.449,0.9958,1.0777,1.4242,0.8144,False,True,True,True,False,False,True,False
2007-06-22,BULLISH,1.340608,1.344303,1.342456,0.2743,0.6528,1.3581,1.5707,0.9775,True,True,True,True,True,False,True,False
2007-06-29,BULLISH,1.3476,1.353107,1.350353,0.4068,0.9458,1.5287,2.0104,0.8715,False,False,False,False,False,False,False,False
2007-07-02,BULLISH,1.355105,1.358991,1.357048,0.285,0.598,1.4152,1.6758,0.9539,False,True,True,True,False,False,True,False
2007-07-10,BULLISH,1.363903,1.373306,1.368604,0.6833,1.3111,1.8978,2.4829,0.8882,False,False,False,True,False,False,False,False
2007-07-25,BEARISH,1.376709,1.380205,1.378457,0.2547,0.5502,1.5888,1.9824,0.1985,False,False,False,True,True,True,True,True
2007-08-03,BULLISH,1.370802,1.378398,1.3746,0.5509,0.9892,1.0557,1.6527,0.7718,True,True,True,True,True,True,True,True
2007-08-09,BEARISH,1.370501,1.372702,1.371602,0.161,0.2516,1.4736,1.7372,0.0664,True,True,True,True,False,False,True,False
2007-08-13,BEARISH,1.362602,1.364796,1.363699,0.1612,0.2543,0.9027,1.217,0.067,False,False,False,True,True,True,True,True
2007-08-14,BEARISH,1.353491,1.3606,1.357046,0.5252,0.8139,0.8945,1.0767,0.0312,False,True,True,True,True,True,True,True
2007-08-15,BEARISH,1.344701,1.353198,1.348949,0.6328,0.9363,1.1674,1.245,0.0542,True,True,True,True,True,True,False,True
2007-08-17,BULLISH,1.344701,1.346493,1.345597,0.1328,0.1878,0.7025,1.5606,0.7253,True,True,True,True,True,False,True,False
2007-08-22,BULLISH,1.352009,1.354005,1.353007,0.1473,0.2278,1.072,1.187,0.9223,False,False,False,False,False,False,False,False
2007-08-24,BULLISH,1.358806,1.363698,1.361252,0.3579,0.5508,1.2268,1.475,0.8472,True,True,True,True,True,True,True,False
2007-09-05,BULLISH,1.362806,1.363791,1.363299,0.0722,0.1176,0.4285,1.1943,0.819,False,False,False,False,False,False,False,False
2007-09-07,BULLISH,1.371009,1.377999,1.374504,0.5075,0.7941,0.9086,1.4303,0.8657,False,False,False,False,False,False,False,False
2007-09-11,BULLISH,1.379196,1.382705,1.380951,0.2535,0.4086,0.3627,0.7799,0.897,False,False,False,False,False,False,False,False
2007-09-12,BULLISH,1.384696,1.386597,1.385647,0.1367,0.221,0.8144,1.0109,0.931,True,True,True,True,True,True,True,False
2007-09-18,BULLISH,1.388908,1.394,1.391454,0.3642,0.6111,1.3564,1.8721,0.9361,False,False,False,False,False,False,False,False
2007-09-20,BULLISH,1.398797,1.40479,1.401794,0.4257,0.7024,1.2885,1.5118,0.8523,False,False,False,True,False,False,True,False
2007-09-28,BULLISH,1.4185,1.421504,1.420002,0.2106,0.3727,1.3997,1.5361,0.9112,True,True,True,True,True,True,False,True
2007-10-02,BEARISH,1.419991,1.421504,1.420748,0.107,0.1884,1.0453,1.1927,0.094,False,False,False,True,True,True,True,True
2007-10-10,BULLISH,1.411393,1.413807,1.4126,0.1707,0.2724,0.3737,0.834,0.596,False,False,False,True,False,False,True,False
2007-10-18,BULLISH,1.422799,1.425009,1.423904,0.1546,0.2621,0.9351,1.2575,0.8959,True,True,True,True,True,True,True,True
2007-10-25,BULLISH,1.427002,1.431906,1.429454,0.3423,0.5124,0.6576,0.8794,0.8926,False,False,False,False,False,False,False,False
2007-10-26,BULLISH,1.433507,1.437897,1.435702,0.305,0.469,0.7159,0.8546,0.9249,True,True,True,True,False,False,True,False
2007-11-06,BULLISH,1.45121,1.45571,1.45346,0.309,0.5412,1.0246,1.1792,0.9394,False,True,True,True,True,False,True,False
2007-11-07,BULLISH,1.457004,1.462502,1.459753,0.3759,0.5837,0.6692,1.7614,0.403,False,True,True,True,True,True,True,True
2007-11-12,BEARISH,1.463101,1.464708,1.463904,0.1107,0.1591,1.3465,1.3869,0.0,True,True,True,True,True,True,True,True
2007-11-20,BULLISH,1.46899,1.478393,1.473691,0.634,0.8604,1.511,1.9292,0.9248,False,False,True,True,True,True,True,True
2007-11-30,BEARISH,1.470394,1.472602,1.471498,0.1503,0.1866,0.5332,1.3009,0.4286,True,True,True,True,True,True,True,True
2007-12-14,BEARISH,1.445108,1.458704,1.451906,0.9418,1.0479,1.4566,1.8579,0.0915,False,False,False,True,True,True,False,True
2007-12-26,BULLISH,1.441608,1.447199,1.444403,0.3859,0.5992,0.9636,1.1995,0.8385,False,False,False,False,False,False,False,False
2007-12-27,BULLISH,1.4506,1.459598,1.455099,0.6157,0.8714,1.2199,1.627,0.8446,True,True,True,True,False,False,True,False
2008-01-02,BULLISH,1.462994,1.4694,1.466197,0.4353,0.5717,0.8373,1.2659,0.8165,False,True,True,True,True,True,True,False
2008-01-07,BULLISH,1.481811,1.552988,1.517399,4.8476,6.6561,0.6462,0.7952,0.1874,True,True,True,True,True,True,False,True
2008-01-09,BEARISH,1.481196,1.552988,1.517092,4.8958,2.3219,0.1388,0.3134,0.2171,True,True,True,True,False,False,True,False
2008-01-10,BULLISH,1.473991,1.476603,1.475297,0.1765,0.0903,0.4771,0.5529,0.9315,False,True,True,True,True,True,True,True
2008-01-16,BEARISH,1.470502,1.477891,1.474196,0.5039,0.3225,0.6025,1.0829,0.2141,False,False,True,True,True,True,True,True
2008-01-24,BULLISH,1.465094,1.466405,1.465749,0.0887,0.0661,0.7269,0.8983,0.989,False,False,False,True,True,True,False,True
2008-01-30,BULLISH,1.478809,1.481306,1.480057,0.1684,0.1606,0.3805,0.7469,0.6295,True,True,True,True,True,True,True,True
2008-02-05,BEARISH,1.466706,1.479596,1.473151,0.8806,0.8982,1.3586,1.4496,0.0628,False,True,True,True,True,True,True,True
2008-02-07,BULLISH,1.466706,1.554098,1.510402,6.0358,6.1418,0.9637,1.3852,0.137,True,True,True,True,True,True,False,True
2008-02-11,BEARISH,1.460899,1.554098,1.507499,6.4266,2.4673,0.0792,0.2409,0.1754,False,True,True,True,False,False,False,False
2008-02-14,BULLISH,1.459407,1.4634,1.461403,0.2727,0.1448,0.3122,0.3484,0.9688,True,True,True,True,False,False,True,False
2008-02-21,BULLISH,1.473297,1.479202,1.476249,0.3986,0.3152,0.4854,0.6824,0.8367,False,True,True,True,False,False,True,False
2008-02-26,BULLISH,1.484296,1.498397,1.491346,0.9403,0.8425,0.9571,1.5238,0.832,False,False,False,False,False,False,False,False
2008-02-27,BULLISH,1.503895,1.507704,1.5058,0.252,0.2297,0.7246,0.941,0.8592,False,False,False,False,False,False,False,False
2008-02-28,BULLISH,1.514005,1.515496,1.51475,0.0981,0.091,0.4753,0.9206,0.7883,False,True,True,True,False,False,True,False
2008-03-05,BULLISH,1.524599,1.527394,1.525997,0.1829,0.2047,0.4986,1.0046,0.9046,False,False,False,False,False,False,False,False
2008-03-06,BULLISH,1.529005,1.532591,1.530798,0.233,0.2658,0.7946,0.9206,0.8951,True,True,True,True,True,True,True,False
2008-03-12,BULLISH,1.548803,1.552506,1.550654,0.2383,0.2537,1.364,1.5762,0.8654,False,False,True,True,True,True,True,True
2008-03-14,BULLISH,1.564505,1.574803,1.569654,0.6594,0.7224,0.0359,1.0034,0.5514,True,True,True,True,True,True,True,True
2008-03-25,BULLISH,1.544807,1.55909,1.551948,0.9148,0.6805,0.8246,1.1432,0.8125,False,False,True,True,True,False,True,False
2008-03-26,BULLISH,1.565705,1.573292,1.569498,0.4795,0.3488,0.9745,1.2276,0.8731,False,True,True,True,True,True,True,True
2008-03-31,BEARISH,1.569908,1.575002,1.572455,0.3232,0.2808,0.1934,0.7712,0.0497,False,True,True,True,True,True,False,True
2008-04-02,BEARISH,1.568603,1.575101,1.571852,0.4145,0.3493,0.3277,0.8446,0.8653,True,True,True,True,True,True,False,True
2008-04-07,BEARISH,1.562964,1.564407,1.563685,0.0919,0.0881,0.1524,0.5924,0.6814,True,True,True,True,True,True,False,True
2008-04-09,BULLISH,1.562964,1.572797,1.56788,0.6214,0.5535,0.7381,0.9568,0.7829,False,True,True,True,True,False,True,False
2008-04-24,BEARISH,1.570697,1.586496,1.578596,1.0073,0.8807,1.0702,1.3396,0.1644,False,False,False,False,False,False,False,False
2008-04-30,BEARISH,1.549811,1.555379,1.552595,0.3565,0.3725,0.3563,0.7278,0.8473,True,True,True,True,True,True,True,True
2008-05-02,BEARISH,1.551807,1.552988,1.552397,0.0765,0.0728,0.2709,0.7462,0.4705,True,True,True,True,True,True,True,True
2008-05-20,BULLISH,1.562988,1.563991,1.56349,0.064,0.07,0.867,1.1693,0.8579,False,False,True,True,True,True,True,True
2008-05-21,BULLISH,1.567791,1.569809,1.5688,0.1278,0.1388,0.9904,1.0945,0.931,False,True,True,True,True,True,False,True
2008-05-28,BEARISH,1.566392,1.567693,1.567042,0.0831,0.1026,0.2886,1.1019,0.2852,False,False,False,True,True,True,True,True
2008-05-29,BEARISH,1.556832,1.561622,1.559227,0.3086,0.3598,1.0072,1.3069,0.1617,True,True,True,True,True,True,True,True
2008-06-03,BEARISH,1.547892,1.549811,1.548851,0.1242,0.145,0.7241,1.5297,0.1295,True,True,True,True,True,True,True,True
2008-06-05,BULLISH,1.547892,1.557705,1.552799,0.6295,0.7252,1.145,1.6328,0.9505,False,True,True,True,True,True,True,True
2008-06-06,BULLISH,1.559989,1.562305,1.561147,0.1467,0.1595,1.3378,1.44,0.9952,True,True,True,True,True,True,True,True
2008-06-10,BEARISH,1.558191,1.562305,1.560248,0.266,0.2539,1.1287,1.2833,0.0816,False,False,False,True,True,True,True,True
2008-06-16,BULLISH,1.546288,1.546479,1.546384,0.0124,0.012,0.5174,1.0337,0.7367,False,False,False,False,False,False,False,False
2008-06-25,BULLISH,1.562012,1.564211,1.563111,0.1403,0.1582,0.746,1.0362,0.9164,False,False,False,True,True,True,True,True
2008-06-26,BULLISH,1.568603,1.572599,1.570601,0.2537,0.2917,0.5695,0.9036,0.8957,False,True,True,True,True,True,True,True
2008-07-03,BEARISH,1.572599,1.578308,1.575453,0.3636,0.4095,1.2913,1.5784,0.0683,True,True,True,True,True,True,True,True
2008-07-07,BEARISH,1.550195,1.566907,1.558551,1.0631,1.2952,0.1167,1.0312,0.7823,True,True,True,True,True,True,False,True
2008-07-09,BULLISH,1.550195,1.569588,1.559892,1.2324,0.9735,0.3428,0.4777,0.862,False,False,False,True,False,False,False,False
2008-07-10,BULLISH,1.574902,1.57679,1.575846,0.1196,0.1013,0.2694,0.5485,0.8731,False,False,False,True,True,True,True,True
2008-07-11,BULLISH,1.579804,1.58461,1.582207,0.3014,0.259,0.8725,0.9758,1.0,False,True,True,True,True,True,True,True
2008-07-22,BEARISH,1.579804,1.583205,1.581505,0.2154,0.2349,0.8363,1.2028,0.1387,False,False,False,False,False,False,False,False
2008-07-23,BEARISH,1.571117,1.57679,1.573953,0.3615,0.399,0.7094,0.8794,0.1554,True,True,True,True,True,False,True,False
2008-07-29,BEARISH,1.561329,1.568701,1.565015,0.4729,0.5553,1.1239,1.5123,0.1679,True,True,True,True,True,True,True,False
2008-07-31,BEARISH,1.533601,1.552602,1.543102,1.2185,1.5022,0.1555,0.9894,0.1688,False,False,False,False,False,False,False,False
2008-08-08,BEARISH,1.468105,1.557196,1.512651,5.9201,4.721,1.5114,1.781,0.1457,True,True,True,True,False,False,True,False
2008-08-26,BEARISH,1.477192,1.499992,1.488592,1.5566,1.0073,0.1277,0.4557,0.679,True,True,True,True,True,True,True,True
2008-09-01,BEARISH,1.459598,1.464601,1.462099,0.3432,0.2723,0.641,0.7518,0.0722,False,False,True,True,True,True,False,True
2008-09-02,BEARISH,1.453172,1.456494,1.454833,0.2289,0.1893,0.3533,0.6946,0.343,True,True,True,True,True,True,True,True
2008-09-04,BEARISH,1.433692,1.43887,1.436281,0.363,0.2724,1.1655,1.6467,0.1213,True,True,True,True,True,True,True,True
2008-09-05,BULLISH,1.453996,1.504008,1.479002,3.5035,2.7391,0.0814,0.7338,0.5372,True,True,True,True,True,True,False,True
2008-09-09,BEARISH,1.417193,1.504008,1.460601,6.136,2.4156,0.01,0.4729,0.55,False,True,True,True,True,False,True,False
2008-09-10,BEARISH,1.403903,1.405501,1.404702,0.1143,0.047,0.4887,0.6237,0.1133,True,True,True,True,True,True,False,True
2008-09-12,BULLISH,1.403903,1.410099,1.407001,0.4351,0.2022,0.7895,0.8546,1.0,True,True,True,True,False,False,True,False
2008-09-17,BULLISH,1.427613,1.429,1.428307,0.0968,0.047,0.6585,0.9276,0.8148,True,True,True,True,True,True,True,True
2008-09-22,BULLISH,1.449695,1.462801,1.456248,0.8857,0.4184,1.095,1.2901,0.8488,True,True,True,True,True,True,True,True
2008-09-26,BEARISH,1.456028,1.458406,1.457217,0.1629,0.0979,0.1812,0.4776,0.3095,False,False,False,True,True,True,False,True
2008-09-29,BEARISH,1.441795,1.456304,1.449049,1.008,0.5823,0.6211,1.0044,0.3325,False,False,False,True,True,True,False,True
2008-09-30,BEARISH,1.417033,1.431004,1.424018,0.9911,0.5196,1.1071,1.4767,0.1902,False,False,True,True,True,True,False,True
2008-10-02,BEARISH,1.38968,1.398699,1.39419,0.6532,0.35,0.8265,1.005,0.1776,False,True,True,True,True,True,False,True
2008-10-03,BEARISH,1.367409,1.376197,1.371803,0.6375,0.356,0.0856,0.7159,0.367,True,True,True,True,True,True,True,True
2008-10-07,BULLISH,1.367409,1.491402,1.429406,9.1251,4.8455,0.3049,0.9416,0.4108,True,True,True,True,True,True,False,True
2008-10-09,BEARISH,1.363587,1.491402,1.427494,9.3995,2.3487,0.0569,0.3668,0.0694,True,True,True,True,False,False,True,False
2008-10-15,BEARISH,1.353198,1.361415,1.357307,0.6112,0.1976,0.4116,0.6054,0.0552,False,False,False,False,False,False,False,False
2008-10-20,BEARISH,1.335203,1.339298,1.33725,0.3076,0.1228,0.275,0.704,0.0904,False,False,False,False,False,False,False,False
2008-10-21,BEARISH,1.306797,1.329204,1.318,1.7156,0.6812,0.7687,0.9092,0.0274,False,False,False,True,True,False,True,False
2008-10-22,BEARISH,1.299798,1.305296,1.302547,0.4289,0.1707,0.7537,0.8601,0.0929,False,False,True,True,True,True,True,False
2008-10-24,BEARISH,1.266207,1.273399,1.269803,0.5694,0.2172,0.9401,1.3175,0.2864,True,True,True,True,True,True,True,True
2008-11-11,BEARISH,1.262993,1.272605,1.267799,0.7679,0.3157,0.7626,1.0194,0.0932,True,True,True,True,True,True,True,True
2008-11-24,BULLISH,1.263584,1.281197,1.27239,1.3635,0.6645,1.0569,1.4496,0.9003,False,True,True,True,True,True,True,True
2008-11-28,BEARISH,1.270164,1.286505,1.278334,1.2869,0.6712,0.8139,1.2192,0.1473,True,True,True,True,True,True,False,True
2008-12-05,BULLISH,1.284208,1.481811,1.383009,15.5385,9.4097,0.2855,0.7329,0.5127,True,True,True,True,True,True,False,False
2008-12-08,BULLISH,1.279198,1.280902,1.28005,0.1142,0.0354,0.0397,0.303,0.6848,False,False,False,False,False,False,False,False
2008-12-09,BEARISH,1.305193,1.481811,1.393502,13.6637,2.5282,0.0172,0.2676,0.6262,True,True,True,True,True,False,False,False
2008-12-10,BULLISH,1.299596,1.300864,1.30023,0.0974,0.0203,0.1387,0.2303,0.7367,False,False,False,False,False,False,False,False
2008-12-11,BULLISH,1.305193,1.325539,1.315366,1.5263,0.3432,0.5297,0.6516,0.8318,False,False,False,False,False,False,False,False
2008-12-12,BULLISH,1.339495,1.343598,1.341547,0.3073,0.0768,0.0463,0.289,0.6383,False,False,False,False,False,False,False,False
2008-12-15,BULLISH,1.340986,1.363698,1.352342,1.6583,0.4434,0.4999,0.5583,0.9093,False,False,False,False,False,False,False,False
2008-12-16,BULLISH,1.372194,1.402289,1.387241,2.1402,0.59,0.717,0.9726,0.8566,False,True,True,True,True,False,True,False
2008-12-17,BULLISH,1.413308,1.4211,1.417204,0.5409,0.1571,0.6944,0.8169,0.9513,True,True,True,True,True,True,False,True
2008-12-19,BEARISH,1.411393,1.4211,1.416247,0.6971,0.1979,0.7463,0.9728,0.2015,False,True,True,True,True,True,True,False
2009-01-05,BEARISH,1.363178,1.384294,1.373736,1.5474,0.7446,1.1001,1.4171,0.2237,True,True,True,True,True,False,True,False
2009-01-09,BEARISH,1.344393,1.353803,1.349098,0.6994,0.3265,0.8494,1.0608,0.1175,False,False,False,False,False,False,False,False
2009-01-12,BEARISH,1.336005,1.341904,1.338955,0.4415,0.2186,0.248,0.5152,0.3965,False,False,True,True,False,False,True,False
2009-01-19,BEARISH,1.309929,1.314994,1.312461,0.3868,0.2037,1.0616,1.2656,0.1027,False,False,True,True,True,True,True,True
2009-01-26,BULLISH,1.301524,1.313094,1.307309,0.8771,0.4608,1.1545,1.4655,0.8857,True,True,True,True,True,True,True,True
2009-01-29,BEARISH,1.293895,1.310805,1.30235,1.307,0.7094,0.8937,1.0352,0.0644,False,True,True,True,True,False,True,False
2009-01-30,BEARISH,1.289308,1.292207,1.290757,0.2258,0.1274,0.4483,0.6899,0.3502,True,True,True,True,True,True,True,True
2009-02-16,BEARISH,1.279361,1.282594,1.280978,0.2526,0.1725,0.0271,0.4696,0.7613,False,True,True,True,True,True,True,True
2009-02-17,BEARISH,1.263408,1.273204,1.268306,0.7786,0.5064,1.0942,1.1767,0.0701,True,True,True,True,True,True,True,True
2009-02-27,BEARISH,1.262594,1.269503,1.266049,0.5449,0.3583,0.2183,0.6998,0.4813,True,True,True,True,True,True,True,True
2009-03-12,BULLISH,1.286306,1.287101,1.286703,0.0616,0.0419,0.489,1.0873,0.791,False,False,False,False,False,False,False,False
2009-03-18,BULLISH,1.304002,1.342408,1.323205,2.8483,1.7674,2.0705,2.4715,0.9144,False,False,False,True,True,False,True,False
2009-03-19,BULLISH,1.352997,1.353107,1.353052,0.008,0.0048,0.7536,1.3421,0.7727,True,True,True,True,True,True,True,True
2009-03-27,BEARISH,1.328498,1.350804,1.339651,1.6782,1.0001,1.0668,1.4391,0.072,True,True,True,True,True,True,True,False
2009-04-02,BULLISH,1.327898,1.337596,1.332747,0.7201,0.4767,1.1053,1.3124,0.8501,True,True,True,True,True,True,True,True
2009-04-07,BEARISH,1.330796,1.336398,1.333597,0.4219,0.2921,0.6673,0.8919,0.2424,True,True,True,True,True,True,True,False
2009-04-13,BULLISH,1.319801,1.323907,1.321854,0.3073,0.2214,0.9848,1.3679,0.8893,True,True,True,True,True,True,True,True
2009-04-17,BEARISH,1.304819,1.313508,1.309163,0.6661,0.516,0.8303,1.033,0.1201,False,True,True,True,True,True,True,True
2009-04-20,BEARISH,1.298701,1.302406,1.300553,0.2865,0.2237,0.7204,0.8886,0.1893,True,True,True,True,True,True,False,True
2009-04-23,BULLISH,1.303305,1.311906,1.307605,0.6545,0.5569,0.8808,1.1072,0.9121,True,True,True,True,True,True,True,True
2009-04-29,BULLISH,1.316534,1.319993,1.318264,0.2607,0.1937,0.7668,1.1923,0.6617,False,False,False,False,False,False,False,False
2009-05-08,BULLISH,1.347092,1.356208,1.35165,0.6684,0.48,1.2814,1.6145,0.9575,False,True,True,True,True,True,True,False
2009-05-19,BULLISH,1.356392,1.358493,1.357442,0.1541,0.132,0.445,0.8358,0.7324,False,False,False,False,False,False,False,False
2009-05-20,BULLISH,1.366792,1.3734,1.370096,0.4797,0.3874,0.8244,1.4362,0.7675,False,False,False,False,False,False,False,False
2009-05-21,BULLISH,1.382992,1.390356,1.386674,0.5296,0.4249,0.7614,1.1033,0.8998,False,True,True,True,True,True,True,False
2009-05-22,BULLISH,1.392525,1.39659,1.394557,0.2903,0.2394,0.5758,0.863,0.6791,True,True,True,True,True,True,True,True
2009-05-29,BULLISH,1.398093,1.410258,1.404176,0.8593,0.7032,1.3076,1.3708,0.9662,False,True,True,True,True,True,True,True
2009-06-05,BEARISH,1.399972,1.4074,1.403686,0.5316,0.3706,1.0338,1.6565,0.1085,True,True,True,True,True,True,True,True
2009-06-15,BEARISH,1.39299,1.394292,1.393641,0.0944,0.0617,0.9516,1.1393,0.0987,True,True,True,True,True,True,True,True
2009-07-15,BULLISH,1.401542,1.405896,1.403719,0.3088,0.3017,0.9022,1.1566,0.8198,False,False,False,True,True,True,False,True
2009-07-17,BULLISH,1.41611,1.421181,1.418646,0.3596,0.3881,0.2763,0.6,0.4682,True,True,True,True,True,True,False,True
2009-07-20,BULLISH,1.414667,1.41985,1.417258,0.3646,0.3993,0.1168,0.1324,0.0,False,True,True,True,True,True,False,True
2009-07-21,BEARISH,1.421141,1.421181,1.421161,0.0028,0.0035,0.1665,0.1736,0.0,False,True,True,True,True,True,False,True
2009-07-22,BEARISH,1.416993,1.41985,1.418421,0.2011,0.2814,0.0079,0.1054,0.4904,True,True,True,True,True,True,False,True
2009-07-23,BULLISH,1.421141,1.421202,1.421171,0.0043,0.0065,0.0043,0.094,0.2499,False,True,True,True,True,True,False,True
2009-07-24,BULLISH,1.416993,1.423143,1.420068,0.4328,0.6995,0.0,0.0,0.5,True,True,True,True,True,True,False,True
2009-07-27,BEARISH,1.416892,1.421202,1.419047,0.3025,0.5326,0.0552,0.1955,0.9871,False,True,True,True,True,True,False,True
2009-07-28,BEARISH,1.403509,1.423143,1.413326,1.388,2.3365,0.2051,0.3124,0.1296,True,True,True,True,True,True,False,True
2009-07-29,BEARISH,1.408907,1.414267,1.411587,0.3825,0.5913,0.1366,0.2495,0.0955,True,True,True,True,True,True,False,True
2009-07-30,BULLISH,1.403509,1.426005,1.414757,1.5972,2.5424,0.1008,0.1927,0.7556,False,False,True,True,True,False,False,False
2009-07-31,BULLISH,1.408907,1.441192,1.42505,2.264,3.2273,0.0,0.0,0.5,True,True,True,True,True,True,True,False
2009-08-03,BULLISH,1.426005,1.440009,1.433007,0.9717,1.2934,0.0557,0.0921,0.0,False,True,True,True,True,True,False,True
2009-08-05,BEARISH,1.437298,1.440009,1.438654,0.1881,0.3179,0.0853,0.1218,0.0599,False,False,False,False,False,False,False,False
2009-08-06,BEARISH,1.419104,1.441109,1.430107,1.531,2.7138,0.1375,0.1858,1.0,False,True,True,True,True,False,False,False
2009-08-07,BEARISH,1.413767,1.435791,1.424779,1.552,2.3298,0.0,0.0,0.5,True,True,True,True,True,False,False,False
2009-08-10,BEARISH,1.415709,1.419104,1.417406,0.2403,0.3757,0.073,0.1105,0.3398,True,True,True,True,True,True,False,True
2009-08-11,BULLISH,1.413767,1.420334,1.41705,0.464,0.8028,0.0588,0.098,0.125,False,True,True,True,True,True,False,True
2009-08-12,BULLISH,1.415709,1.427593,1.421651,0.8359,1.4793,0.1709,0.2187,0.7815,True,True,True,True,True,True,False,True
2009-08-14,BEARISH,1.410596,1.427593,1.419094,1.1963,2.1894,0.0,0.0,0.5,True,True,True,True,True,True,False,True
2009-08-17,BEARISH,1.416732,1.420697,1.418714,0.2811,0.4723,0.2863,0.2863,1.0,True,True,True,True,True,True,False,True
2009-08-18,BULLISH,1.410596,1.422657,1.416627,0.8514,1.4901,0.4204,0.4477,0.9391,False,False,False,True,False,False,False,False
2009-08-19,BULLISH,1.416732,1.425496,1.421114,0.6149,1.0672,0.3333,0.3457,0.9642,False,False,True,True,True,False,True,False
2009-08-20,BULLISH,1.425496,1.43209,1.428793,0.4624,0.901,0.0694,0.1918,0.3621,True,True,True,True,True,True,True,True
2009-08-21,BULLISH,1.4269,1.428592,1.427746,0.1181,0.2365,0.0,0.0,0.5,True,True,True,True,True,True,False,True
2009-08-24,BEARISH,1.430308,1.43209,1.431199,0.1247,0.2673,0.0,0.1838,0.5831,False,True,True,True,True,True,False,True
2009-08-25,BEARISH,1.425395,1.428592,1.426993,0.2238,0.5296,0.2842,0.3215,0.0211,True,True,True,True,True,True,False,True
2009-08-26,BULLISH,1.430308,1.435091,1.4327,0.3359,0.8145,0.2004,0.3041,0.0113,True,True,True,True,True,True,True,True
2009-08-27,BULLISH,1.425395,1.430206,1.4278,0.3347,0.6909,0.3022,0.3733,0.849,False,True,True,True,True,True,False,True
2009-08-28,BEARISH,1.434432,1.435091,1.434761,0.0459,0.0944,0.8297,0.8297,1.0,False,False,False,True,True,True,False,True
2009-08-31,BEARISH,1.422394,1.430206,1.4263,0.5447,1.2315,0.0745,0.1005,0.7418,True,True,True,True,True,True,False,True
2009-09-01,BEARISH,1.428,1.433795,1.430897,0.4077,0.7875,0.1126,0.2828,0.4269,False,True,True,True,True,True,False,True
2009-09-02,BULLISH,1.422394,1.425395,1.423894,0.2102,0.412,0.0,0.1063,0.2368,False,False,False,False,False,False,False,False
2009-09-03,BULLISH,1.428,1.429409,1.428704,0.0988,0.214,0.0185,0.139,0.2666,False,False,False,False,False,False,False,False
2009-09-04,BULLISH,1.42631,1.433199,1.429754,0.4819,1.11,0.0,0.0,0.5,False,False,False,False,False,False,False,False
2009-09-07,BULLISH,1.429409,1.450389,1.439899,1.4639,3.4909,0.0821,0.1573,0.0,False,False,False,False,False,False,False,False
2009-09-08,BULLISH,1.434144,1.454694,1.444419,1.4168,2.7002,0.0055,0.1079,0.0257,False,False,False,False,False,False,False,False
2009-09-09,BULLISH,1.45121,1.457705,1.454457,0.4464,0.8877,0.1042,0.1534,0.0942,False,False,False,False,False,False,False,False
2009-09-10,BULLISH,1.455816,1.458002,1.456909,0.1499,0.32,0.0405,0.1151,0.5404,False,False,False,False,False,False,False,False
2009-09-11,BULLISH,1.458491,1.462566,1.460528,0.2794,0.686,0.0,0.0,0.5,False,False,False,True,False,False,False,False
2009-09-14,BULLISH,1.458002,1.466061,1.462031,0.5503,1.3454,0.1073,0.2932,1.0,False,False,False,True,True,False,False,False
2009-09-15,BULLISH,1.464322,1.47061,1.467466,0.4286,1.121,0.1419,0.2493,0.7383,False,True,True,True,True,True,False,True
2009-09-16,BULLISH,1.467459,1.473101,1.47028,0.3835,1.0252,0.0708,0.236,0.4498,True,True,True,True,True,True,False,True
2009-09-18,BEARISH,1.469508,1.473101,1.471305,0.2442,0.7597,0.0,0.0,0.5,True,True,True,True,True,True,False,True
2009-09-21,BULLISH,1.471605,1.479728,1.475666,0.5531,1.7855,0.019,0.2799,0.1354,True,True,True,True,True,True,False,True
2009-09-22,BULLISH,1.469508,1.470696,1.470102,0.0802,0.1985,0.2453,0.671,0.3655,True,True,True,True,True,True,True,True
2009-09-23,BEARISH,1.466104,1.479728,1.472916,0.9252,2.0676,0.1973,0.3353,0.8626,True,True,True,True,True,False,True,False
2009-09-24,BEARISH,1.468493,1.470696,1.469595,0.1504,0.3139,0.0857,0.4707,0.6943,False,False,False,True,True,True,False,True
2009-09-28,BEARISH,1.459705,1.468493,1.464099,0.6011,1.3504,0.1052,0.2071,0.0,True,True,True,True,True,True,False,True
2009-09-29,BULLISH,1.463507,1.464107,1.463807,0.0411,0.0975,0.045,0.2282,0.621,True,True,True,True,True,True,False,True
2009-09-30,BEARISH,1.454334,1.4583,1.456317,0.2706,0.6393,0.2248,0.256,0.8783,True,True,True,True,True,True,False,True
2009-10-01,BEARISH,1.459002,1.464107,1.461555,0.3517,0.7032,0.378,0.407,0.0713,True,True,True,True,True,True,False,True
2009-10-02,BULLISH,1.454334,1.464987,1.45966,0.7301,1.4632,0.1373,0.1373,1.0,False,False,False,False,False,False,False,False
2009-10-05,BULLISH,1.459002,1.471757,1.46538,0.8701,1.7522,0.1387,0.1771,0.7832,True,True,True,True,False,False,False,False
2009-10-06,BULLISH,1.466276,1.468968,1.467622,0.1829,0.3669,0.0502,0.266,0.2108,False,False,False,False,False,False,False,False
2009-10-07,BULLISH,1.473709,1.476451,1.47508,0.1864,0.404,0.3217,0.4174,0.7707,True,True,True,True,True,True,False,True
2009-10-08,BULLISH,1.4718,1.473405,1.472603,0.1086,0.2344,0.0479,0.2837,0.8651,False,False,False,False,False,False,False,False
2009-10-12,BULLISH,1.473405,1.484076,1.47874,0.7213,1.625,0.1432,0.2499,0.573,False,False,False,True,True,False,False,False
2009-10-13,BULLISH,1.479991,1.492938,1.486465,0.8721,1.9902,0.0305,0.2033,0.3999,False,True,True,True,True,True,True,True
2009-10-14,BULLISH,1.485399,1.493451,1.489425,0.5393,1.1709,0.0292,0.1394,0.279,True,True,True,True,True,True,False,True
2009-10-15,BEARISH,1.490802,1.492938,1.49187,0.1429,0.3389,0.2162,0.372,0.9142,True,True,True,True,True,True,True,True
2009-10-16,BULLISH,1.495797,1.4962,1.495998,0.027,0.066,0.0,0.0,0.5,True,True,True,True,True,True,False,True
2009-10-19,BULLISH,1.490802,1.492448,1.491625,0.11,0.2651,0.0144,0.2418,0.1939,False,False,True,True,True,True,False,True
2009-10-20,BULLISH,1.497701,1.50069,1.499196,0.2002,0.5048,0.0264,0.1958,0.8654,False,True,True,True,True,True,False,True
2009-10-21,BULLISH,1.493607,1.502991,1.498299,0.6253,1.4899,0.1753,0.2398,0.0,True,True,True,True,True,True,False,True
2009-10-26,BEARISH,1.492604,1.501006,1.496805,0.5653,1.0957,1.738,2.7672,0.0697,False,False,False,True,True,True,False,False
2009-10-27,BEARISH,1.48401,1.484693,1.484351,0.0461,0.0788,0.4697,1.7522,0.2824,True,True,True,True,True,True,True,True
2009-11-04,BULLISH,1.480604,1.481394,1.480999,0.0531,0.0597,1.0732,1.4848,0.8375,True,True,True,True,False,False,True,False
2009-11-09,BULLISH,1.491291,1.494299,1.492795,0.2005,0.2306,1.1115,1.2554,0.9312,False,True,True,True,True,True,True,True
2009-11-12,BEARISH,1.493496,1.49564,1.494568,0.1443,0.1668,0.9921,1.4822,0.163,True,True,True,True,True,True,True,True
2009-12-04,BEARISH,1.490402,1.504099,1.49725,0.9219,0.9444,1.4196,1.8542,0.1228,False,False,False,False,False,False,False,False
2009-12-11,BEARISH,1.468493,1.468903,1.468698,0.028,0.0291,0.7884,1.3213,0.1503,False,False,False,False,False,False,False,False
2009-12-15,BEARISH,1.45881,1.461091,1.459951,0.1568,0.1698,0.8488,1.124,0.225,False,False,False,False,False,False,False,False
2009-12-17,BEARISH,1.440798,1.450894,1.445846,0.7038,0.7211,1.2664,1.6055,0.168,False,False,True,True,False,False,True,False
2009-12-23,BULLISH,1.433199,1.433301,1.43325,0.0072,0.0078,0.6115,0.9641,0.7642,False,False,True,True,True,True,True,True
2010-01-08,BULLISH,1.444481,1.446487,1.445484,0.1392,0.154,0.6925,1.2671,0.8487,True,True,True,True,True,True,True,True
2010-01-11,BULLISH,1.443606,1.445964,1.444785,0.1625,0.1787,0.3515,0.678,0.5185,True,True,True,True,True,True,True,True
2010-01-15,BEARISH,1.440673,1.446257,1.443465,0.388,0.4465,0.8642,1.2661,0.2855,True,True,True,True,False,False,True,False
2010-01-19,BEARISH,1.429,1.433692,1.431346,0.3285,0.3816,1.009,1.2771,0.153,False,False,False,False,False,False,False,False
2010-01-20,BEARISH,1.414027,1.4257,1.419863,0.8272,0.8737,1.3004,1.5188,0.1146,True,True,True,True,False,False,True,False
2010-01-26,BEARISH,1.409741,1.413108,1.411425,0.2391,0.2819,0.5505,1.1287,0.2831,False,False,False,False,False,False,False,False
2010-01-28,BEARISH,1.398699,1.400168,1.399434,0.1052,0.1288,0.5428,0.8745,0.1817,False,True,True,True,True,True,True,False
2010-01-29,BEARISH,1.393709,1.394992,1.39435,0.0925,0.1114,0.8695,1.0609,0.0173,True,True,True,True,True,True,True,True
2010-02-04,BEARISH,1.374608,1.388619,1.381614,1.0193,1.1532,1.2913,1.5312,0.1338,False,True,True,True,True,False,True,False
2010-02-05,BEARISH,1.371404,1.372006,1.371705,0.044,0.0476,0.5119,1.2505,0.5823,True,True,True,True,True,True,True,True
2010-03-18,BEARISH,1.362806,1.373098,1.367952,0.756,0.8447,0.9929,1.223,0.154,False,False,False,False,False,False,False,False
2010-03-19,BEARISH,1.356907,1.359102,1.358005,0.1621,0.1799,0.6177,1.0091,0.2598,True,True,True,True,True,True,True,False
2010-03-24,BEARISH,1.337059,1.346493,1.341776,0.7077,0.7536,1.1103,1.4179,0.1299,True,True,True,True,True,True,True,True
2010-03-26,BULLISH,1.337059,1.342138,1.339599,0.3787,0.4169,0.8453,0.9954,0.8842,True,True,True,True,True,True,True,True
2010-04-06,BEARISH,1.341004,1.346276,1.34364,0.3934,0.4367,0.7218,1.156,0.313,False,True,True,True,True,True,True,True
2010-04-09,BULLISH,1.336702,1.356999,1.346851,1.5034,1.7359,1.1971,1.342,1.0,True,True,True,True,True,True,True,True
2010-04-12,BULLISH,1.350093,1.354958,1.352525,0.3579,0.3853,0.3245,0.9341,0.2206,False,True,True,True,True,True,True,True
2010-04-15,BEARISH,1.357497,1.360285,1.358891,0.2054,0.2379,0.7087,1.2194,0.343,False,False,False,False,False,False,False,False
2010-04-16,BEARISH,1.349327,1.352503,1.350915,0.2352,0.2779,0.6128,0.8343,0.2559,True,True,True,True,True,False,True,False
2010-04-21,BEARISH,1.341994,1.343003,1.342498,0.0754,0.0964,0.4367,0.8038,0.3085,False,False,False,False,False,False,False,False
2010-04-27,BEARISH,1.326594,1.329593,1.328093,0.2277,0.2137,1.6605,1.8901,0.0855,True,True,True,True,True,True,True,True
2010-05-03,BEARISH,1.32144,1.322804,1.322122,0.1033,0.0999,0.9019,1.2232,0.2393,False,False,False,False,False,False,False,False
2010-05-04,BEARISH,1.299495,1.315997,1.307746,1.273,1.0879,1.5557,1.6511,0.0,False,True,True,True,True,False,True,False
2010-05-05,BEARISH,1.285463,1.296395,1.290929,0.8531,0.6921,0.969,1.258,0.0941,False,True,True,True,True,True,True,False
2010-05-06,BEARISH,1.279591,1.279623,1.279607,0.0026,0.0018,1.0233,1.7573,0.2945,True,True,True,True,True,True,True,False
2010-05-11,BEARISH,1.273837,1.276373,1.275105,0.2008,0.1269,0.747,0.9109,0.0604,False,False,False,False,False,False,False,False
2010-05-13,BEARISH,1.257703,1.260843,1.259273,0.2504,0.1676,0.5066,0.8899,0.1365,False,False,True,True,True,True,True,False
2010-05-14,BEARISH,1.241064,1.251831,1.246448,0.8711,0.562,0.9343,1.1431,0.0091,True,True,True,True,True,True,True,True
2010-05-20,BULLISH,1.243302,1.247707,1.245504,0.3531,0.1977,0.399,1.3414,0.6018,True,True,True,True,True,True,False,True
2010-05-24,BEARISH,1.238605,1.247707,1.243156,0.737,0.4119,0.8329,0.9551,0.0758,False,True,True,True,True,False,True,False
2010-06-04,BEARISH,1.198897,1.215495,1.207196,1.3865,0.8655,1.0424,1.3492,0.0504,True,True,True,True,True,True,True,True
2010-06-11,BULLISH,1.214152,1.214727,1.21444,0.0475,0.036,0.0404,0.6149,0.6136,False,False,False,False,False,False,False,False
2010-06-14,BULLISH,1.2152,1.217196,1.216198,0.1634,0.1225,0.4342,0.9245,0.4697,False,False,False,True,True,False,True,False
2010-06-17,BULLISH,1.234903,1.235697,1.2353,0.0641,0.0509,0.4366,1.047,0.8285,True,True,True,True,True,True,True,True
2010-06-21,BEARISH,1.234751,1.235697,1.235224,0.0768,0.0651,0.6395,1.1152,0.0617,False,True,True,True,True,True,True,True
2010-07-01,BULLISH,1.230027,1.248393,1.23921,1.4683,1.5046,2.2574,0.3573,7.0745,False,True,True,True,False,False,True,False
2010-07-02,BULLISH,1.22426,1.251173,1.237716,2.1409,2.1952,0.5054,1.0285,0.6907,True,True,True,True,False,False,True,False
2010-07-06,BULLISH,1.255792,1.256108,1.25595,0.025,0.0257,0.677,1.4446,0.7923,False,True,True,True,True,True,True,False
2010-07-13,BULLISH,1.264702,1.268601,1.266651,0.3065,0.3122,1.0464,1.7093,0.9158,False,False,False,False,False,False,False,False
2010-07-15,BULLISH,1.277563,1.289407,1.283485,0.9161,0.8668,1.3694,1.7826,0.8872,True,True,True,True,True,True,True,True
2010-08-02,BULLISH,1.309397,1.314994,1.312195,0.4247,0.4285,0.8868,1.0435,0.8673,True,True,True,True,True,True,True,True
2010-08-10,BEARISH,1.318565,1.323119,1.320842,0.3442,0.3281,0.0076,1.0775,0.993,False,False,False,False,False,False,False,False
2010-08-11,BEARISH,1.293193,1.308147,1.30067,1.1342,0.8898,0.0041,1.8683,0.9978,False,False,False,False,False,False,False,False
2010-08-20,BEARISH,1.272864,1.278004,1.275434,0.4013,0.3089,0.0059,1.0062,0.8508,False,True,True,True,True,True,True,True
2010-09-01,BULLISH,1.274194,1.277906,1.27605,0.2926,0.2612,0.0091,1.2816,0.1068,False,True,True,True,True,True,True,True
2010-09-03,BULLISH,1.284885,1.286902,1.285893,0.1573,0.148,0.0012,0.5291,0.1822,True,True,True,True,True,True,True,True
2010-09-07,BEARISH,1.276194,1.286902,1.281548,0.8321,0.7748,0.0024,1.1864,1.002,True,True,True,True,True,True,True,True
2010-09-13,BULLISH,1.274437,1.283285,1.278861,0.6957,0.6212,0.0136,1.2002,0.0,False,False,False,False,False,False,False,False
2010-09-14,BULLISH,1.288793,1.295924,1.292359,0.554,0.436,0.002,1.1317,0.2115,False,False,False,False,False,False,False,False
2010-09-21,BULLISH,1.311923,1.325205,1.318564,1.0165,0.9331,0.0036,0.6285,0.0839,False,False,False,False,False,False,False,False
2010-09-22,BULLISH,1.31489,1.331327,1.323109,1.2399,0.9517,0.0173,1.0712,0.0266,True,True,True,True,False,False,True,False
2010-09-24,BULLISH,1.341202,1.343183,1.342193,0.1488,0.1134,0.0061,1.1643,0.1505,True,True,True,True,True,True,True,False
2010-09-28,BULLISH,1.350366,1.356779,1.353572,0.4772,0.3587,0.005,1.0971,0.2807,True,True,True,True,False,False,True,False
2010-10-05,BULLISH,1.378436,1.380434,1.379435,0.1461,0.1145,0.0054,1.1951,0.1682,False,False,True,True,True,True,True,True
2010-10-06,BULLISH,1.384754,1.38997,1.387362,0.3771,0.2818,0.0114,0.669,0.2391,True,True,True,True,True,True,True,True
2010-10-13,BULLISH,1.388195,1.396707,1.392451,0.6116,0.5124,0.0,0.5252,0.0555,False,True,True,True,True,True,False,True
2010-10-26,BEARISH,1.387694,1.393612,1.390653,0.4242,0.3173,0.0698,0.7627,0.7683,True,True,True,True,True,True,True,True
2010-11-03,BULLISH,1.40479,1.410517,1.407654,0.408,0.318,0.0284,0.366,0.6437,True,True,True,True,True,True,True,True
2010-11-05,BEARISH,1.408114,1.410517,1.409315,0.1689,0.1265,0.0011,1.0367,0.9897,False,False,False,False,False,False,False,False
2010-11-08,BEARISH,1.397194,1.403312,1.400253,0.4346,0.2925,0.0009,0.8952,0.9714,False,False,False,False,False,False,False,False
2010-11-09,BEARISH,1.382094,1.389391,1.385742,0.5261,0.3406,0.0538,0.6701,0.2872,False,False,False,False,False,False,False,False
2010-11-10,BEARISH,1.381903,1.382839,1.382371,0.068,0.0442,0.0081,0.6895,0.6647,False,False,False,False,False,False,False,False
2010-11-16,BEARISH,1.355307,1.359194,1.357251,0.2863,0.2038,0.0068,0.5827,0.2945,True,True,True,True,True,True,False,True
2010-11-18,BULLISH,1.355307,1.36097,1.358139,0.4178,0.3154,0.0348,0.6837,0.0718,False,True,True,True,True,True,False,True
2010-11-23,BEARISH,1.341886,1.361007,1.351446,1.4058,0.9524,0.0,1.0595,0.9452,False,False,False,True,False,False,True,False
2010-11-24,BEARISH,1.337506,1.340087,1.338797,0.1928,0.1197,0.0067,0.598,0.7478,False,False,False,True,True,True,True,True
2010-11-29,BEARISH,1.315028,1.320446,1.317737,0.4092,0.2655,0.0232,1.1249,0.7408,False,True,True,True,True,True,True,True
2010-12-02,BULLISH,1.313456,1.319505,1.316481,0.4608,0.2923,0.0033,0.7098,0.4074,False,True,True,True,True,False,True,False
2010-12-03,BULLISH,1.321196,1.325047,1.323122,0.2914,0.1809,0.0139,0.853,0.1152,False,True,True,True,True,True,True,True
2010-12-13,BULLISH,1.328198,1.336702,1.33245,0.6444,0.4861,0.009,1.1355,0.0666,True,True,True,True,True,True,False,True
2010-12-15,BEARISH,1.326102,1.336702,1.331402,0.7934,0.5882,0.005,0.505,0.8134,True,True,True,True,True,False,True,False
2010-12-17,BEARISH,1.3182,1.318461,1.318331,0.0197,0.0141,0.0057,1.1752,0.4466,True,True,True,True,True,True,True,True
2010-12-30,BULLISH,1.315634,1.328992,1.322313,1.0101,0.9204,0.0241,0.6196,0.0389,True,True,True,True,True,True,True,True
2011-01-05,BEARISH,1.317037,1.331824,1.324431,1.11,0.9615,0.0185,1.2671,0.9854,False,False,True,True,True,True,True,True
2011-01-06,BEARISH,1.302134,1.312905,1.307519,0.8186,0.6276,0.0242,0.7963,0.9011,False,True,True,True,True,True,True,True
2011-01-07,BEARISH,1.294834,1.303373,1.299103,0.6579,0.4803,0.0512,0.4634,0.4974,True,True,True,True,True,True,False,True
2011-01-11,BULLISH,1.294834,1.296664,1.295749,0.1411,0.1162,0.0373,0.4821,0.7229,False,False,False,False,False,False,False,False
2011-01-12,BULLISH,1.2986,1.309192,1.303896,0.8158,0.7079,0.0135,0.6453,0.1796,False,False,False,False,False,False,False,False
2011-01-13,BULLISH,1.306319,1.332605,1.319462,2.0022,1.4696,0.0019,1.4592,0.1396,True,True,True,True,False,False,True,False
2011-01-18,BULLISH,1.337614,1.338169,1.337891,0.0418,0.0292,0.0009,1.0792,0.1364,False,False,False,False,False,False,False,False
2011-01-21,BULLISH,1.351808,1.354701,1.353255,0.2148,0.1575,0.0128,0.7514,0.1234,False,False,False,True,True,True,True,False
2011-02-01,BULLISH,1.373796,1.378151,1.375974,0.3175,0.2664,0.0069,0.5412,0.102,True,True,True,True,True,True,True,True
2011-02-03,BEARISH,1.364759,1.378151,1.371455,0.9692,0.7981,0.0125,1.2253,0.9675,False,True,True,True,True,False,True,False
2011-02-11,BEARISH,1.355896,1.358142,1.357019,0.1652,0.1369,0.0214,0.6805,0.8242,False,True,True,True,True,True,True,True
2011-02-18,BULLISH,1.361063,1.365001,1.363032,0.2891,0.2883,0.0285,0.7117,0.8031,True,True,True,True,True,True,True,False
2011-02-23,BULLISH,1.370051,1.370802,1.370426,0.0549,0.0561,0.0028,0.8213,-0.0034,False,False,False,False,False,False,False,False
2011-03-03,BULLISH,1.389005,1.3947,1.391852,0.4107,0.3997,0.0068,0.9864,0.2279,False,True,True,True,True,True,True,True
2011-03-08,BEARISH,1.394078,1.395888,1.394983,0.1296,0.137,0.0074,0.9224,0.7867,False,True,True,True,True,True,True,True
2011-03-10,BEARISH,1.384236,1.385905,1.385071,0.1201,0.1297,0.0195,1.0107,0.8244,True,True,True,True,True,True,False,True
2011-03-14,BULLISH,1.384236,1.385809,1.385023,0.1129,0.1144,0.0014,0.5288,0.3838,False,False,False,False,False,False,False,False
2011-03-18,BULLISH,1.404692,1.414587,1.409639,0.7052,0.6508,0.0143,1.0667,0.3061,False,True,True,True,True,True,True,True
2011-03-21,BULLISH,1.414547,1.418078,1.416312,0.2491,0.2288,0.0169,0.3632,0.4399,True,True,True,True,True,True,True,True
2011-04-06,BULLISH,1.423285,1.424806,1.424045,0.107,0.1259,0.0084,1.0506,-0.008,False,False,False,True,True,True,True,True
2011-04-08,BULLISH,1.43361,1.442169,1.437889,0.5985,0.6889,0.0082,1.2078,0.0599,True,True,True,True,True,True,True,True
2011-04-18,BEARISH,1.432809,1.439429,1.436119,0.4593,0.4573,0.0273,1.7554,0.9722,True,True,True,True,True,True,False,True
2011-04-20,BULLISH,1.432809,1.450873,1.441841,1.2599,1.035,0.0059,1.1655,0.0091,False,True,True,True,False,False,True,False
2011-04-26,BULLISH,1.462566,1.463807,1.463187,0.0852,0.0758,0.0065,0.9116,0.5309,False,False,False,True,True,True,True,True
2011-04-27,BULLISH,1.464901,1.477847,1.471374,0.8814,0.812,0.0122,0.4511,0.6936,False,True,True,True,True,True,True,True
2011-04-28,BULLISH,1.470999,1.480494,1.475747,0.6424,0.5788,0.0,0.6314,0.0148,True,True,True,True,True,True,True,True
2011-05-05,BEARISH,1.458704,1.477891,1.468297,1.2938,1.112,0.0331,1.8318,0.7861,False,False,False,False,False,False,False,False
2011-05-06,BEARISH,1.444043,1.45813,1.451087,0.9685,0.7118,0.0214,0.6067,0.6449,False,False,False,False,False,False,False,False
2011-05-09,BEARISH,1.439408,1.446697,1.443052,0.5078,0.3476,0.0334,0.8699,0.5205,True,True,True,True,False,False,False,False
2011-05-11,BEARISH,1.425578,1.427491,1.426534,0.1327,0.0996,0.0,0.8148,0.9283,True,True,True,True,True,True,True,True
2011-05-20,BEARISH,1.413468,1.4211,1.417284,0.5332,0.4308,0.0104,1.1222,0.8606,False,True,True,True,True,True,True,True
2011-05-23,BEARISH,1.413308,1.414507,1.413907,0.085,0.0603,0.015,0.7975,0.8177,False,True,True,True,True,True,True,True
2011-05-26,BULLISH,1.411672,1.412829,1.41225,0.0821,0.0673,0.015,0.7843,0.1089,False,False,False,False,False,False,False,False
2011-05-27,BULLISH,1.420495,1.425984,1.42324,0.3884,0.3085,0.0224,0.9823,0.0388,False,False,False,False,False,False,False,False
2011-05-30,BULLISH,1.430308,1.432418,1.431363,0.1476,0.1193,0.0139,0.2582,0.821,False,False,False,False,False,False,False,False
2011-05-31,BULLISH,1.430554,1.438807,1.434681,0.5763,0.4852,0.0109,0.5806,-0.0187,True,True,True,True,True,True,True,False
2011-06-02,BULLISH,1.445776,1.445985,1.445881,0.0146,0.0128,0.0063,0.9394,0.0974,False,False,True,True,True,True,True,True
2011-06-03,BULLISH,1.448394,1.459534,1.453964,0.7691,0.6303,0.0059,0.8208,0.1805,True,True,True,True,True,True,True,True
2011-06-09,BEARISH,1.454799,1.457237,1.456018,0.167,0.1452,0.0178,0.9741,0.7332,False,False,False,False,False,False,False,False
2011-06-10,BEARISH,1.440341,1.448205,1.444273,0.5418,0.4415,0.0189,1.0717,0.8308,True,True,True,True,True,True,True,False
2011-06-15,BEARISH,1.420031,1.438104,1.429067,1.2507,0.9786,0.0056,1.2996,1.0017,True,True,True,True,True,True,True,True
2011-06-21,BULLISH,1.432501,1.434905,1.433703,0.1679,0.1277,0.0033,0.4979,0.1618,True,True,True,True,True,True,True,True
2011-06-23,BEARISH,1.430595,1.434905,1.43275,0.3011,0.2294,0.0196,1.0792,0.9029,False,True,True,True,True,True,False,True
2011-06-28,BULLISH,1.429409,1.433404,1.431406,0.2791,0.2113,0.0011,0.8024,0.4784,False,False,True,True,True,True,True,True
2011-06-29,BULLISH,1.439595,1.444899,1.442247,0.3694,0.2924,0.0011,0.628,0.2096,True,True,True,True,True,True,True,True
2011-07-05,BEARISH,1.446655,1.449801,1.448228,0.2162,0.2089,0.0,0.7133,1.0,False,False,False,False,False,False,False,False
2011-07-06,BEARISH,1.437401,1.444565,1.440983,0.4965,0.4326,0.0251,1.0661,0.7825,False,False,False,True,False,False,True,False
2011-07-11,BEARISH,1.404692,1.421403,1.413048,1.1767,0.8514,0.0154,1.2065,0.8993,True,True,True,True,True,True,True,True
2011-07-13,BULLISH,1.404692,1.415088,1.40989,0.7442,0.4747,0.0,1.0265,0.0078,True,True,True,True,True,True,True,False
2011-07-15,BEARISH,1.413208,1.415088,1.414148,0.1328,0.0862,0.0037,0.4569,0.6108,True,True,True,True,True,True,True,True
2011-07-19,BULLISH,1.413208,1.413488,1.413348,0.0198,0.0141,0.005,0.7124,0.2748,False,False,False,False,False,False,False,False
2011-07-21,BULLISH,1.423792,1.432706,1.428249,0.6247,0.4512,0.0052,1.2791,0.4944,False,False,True,True,True,True,True,True
2011-08-15,BULLISH,1.428796,1.435791,1.432294,0.4901,0.3126,0.0055,0.9274,0.0324,True,True,True,True,True,True,True,False
2011-08-31,BEARISH,1.437794,1.43887,1.438332,0.0745,0.0674,0.0091,0.4385,0.5018,False,False,False,False,False,False,False,False
2011-09-01,BEARISH,1.428796,1.439802,1.434299,0.7656,0.6651,0.0025,0.8963,0.9777,False,False,False,False,False,False,False,False
2011-09-02,BEARISH,1.417193,1.422961,1.420077,0.4044,0.3441,0.0,0.5662,0.7273,True,True,True,True,True,True,True,False
2011-09-08,BEARISH,1.393806,1.400207,1.397007,0.4545,0.3717,0.0104,0.8511,0.9702,False,False,False,False,False,False,False,False
2011-09-09,BEARISH,1.368701,1.39435,1.381525,1.8447,1.2364,0.0009,1.3929,0.8826,True,True,True,True,True,False,True,False
2011-09-15,BULLISH,1.374854,1.375894,1.375374,0.0757,0.0479,0.0104,1.029,0.188,True,True,True,True,True,True,False,True
2011-09-19,BEARISH,1.372665,1.375894,1.374279,0.2357,0.1497,0.0096,0.5354,0.9529,True,True,True,True,False,False,True,False
2011-09-21,BEARISH,1.358567,1.359952,1.359259,0.1012,0.0716,0.0155,0.483,0.6036,False,True,True,True,True,True,True,False
2011-09-22,BEARISH,1.356594,1.363754,1.360174,0.527,0.3444,0.0062,0.9311,1.0019,False,True,True,True,True,True,True,False
2011-09-27,BULLISH,1.3545,1.354591,1.354546,0.0068,0.0047,0.0103,0.8909,0.2143,True,True,True,True,True,True,True,True
2011-09-30,BEARISH,1.338079,1.3521,1.34509,1.0321,0.7517,0.0208,0.9849,0.9286,False,True,True,True,True,True,True,True
2011-10-03,BEARISH,1.329893,1.341526,1.33571,0.8706,0.5617,0.0,0.6555,0.8538,True,True,True,True,True,True,False,True
2011-10-06,BULLISH,1.337238,1.340393,1.338815,0.2365,0.1563,0.0026,0.9414,0.5105,True,True,True,True,True,False,False,False
2011-10-10,BULLISH,1.352174,1.356999,1.354587,0.3605,0.2257,0.0,1.4454,0.0162,False,False,False,False,False,False,False,False
2011-10-12,BULLISH,1.367409,1.368607,1.368008,0.0878,0.0534,0.0075,1.0226,0.2584,False,True,True,True,True,True,True,False
2011-10-27,BULLISH,1.396687,1.413927,1.405307,1.2424,0.8729,0.0244,1.5944,0.0281,True,True,True,True,True,True,True,True
2011-10-31,BEARISH,1.386982,1.413927,1.400454,1.9056,1.2388,0.0092,1.074,0.8739,False,False,False,False,False,False,False,False
2011-11-01,BEARISH,1.38259,1.393592,1.388091,0.7938,0.4249,0.0178,0.996,0.962,False,True,True,True,False,False,True,False
2011-11-09,BEARISH,1.364964,1.373193,1.369078,0.5951,0.3768,0.0026,1.378,0.8988,True,True,True,True,True,True,True,True
2011-11-15,BEARISH,1.355326,1.362101,1.358713,0.4973,0.2927,0.012,0.5543,0.8682,False,True,True,True,True,False,True,False
2011-11-23,BEARISH,1.341202,1.347128,1.344165,0.4383,0.3299,0.0417,0.9937,0.9488,False,True,True,True,True,True,True,False
2011-11-24,BEARISH,1.333404,1.335256,1.33433,0.1387,0.1014,0.0273,0.5029,0.3467,True,True,True,True,True,True,True,True
2011-12-12,BEARISH,1.323171,1.328604,1.325887,0.4062,0.3698,0.0049,1.1357,0.9625,False,False,False,False,False,False,False,False
2011-12-13,BEARISH,1.305909,1.321109,1.313509,1.154,0.9294,0.0329,0.8055,0.5396,False,True,True,True,True,False,True,False
2011-12-14,BEARISH,1.304904,1.309998,1.307451,0.3913,0.2985,0.0517,0.6155,0.6197,True,True,True,True,True,True,True,False
2011-12-28,BEARISH,1.294398,1.304495,1.299447,0.7724,0.9228,0.0094,1.2087,0.9431,True,True,True,True,True,True,True,True
2012-01-05,BEARISH,1.281296,1.290206,1.285751,0.6891,0.6391,0.0036,1.1312,0.9268,False,True,True,True,True,True,True,True
2012-01-06,BEARISH,1.278494,1.278527,1.278511,0.0026,0.0022,0.0206,0.7205,0.8449,True,True,True,True,True,True,True,True
2012-01-13,BEARISH,1.268295,1.270099,1.269197,0.1407,0.1199,0.0328,1.4824,0.7559,True,True,True,True,True,True,True,True
2012-01-17,BULLISH,1.268295,1.273723,1.271009,0.4285,0.3477,0.0021,0.8768,0.0024,False,False,False,True,True,True,True,False
2012-01-18,BULLISH,1.280361,1.284505,1.282433,0.3252,0.2608,0.0143,0.6723,0.0821,False,False,False,True,True,True,True,False
2012-01-19,BULLISH,1.284406,1.288776,1.286591,0.3397,0.2713,0.0185,0.472,0.2761,True,True,True,True,True,True,True,False
2012-01-25,BULLISH,1.305636,1.309483,1.30756,0.295,0.252,0.0334,0.7619,0.9224,True,True,True,True,True,True,True,False
2012-02-07,BULLISH,1.312853,1.323802,1.318327,0.8344,0.2732,0.0086,0.3725,0.1853,True,True,True,True,True,True,True,True
2012-02-14,BEARISH,1.318913,1.321109,1.320011,0.1669,0.0876,0.0138,0.3253,0.3178,False,True,True,True,True,True,True,True
2012-02-15,BEARISH,1.305824,1.313198,1.309511,0.5614,0.3154,0.017,0.5309,0.5535,True,True,True,True,True,True,False,True
2012-02-17,BULLISH,1.305824,1.318392,1.312108,0.9574,0.5923,0.0162,0.3873,0.1215,False,False,False,True,False,False,True,False
2012-02-23,BULLISH,1.32638,1.33588,1.33113,0.7167,0.5797,0.0097,0.6436,0.2012,False,True,True,True,True,True,True,True
2012-02-24,BULLISH,1.334,1.33702,1.33551,0.2258,0.176,0.0042,0.6895,0.1254,False,True,True,True,True,True,True,True
2012-02-29,BEARISH,1.335702,1.339585,1.337643,0.2881,0.2635,0.0062,0.8897,0.9376,False,False,False,False,False,False,False,False
2012-03-01,BEARISH,1.333156,1.335506,1.334331,0.1764,0.1532,0.0347,0.4662,0.4949,False,False,False,False,False,False,False,False
2012-03-02,BEARISH,1.323802,1.328551,1.326176,0.3564,0.3133,0.0246,0.9224,0.9365,False,True,True,True,True,False,True,False
2012-03-06,BEARISH,1.316136,1.316229,1.316183,0.0071,0.0063,0.019,0.7659,0.9845,True,True,True,True,True,True,True,True
2012-03-16,BULLISH,1.308289,1.314406,1.311348,0.4677,0.4235,0.0,0.9257,0.2107,False,True,True,True,False,False,True,False
2012-03-26,BULLISH,1.32857,1.332179,1.330374,0.2717,0.281,0.0055,1.0702,0.6073,True,True,True,True,True,True,True,True
2012-04-03,BEARISH,1.323452,1.32805,1.325751,0.3448,0.4555,0.0176,0.6312,0.4733,False,False,False,False,False,False,False,False
2012-04-04,BEARISH,1.3166,1.330318,1.323459,1.0372,1.1676,0.0119,1.0743,0.9265,False,False,True,True,False,False,True,False
2012-04-13,BEARISH,1.308524,1.310393,1.309458,0.1417,0.1704,0.0,1.1733,0.9188,True,True,True,True,True,True,False,True
2012-05-02,BEARISH,1.31802,1.320599,1.319309,0.1948,0.2739,0.0,1.1832,0.9827,False,False,False,False,False,False,False,False
2012-05-04,BEARISH,1.305824,1.30995,1.307887,0.3136,0.417,0.0,0.908,0.78,True,True,True,True,False,False,False,False
2012-05-07,BEARISH,1.306165,1.308609,1.307387,0.1885,0.2192,0.0663,0.8546,0.0776,False,False,False,False,False,False,False,False
2012-05-09,BEARISH,1.29785,1.298381,1.298116,0.0408,0.0465,0.0222,0.7947,0.9068,False,False,False,False,False,False,False,False
2012-05-11,BEARISH,1.290489,1.292574,1.291532,0.1612,0.2088,0.0101,0.4571,0.5671,False,False,False,False,False,False,False,False
2012-05-14,BEARISH,1.28698,1.290906,1.288943,0.3043,0.3896,0.0165,0.7607,0.9348,False,False,False,False,False,False,False,False
2012-05-15,BEARISH,1.275831,1.282824,1.279328,0.545,0.657,0.0,1.0644,0.6666,False,True,True,True,True,False,False,False
2012-05-16,BEARISH,1.275022,1.27565,1.275336,0.0493,0.056,0.0,0.6721,0.6988,False,True,True,True,True,True,False,True
2012-05-21,BULLISH,1.273983,1.274048,1.274015,0.0051,0.0061,0.0,0.7611,0.5184,True,True,True,True,True,True,False,True
2012-05-22,BEARISH,1.268392,1.273075,1.270733,0.3655,0.4561,0.032,0.7156,0.9553,False,False,False,False,False,False,False,False
2012-05-23,BEARISH,1.26098,1.274048,1.267514,1.0318,1.0795,0.0,0.9404,0.8307,False,True,True,True,False,False,True,False
2012-05-29,BEARISH,1.248595,1.252662,1.250629,0.3247,0.3571,0.0,0.8683,0.5062,False,True,True,True,True,True,True,True
2012-05-30,BEARISH,1.24292,1.2475,1.24521,0.3671,0.3932,0.0,0.8102,0.9175,True,True,True,True,True,True,True,True
2012-06-06,BULLISH,1.254013,1.254548,1.25428,0.0429,0.044,0.0,0.6832,0.212,True,True,True,True,True,True,True,True
2012-06-13,BULLISH,1.25277,1.254359,1.253565,0.127,0.1147,0.0,0.9339,0.217,False,False,False,True,True,True,True,True
2012-06-21,BEARISH,1.258131,1.266336,1.262233,0.6471,0.627,0.0123,0.9955,0.8442,False,False,True,True,True,True,True,False
2012-06-22,BEARISH,1.254548,1.257071,1.255809,0.201,0.1884,0.0118,0.406,0.4569,False,False,True,True,True,True,True,True
2012-06-25,BEARISH,1.252662,1.252693,1.252678,0.0025,0.0025,0.0124,0.5576,0.8883,False,True,True,True,True,True,True,True
2012-06-29,BULLISH,1.252348,1.257229,1.254789,0.3923,0.3697,0.0,1.9339,0.0182,True,True,True,True,True,True,True,True
2012-07-04,BEARISH,1.253761,1.256439,1.2551,0.2124,0.2031,0.0,0.7301,0.9835,False,False,False,False,False,False,False,False
2012-07-05,BEARISH,1.24013,1.25109,1.24561,0.8756,0.7494,0.0171,1.1756,0.8759,False,False,False,False,False,False,False,False
2012-07-06,BEARISH,1.231541,1.236568,1.234054,0.4057,0.3187,0.0,0.744,0.9171,True,True,True,True,False,False,True,False
2012-07-20,BEARISH,1.213445,1.2232,1.218322,0.7946,0.8488,0.0052,1.1396,0.9839,True,True,True,True,True,True,True,True
2012-07-23,BEARISH,1.213799,1.214801,1.2143,0.0827,0.0791,0.0116,0.4853,0.8804,True,True,True,True,True,True,True,True
2012-07-26,BULLISH,1.2167,1.22459,1.220645,0.6498,0.5711,0.0,1.4644,0.0946,True,True,True,True,True,True,True,False
2012-08-09,BEARISH,1.2316,1.233106,1.232353,0.1218,0.1103,0.0067,0.857,0.8834,True,True,True,True,True,True,True,True
2012-08-13,BULLISH,1.2316,1.2318,1.2317,0.0163,0.0152,0.0092,0.8193,0.123,True,True,True,True,True,True,True,True
2012-08-21,BULLISH,1.236843,1.2435,1.240171,0.5388,0.571,0.0131,1.197,0.0383,False,False,False,False,False,False,False,False
2012-08-22,BULLISH,1.248751,1.252756,1.250754,0.321,0.3382,0.0,0.4105,0.8561,True,True,True,True,True,True,True,False
2012-08-23,BULLISH,1.24836,1.24892,1.24864,0.0447,0.0476,0.0,0.5225,0.1124,False,True,True,True,True,True,True,False
2012-09-06,BULLISH,1.262148,1.262786,1.262467,0.0506,0.0634,0.0,0.7743,0.4883,False,False,False,False,False,False,False,False
2012-09-07,BULLISH,1.264223,1.277302,1.270762,1.0354,1.1501,0.0,1.5309,0.0275,True,True,True,True,False,False,False,False
2012-09-11,BULLISH,1.28041,1.284604,1.282507,0.3287,0.3499,0.0,0.9152,0.0119,False,False,False,True,False,False,True,False
2012-09-12,BULLISH,1.287001,1.28871,1.287855,0.1329,0.1343,0.0,0.712,0.0638,False,False,False,True,True,True,True,False
2012-09-13,BULLISH,1.293661,1.298533,1.296097,0.3775,0.403,0.0,0.3681,0.3625,False,False,True,True,True,True,True,True
2012-09-14,BULLISH,1.293159,1.308789,1.300974,1.2029,1.1157,0.0,1.3047,0.0462,True,True,True,True,True,True,True,True
2012-09-18,BEARISH,1.308558,1.308789,1.308674,0.0176,0.0171,0.0038,0.5261,0.9443,False,False,False,False,False,False,False,False
2012-10-04,BULLISH,1.293828,1.299714,1.296771,0.4554,0.5491,0.0156,0.9011,0.1037,True,True,True,True,True,True,True,True
2012-10-08,BEARISH,1.2993,1.299714,1.299507,0.0318,0.0383,0.0,0.6972,1.0,False,False,True,True,True,True,True,True
2012-10-09,BEARISH,1.291206,1.294049,1.292628,0.2191,0.2512,0.0,1.1011,0.8708,True,True,True,True,True,True,True,True
2012-10-11,BULLISH,1.291206,1.292491,1.291848,0.0999,0.1098,0.0141,1.0364,0.2312,True,True,True,True,True,True,True,False
2012-10-16,BULLISH,1.298027,1.308729,1.303378,0.8252,0.9329,0.0,0.9469,0.1392,True,True,True,True,True,True,True,True
2012-10-17,BULLISH,1.306199,1.30826,1.30723,0.1572,0.1689,0.0,0.4141,0.4075,True,True,True,True,True,True,False,True
2012-10-18,BEARISH,1.307901,1.308729,1.308315,0.0632,0.074,0.0,0.4145,0.7302,True,True,True,True,False,False,True,False
2012-10-19,BEARISH,1.308044,1.30826,1.308152,0.0165,0.0195,0.0093,0.57,0.8435,False,False,False,False,False,False,False,False
2012-10-23,BEARISH,1.2999,1.302253,1.301076,0.18,0.2233,0.0,1.1234,0.9856,True,True,True,True,True,False,True,False
2012-10-26,BEARISH,1.293695,1.294415,1.294055,0.0557,0.0706,0.0,0.6367,0.7162,True,True,True,True,True,True,True,True
2012-10-30,BULLISH,1.293695,1.294733,1.294214,0.0804,0.1093,0.0,1.009,0.2134,True,True,True,True,True,True,True,True
2012-11-02,BEARISH,1.2843,1.292825,1.288563,0.6583,0.8855,0.0,1.2071,0.9512,False,True,True,True,False,False,True,False
2012-11-05,BEARISH,1.2819,1.28378,1.28284,0.1465,0.1753,0.023,0.6816,0.7935,True,True,True,True,True,True,True,False
2012-11-21,BULLISH,1.282397,1.283714,1.283055,0.1028,0.1601,0.006,1.0623,0.823,False,False,False,False,False,False,False,False
2012-11-22,BULLISH,1.28299,1.286918,1.284954,0.3053,0.4757,0.0,0.7491,0.4512,False,False,False,False,False,False,False,False
2012-11-23,BULLISH,1.2899,1.294666,1.292283,0.3702,0.5583,0.0019,1.1635,0.0601,True,True,True,True,True,True,True,False
2012-11-27,BEARISH,1.293996,1.294666,1.294331,0.0516,0.0766,0.0385,0.9657,0.7802,True,True,True,True,True,True,True,True
2012-11-29,BULLISH,1.293996,1.297017,1.295506,0.2332,0.3452,0.0,0.8119,0.1887,False,False,True,True,True,True,False,True
2012-12-03,BULLISH,1.30286,1.306353,1.304607,0.2687,0.3965,0.0038,0.9182,0.0209,True,True,True,True,True,True,True,True
2012-12-06,BEARISH,1.297404,1.306353,1.301878,0.6847,0.9229,0.0,1.0866,0.8614,False,True,True,True,True,True,True,True
2012-12-07,BEARISH,1.294264,1.297943,1.296103,0.2838,0.3373,0.0,0.8402,0.8844,True,True,True,True,True,True,True,True
2012-12-11,BULLISH,1.294264,1.299697,1.296981,0.4199,0.5214,0.0,0.7492,0.1071,False,False,False,False,False,False,False,False
2012-12-12,BULLISH,1.300799,1.304521,1.30266,0.286,0.3528,0.008,0.5217,0.295,False,False,False,False,False,False,False,False
2012-12-13,BULLISH,1.3052,1.306848,1.306024,0.1261,0.1598,0.0,0.541,0.3866,False,False,False,False,False,False,False,False
2012-12-14,BULLISH,1.310099,1.314752,1.312425,0.3557,0.4823,0.0,0.5341,0.1991,False,False,False,False,False,False,False,False
2012-12-17,BULLISH,1.312,1.315738,1.313869,0.2839,0.385,0.0071,0.3315,0.5702,False,False,False,False,False,False,False,False
2012-12-18,BULLISH,1.317969,1.322524,1.320247,0.346,0.4969,0.0,0.6166,0.1318,True,True,True,True,True,True,True,False
2012-12-26,BULLISH,1.320306,1.321493,1.3209,0.09,0.1467,0.0215,0.9496,0.0678,True,True,True,True,True,True,True,True
2013-01-02,BEARISH,1.318913,1.319592,1.319253,0.0514,0.0846,0.0,1.2931,0.0336,False,False,True,True,True,True,True,True
2013-01-03,BEARISH,1.30638,1.319435,1.312908,0.9904,1.554,0.0207,1.1918,0.9305,True,True,True,True,True,True,True,True
2013-01-07,BULLISH,1.30638,1.306762,1.306571,0.0293,0.0404,0.0108,0.832,0.5954,True,True,True,True,True,True,True,True
2013-01-10,BULLISH,1.3095,1.325205,1.317353,1.203,1.5408,0.0117,1.7163,0.0788,False,False,False,False,False,False,False,False
2013-01-11,BULLISH,1.321598,1.33384,1.327719,0.9224,0.9468,0.0,0.8511,0.1918,True,True,True,True,True,False,True,False
2013-01-15,BEARISH,1.332701,1.33384,1.33327,0.0852,0.0925,0.0,0.6756,0.8063,True,True,True,True,True,True,True,True
2013-01-25,BULLISH,1.337793,1.342759,1.340276,0.3715,0.4377,0.0032,1.1089,0.1277,True,True,True,True,True,True,True,True
2013-01-29,BULLISH,1.347551,1.348363,1.347957,0.0604,0.0756,0.0168,0.6926,0.388,False,False,True,True,True,True,True,True
2013-01-30,BULLISH,1.349182,1.354401,1.351791,0.3868,0.4722,0.0,0.8447,0.0857,False,True,True,True,True,True,True,True
2013-01-31,BULLISH,1.3577,1.35889,1.358295,0.0877,0.1093,0.0017,0.4224,0.529,True,True,True,True,True,True,True,True
2013-02-04,BEARISH,1.356907,1.35889,1.357898,0.1452,0.181,0.0136,0.9117,1.0056,True,True,True,True,True,True,True,False
2013-02-07,BEARISH,1.342799,1.350238,1.346519,0.5501,0.5799,0.01,1.5737,0.7441,False,True,True,True,True,True,True,False
2013-02-12,BULLISH,1.34111,1.34312,1.342115,0.15,0.1685,0.0045,0.8816,0.3356,True,True,True,True,True,True,True,True
2013-02-14,BEARISH,1.339,1.34312,1.34106,0.3065,0.3409,0.0,1.1173,0.9196,False,True,True,True,True,True,False,False
2013-02-20,BEARISH,1.328904,1.333156,1.33103,0.3174,0.4208,0.0,0.6823,0.4466,False,True,True,True,True,False,True,False
2013-02-21,BEARISH,1.32433,1.336505,1.330417,0.9173,1.0366,0.0,0.9989,0.8647,True,True,True,True,True,False,True,False
2013-02-25,BEARISH,1.311596,1.3149,1.313248,0.2504,0.2758,0.0131,1.0782,0.101,True,True,True,True,True,True,True,True
2013-02-26,BEARISH,1.312612,1.318287,1.315449,0.4344,0.4459,0.0,0.7539,0.4696,True,True,True,True,True,False,True,False
2013-03-01,BEARISH,1.302932,1.305995,1.304463,0.2345,0.2415,0.0135,1.0211,0.6907,True,True,True,True,True,True,True,True
2013-03-13,BEARISH,1.29801,1.29938,1.298695,0.1051,0.1149,0.0,1.1744,0.7446,True,True,True,True,True,True,True,True
2013-03-18,BEARISH,1.296512,1.30039,1.298451,0.3008,0.3142,0.0445,0.7386,0.113,True,True,True,True,True,True,True,True
2013-03-25,BEARISH,1.2887,1.288992,1.288846,0.0225,0.024,0.0014,1.4824,0.8674,False,False,False,True,True,True,False,True
2013-04-04,BULLISH,1.286339,1.290139,1.288239,0.2957,0.3576,0.0,1.2329,0.7661,False,False,False,False,False,False,False,False
2013-04-05,BULLISH,1.28808,1.296916,1.292498,0.6834,0.7515,0.0142,1.1893,0.1921,False,False,False,False,False,False,False,False
2013-04-09,BULLISH,1.3034,1.305653,1.304527,0.1729,0.1965,0.0,0.7737,0.2257,True,True,True,True,True,True,True,True
2013-04-29,BULLISH,1.304631,1.305977,1.305304,0.1032,0.1366,0.0034,0.8206,0.1009,False,True,True,True,True,True,True,True
2013-04-30,BULLISH,1.311527,1.316205,1.313866,0.3572,0.4475,0.0,1.2076,0.2859,True,True,True,True,True,True,True,True
2013-05-02,BEARISH,1.315097,1.316205,1.315651,0.084,0.0936,0.0,1.4569,0.798,False,True,True,True,True,True,True,False
2013-05-09,BEARISH,1.305142,1.307531,1.306337,0.1815,0.218,0.0,0.8111,0.8127,False,False,False,False,False,False,False,False
2013-05-10,BEARISH,1.299599,1.308911,1.304255,0.7144,0.7461,0.0,0.9105,0.8503,True,True,True,True,False,False,True,False
2013-05-14,BEARISH,1.294197,1.29442,1.294308,0.0172,0.0194,0.0044,0.6802,0.5136,False,False,True,True,True,True,True,False
2013-05-15,BEARISH,1.29274,1.2948,1.29377,0.1593,0.174,0.0014,0.8252,0.9503,False,False,True,True,True,True,True,False
2013-06-06,BULLISH,1.311211,1.31947,1.31534,0.6308,0.6764,0.0014,1.6036,0.0874,True,True,True,True,True,True,True,False
2013-06-18,BULLISH,1.3361,1.338616,1.337358,0.1883,0.2246,0.0032,0.7501,0.4112,True,True,True,True,True,True,False,True
2013-06-19,BEARISH,1.330106,1.332853,1.331479,0.2052,0.2647,0.019,0.2624,0.1382,False,False,False,False,False,False,False,False
2013-06-20,BEARISH,1.325399,1.338616,1.332008,0.9944,1.1016,0.0368,1.1364,0.9326,False,False,False,False,False,False,False,False
2013-06-21,BEARISH,1.3123,1.31647,1.314385,0.3151,0.3258,0.0109,1.1122,0.8706,True,True,True,True,True,False,False,False
2013-06-26,BEARISH,1.304999,1.30678,1.305889,0.1361,0.1376,0.0053,0.7755,0.9232,True,True,True,True,True,True,True,True
2013-07-04,BEARISH,1.290806,1.292669,1.291737,0.1433,0.1613,0.0146,1.1771,0.9103,False,False,True,True,True,True,False,True
2013-07-05,BEARISH,1.287697,1.2887,1.288199,0.0776,0.079,0.0131,0.7655,0.9966,True,True,True,True,True,True,True,True
2013-07-10,BULLISH,1.28969,1.300889,1.29529,0.8762,0.923,0.0121,0.7652,0.1582,True,True,True,True,False,False,True,False
2013-07-11,BULLISH,1.286,1.30006,1.29303,1.0662,0.8912,0.0716,1.062,1.0674,True,True,True,True,False,False,True,False
2013-07-16,BULLISH,1.308113,1.30875,1.308431,0.0488,0.0436,0.0163,0.6733,0.0433,True,True,True,True,True,True,True,False
2013-07-19,BULLISH,1.312525,1.314499,1.313512,0.1505,0.1597,0.0056,0.4754,0.3418,False,False,False,False,False,False,False,False
2013-07-22,BULLISH,1.31493,1.316482,1.315706,0.118,0.1278,0.0328,0.6074,0.203,False,False,False,False,False,False,False,False
2013-07-26,BULLISH,1.3239,1.32416,1.32403,0.0196,0.0251,0.0171,0.4278,0.4619,True,True,True,True,True,True,True,True
2013-08-07,BULLISH,1.332291,1.332996,1.332643,0.053,0.0782,0.0216,0.7299,0.6223,False,True,True,True,True,True,True,True
2013-08-08,BULLISH,1.3333,1.33349,1.333395,0.0143,0.0211,0.0297,0.7449,0.1645,True,True,True,True,True,True,True,True
2013-08-12,BEARISH,1.331609,1.33349,1.33255,0.141,0.2144,0.0,0.711,0.9715,False,True,True,True,True,True,False,True
2013-08-15,BULLISH,1.328,1.331939,1.32997,0.297,0.4535,0.0203,1.1281,0.5622,True,True,True,True,True,True,True,True
2013-08-16,BULLISH,1.330707,1.331682,1.331195,0.073,0.1074,0.0334,0.6681,0.5708,False,True,True,True,True,True,True,True
2013-08-29,BEARISH,1.325346,1.33083,1.328088,0.4112,0.5722,0.0093,1.2497,0.9495,False,False,False,True,True,True,True,True
2013-09-09,BULLISH,1.318705,1.323199,1.320952,0.3412,0.4576,0.0212,0.9713,0.0691,False,False,False,False,False,False,False,False
2013-09-13,BULLISH,1.332392,1.334169,1.333281,0.1337,0.2063,0.0123,0.7252,0.6709,True,True,True,True,True,False,True,False
2013-09-16,BULLISH,1.33195,1.332694,1.332322,0.0557,0.0862,0.0186,0.5135,0.3982,False,False,False,False,False,False,False,False
2013-09-18,BULLISH,1.337,1.351607,1.344304,1.0935,1.983,0.0073,0.368,0.6647,True,True,True,True,False,False,True,False
2013-09-19,BULLISH,1.3367,1.350001,1.343351,0.9836,1.444,0.004,0.5854,0.1288,True,True,True,True,False,False,True,False
2013-10-09,BEARISH,1.35445,1.354549,1.3545,0.0073,0.0117,0.0306,1.1695,0.9739,True,True,True,True,True,True,True,True
2013-10-11,BULLISH,1.35445,1.3547,1.354575,0.0185,0.0295,0.0043,0.7358,0.0941,True,True,True,True,True,True,True,True
2013-10-17,BULLISH,1.3569,1.366046,1.361473,0.6763,0.9535,0.0,1.7166,0.0311,True,True,True,True,True,True,True,False
2013-10-22,BULLISH,1.368701,1.37434,1.37152,0.4124,0.5603,0.0297,1.2022,0.0988,False,False,True,True,True,True,False,True
2013-10-29,BEARISH,1.377631,1.37771,1.37767,0.0058,0.0099,0.0212,0.7304,0.5812,False,False,False,False,False,False,False,False
2013-10-30,BEARISH,1.374004,1.375501,1.374752,0.1089,0.1935,0.0073,0.5467,0.2142,False,False,False,False,False,False,False,False
2013-10-31,BEARISH,1.358013,1.3734,1.365706,1.1212,1.7554,0.0064,1.7275,0.8942,False,False,False,False,False,False,False,False
2013-11-01,BEARISH,1.352009,1.358862,1.355435,0.5046,0.6327,0.0,0.9115,0.9963,True,True,True,True,False,False,True,False
2013-11-07,BEARISH,1.343629,1.346874,1.345252,0.24,0.272,0.0031,1.8876,0.9427,False,True,True,True,True,True,True,True
2013-11-20,BEARISH,1.347489,1.349036,1.348263,0.114,0.1609,0.0459,1.0997,1.0226,True,True,True,True,True,True,True,True
2013-11-22,BULLISH,1.347489,1.349073,1.348281,0.1175,0.1501,0.0034,0.7093,0.1115,False,False,False,False,False,False,False,False
2013-11-26,BULLISH,1.355546,1.355932,1.355739,0.0285,0.0407,0.0579,0.4674,0.0925,False,True,True,True,True,True,True,True
2013-12-02,BEARISH,1.359398,1.360008,1.359703,0.0449,0.0734,0.0178,1.0398,0.659,True,True,True,True,True,True,True,True
2013-12-05,BULLISH,1.359989,1.36323,1.36161,0.2385,0.3806,0.0065,1.4219,0.3394,False,False,False,True,False,False,True,False
2013-12-06,BULLISH,1.366639,1.36951,1.368075,0.21,0.3252,0.0106,0.7101,0.601,False,False,False,True,True,True,False,True
2013-12-09,BULLISH,1.369499,1.373626,1.371563,0.3011,0.4877,0.02,0.423,0.3188,False,True,True,True,True,True,True,True
2013-12-10,BULLISH,1.373091,1.37444,1.373765,0.0982,0.1589,0.0267,0.6716,0.0695,False,True,True,True,True,True,True,True
2013-12-18,BEARISH,1.369394,1.372701,1.371047,0.2401,0.478,0.0027,0.668,0.7893,True,True,True,True,True,True,True,True
2013-12-19,BEARISH,1.37087,1.373479,1.372174,0.1907,0.3435,0.0247,0.5636,0.7899,True,True,True,True,True,True,True,True
2013-12-27,BULLISH,1.37007,1.373,1.371535,0.214,0.3545,0.0068,2.293,0.0119,False,True,True,True,True,True,True,True
2014-01-02,BEARISH,1.367297,1.3744,1.370849,0.516,0.794,0.0085,1.587,0.9439,False,False,True,True,False,False,True,False
2014-01-10,BULLISH,1.36328,1.363931,1.363605,0.0478,0.0709,0.0,1.1857,0.2664,False,True,True,True,True,True,True,True
2014-01-15,BEARISH,1.364791,1.365029,1.36491,0.0174,0.028,0.0044,1.0663,0.9445,False,False,True,True,True,True,True,True
2014-01-17,BEARISH,1.35664,1.358806,1.357723,0.1591,0.2645,0.0294,0.7825,0.9537,False,True,True,True,True,True,True,True
2014-01-23,BULLISH,1.358087,1.366494,1.36229,0.6208,0.9812,0.0343,1.7726,0.0567,True,True,True,True,True,True,True,True
2014-01-30,BEARISH,1.356239,1.36045,1.358345,0.3083,0.4664,0.0062,1.1245,0.9651,False,False,True,True,True,True,True,True
2014-01-31,BEARISH,1.35196,1.356061,1.35401,0.3025,0.4024,0.0018,0.7978,0.9554,True,True,True,True,True,True,True,True
2014-02-06,BULLISH,1.3553,1.355579,1.35544,0.0206,0.0301,0.002,1.389,0.3412,False,False,False,False,False,False,False,False
2014-02-07,BULLISH,1.362008,1.362027,1.362017,0.0014,0.002,0.0253,0.9109,0.421,False,True,True,True,True,True,True,True
2014-02-13,BULLISH,1.365501,1.367484,1.366492,0.1459,0.221,0.0123,1.1675,0.03,False,False,False,True,True,True,True,False
2014-02-14,BULLISH,1.369171,1.369282,1.369226,0.0081,0.0117,0.0119,0.4352,0.0955,False,True,True,True,True,True,True,True
2014-02-18,BULLISH,1.372608,1.3742,1.373404,0.1162,0.1847,0.0305,0.8447,0.1134,True,True,True,True,True,True,True,True
2014-02-26,BEARISH,1.3696,1.37187,1.370735,0.1651,0.3037,0.005,1.2338,0.8708,True,True,True,True,True,True,False,True
2014-02-28,BULLISH,1.3696,1.374986,1.372293,0.3929,0.6214,0.0,1.478,0.095,True,True,True,True,True,False,False,False
2014-03-04,BEARISH,1.374601,1.374986,1.374793,0.0281,0.0465,0.0068,0.6828,0.2598,True,True,True,True,True,True,True,True
2014-03-06,BULLISH,1.374601,1.385425,1.380013,0.7881,1.2996,0.0204,1.5284,0.0903,False,True,True,True,True,False,True,False
2014-03-07,BULLISH,1.384999,1.386328,1.385664,0.0958,0.1379,0.016,0.6338,0.1447,True,True,True,True,True,True,True,True
2014-03-12,BULLISH,1.3877,1.389893,1.388796,0.1582,0.2765,0.0073,0.763,0.2182,True,True,True,True,True,True,True,True
2014-03-19,BEARISH,1.384409,1.38826,1.386335,0.2765,0.5267,0.0159,0.437,0.9332,False,True,True,True,False,False,True,False
2014-03-20,BEARISH,1.381139,1.390105,1.385622,0.6488,1.029,0.0088,1.0488,0.7278,True,True,True,True,False,False,True,False
2014-03-27,BEARISH,1.37713,1.37813,1.37763,0.0726,0.1315,0.0649,0.7019,0.7543,True,True,True,True,True,True,True,True
2014-03-31,BULLISH,1.37713,1.377145,1.377137,0.0011,0.002,0.038,0.9029,0.2007,True,True,True,True,True,True,True,True
2014-04-03,BEARISH,1.373,1.37552,1.37426,0.183,0.3338,0.0,1.3221,0.6877,True,True,True,True,True,True,True,True
2014-04-07,BULLISH,1.373,1.373947,1.373474,0.0691,0.1278,0.0,0.6887,0.1214,False,False,False,False,False,False,False,False
2014-04-08,BULLISH,1.374892,1.378099,1.376496,0.2334,0.4101,0.0,0.889,0.0516,False,False,False,False,False,False,False,False
2014-04-09,BULLISH,1.380901,1.383771,1.382336,0.2081,0.363,0.0,0.5906,0.2633,False,True,True,True,True,True,True,True
2014-04-10,BULLISH,1.38277,1.386559,1.384664,0.2734,0.4581,0.0255,0.7483,0.2797,True,True,True,True,True,True,False,True
2014-04-14,BEARISH,1.383241,1.386559,1.3849,0.2396,0.4243,0.0147,0.6764,0.6843,True,True,True,True,True,True,True,False
2014-05-05,BULLISH,1.387099,1.387347,1.387223,0.0179,0.0436,0.0,0.387,0.3056,False,True,True,True,True,True,True,True
2014-05-06,BULLISH,1.3888,1.39126,1.39003,0.1773,0.4109,0.0161,1.3065,0.032,True,True,True,True,True,True,False,True
2014-05-08,BEARISH,1.384505,1.39126,1.387882,0.4856,0.9555,0.0055,1.9705,0.4299,False,False,False,False,False,False,False,False
2014-05-09,BEARISH,1.3776,1.38518,1.38139,0.5475,0.9231,0.0093,1.0918,0.9914,False,False,False,False,False,False,False,False
2014-05-13,BEARISH,1.37298,1.375024,1.374002,0.1486,0.2481,0.0023,0.8989,0.7662,True,True,True,True,False,False,True,False
2014-06-09,BEARISH,1.3603,1.362175,1.361238,0.1374,0.2781,0.0359,1.2716,0.6959,False,False,False,True,True,True,True,False
2014-06-10,BEARISH,1.355899,1.358327,1.357113,0.1786,0.3351,0.0,0.8986,0.8415,True,True,True,True,True,True,True,True
2014-06-30,BULLISH,1.36397,1.367669,1.36582,0.2711,0.6183,0.0031,0.9295,0.0545,True,True,True,True,True,True,True,True
2014-07-02,BEARISH,1.366499,1.367669,1.367084,0.0855,0.2029,0.013,0.6655,0.9415,False,False,False,False,False,False,False,False
2014-07-03,BEARISH,1.361304,1.364471,1.362887,0.232,0.5207,0.0092,1.0794,0.8173,False,True,True,True,True,True,True,False
2014-07-15,BEARISH,1.357202,1.359878,1.35854,0.1965,0.5042,0.007,1.239,0.8989,False,False,False,False,False,False,False,False
2014-07-16,BEARISH,1.354019,1.356263,1.355141,0.1653,0.3822,0.0,0.777,1.0,False,True,True,True,False,False,True,False
2014-07-22,BEARISH,1.347509,1.35147,1.34949,0.2928,0.7138,0.0758,1.2375,0.952,True,True,True,True,False,False,True,False
2014-07-29,BEARISH,1.341706,1.342732,1.342219,0.0764,0.2055,0.0,0.6812,0.8567,False,True,True,True,True,True,True,True
2014-07-30,BEARISH,1.340201,1.340989,1.340595,0.0588,0.1498,0.0068,0.9161,0.8769,True,True,True,True,True,True,True,True
2014-08-01,BULLISH,1.340201,1.341211,1.340706,0.0754,0.191,0.0,1.2549,0.1555,True,True,True,True,True,True,True,True
2014-08-05,BEARISH,1.337499,1.341211,1.339355,0.2765,0.6912,0.0067,1.2027,0.9386,True,True,True,True,True,True,True,False
2014-08-19,BEARISH,1.332197,1.33549,1.333843,0.2465,0.5443,0.0088,0.7628,1.0038,False,False,False,False,False,False,False,False
2014-08-20,BEARISH,1.3291,1.33148,1.33029,0.1787,0.3736,0.0084,0.7137,1.0,True,True,True,True,False,False,True,False
2014-08-22,BEARISH,1.32103,1.324293,1.322662,0.2457,0.488,0.0026,1.107,0.7342,True,True,True,True,False,False,True,False
2014-08-25,BEARISH,1.321701,1.322499,1.3221,0.0605,0.1135,0.0099,0.3438,0.5207,False,True,True,True,False,False,True,False
2014-08-29,BEARISH,1.3147,1.31625,1.315475,0.1176,0.2528,0.0,0.8562,0.7743,False,True,True,True,True,False,True,False
2014-09-01,BEARISH,1.313731,1.31443,1.31408,0.0533,0.1132,0.0028,0.4328,0.2834,True,True,True,True,True,True,True,True
2014-09-04,BEARISH,1.298819,1.312405,1.305612,1.033,1.746,0.0222,2.9662,0.9825,False,False,False,False,False,False,False,False
2014-09-08,BEARISH,1.292491,1.292674,1.292583,0.0142,0.0209,0.0152,0.3075,0.8014,True,True,True,True,True,True,True,True
2014-09-18,BEARISH,1.292959,1.29409,1.293524,0.088,0.1549,0.0023,1.0509,-0.0022,False,False,False,False,False,False,False,False
2014-09-24,BEARISH,1.278494,1.284589,1.281542,0.4741,0.7794,0.038,1.1304,0.8876,False,False,False,True,False,False,True,False
2014-09-25,BEARISH,1.276047,1.27755,1.276799,0.1176,0.1716,0.0112,0.9082,0.9137,False,False,False,True,True,True,True,False
2014-09-30,BEARISH,1.263999,1.266511,1.265255,0.1979,0.2661,0.0017,1.357,0.9129,True,True,True,True,True,True,True,True
2014-10-03,BEARISH,1.25932,1.26161,1.260465,0.1807,0.2222,0.0062,1.6342,1.0038,True,True,True,True,True,True,False,True
2014-10-07,BULLISH,1.25932,1.262449,1.260885,0.2474,0.271,0.018,0.6896,0.7709,False,True,True,True,False,False,True,False
2014-10-08,BULLISH,1.26643,1.267781,1.267106,0.1066,0.124,0.0,0.6106,0.6543,True,True,True,True,True,True,True,True
2014-10-22,BEARISH,1.26758,1.27171,1.269645,0.3248,0.3377,0.004,0.7195,0.723,True,True,True,True,True,True,True,True
2014-10-28,BULLISH,1.2722,1.272508,1.272354,0.0242,0.0299,0.0094,0.7397,0.1908,True,True,True,True,True,True,False,True
2014-10-29,BEARISH,1.263408,1.268698,1.266053,0.4152,0.5388,0.0033,0.4555,0.2972,False,False,False,False,False,False,False,False
2014-10-30,BEARISH,1.261002,1.272508,1.266755,0.9108,1.0551,0.0044,0.6913,0.9831,False,False,False,False,False,False,False,False
2014-10-31,BEARISH,1.251142,1.25587,1.253506,0.3748,0.417,0.0295,1.0475,1.0281,True,True,True,True,True,True,True,False
2014-11-06,BEARISH,1.2443,1.245969,1.245134,0.1338,0.1406,0.0197,1.1071,0.5926,True,True,True,True,True,True,True,True
2014-11-21,BEARISH,1.24403,1.25068,1.247355,0.5301,0.6211,0.0132,1.4975,0.8614,True,True,True,True,True,True,True,False
2014-11-25,BULLISH,1.24403,1.24444,1.244235,0.033,0.036,0.0244,0.6392,0.3725,False,True,True,True,True,True,True,True
2014-12-02,BEARISH,1.239296,1.242282,1.240789,0.2395,0.3129,0.0,0.8622,0.9036,True,True,True,True,True,True,True,True
2014-12-09,BULLISH,1.230391,1.236293,1.233342,0.4792,0.4951,0.0089,1.2937,0.1384,False,False,False,True,True,True,False,True
2014-12-17,BEARISH,1.235147,1.243626,1.239387,0.6777,0.7331,0.0149,1.0882,0.9689,False,False,False,False,False,False,False,False
2014-12-18,BEARISH,1.230999,1.23901,1.235005,0.6492,0.6025,0.0069,0.6376,0.8526,False,False,False,False,False,False,False,False
2014-12-22,BEARISH,1.224999,1.22549,1.225245,0.0402,0.0414,0.0088,0.4761,0.0424,False,True,True,True,True,True,True,False
2014-12-23,BEARISH,1.222105,1.222359,1.222232,0.0208,0.0223,0.0079,0.7399,0.6886,True,True,True,True,True,True,True,False
2014-12-31,BEARISH,1.209863,1.21249,1.211176,0.216,0.3144,0.0,0.7701,0.8804,False,False,False,False,False,False,False,False
2015-01-01,BEARISH,1.208956,1.210539,1.209748,0.1309,0.1958,0.0,0.0,0.5,False,False,False,False,False,False,False,False
2015-01-02,BEARISH,1.19759,1.209863,1.203727,1.0151,1.5002,0.0089,0.9628,0.9981,False,False,False,False,False,False,False,False
2015-01-05,BEARISH,1.197,1.20108,1.19904,0.3415,0.418,0.0878,0.8894,0.6605,False,False,False,False,False,False,False,False
2015-01-07,BEARISH,1.184806,1.188693,1.18675,0.3273,0.3852,0.0056,0.9513,0.7433,False,True,True,True,True,False,True,False
2015-01-15,BEARISH,1.165,1.17306,1.16903,0.6839,0.7085,0.0183,1.7253,0.9866,False,True,True,True,False,False,True,False
2015-01-22,BEARISH,1.137398,1.154374,1.145886,1.4616,1.243,0.0119,1.6759,0.8796,False,True,True,True,True,False,True,False
2015-01-23,BEARISH,1.128399,1.1414,1.1349,1.1458,0.7059,0.0014,1.3692,0.892,True,True,True,True,True,True,True,True
2015-01-27,BULLISH,1.128399,1.13078,1.12959,0.2117,0.1182,0.0163,0.9632,0.1119,True,True,True,True,True,True,True,True
2015-02-03,BULLISH,1.136,1.14042,1.13821,0.3897,0.29,0.0312,0.8667,0.1804,True,True,True,True,True,True,True,True
2015-02-12,BULLISH,1.133196,1.1382,1.135698,0.4424,0.3932,0.0291,0.7227,0.0626,False,True,True,True,True,True,True,True
2015-02-26,BEARISH,1.125,1.13378,1.12939,0.7727,0.8003,0.0082,1.6051,0.9139,False,False,False,False,False,False,False,False
2015-03-04,BEARISH,1.11089,1.1156,1.113245,0.4211,0.4314,0.0172,1.1473,0.9531,False,False,False,False,False,False,False,False
2015-03-05,BEARISH,1.1034,1.10628,1.10484,0.2599,0.2451,0.0178,0.8374,0.7271,False,False,False,False,False,False,False,False
2015-03-06,BEARISH,1.091,1.10105,1.096025,0.911,0.7586,0.0147,1.372,0.9893,False,False,False,True,False,False,True,False
2015-03-09,BEARISH,1.083705,1.085222,1.084464,0.1399,0.1078,0.0025,0.5134,0.1139,False,False,False,True,True,True,True,True
2015-03-10,BEARISH,1.071455,1.083776,1.077616,1.1373,0.876,0.0167,0.9325,0.9722,False,False,False,True,True,True,True,True
2015-03-11,BEARISH,1.06815,1.07059,1.06937,0.2279,0.1543,0.0044,0.9684,0.9618,False,False,True,True,True,True,True,True
2015-03-19,BULLISH,1.0646,1.06572,1.06516,0.1032,0.0655,0.0351,1.7116,0.7811,False,False,False,False,False,False,False,False
2015-03-23,BULLISH,1.08149,1.089331,1.08541,0.7242,0.4185,0.0031,0.9298,0.3278,False,True,True,True,True,True,True,True
2015-03-26,BEARISH,1.089538,1.091,1.090269,0.1334,0.0844,0.0347,0.7651,0.361,False,False,True,True,True,True,True,True
2015-03-27,BEARISH,1.088495,1.09126,1.089877,0.254,0.1618,0.0048,0.5272,0.8999,False,True,True,True,True,True,True,True
2015-03-31,BEARISH,1.08003,1.08111,1.08057,0.0997,0.0678,0.0074,0.7898,0.8946,True,True,True,True,True,True,True,True
2015-04-02,BULLISH,1.08003,1.08659,1.08331,0.6091,0.4275,0.0008,0.9398,0.1196,False,True,True,True,True,True,True,True
2015-04-03,BULLISH,1.08969,1.096852,1.093271,0.6588,0.4299,0.0014,0.9367,0.031,True,True,True,True,True,True,False,True
2015-04-07,BEARISH,1.089,1.096852,1.092926,0.7181,0.4729,0.0,0.7097,0.8241,False,False,False,False,False,False,False,False
2015-04-08,BEARISH,1.079005,1.08377,1.081387,0.4402,0.2919,0.005,0.6155,0.3448,False,False,False,True,True,True,True,False
2015-04-09,BEARISH,1.06835,1.07895,1.07365,0.9828,0.6541,0.0057,0.7408,0.9602,False,True,True,True,True,True,True,True
2015-04-10,BEARISH,1.062,1.067,1.0645,0.4687,0.296,0.0108,0.6629,0.8711,True,True,True,True,True,True,True,True
2015-04-16,BULLISH,1.06687,1.07351,1.07019,0.6218,0.4295,0.0022,0.8695,0.3631,True,True,True,True,True,True,True,False
2015-04-24,BULLISH,1.08182,1.082391,1.082105,0.0527,0.039,0.0008,0.7546,0.2476,False,False,False,False,False,False,False,False
2015-04-28,BULLISH,1.09049,1.09606,1.093275,0.512,0.4062,0.0069,0.9278,0.1271,False,False,False,False,False,False,False,False
2015-04-29,BULLISH,1.0989,1.1073,1.1031,0.7658,0.5297,0.019,1.3584,0.0396,False,True,True,True,False,False,True,False
2015-04-30,BULLISH,1.117599,1.1186,1.1181,0.09,0.0573,0.0064,1.0003,0.2367,True,True,True,True,True,True,True,True
2015-05-06,BULLISH,1.121,1.12382,1.12241,0.2522,0.1672,0.0111,1.1097,0.0441,True,True,True,True,True,True,True,True
2015-05-08,BEARISH,1.120298,1.12382,1.122059,0.3132,0.2058,0.0111,0.6064,0.5949,True,True,True,True,True,True,True,True
2015-05-12,BULLISH,1.120298,1.12055,1.120424,0.0226,0.0157,0.0101,0.8843,0.0595,False,False,True,True,True,True,True,True
2015-05-13,BULLISH,1.12779,1.134224,1.131007,0.5734,0.3766,0.0147,1.0377,0.09,True,True,True,True,True,True,True,True
2015-05-19,BEARISH,1.115076,1.133879,1.124478,1.6602,1.0216,0.0042,1.1148,1.0,True,True,True,True,True,False,True,False
2015-05-22,BEARISH,1.101,1.108586,1.104793,0.6827,0.4126,0.0047,1.1042,0.5165,False,False,False,True,True,True,True,True
2015-05-25,BEARISH,1.097129,1.1007,1.098914,0.3248,0.1989,0.0047,0.2747,0.655,False,True,True,True,True,True,True,True
2015-05-26,BEARISH,1.093,1.096071,1.094535,0.2799,0.1793,0.0007,0.5611,0.9987,True,True,True,True,True,True,True,True
2015-06-02,BULLISH,1.098,1.108679,1.10334,0.9777,0.6854,0.0015,1.5845,0.0145,False,True,True,True,False,False,True,False
2015-06-03,BULLISH,1.11663,1.12326,1.119945,0.5946,0.3621,0.0095,1.0733,0.3217,True,True,True,True,True,True,True,True
2015-06-09,BULLISH,1.12428,1.12666,1.12547,0.211,0.1223,0.0052,0.6323,0.5224,True,True,True,True,True,True,True,True
2015-06-17,BULLISH,1.13301,1.134101,1.133555,0.097,0.0767,0.0027,0.433,0.2033,True,True,True,True,True,True,True,True
2015-06-18,BULLISH,1.12911,1.129599,1.129355,0.043,0.033,0.0392,0.5899,0.3314,False,True,True,True,True,True,True,True
2015-06-23,BEARISH,1.124,1.131601,1.1278,0.6697,0.514,0.0192,1.41,1.0136,False,False,False,False,False,False,False,False
2015-07-01,BEARISH,1.11216,1.1123,1.11223,0.0126,0.0087,0.0,0.6599,0.6935,False,False,False,True,True,True,True,True
2015-07-06,BEARISH,1.105265,1.10827,1.106768,0.2733,0.219,0.0212,0.6811,-0.0311,True,True,True,True,True,True,True,True
2015-07-15,BEARISH,1.095,1.09685,1.095925,0.168,0.1329,0.007,0.7464,0.692,False,False,True,True,True,True,True,True
2015-07-16,BEARISH,1.091,1.09361,1.092305,0.2384,0.1858,0.0332,0.645,0.9288,False,True,True,True,True,True,True,True
2015-07-21,BULLISH,1.0872,1.08814,1.08767,0.0868,0.0747,0.0047,1.0165,0.1774,False,False,False,True,True,True,True,False
2015-07-27,BULLISH,1.099602,1.1023,1.100951,0.2459,0.2228,0.0139,1.2876,-0.0108,True,True,True,True,True,True,True,True
2015-07-29,BEARISH,1.099,1.1023,1.10065,0.2982,0.2846,0.0042,0.6192,0.7214,True,True,True,True,True,True,True,True
2015-08-04,BEARISH,1.091879,1.0944,1.09314,0.23,0.2244,0.0182,0.5564,0.3604,True,True,True,True,True,True,True,True
2015-08-11,BULLISH,1.1,1.103302,1.101651,0.2997,0.3181,0.0094,1.1983,0.446,False,False,True,True,False,False,True,False
2015-08-17,BEARISH,1.11,1.11011,1.110055,0.0099,0.0097,0.0173,0.5596,0.4803,False,True,True,True,True,True,False,True
2015-08-19,BULLISH,1.11,1.11084,1.11042,0.0761,0.0822,0.0012,0.5832,0.175,False,False,False,True,True,True,True,False
2015-08-20,BULLISH,1.108,1.123204,1.115602,1.3675,1.3361,0.0174,0.9807,0.0863,False,False,True,True,True,False,True,False
2015-08-21,BULLISH,1.122,1.137294,1.129647,1.3611,1.1578,0.0077,1.0375,0.0359,False,True,True,True,True,True,True,True
2015-08-24,BULLISH,1.13691,1.14003,1.13847,0.2742,0.1762,0.0059,1.8814,0.012,True,True,True,True,True,True,True,True
2015-08-26,BEARISH,1.13616,1.14003,1.138095,0.335,0.2059,0.0206,1.0849,0.9607,False,False,False,False,False,False,False,False
2015-08-27,BEARISH,1.131,1.1355,1.13325,0.3968,0.2162,0.0025,0.7205,0.8564,False,True,True,True,True,False,True,False
2015-09-03,BEARISH,1.116,1.12229,1.119145,0.5608,0.3694,0.0059,0.9414,0.7882,True,True,True,True,True,True,True,True
2015-09-10,BULLISH,1.121,1.12558,1.12329,0.4082,0.358,0.0098,0.8216,0.4358,False,True,True,True,True,True,True,True
2015-09-11,BULLISH,1.128,1.12877,1.128385,0.0682,0.0606,0.0632,0.6799,0.4061,True,True,True,True,True,True,True,True
2015-09-17,BULLISH,1.13116,1.13517,1.133165,0.3551,0.3723,0.0178,0.4832,0.0784,True,True,True,True,True,True,False,True
2015-09-21,BEARISH,1.121,1.13517,1.128085,1.2549,1.0964,0.0079,1.1303,0.7402,False,True,True,True,True,False,True,False
2015-10-09,BULLISH,1.13131,1.13584,1.133575,0.4013,0.4056,0.008,0.9731,0.1557,True,True,True,True,True,True,True,True
2015-10-22,BEARISH,1.114094,1.1338,1.123947,1.7365,1.7952,0.0094,1.9499,0.9813,False,False,False,False,False,False,False,False
2015-10-23,BEARISH,1.106,1.1138,1.1099,0.7039,0.5569,0.0219,0.9275,0.5382,True,True,True,True,True,False,True,False
2015-10-28,BEARISH,1.0982,1.1032,1.1007,0.453,0.4345,0.0095,0.6339,0.1368,True,True,True,True,True,True,False,False
2015-10-30,BULLISH,1.0982,1.100401,1.0993,0.2002,0.1831,0.0151,0.8491,0.234,True,True,True,True,True,True,True,True
2015-11-03,BEARISH,1.096696,1.100401,1.098548,0.3363,0.3355,0.0088,0.8511,0.8299,False,False,False,False,False,False,False,False
2015-11-04,BEARISH,1.09,1.0938,1.0919,0.3466,0.3217,0.0092,1.0071,0.9747,False,False,False,False,False,False,False,False
2015-11-06,BEARISH,1.079,1.083705,1.081353,0.4323,0.3681,0.0074,1.4343,0.9398,False,True,True,True,False,False,True,False
2015-11-16,BEARISH,1.069198,1.0722,1.070699,0.2805,0.2668,0.0092,0.5243,-0.0175,True,True,True,True,True,True,True,True
2015-11-17,BEARISH,1.0692,1.070102,1.069651,0.0845,0.086,0.0098,0.4572,0.9166,True,True,True,True,True,True,True,True
2015-11-20,BEARISH,1.0654,1.067,1.0662,0.1492,0.1712,0.0086,0.7058,0.9418,True,True,True,True,True,True,True,True
2015-11-27,BEARISH,1.059704,1.0602,1.059952,0.0468,0.0588,0.0,0.8049,0.5067,True,True,True,True,True,True,True,True
2015-12-03,BULLISH,1.064,1.0858,1.0749,2.0541,1.9079,0.0089,3.0631,0.2029,True,True,True,True,False,False,True,False
2015-12-09,BULLISH,1.09,1.092799,1.0914,0.2569,0.2082,0.0079,0.8036,0.1108,False,True,True,True,True,True,True,True
2015-12-16,BEARISH,1.088898,1.0922,1.090549,0.302,0.2722,0.002,0.3691,0.5143,False,True,True,True,True,True,True,True
2015-12-17,BEARISH,1.087,1.091322,1.089161,0.3974,0.3636,0.004,0.4665,0.7395,True,True,True,True,True,True,True,True
2015-12-21,BULLISH,1.087,1.090501,1.08875,0.322,0.3262,0.0022,0.6336,0.2635,True,True,True,True,True,True,True,True
2015-12-29,BEARISH,1.095,1.0958,1.0954,0.0729,0.0924,0.0195,1.0396,0.7251,False,False,False,False,False,False,False,False
2015-12-31,BEARISH,1.086697,1.091,1.088848,0.3936,0.5229,0.0494,0.8871,0.9312,True,True,True,True,True,True,True,True
2016-01-04,BEARISH,1.084105,1.085906,1.085005,0.166,0.2021,0.0119,1.5706,0.3428,False,True,True,True,True,True,True,True
2016-01-05,BEARISH,1.077203,1.0806,1.078901,0.3137,0.3531,0.0158,1.3416,0.8954,True,True,True,True,True,True,False,True
2016-01-07,BULLISH,1.077203,1.080801,1.079002,0.3338,0.3563,0.0104,1.0101,0.049,False,True,True,True,True,False,True,False
2016-01-21,BEARISH,1.0864,1.089289,1.087845,0.2656,0.288,0.0,1.396,0.6787,False,True,True,True,True,True,True,True
2016-01-26,BULLISH,1.085,1.085305,1.085153,0.0281,0.033,0.0077,0.6501,0.5508,False,True,True,True,True,True,True,True
2016-02-03,BULLISH,1.094,1.1072,1.1006,1.2086,1.2139,0.0,1.5816,0.0932,False,False,False,False,False,False,False,False
2016-02-04,BULLISH,1.1078,1.111,1.1094,0.2885,0.2346,0.0072,1.2172,0.1146,True,True,True,True,True,True,True,False
2016-02-12,BEARISH,1.123949,1.1276,1.125775,0.3226,0.2856,0.005,0.8116,0.8479,False,False,False,False,False,False,False,False
2016-02-15,BEARISH,1.1192,1.123,1.1211,0.3385,0.2796,0.0,0.8059,0.8767,False,False,False,False,False,False,False,False
2016-02-22,BEARISH,1.105199,1.106799,1.105999,0.1438,0.1415,0.0,1.0522,0.9917,False,True,True,True,True,True,True,False
2016-02-26,BEARISH,1.0962,1.099199,1.0977,0.272,0.2748,0.0,1.3193,0.6874,False,False,True,True,True,True,True,True
2016-02-29,BEARISH,1.089401,1.0926,1.091,0.2929,0.2757,0.0175,0.8444,0.6117,False,True,True,True,True,True,True,True
2016-03-03,BULLISH,1.088,1.0908,1.0894,0.2577,0.2736,0.0104,0.8011,0.1583,False,False,True,True,True,True,True,False
2016-03-04,BULLISH,1.0938,1.0942,1.094,0.0365,0.0358,0.0086,1.1836,0.3102,False,True,True,True,True,True,True,False
2016-03-10,BULLISH,1.101516,1.108377,1.104946,0.6244,0.5417,0.0162,2.624,0.4855,False,True,True,True,False,False,True,False
2016-03-16,BULLISH,1.112999,1.1208,1.1169,0.7022,0.6678,0.0085,0.4536,0.9627,False,True,True,True,True,False,True,False
2016-03-17,BULLISH,1.111099,1.1258,1.11845,1.3104,1.1089,0.0142,1.0262,0.0804,True,True,True,True,True,False,True,False
2016-03-22,BEARISH,1.122297,1.1238,1.123048,0.1338,0.1261,0.0085,0.5878,0.6283,False,False,True,True,True,True,True,True
2016-03-23,BEARISH,1.119,1.119194,1.119097,0.0173,0.0172,0.0,0.5059,1.0,False,True,True,True,True,True,True,True
2016-03-29,BULLISH,1.121806,1.128796,1.125301,0.6239,0.7932,0.0199,0.6128,0.606,False,False,False,True,False,False,True,False
2016-03-30,BULLISH,1.1224,1.1312,1.1268,0.7793,0.9016,0.0196,0.7586,0.0551,False,False,False,True,True,False,True,False
2016-04-13,BEARISH,1.1294,1.135306,1.132353,0.5187,0.6013,0.0106,1.2118,0.9324,True,True,True,True,True,True,True,True
2016-04-21,BEARISH,1.130902,1.1322,1.131551,0.1148,0.1367,0.0,1.2211,0.2332,False,True,True,True,True,True,True,True
2016-04-26,BULLISH,1.127904,1.1292,1.128552,0.1149,0.1435,0.0253,0.8981,0.1362,False,False,False,False,False,False,False,False
2016-04-28,BULLISH,1.134,1.135796,1.134898,0.1585,0.2114,0.0121,0.7883,0.4474,False,False,False,True,True,True,True,False
2016-04-29,BULLISH,1.1366,1.145016,1.140808,0.7411,0.9242,0.0227,1.1205,-0.0202,False,True,True,True,True,True,True,True
2016-05-02,BULLISH,1.146,1.1504,1.1482,0.3838,0.4318,0.0103,0.7641,0.1652,True,True,True,True,True,True,True,True
2016-05-04,BEARISH,1.1496,1.1504,1.15,0.0695,0.0787,0.0156,0.5704,0.5869,False,False,False,False,False,False,False,False
2016-05-13,BEARISH,1.134404,1.138,1.136202,0.316,0.395,0.0185,1.0555,0.9676,True,True,True,True,False,False,True,False
2016-05-18,BEARISH,1.123103,1.130399,1.126751,0.6448,0.9226,0.0291,0.7202,0.9843,True,True,True,True,False,False,True,False
2016-05-19,BEARISH,1.124,1.125999,1.124999,0.1782,0.2314,0.0117,0.5674,0.8355,True,True,True,True,True,True,True,False
2016-05-24,BEARISH,1.1171,1.119,1.11805,0.1694,0.2446,0.013,1.0812,0.8339,True,True,True,True,True,True,True,True
2016-05-27,BEARISH,1.115,1.115698,1.115349,0.0624,0.0886,0.0111,0.9645,0.8693,True,True,True,True,True,True,True,True
2016-06-03,BULLISH,1.122,1.133324,1.127662,1.0155,1.174,0.0206,2.1977,0.066,False,True,True,True,True,True,True,True
2016-06-09,BEARISH,1.1324,1.135654,1.134027,0.2852,0.3251,0.0104,1.0888,0.9092,False,False,False,True,True,True,True,False
2016-06-10,BEARISH,1.1302,1.1308,1.1305,0.053,0.0574,0.0294,0.4787,0.8206,False,False,True,True,True,True,True,True
2016-06-17,BULLISH,1.13,1.1308,1.1304,0.0711,0.076,0.1711,0.665,0.3715,True,True,True,True,True,True,True,True
2016-06-24,BEARISH,1.108193,1.132,1.120097,2.1024,1.5296,0.0387,2.6734,0.9732,True,True,True,True,False,False,True,False
2016-07-05,BEARISH,1.109,1.11,1.1095,0.0897,0.0772,0.0038,0.8031,0.6734,True,True,True,True,True,True,True,True
2016-07-15,BEARISH,1.109,1.1092,1.1091,0.0179,0.0199,0.0037,0.9838,0.4813,False,False,False,True,True,True,True,True
2016-07-19,BEARISH,1.103,1.103826,1.103413,0.0745,0.0884,0.0052,0.8433,0.8878,True,True,True,True,True,True,True,True
2016-07-27,BULLISH,1.1024,1.106085,1.104242,0.3354,0.4934,0.0032,0.3635,0.1823,False,False,False,True,False,False,True,False
2016-07-28,BULLISH,1.101,1.1074,1.1042,0.5779,0.7771,0.064,0.7182,0.2133,False,False,True,True,False,False,True,False
2016-07-29,BULLISH,1.111999,1.1156,1.113799,0.3248,0.4104,0.0084,1.3909,0.0851,False,True,True,True,True,True,True,True
2016-08-03,BEARISH,1.115561,1.116358,1.115959,0.071,0.0967,0.0061,0.6791,0.9834,True,True,True,True,True,True,True,True
2016-08-04,BEARISH,1.116146,1.1164,1.116273,0.0228,0.0299,0.0102,0.4453,0.8915,False,True,True,True,True,True,True,True
2016-08-05,BEARISH,1.1106,1.111778,1.111189,0.1058,0.1329,0.0028,1.2679,0.7622,True,True,True,True,True,True,True,True
2016-08-09,BULLISH,1.1106,1.111815,1.111208,0.1096,0.1514,0.0398,0.6228,0.2329,False,False,False,False,False,False,False,False
2016-08-10,BULLISH,1.1122,1.1138,1.113,0.144,0.1881,0.0276,0.9619,-0.0287,True,True,True,True,False,False,True,False
2016-08-16,BULLISH,1.120574,1.1256,1.123087,0.4494,0.547,0.0041,1.5707,0.0321,False,False,True,True,True,True,True,True
2016-08-18,BULLISH,1.129433,1.1306,1.130017,0.1033,0.1292,0.0339,0.4906,0.0634,True,True,True,True,True,True,False,True
2016-08-24,BEARISH,1.13,1.131,1.1305,0.0886,0.1255,0.0304,0.8466,0.8125,True,True,True,True,True,True,True,False
2016-08-26,BEARISH,1.121001,1.126063,1.123532,0.4483,0.6437,0.0162,1.3448,0.5278,False,False,True,True,True,True,True,True
2016-08-29,BEARISH,1.119194,1.123469,1.121332,0.3817,0.5003,0.0294,0.5769,0.7861,False,True,True,True,True,True,True,True
2016-09-06,BULLISH,1.118443,1.12328,1.120862,0.4337,0.5871,0.0151,1.3287,0.0795,False,True,True,True,True,True,True,True
2016-09-16,BEARISH,1.121,1.122095,1.121547,0.0974,0.1447,0.0267,1.2395,0.9582,True,True,True,True,True,True,True,True
2016-09-22,BULLISH,1.116944,1.1196,1.118272,0.2373,0.3473,0.0,1.0025,0.1453,False,True,True,True,True,True,True,True
2016-10-11,BEARISH,1.106195,1.115076,1.110635,0.7972,1.1094,0.031,1.0905,0.9716,False,False,False,False,False,False,False,False
2016-10-12,BEARISH,1.10485,1.1056,1.105225,0.0678,0.0859,0.0,0.6404,1.0,True,True,True,True,True,True,False,False
2016-10-20,BEARISH,1.093135,1.0956,1.094367,0.2246,0.2974,0.0073,1.3636,0.5233,False,True,True,True,True,True,True,True
2016-10-21,BEARISH,1.0902,1.091601,1.0909,0.1281,0.1613,0.0014,0.793,0.9861,False,True,True,True,True,True,True,True
2016-10-31,BULLISH,1.09529,1.096179,1.095735,0.0809,0.1197,0.0065,0.6054,1.0107,False,False,False,True,True,True,True,True
2016-11-01,BULLISH,1.098418,1.105156,1.101787,0.614,0.8839,0.0,1.1697,0.1295,False,True,True,True,True,True,True,True
2016-11-02,BULLISH,1.105094,1.106085,1.10559,0.0895,0.1157,0.0286,0.797,0.0806,False,True,True,True,True,True,True,True
2016-11-07,BEARISH,1.106807,1.108402,1.107604,0.1437,0.204,0.063,1.0039,0.8585,True,True,True,True,True,True,True,False
2016-11-09,BEARISH,1.09553,1.103059,1.099295,0.6832,0.6493,0.0126,3.174,0.2311,False,False,False,False,False,False,False,False
2016-11-10,BEARISH,1.092538,1.093398,1.092968,0.0788,0.0712,0.002,0.7379,0.611,False,False,False,False,False,False,False,False
2016-11-14,BEARISH,1.081666,1.0857,1.083683,0.3727,0.3292,0.0096,1.3341,0.6976,False,False,False,False,False,False,False,False
2016-11-17,BEARISH,1.064,1.067122,1.065561,0.2916,0.2803,0.0103,0.7494,0.476,True,True,True,True,True,True,True,False
2016-11-18,BEARISH,1.0651,1.066691,1.065895,0.1497,0.1391,0.0148,0.5854,0.7467,True,True,True,True,True,True,True,False
2016-12-05,BULLISH,1.069176,1.0726,1.070888,0.3236,0.317,0.1035,1.8448,0.2015,True,True,True,True,True,True,True,True
2016-12-08,BEARISH,1.063151,1.071352,1.067252,0.762,0.6311,0.0143,1.8975,0.6162,False,True,True,True,False,False,True,False
2016-12-14,BEARISH,1.052521,1.06067,1.056596,0.7667,0.6692,0.0093,0.4242,0.2758,False,False,False,False,False,False,False,False
2016-12-15,BEARISH,1.04723,1.0615,1.054365,1.3572,1.0522,0.0082,0.8962,0.909,True,True,True,True,True,False,True,False
2016-12-21,BULLISH,1.041992,1.042753,1.042373,0.0732,0.0675,0.0307,0.5872,0.0782,False,False,True,True,True,True,True,True
2016-12-29,BULLISH,1.048218,1.051,1.049609,0.267,0.3318,0.0091,0.8733,-0.0104,True,True,True,True,True,True,True,True
2017-01-02,BEARISH,1.049208,1.051,1.050104,0.1702,0.1834,0.0386,0.7679,0.8166,False,True,True,True,True,True,False,True
2017-01-05,BULLISH,1.047889,1.053963,1.050926,0.5785,0.5197,0.0189,1.0471,0.117,True,True,True,True,True,True,True,False
2017-01-12,BULLISH,1.056747,1.06,1.058374,0.307,0.2811,0.0097,0.9569,0.2024,True,True,True,True,True,False,True,False
2017-01-17,BULLISH,1.063343,1.065962,1.064653,0.2469,0.2519,0.0087,1.1218,0.0135,True,True,True,True,True,True,True,True
2017-01-20,BULLISH,1.06768,1.070836,1.069258,0.296,0.3145,0.0159,0.682,0.4818,False,True,True,True,True,True,True,False
2017-01-23,BULLISH,1.069519,1.072777,1.071148,0.3041,0.3265,0.023,0.4789,0.1128,True,True,True,True,True,True,True,True
2017-02-14,BEARISH,1.058795,1.059345,1.05907,0.0519,0.066,0.0081,0.8572,0.514,True,True,True,True,True,True,True,True
2017-02-16,BULLISH,1.058795,1.062586,1.060691,0.3574,0.4499,0.0654,0.8808,0.0924,True,True,True,True,True,True,True,True
2017-02-20,BEARISH,1.061256,1.062586,1.061921,0.1252,0.1658,0.0014,0.3273,0.815,False,True,True,True,True,True,True,False
2017-02-21,BEARISH,1.055621,1.060524,1.058072,0.4622,0.5915,0.0109,1.0363,0.9633,True,True,True,True,True,True,True,True
2017-02-23,BULLISH,1.055621,1.056625,1.056123,0.0951,0.1213,0.0282,0.6774,0.2699,True,True,True,True,True,True,True,True
2017-03-01,BEARISH,1.054519,1.057664,1.056091,0.2976,0.41,0.0015,0.9492,0.7403,True,True,True,True,True,True,True,True
2017-03-03,BULLISH,1.054519,1.05782,1.05617,0.3142,0.4408,0.0162,0.937,0.0881,True,True,True,True,True,True,True,False
2017-03-07,BEARISH,1.05753,1.05782,1.057675,0.0275,0.0368,0.0255,0.5468,0.4265,True,True,True,True,True,True,True,True
2017-03-09,BULLISH,1.05753,1.058134,1.057832,0.0573,0.0795,0.0439,1.1627,0.2462,False,False,False,False,False,False,False,False
2017-03-10,BULLISH,1.061402,1.065689,1.063546,0.4053,0.5222,0.0354,1.0685,-0.0332,True,True,True,True,True,True,False,True
2017-03-14,BEARISH,1.0641,1.065689,1.064895,0.1492,0.185,0.0066,0.4037,0.6921,True,True,True,True,True,True,False,True
2017-03-15,BULLISH,1.066212,1.07071,1.068461,0.4238,0.563,0.0,0.3815,0.0628,False,False,False,False,False,False,False,False
2017-03-16,BULLISH,1.0641,1.072984,1.068542,0.8273,1.021,0.0,0.4443,0.797,False,False,False,True,True,False,True,False
2017-03-24,BULLISH,1.080497,1.083905,1.082201,0.316,0.4871,0.0017,0.7201,0.4423,False,True,True,True,True,True,False,True
2017-03-27,BULLISH,1.081198,1.084693,1.082945,0.3221,0.4552,0.046,0.8576,0.159,True,True,True,True,True,True,False,True
2017-03-28,BEARISH,1.082649,1.083905,1.083277,0.1156,0.1789,0.0252,0.3899,0.5123,False,False,False,False,False,False,False,False
2017-03-29,BEARISH,1.0769,1.084693,1.080797,0.7203,1.0142,0.0031,1.114,0.8974,False,False,False,False,False,False,False,False
2017-03-30,BEARISH,1.070091,1.074091,1.072091,0.3717,0.504,0.0044,0.5935,0.801,False,False,False,False,False,False,False,False
2017-03-31,BEARISH,1.068376,1.072191,1.070283,0.3569,0.4743,0.0057,0.3564,0.5173,False,True,True,True,False,False,True,False
2017-04-07,BEARISH,1.060783,1.063196,1.06199,0.2267,0.3801,0.025,0.7678,0.6765,True,True,True,True,True,True,True,True
2017-04-17,BULLISH,1.063151,1.063796,1.063474,0.0607,0.1075,0.0113,1.0028,0.0131,False,False,False,False,False,False,False,False
2017-04-18,BULLISH,1.066985,1.07016,1.068573,0.2982,0.4882,0.0104,1.0862,0.093,False,True,True,True,False,False,True,False
2017-04-19,BULLISH,1.070859,1.071065,1.070962,0.0192,0.0301,0.005,0.509,0.7758,True,True,True,True,True,True,True,False
2017-04-21,BULLISH,1.077819,1.082169,1.079994,0.406,0.6584,0.0243,0.7641,0.5511,False,False,False,False,False,False,False,False
2017-04-24,BULLISH,1.073756,1.085199,1.079478,1.0523,1.4482,0.018,0.7126,0.928,False,False,False,False,False,False,False,False
2017-05-04,BULLISH,1.093972,1.095326,1.094649,0.1243,0.1891,0.0033,1.2877,0.1374,True,True,True,True,True,True,True,True
2017-05-08,BEARISH,1.0934,1.095326,1.094363,0.1756,0.2506,0.0235,0.9986,0.5946,False,False,True,True,True,True,True,True
2017-05-09,BEARISH,1.090037,1.091953,1.090995,0.1754,0.2428,0.0061,0.7775,0.8984,False,True,True,True,True,True,True,True
2017-05-12,BULLISH,1.0892,1.092323,1.090762,0.2875,0.4199,0.0143,1.0231,0.0961,False,False,False,False,False,False,False,False
2017-05-15,BULLISH,1.093374,1.09796,1.095667,0.4197,0.5652,0.0088,0.8229,0.0608,False,False,False,False,False,False,False,False
2017-05-16,BULLISH,1.099,1.108316,1.103658,0.8483,1.0135,0.0118,1.1935,0.0198,False,False,False,False,False,False,False,False
2017-05-17,BULLISH,1.10893,1.110494,1.109712,0.141,0.1531,0.0169,0.6571,0.1612,True,True,True,True,False,False,True,False
2017-05-26,BEARISH,1.119069,1.119557,1.119313,0.0436,0.0543,0.0014,0.7619,0.6897,True,True,True,True,True,True,True,True
2017-05-31,BULLISH,1.12016,1.12031,1.120235,0.0135,0.0167,0.0221,0.9571,0.0678,False,False,True,True,True,True,True,True
2017-06-20,BEARISH,1.115449,1.115984,1.115717,0.048,0.0697,0.0016,0.5874,0.5246,True,True,True,True,True,True,True,True
2017-06-27,BULLISH,1.121869,1.129727,1.125798,0.7026,1.0172,0.0372,1.9367,0.0201,False,False,False,False,False,False,False,False
2017-06-28,BULLISH,1.133016,1.137799,1.135407,0.4218,0.5077,0.0246,0.9628,0.4618,False,True,True,True,True,True,True,False
2017-06-29,BULLISH,1.138797,1.139289,1.139043,0.0433,0.0522,0.0494,0.6048,0.0816,True,True,True,True,True,True,True,True
2017-07-03,BEARISH,1.137915,1.139289,1.138602,0.1203,0.1536,0.0219,0.7719,0.9584,False,True,True,True,True,True,True,True
2017-07-06,BULLISH,1.13688,1.138291,1.137586,0.1243,0.1685,0.0231,0.9358,0.2068,False,True,True,True,True,False,True,False
2017-07-17,BULLISH,1.146684,1.147236,1.14696,0.0481,0.0667,0.0032,0.6157,0.7672,False,False,False,False,False,False,False,False
2017-07-18,BULLISH,1.148726,1.151066,1.149896,0.204,0.2698,0.0106,1.2963,0.0176,True,True,True,True,True,True,True,False
2017-07-20,BULLISH,1.155321,1.16202,1.158671,0.5811,0.6913,0.0041,1.7527,0.2844,False,True,True,True,False,False,True,False
2017-07-27,BULLISH,1.165501,1.167256,1.166379,0.1496,0.1898,0.0253,1.2984,0.609,False,False,False,False,False,False,False,False
2017-07-31,BULLISH,1.176332,1.179106,1.177719,0.2361,0.2828,0.0042,1.0289,0.2334,False,True,True,True,True,True,True,True
2017-08-04,BEARISH,1.181251,1.1834,1.182325,0.1808,0.2135,0.0281,1.5306,0.9607,True,True,True,True,True,True,True,False
2017-08-08,BEARISH,1.176028,1.177773,1.176901,0.1479,0.1709,0.0068,1.0369,0.7772,True,True,True,True,True,True,True,True
2017-08-11,BULLISH,1.176471,1.177329,1.1769,0.073,0.0901,0.0029,0.8666,0.2546,True,True,True,True,True,True,True,True
2017-08-15,BEARISH,1.175751,1.177329,1.17654,0.134,0.1613,0.0128,1.0574,0.8389,True,True,True,True,True,True,True,True
2017-08-25,BULLISH,1.181893,1.191782,1.186837,0.8378,1.0934,0.0431,1.21,0.2502,False,True,True,True,True,False,True,False
2017-08-28,BULLISH,1.188425,1.196301,1.192363,0.659,0.7755,0.0042,0.5734,0.5846,True,True,True,True,True,True,True,True
2017-08-30,BEARISH,1.190816,1.196301,1.193559,0.4582,0.5404,0.0014,0.8809,0.8251,True,True,True,True,True,True,True,True
2017-09-07,BULLISH,1.194929,1.201894,1.198411,0.584,0.7108,0.0029,1.4412,0.0855,True,True,True,True,True,True,False,True
2017-09-11,BEARISH,1.197748,1.201894,1.199821,0.345,0.4078,0.0227,0.6582,0.825,True,True,True,True,True,True,True,False
2017-09-13,BEARISH,1.191001,1.192748,1.191874,0.1459,0.1722,0.0297,1.0872,0.8062,True,True,True,True,True,True,True,True
2017-09-15,BULLISH,1.191001,1.191682,1.191341,0.0571,0.0656,0.011,0.8014,0.232,False,True,True,True,True,True,True,True
2017-09-19,BULLISH,1.196888,1.198667,1.197778,0.1488,0.1912,0.0261,0.4875,-0.0158,True,True,True,True,True,True,False,True
2017-09-20,BEARISH,1.195357,1.196001,1.195679,0.0536,0.0726,0.0033,0.3673,0.181,True,True,True,True,True,True,True,False
2017-09-25,BEARISH,1.18638,1.194058,1.190219,0.6437,0.7841,0.0044,0.8887,0.8658,False,False,False,False,False,False,False,False
2017-09-26,BEARISH,1.179523,1.185185,1.182354,0.4776,0.5318,0.0,0.9256,0.9172,True,True,True,True,True,True,True,False
2017-10-02,BEARISH,1.177163,1.177329,1.177246,0.0141,0.0167,0.0028,0.7669,0.9964,True,True,True,True,True,True,True,True
2017-10-05,BEARISH,1.173874,1.174743,1.174309,0.0739,0.0943,0.003,0.8256,0.7016,True,True,True,True,True,True,False,True
2017-10-09,BULLISH,1.173874,1.174191,1.174033,0.027,0.0376,0.0049,0.3545,0.7184,False,False,True,True,True,True,True,False
2017-10-10,BULLISH,1.175088,1.179635,1.177361,0.3872,0.5467,0.0033,0.911,-0.0036,False,True,True,True,True,True,True,False
2017-10-11,BULLISH,1.181768,1.18318,1.182474,0.1195,0.1612,0.0096,0.7042,0.3005,True,True,True,True,True,True,True,True
2017-10-13,BEARISH,1.182103,1.18318,1.182641,0.091,0.1306,0.0051,0.826,0.3752,False,True,True,True,True,True,True,True
2017-10-16,BEARISH,1.17951,1.180624,1.180067,0.0943,0.1423,0.0125,0.5108,0.8253,False,True,True,True,True,True,True,True
2017-10-17,BEARISH,1.177981,1.178106,1.178044,0.0106,0.016,0.0072,0.7254,0.9901,True,True,True,True,True,True,True,True
2017-10-26,BEARISH,1.164415,1.175378,1.169897,0.9274,1.2971,0.0165,1.6962,0.8966,False,True,True,True,False,False,True,False
2017-10-27,BEARISH,1.16428,1.169221,1.166751,0.4246,0.4667,0.0166,0.6441,0.8987,True,True,True,True,True,False,True,False
2017-11-03,BEARISH,1.162656,1.162885,1.162771,0.0197,0.0279,0.0165,0.9892,0.694,False,True,True,True,True,True,True,True
2017-11-09,BULLISH,1.160955,1.162399,1.161677,0.1245,0.2007,0.0187,0.9197,0.1584,False,False,False,False,False,False,False,False
2017-11-14,BULLISH,1.167515,1.178606,1.17306,0.9508,1.5,0.0,1.4988,0.0147,True,True,True,True,True,False,False,False
2017-11-15,BULLISH,1.177413,1.177468,1.17744,0.0047,0.0062,0.0124,0.8152,0.0928,True,True,True,True,True,True,False,True
2017-11-20,BEARISH,1.175668,1.177468,1.176568,0.1534,0.2144,0.0033,0.9718,0.0725,True,True,True,True,True,True,True,True
2017-11-22,BULLISH,1.175668,1.181447,1.178557,0.4923,0.7589,0.0489,0.822,0.0264,False,False,False,True,True,False,True,False
2017-11-23,BULLISH,1.179816,1.183726,1.181771,0.331,0.4787,0.0051,0.4962,0.0069,False,True,True,True,True,True,True,True
2017-11-24,BULLISH,1.1855,1.190816,1.188158,0.4485,0.6042,0.0351,1.2099,0.1568,True,True,True,True,True,True,False,True
2017-11-28,BEARISH,1.188495,1.190816,1.189656,0.195,0.2691,0.0099,0.6205,0.6994,True,True,True,True,True,True,True,False
2017-12-07,BEARISH,1.177718,1.178134,1.177926,0.0353,0.0515,0.0086,0.3956,0.8475,True,True,True,True,True,True,True,True
2017-12-20,BULLISH,1.183292,1.185017,1.184154,0.1457,0.203,0.0495,0.8367,0.1576,True,True,True,True,True,True,True,False
2017-12-27,BULLISH,1.18779,1.189825,1.188807,0.1716,0.3129,0.0476,0.8423,0.041,False,False,False,False,False,False,False,False
2017-12-28,BULLISH,1.191043,1.193802,1.192423,0.2318,0.398,0.0082,0.8188,0.0449,False,False,False,True,True,False,True,False
2017-12-29,BULLISH,1.1955,1.199904,1.197702,0.3688,0.5768,0.0243,1.1111,0.0437,False,False,True,True,True,True,True,True
2018-01-08,BEARISH,1.197576,1.202154,1.199865,0.3803,0.5718,0.0253,1.1775,0.8246,True,True,True,True,True,True,True,True
2018-01-11,BULLISH,1.201634,1.204137,1.202886,0.2094,0.272,0.014,1.3915,0.1949,False,False,False,False,False,False,False,False
2018-01-12,BULLISH,1.205923,1.218814,1.212369,1.0704,1.2113,0.0,1.0784,0.0063,False,True,True,True,False,False,False,False
2018-01-15,BULLISH,1.215613,1.219676,1.217645,0.3332,0.3212,0.0059,0.8765,0.0375,False,True,True,True,True,False,False,False
2018-01-23,BULLISH,1.226663,1.229513,1.228088,0.2326,0.271,0.01,0.7929,0.3916,False,False,False,True,True,False,True,False
2018-01-24,BULLISH,1.2307,1.238651,1.234675,0.6459,0.719,0.0055,0.9663,0.1416,False,True,True,True,True,True,True,True
2018-02-07,BEARISH,1.229453,1.231618,1.230535,0.1749,0.1872,0.0013,1.0785,0.8239,False,True,True,True,True,True,True,True
2018-02-12,BULLISH,1.228547,1.228607,1.228577,0.0049,0.0057,0.0056,0.5697,0.2713,True,True,True,True,True,True,True,True
2018-02-14,BULLISH,1.2372,1.245051,1.241125,0.6355,0.6993,0.0068,1.2261,0.5465,True,True,True,True,True,True,True,True
2018-02-15,BULLISH,1.241619,1.243054,1.242337,0.1151,0.1212,0.0013,0.5193,0.2726,True,True,True,True,True,True,False,True
2018-02-16,BEARISH,1.2438,1.245051,1.244425,0.1001,0.1046,0.0314,1.0662,0.5728,False,False,False,False,False,False,False,False
2018-02-19,BEARISH,1.24091,1.243054,1.241982,0.1727,0.1767,0.0,0.5518,0.6099,False,False,False,True,True,False,True,False
2018-02-20,BEARISH,1.234701,1.237103,1.235902,0.1938,0.2051,0.0039,0.7439,0.88,True,True,True,True,True,True,True,True
2018-02-27,BEARISH,1.22429,1.228245,1.226267,0.3211,0.3848,0.0044,1.1924,0.7543,False,True,True,True,True,True,False,True
2018-02-28,BEARISH,1.22218,1.222315,1.222247,0.011,0.0127,0.0776,0.5072,0.7659,True,True,True,True,True,True,False,True
2018-03-01,BULLISH,1.22429,1.22528,1.224785,0.0812,0.0976,0.0029,0.629,0.5213,False,False,False,False,False,False,False,False
2018-03-02,BULLISH,1.22218,1.227551,1.224866,0.4377,0.5045,0.0042,0.7294,0.2323,False,False,True,True,False,False,True,False
2018-03-05,BULLISH,1.233046,1.233122,1.233084,0.0062,0.0074,0.0296,0.7091,0.5485,False,True,True,True,True,True,True,True
2018-03-06,BULLISH,1.234827,1.238605,1.236716,0.3062,0.3673,0.0118,0.8622,0.0601,True,True,True,True,True,True,True,True
2018-03-08,BEARISH,1.23338,1.238605,1.235993,0.4208,0.485,0.0143,1.2851,0.7824,True,True,True,True,True,True,True,True
2018-03-13,BULLISH,1.234201,1.23501,1.234605,0.0656,0.0794,0.0089,0.8238,0.2931,True,True,True,True,True,True,True,True
2018-03-15,BEARISH,1.233502,1.23501,1.234256,0.1219,0.1588,0.0032,0.6974,0.8287,False,True,True,True,True,True,True,True
2018-03-22,BULLISH,1.229619,1.231997,1.230808,0.1926,0.2413,0.0108,0.8764,0.5468,False,False,True,True,True,True,False,True
2018-03-26,BULLISH,1.236017,1.237333,1.236675,0.1065,0.1381,0.0048,1.0142,0.0205,True,True,True,True,True,True,True,True
2018-03-28,BEARISH,1.233806,1.237333,1.23557,0.2842,0.3462,0.0015,0.8365,0.83,False,True,True,True,True,True,True,False
2018-03-29,BEARISH,1.23335,1.233715,1.233532,0.0297,0.0349,0.0246,0.5055,0.4746,True,True,True,True,True,True,True,True
2018-04-09,BULLISH,1.228003,1.230376,1.229189,0.1933,0.2933,0.0,0.8395,0.1308,False,True,True,True,True,True,True,True
2018-04-10,BULLISH,1.233046,1.235407,1.234226,0.1916,0.2802,0.0018,0.8784,0.252,True,True,True,True,True,True,True,True
2018-04-12,BEARISH,1.234873,1.235407,1.23514,0.0432,0.065,0.0559,0.9662,0.8977,True,True,True,True,True,True,True,True
2018-04-20,BEARISH,1.228969,1.233046,1.231007,0.3302,0.502,0.0169,1.2024,0.9266,False,False,False,False,False,False,False,False
2018-04-23,BEARISH,1.223466,1.225505,1.224486,0.1661,0.2313,0.0051,0.8785,0.7897,True,True,True,True,False,False,False,False
2018-04-26,BEARISH,1.2117,1.2169,1.2143,0.4273,0.5599,0.0096,1.1865,0.6521,True,True,True,True,False,False,False,False
2018-05-01,BEARISH,1.203109,1.206636,1.204873,0.292,0.3564,0.0192,1.0214,0.9668,False,False,False,False,False,False,False,False
2018-05-08,BEARISH,1.189612,1.189952,1.189782,0.0285,0.035,0.0117,1.0249,0.9485,True,True,True,True,True,True,True,True
2018-05-11,BULLISH,1.194244,1.195157,1.194701,0.0767,0.0899,0.0223,0.7325,0.3237,True,True,True,True,True,True,False,True
2018-05-15,BEARISH,1.185396,1.195157,1.190277,0.8181,0.9513,0.0083,1.1338,0.9216,False,False,False,False,False,False,False,False
2018-05-23,BEARISH,1.174936,1.175945,1.175441,0.0856,0.1066,0.0117,1.1071,0.9767,False,False,False,True,True,True,True,True
2018-05-28,BEARISH,1.163982,1.164836,1.164409,0.0731,0.0878,0.0141,1.251,0.661,True,True,True,True,True,True,True,True
2018-05-30,BULLISH,1.163982,1.164293,1.164138,0.027,0.0275,0.0153,1.3311,0.1277,True,True,True,True,True,True,True,False
2018-06-06,BULLISH,1.171385,1.178356,1.174871,0.5944,0.6706,0.004,0.792,0.1402,True,True,True,True,True,True,True,True
2018-06-14,BEARISH,1.162656,1.173365,1.16801,0.9069,1.0393,0.0135,2.0647,0.841,False,True,True,True,True,False,True,False
2018-06-15,BEARISH,1.162372,1.162885,1.162629,0.0444,0.0413,0.0258,0.6534,0.2614,True,True,True,True,True,True,True,True
2018-06-21,BULLISH,1.160012,1.160174,1.160093,0.014,0.0145,0.018,1.0244,0.5685,False,True,True,True,True,True,True,True
2018-06-22,BULLISH,1.162831,1.162994,1.162912,0.014,0.0148,0.0111,0.6778,0.0544,False,True,True,True,True,True,True,True
2018-06-27,BEARISH,1.1597,1.165202,1.162451,0.4723,0.5262,0.0208,0.8443,0.7551,True,True,True,True,True,True,True,True
2018-07-06,BULLISH,1.171976,1.174288,1.173132,0.1977,0.247,0.0219,0.9251,0.1751,True,True,True,True,True,True,True,True
2018-07-12,BEARISH,1.167542,1.169837,1.16869,0.1965,0.2696,0.0128,0.5459,0.565,True,True,True,True,True,True,True,True
2018-07-17,BEARISH,1.166534,1.167665,1.1671,0.0966,0.1424,0.0138,1.0183,0.5559,False,True,True,True,True,True,True,True
2018-07-18,BEARISH,1.165705,1.166453,1.166079,0.0642,0.0902,0.0541,0.743,0.8036,True,True,True,True,True,True,True,True
2018-07-20,BULLISH,1.165705,1.168866,1.167286,0.2712,0.3754,0.0048,1.1202,0.2874,True,True,True,True,True,True,True,True
2018-07-26,BEARISH,1.166317,1.166752,1.166534,0.0371,0.0531,0.0286,1.1255,0.9387,True,True,True,True,True,True,True,True
2018-07-30,BULLISH,1.166317,1.169276,1.167796,0.2538,0.3487,0.032,0.8221,0.1577,True,True,True,True,True,True,False,True
2018-08-01,BEARISH,1.166997,1.169276,1.168137,0.1949,0.2867,0.0,0.419,0.729,False,False,False,False,False,False,False,False
2018-08-02,BEARISH,1.1612,1.166534,1.163867,0.4573,0.6645,0.0254,0.8198,0.9379,False,True,True,True,False,False,True,False
2018-08-03,BEARISH,1.157006,1.160416,1.158711,0.2943,0.4089,0.0048,0.5976,0.4784,True,True,True,True,True,True,True,True
2018-08-07,BULLISH,1.157006,1.157461,1.157233,0.0394,0.0594,0.007,0.744,0.1054,True,True,True,True,True,True,True,True
2018-08-09,BEARISH,1.153935,1.157461,1.155698,0.3037,0.4785,0.0091,0.8059,0.825,False,False,False,True,True,True,False,True
2018-08-10,BEARISH,1.14338,1.156176,1.149778,1.1104,1.3837,0.0517,1.5485,0.8923,False,False,True,True,True,True,False,True
2018-08-14,BEARISH,1.134945,1.136596,1.13577,0.1448,0.167,0.0408,0.8446,0.6587,True,True,True,True,True,True,True,True
2018-08-16,BULLISH,1.134945,1.136738,1.135842,0.1581,0.1884,0.0,0.7354,0.0845,False,False,False,False,False,False,False,False
2018-08-20,BULLISH,1.142204,1.148659,1.145432,0.5644,0.7104,0.0014,0.5959,0.7847,False,False,False,False,False,False,False,False
2018-08-21,BULLISH,1.144938,1.155442,1.15019,0.9141,1.1385,0.0243,0.5689,0.0905,True,True,True,True,False,False,True,False
2018-08-22,BULLISH,1.153908,1.154521,1.154215,0.0529,0.0627,0.0041,0.7238,0.3156,True,True,True,True,True,True,True,False
2018-08-24,BULLISH,1.158963,1.159716,1.15934,0.0652,0.0822,0.0058,1.0656,0.0409,False,False,True,True,True,True,True,True
2018-08-27,BULLISH,1.163697,1.166344,1.165021,0.2272,0.2708,0.0458,0.8566,0.618,True,True,True,True,True,True,True,True
2018-08-31,BEARISH,1.162791,1.164415,1.163603,0.1393,0.178,0.0134,1.0175,0.7342,False,True,True,True,True,True,True,True
2018-09-13,BULLISH,1.164822,1.165569,1.165196,0.0642,0.0855,0.0309,1.043,0.2148,True,True,True,True,True,True,True,True
2018-09-20,BULLISH,1.171646,1.173571,1.172609,0.1649,0.2231,0.0063,1.2075,0.017,True,True,True,True,True,True,True,True
2018-09-27,BEARISH,1.1653,1.172897,1.169098,0.6466,0.9019,0.0164,1.1236,0.8876,False,False,False,False,False,False,False,False
2018-09-28,BEARISH,1.162129,1.166453,1.164291,0.3716,0.4471,0.0056,0.852,0.8104,False,False,False,False,False,False,False,False
2018-10-10,BULLISH,1.150483,1.153216,1.15185,0.2375,0.3302,0.0352,0.741,0.4286,False,False,True,True,True,True,True,True
2018-10-17,BEARISH,1.152738,1.156711,1.154724,0.3433,0.5209,0.0141,0.7908,0.8866,False,True,True,True,True,False,True,False
2018-10-18,BEARISH,1.15145,1.15218,1.151815,0.0634,0.093,0.0,0.5671,0.4038,True,True,True,True,True,True,True,False
2018-10-24,BEARISH,1.143079,1.143995,1.143537,0.0798,0.1134,0.0065,1.136,0.9713,False,False,False,True,True,True,True,False
2018-10-30,BEARISH,1.136015,1.136441,1.136228,0.0375,0.0576,0.014,0.5366,0.7257,True,True,True,True,True,True,True,True
2018-11-01,BULLISH,1.136015,1.137566,1.13679,0.137,0.2034,0.037,1.3042,0.0296,True,True,True,True,True,True,True,True
2018-11-08,BEARISH,1.136919,1.140056,1.138488,0.2743,0.4277,0.0107,0.5339,0.7393,False,False,True,True,True,True,True,True
2018-11-09,BEARISH,1.133273,1.140511,1.136892,0.6367,0.9267,0.0017,0.5655,0.9824,False,True,True,True,True,True,True,True
2018-11-12,BEARISH,1.129191,1.132503,1.130847,0.2925,0.3915,0.003,1.0768,0.9155,True,True,True,True,True,True,False,True
2018-11-16,BULLISH,1.135112,1.139445,1.137279,0.3826,0.4833,0.0043,1.0221,0.0252,True,True,True,True,True,True,True,True
2018-11-23,BEARISH,1.138356,1.138628,1.138492,0.0239,0.0305,0.0058,0.9756,0.8131,False,True,True,True,True,True,True,True
2018-11-27,BEARISH,1.1308,1.132734,1.131767,0.1707,0.2288,0.0106,0.7749,0.8234,True,True,True,True,True,True,False,True
2018-11-28,BULLISH,1.134494,1.134958,1.134726,0.041,0.0565,0.0202,0.4909,0.7715,True,True,True,True,True,True,True,True
2018-11-29,BULLISH,1.1308,1.131478,1.131139,0.0596,0.08,0.0229,0.6121,0.3655,False,False,False,True,True,True,True,False
2018-12-06,BULLISH,1.136028,1.136131,1.13608,0.0091,0.0131,0.0229,1.1287,0.2891,False,True,True,True,True,True,True,True
2018-12-18,BULLISH,1.135396,1.137566,1.136481,0.1912,0.2721,0.0016,0.807,0.174,False,True,True,True,True,True,True,False
2018-12-27,BULLISH,1.141944,1.143092,1.142518,0.1011,0.1519,0.0307,0.9946,0.0292,True,True,True,True,True,True,True,True
2019-01-02,BEARISH,1.140914,1.1465,1.143707,0.4873,0.6232,0.0044,1.688,0.7667,True,True,True,True,True,True,True,True
2019-01-07,BULLISH,1.141774,1.142465,1.14212,0.0606,0.0725,0.0259,0.7254,0.0752,False,False,True,True,True,True,True,True
2019-01-09,BULLISH,1.148633,1.151145,1.149889,0.2193,0.2684,0.0126,1.0526,0.1464,True,True,True,True,True,True,False,True
2019-01-11,BEARISH,1.148369,1.151145,1.149757,0.2412,0.2882,0.0523,0.823,0.6357,True,True,True,True,False,False,True,False
2019-01-15,BEARISH,1.142231,1.145161,1.143696,0.2554,0.3145,0.0028,1.132,0.8225,False,False,False,True,True,False,True,False
2019-01-28,BULLISH,1.141162,1.141175,1.141168,0.0011,0.0016,0.0048,0.669,0.4046,True,True,True,True,True,True,True,True
2019-02-05,BEARISH,1.141097,1.142544,1.14182,0.1265,0.2274,0.0082,0.6234,0.8318,False,False,False,False,False,False,False,False
2019-02-06,BEARISH,1.13701,1.140329,1.138669,0.2909,0.5246,0.0185,0.5621,0.9707,False,False,False,False,False,False,False,False
2019-02-07,BEARISH,1.1351,1.13754,1.13632,0.2147,0.3697,0.0059,0.6672,0.9061,False,False,False,True,True,False,True,False
2019-02-11,BEARISH,1.13199,1.132182,1.132086,0.017,0.0303,0.0,0.9148,0.8761,True,True,True,True,True,True,True,True
2019-03-04,BEARISH,1.133915,1.135435,1.134675,0.1335,0.2857,0.0122,1.2169,1.01,False,False,False,True,True,True,True,False
2019-03-07,BEARISH,1.124455,1.129165,1.12681,0.4163,0.7476,0.0244,1.7641,0.947,True,True,True,True,True,True,True,True
2019-03-11,BULLISH,1.124455,1.125024,1.124739,0.0507,0.0813,0.0198,0.4982,0.282,False,False,True,True,True,True,True,False
2019-03-12,BULLISH,1.125746,1.127904,1.126825,0.1917,0.3132,0.0055,0.6398,0.204,False,True,True,True,True,True,True,False
2019-03-13,BULLISH,1.129433,1.129471,1.129452,0.0034,0.0057,0.0095,0.5181,0.2421,False,True,True,True,True,True,True,True
2019-03-22,BEARISH,1.13317,1.135512,1.134341,0.2059,0.3062,0.0135,1.5231,0.8532,False,False,False,False,False,False,False,False
2019-03-26,BEARISH,1.128554,1.12905,1.128802,0.0439,0.0673,0.0173,0.6684,0.7349,False,False,False,True,False,False,True,False
2019-03-27,BEARISH,1.1263,1.127955,1.127128,0.1468,0.2246,0.0052,0.5818,0.7508,False,False,False,True,True,True,True,False
2019-04-08,BULLISH,1.124151,1.125644,1.124898,0.1331,0.2699,0.0455,1.0581,0.0688,True,True,True,True,True,True,True,True
2019-04-12,BULLISH,1.128745,1.129943,1.129344,0.1065,0.2185,0.0254,1.2155,0.0361,True,True,True,True,True,True,True,True
2019-04-18,BEARISH,1.125113,1.128184,1.126648,0.2719,0.5779,0.0673,1.2846,0.8702,True,True,True,True,False,False,True,False
2019-04-23,BEARISH,1.12246,1.123671,1.123066,0.1075,0.2273,0.0024,1.2729,0.9663,False,False,True,True,True,True,True,False
2019-04-24,BEARISH,1.1164,1.119344,1.117872,0.2623,0.523,0.0022,0.738,0.9939,True,True,True,True,True,True,True,True
2019-04-25,BEARISH,1.117281,1.118306,1.117793,0.0919,0.164,0.0558,0.6765,0.7513,False,True,True,True,True,True,False,True
2019-04-29,BULLISH,1.117281,1.117656,1.117468,0.0336,0.0656,0.0218,0.4274,0.1936,False,True,True,True,True,True,True,False
2019-04-30,BULLISH,1.116994,1.121441,1.119217,0.3976,0.7403,0.0167,0.8838,0.1625,True,True,True,True,True,True,True,False
2019-05-02,BEARISH,1.120072,1.121441,1.120756,0.1222,0.2338,0.0172,0.7621,0.6114,True,True,True,True,True,True,True,True
2019-05-09,BULLISH,1.1215,1.121856,1.121678,0.0318,0.067,0.0165,1.4176,0.3008,False,True,True,True,True,True,True,True
2019-05-14,BEARISH,1.122272,1.12241,1.122341,0.0123,0.0276,0.0025,0.8197,0.672,True,True,True,True,True,True,True,False
2019-05-24,BULLISH,1.117281,1.118806,1.118043,0.1364,0.3075,0.0151,0.6849,0.1914,True,True,True,True,True,True,True,True
2019-05-28,BEARISH,1.117568,1.118806,1.118187,0.1106,0.268,0.0054,0.5986,0.796,False,True,True,True,True,True,True,True
2019-05-29,BEARISH,1.114604,1.117181,1.115892,0.2307,0.5251,0.0,1.0133,0.8996,True,True,True,True,True,True,True,True
2019-05-31,BULLISH,1.114604,1.116221,1.115412,0.1453,0.3239,0.0248,1.0585,0.0867,False,False,False,False,False,False,False,False
2019-06-03,BULLISH,1.117943,1.122776,1.120359,0.4325,0.8961,0.0116,0.9047,0.2428,False,True,True,True,True,False,True,False
2019-06-04,BULLISH,1.1211,1.123987,1.122544,0.2567,0.4767,0.0125,0.8258,0.3711,True,True,True,True,True,True,True,True
2019-06-13,BEARISH,1.12905,1.130851,1.129951,0.1594,0.3037,0.043,0.5709,0.7223,False,False,True,True,True,True,True,True
2019-06-14,BEARISH,1.1246,1.127116,1.125858,0.223,0.405,0.0144,1.2149,0.8667,False,True,True,True,True,True,True,True
2019-06-20,BULLISH,1.122208,1.128363,1.125286,0.5476,0.9119,0.0393,1.1755,0.0334,False,False,False,True,True,True,True,False
2019-06-21,BULLISH,1.131516,1.137385,1.13445,0.5195,0.8249,0.0341,0.6993,0.2408,False,True,True,True,True,True,True,True
2019-06-24,BULLISH,1.133337,1.137838,1.135587,0.3953,0.5943,0.0222,0.3613,0.3976,True,True,True,True,True,True,False,True
2019-07-01,BEARISH,1.132105,1.136131,1.134118,0.3542,0.6694,0.0215,1.0279,0.9582,False,False,False,False,False,False,False,False
2019-07-02,BEARISH,1.130531,1.130569,1.13055,0.0034,0.006,0.006,0.6935,0.2414,False,False,False,False,False,False,False,False
2019-07-05,BEARISH,1.123722,1.127434,1.125578,0.3289,0.635,0.0044,1.3635,0.9728,False,True,True,True,True,True,True,False
2019-07-10,BULLISH,1.122208,1.125176,1.123692,0.2647,0.5155,0.0633,1.0493,0.0936,True,True,True,True,True,True,True,True
2019-07-16,BEARISH,1.123343,1.125568,1.124456,0.1976,0.4009,0.016,1.0327,0.9203,True,True,True,True,True,True,True,True
2019-07-22,BEARISH,1.121076,1.121504,1.12129,0.0381,0.0787,0.0046,0.3453,0.5298,False,False,False,True,True,True,False,True
2019-07-23,BEARISH,1.115573,1.120838,1.118205,0.4698,0.9364,0.0201,1.0873,0.924,True,True,True,True,True,True,True,True
2019-07-31,BEARISH,1.107297,1.113325,1.110311,0.5403,1.2214,0.0126,0.7426,0.8232,True,True,True,True,True,True,False,True
2019-08-01,BEARISH,1.11142,1.11278,1.1121,0.1229,0.2261,0.0081,0.755,0.973,True,True,True,True,True,True,True,True
2019-08-02,BULLISH,1.107297,1.110741,1.109019,0.3108,0.5944,0.0509,0.7497,0.1864,False,False,False,True,True,True,True,False
2019-08-05,BULLISH,1.11142,1.117069,1.114244,0.5085,0.8522,0.0093,1.3887,0.0067,False,False,True,True,True,True,True,True
2019-08-14,BEARISH,1.1159,1.117818,1.116859,0.1716,0.2916,0.0076,0.7759,0.7268,False,False,False,False,False,False,False,False
2019-08-15,BEARISH,1.111358,1.113995,1.112677,0.2367,0.3884,0.0256,0.9341,0.7526,False,False,True,True,True,True,True,True
2019-08-27,BEARISH,1.110001,1.11084,1.11042,0.0755,0.1407,0.0434,0.4986,0.5014,False,False,False,False,False,False,False,False
2019-08-29,BEARISH,1.106097,1.107444,1.106771,0.1215,0.2558,0.0093,0.6448,0.8733,False,False,True,True,True,True,True,False
2019-08-30,BEARISH,1.099747,1.10562,1.102683,0.5309,0.9987,0.0395,1.2544,1.0133,False,True,True,True,True,True,True,True
2019-09-02,BEARISH,1.097731,1.09872,1.098225,0.09,0.1528,0.0131,0.5977,0.8531,True,True,True,True,True,True,True,True
2019-09-04,BULLISH,1.097731,1.101831,1.099781,0.3736,0.635,0.0149,0.9643,0.029,False,True,True,True,True,True,True,False
2019-09-25,BEARISH,1.096732,1.098515,1.097623,0.1619,0.2553,0.0174,1.0156,0.9658,False,False,True,True,True,True,True,True
2019-10-02,BULLISH,1.093733,1.094188,1.09396,0.0416,0.0684,0.0072,0.7923,0.5634,False,False,False,False,False,False,False,False
2019-10-03,BULLISH,1.095794,1.095914,1.095854,0.011,0.0182,0.0254,0.8539,0.3868,False,True,True,True,True,True,True,False
2019-10-10,BULLISH,1.099199,1.100388,1.099794,0.1082,0.2077,0.0338,0.9334,0.1378,False,True,True,True,True,False,True,False
2019-10-16,BULLISH,1.104545,1.106586,1.105566,0.185,0.3707,0.0133,0.958,0.2122,False,False,False,False,False,False,False,False
2019-10-17,BULLISH,1.107628,1.111506,1.109567,0.3502,0.6281,0.0103,1.1999,0.1224,False,True,True,True,True,True,True,False
2019-10-18,BULLISH,1.113995,1.114,1.113998,0.0004,0.0008,0.0,0.7202,0.2584,True,True,True,True,True,True,True,True
2019-10-22,BEARISH,1.113338,1.114,1.113669,0.0594,0.1106,0.0041,0.6012,0.7512,True,True,True,True,True,True,True,True
2019-10-30,BULLISH,1.111877,1.113375,1.112626,0.1348,0.3012,0.0522,0.4546,0.5077,True,True,True,True,True,True,True,True
2019-10-31,BULLISH,1.112595,1.113078,1.112836,0.0433,0.094,0.0048,0.8405,0.4803,False,True,True,True,True,True,False,True
2019-11-05,BEARISH,1.109509,1.1142,1.111854,0.4216,0.846,0.0045,1.3409,0.8595,False,False,False,False,False,False,False,False
2019-11-07,BEARISH,1.103814,1.106746,1.10528,0.2648,0.5252,0.0044,0.9561,0.6067,True,True,True,True,True,True,True,True
2019-11-15,BULLISH,1.101783,1.1054,1.103591,0.3282,0.8119,0.0545,0.9103,0.1287,False,True,True,True,True,True,True,True
2019-11-18,BULLISH,1.105583,1.106427,1.106005,0.0763,0.1758,0.0229,0.7706,0.0297,True,True,True,True,True,True,True,True
2019-11-22,BEARISH,1.103387,1.106378,1.104883,0.2703,0.694,0.0057,1.1596,0.7448,False,False,True,True,True,True,True,True
2019-11-25,BEARISH,1.102657,1.102864,1.102761,0.0188,0.0456,0.0349,0.6111,0.5915,False,True,True,True,True,True,True,True
2019-12-02,BULLISH,1.10267,1.106648,1.104659,0.361,0.892,0.03,1.9153,0.1789,False,True,True,True,True,False,True,False
2019-12-11,BULLISH,1.109755,1.111185,1.11047,0.1289,0.3138,0.0243,0.593,0.7768,False,False,True,True,True,True,True,True
2019-12-12,BULLISH,1.109878,1.111889,1.110884,0.1806,0.4226,0.0547,0.8724,0.5782,False,True,True,True,True,True,True,True
2019-12-20,BEARISH,1.109755,1.110988,1.110371,0.1108,0.2504,0.0452,1.0485,1.0,True,True,True,True,True,True,True,True
2019-12-27,BULLISH,1.110494,1.118155,1.114325,0.6901,1.6126,0.0026,1.6982,0.0139,False,True,True,True,True,True,True,False
2019-12-30,BULLISH,1.118068,1.120072,1.11907,0.1792,0.3508,0.0131,0.6853,0.0192,True,True,True,True,True,True,True,True
2020-01-08,BEARISH,1.112223,1.113487,1.112855,0.1132,0.1923,0.0152,0.8272,0.8075,False,True,True,True,True,True,True,True
2020-01-17,BEARISH,1.110494,1.112978,1.111736,0.223,0.4615,0.0293,1.0668,0.9055,True,True,True,True,True,False,True,False
2020-01-23,BEARISH,1.106085,1.107162,1.106623,0.0971,0.2116,0.0218,1.2992,0.8976,False,False,True,True,True,True,True,True
2020-01-31,BULLISH,1.103655,1.10435,1.104003,0.063,0.1416,0.0074,1.4718,0.1548,True,True,True,True,True,True,True,True
2020-02-05,BEARISH,1.101285,1.103387,1.102336,0.1903,0.3965,0.0483,0.9466,0.9757,False,False,False,False,False,False,False,False
2020-02-06,BEARISH,1.098699,1.099832,1.099266,0.1029,0.1992,0.0319,0.8327,0.7773,False,False,False,False,False,False,False,False
2020-02-07,BEARISH,1.096131,1.096551,1.096341,0.0383,0.0742,0.0341,0.7075,0.8998,False,False,False,False,False,False,False,False
2020-02-10,BEARISH,1.0927,1.094691,1.093696,0.1818,0.338,0.0102,0.8781,0.7679,False,False,False,False,False,False,False,False
2020-02-12,BEARISH,1.089087,1.089348,1.089218,0.0239,0.0468,0.0428,0.6803,0.8528,False,False,False,True,True,True,True,False
2020-02-13,BEARISH,1.086248,1.088708,1.087478,0.2262,0.4135,0.008,0.9303,0.7303,False,False,True,True,True,True,True,True
2020-02-18,BEARISH,1.080847,1.083025,1.081936,0.2009,0.4088,0.0573,0.9783,1.0212,True,True,True,True,True,True,True,True
2020-02-26,BULLISH,1.088175,1.088566,1.08837,0.0359,0.0691,0.0176,0.8475,0.5498,False,False,False,False,False,False,False,False
2020-02-27,BULLISH,1.090358,1.095158,1.092758,0.441,0.7327,0.0036,1.8323,0.002,False,False,False,False,False,False,False,False
2020-02-28,BULLISH,1.10057,1.103728,1.102149,0.2872,0.3996,0.0214,1.2804,0.4511,False,False,False,False,False,False,False,False
2020-03-02,BULLISH,1.105278,1.10973,1.107504,0.4029,0.4907,0.0135,1.3973,0.1106,True,True,True,True,True,True,True,False
2020-03-05,BULLISH,1.118568,1.121391,1.119979,0.2534,0.294,0.0,0.8619,0.2096,False,False,True,True,True,True,True,True
2020-03-06,BULLISH,1.120448,1.13568,1.128064,1.3571,1.3605,0.0,1.2579,0.0706,True,True,True,True,True,True,True,True
2020-03-11,BEARISH,1.133286,1.133414,1.13335,0.0113,0.01,0.0025,0.8297,0.5376,False,False,False,False,False,False,False,False
2020-03-12,BEARISH,1.122133,1.125901,1.124017,0.3346,0.2593,0.0052,1.7343,0.7169,True,True,True,True,False,False,True,False
2020-03-17,BEARISH,1.1045,1.108869,1.106684,0.3913,0.2696,0.0008,1.4265,0.8881,False,False,False,True,True,True,False,True
2020-03-18,BEARISH,1.094559,1.095794,1.095177,0.1121,0.0669,0.0072,1.1545,0.8617,False,False,True,True,True,True,True,True
2020-03-19,BEARISH,1.082989,1.083189,1.083089,0.0182,0.0099,0.0895,1.2241,1.0644,False,True,True,True,True,True,True,True
2020-03-26,BULLISH,1.084952,1.095518,1.090235,0.9703,0.5404,0.0103,0.7618,0.0875,False,True,True,True,True,True,True,True
2020-04-02,BEARISH,1.085894,1.09187,1.088882,0.5455,0.3314,0.0146,0.658,0.921,False,True,True,True,True,True,True,True
2020-04-03,BEARISH,1.083435,1.084434,1.083935,0.0921,0.0555,0.0196,0.4599,0.8605,True,True,True,True,True,True,True,True
2020-04-09,BULLISH,1.089621,1.092108,1.090865,0.2289,0.1706,0.017,0.6981,0.2148,True,True,True,True,True,True,True,True
2020-04-15,BEARISH,1.090774,1.091572,1.091173,0.0726,0.0649,0.0245,1.0682,0.9724,False,False,False,True,True,True,True,False
2020-04-23,BEARISH,1.081771,1.082427,1.082099,0.0607,0.0656,0.028,0.8563,0.5989,True,True,True,True,True,True,False,True
2020-04-30,BULLISH,1.087429,1.093542,1.090485,0.5619,0.6476,0.0063,1.4232,0.3097,True,True,True,True,True,True,True,True
2020-05-04,BEARISH,1.092132,1.093542,1.092837,0.1286,0.1491,0.0229,0.598,1.0319,False,False,False,True,True,True,True,False
2020-05-05,BEARISH,1.084481,1.090132,1.087307,0.5182,0.5675,0.0024,0.9476,0.8195,False,True,True,True,True,True,True,True
2020-05-06,BEARISH,1.081572,1.082696,1.082134,0.1037,0.1099,0.0149,0.5922,0.8972,True,True,True,True,True,True,True,True
2020-05-18,BULLISH,1.084952,1.090275,1.087613,0.4919,0.6146,0.0216,1.2914,0.1829,False,True,True,True,True,False,True,False
2020-05-19,BULLISH,1.091274,1.09292,1.092097,0.1508,0.1722,0.0075,0.7575,0.171,False,True,True,True,True,True,True,True
2020-05-22,BEARISH,1.091465,1.093948,1.092707,0.2267,0.2674,0.0052,0.7447,0.9653,True,True,True,True,True,True,True,True
2020-05-26,BULLISH,1.091465,1.093661,1.092563,0.2015,0.2399,0.0209,1.0181,0.0498,False,False,False,False,False,False,False,False
2020-05-27,BULLISH,1.099155,1.099312,1.099233,0.0143,0.0163,0.0125,0.9688,0.4843,False,False,False,False,False,False,False,False
2020-05-28,BULLISH,1.102986,1.10704,1.105013,0.368,0.4248,0.0165,0.8252,0.3014,False,False,False,False,False,False,False,False
2020-05-29,BULLISH,1.107187,1.110149,1.108668,0.2674,0.297,0.0098,0.7446,0.1172,False,False,False,False,False,False,False,False
2020-06-02,BULLISH,1.1152,1.118105,1.116653,0.2611,0.309,0.004,0.8512,0.1283,False,False,False,False,False,False,False,False
2020-06-03,BULLISH,1.11957,1.119595,1.119583,0.0022,0.0026,0.0383,0.7033,0.1216,False,False,False,False,False,False,False,False
2020-06-04,BULLISH,1.124999,1.128566,1.126782,0.3175,0.3311,0.0117,1.5273,0.2431,True,True,True,True,True,True,True,True
2020-06-09,BULLISH,1.131875,1.133414,1.132644,0.1362,0.1415,0.0247,1.1,0.5171,True,True,True,True,True,True,True,True
2020-06-12,BEARISH,1.129203,1.132605,1.130904,0.3014,0.3234,0.0121,0.9992,0.508,True,True,True,True,True,True,True,True
2020-06-25,BEARISH,1.123899,1.125987,1.124943,0.1856,0.2016,0.0049,0.6618,0.867,True,True,True,True,True,True,True,True
2020-07-06,BULLISH,1.125113,1.126037,1.125575,0.0822,0.1104,0.0196,1.1706,-0.0168,False,True,True,True,False,False,True,False
2020-07-13,BULLISH,1.132477,1.132631,1.132554,0.0136,0.0181,0.0151,0.7769,0.0834,False,False,False,False,False,False,False,False
2020-07-14,BULLISH,1.137048,1.139354,1.138201,0.2033,0.2666,0.004,0.9335,0.2376,True,True,True,True,True,False,True,False
2020-07-21,BULLISH,1.146789,1.150854,1.148821,0.3547,0.5049,0.013,0.8917,0.4523,False,False,False,False,False,False,False,False
2020-07-22,BULLISH,1.149801,1.154215,1.152008,0.3827,0.4975,0.012,1.0412,0.2759,False,False,False,False,False,False,False,False
2020-07-24,BULLISH,1.162426,1.165257,1.163841,0.2441,0.3269,0.0124,0.6741,0.2462,False,False,False,False,False,False,False,False
2020-07-27,BULLISH,1.164009,1.1701,1.167054,0.5227,0.6121,0.0,1.276,0.0,False,False,False,False,False,False,False,False
2020-07-30,BULLISH,1.177899,1.180261,1.17908,0.2005,0.2452,0.0418,0.7752,0.6721,True,True,True,True,True,True,True,True
2020-08-04,BULLISH,1.178759,1.179997,1.179378,0.1052,0.1171,0.0262,0.7643,0.4846,False,True,True,True,True,True,True,True
2020-08-05,BULLISH,1.180498,1.182075,1.181287,0.1335,0.1426,0.0051,0.9527,0.1469,True,True,True,True,True,True,True,True
2020-08-07,BEARISH,1.1802,1.182075,1.181138,0.1579,0.1687,0.0127,1.1427,0.9444,True,True,True,True,True,True,True,True
2020-08-17,BULLISH,1.1838,1.187536,1.185668,0.3151,0.3808,0.0215,0.513,0.4403,False,True,True,True,True,True,False,True
2020-08-18,BULLISH,1.188072,1.189343,1.188708,0.1071,0.1272,0.0282,0.8979,0.0126,True,True,True,True,True,True,True,True
2020-08-19,BEARISH,1.186845,1.187536,1.18719,0.0578,0.0711,0.0059,0.6297,0.8902,True,True,True,True,True,True,True,True
2020-08-20,BEARISH,1.188637,1.189343,1.18899,0.0597,0.0686,0.017,0.6013,0.5972,False,False,True,True,True,True,True,True
2020-08-31,BULLISH,1.192037,1.19373,1.192884,0.1421,0.1599,0.0161,0.7409,0.4223,True,True,True,True,True,True,False,True
2020-09-02,BEARISH,1.184806,1.19373,1.189268,0.7485,0.8448,0.0013,0.949,0.9887,True,True,True,True,True,False,True,False
2020-09-16,BEARISH,1.183012,1.184147,1.183579,0.0958,0.1359,0.0202,0.8194,0.4358,True,True,True,True,True,True,False,True
2020-09-21,BEARISH,1.177302,1.183124,1.180213,0.4915,0.6388,0.0,1.5395,0.8042,False,False,False,True,True,False,True,False
2020-09-22,BEARISH,1.172001,1.173268,1.172634,0.1077,0.1277,0.0625,0.8015,0.937,False,False,True,True,True,True,True,True
2020-09-23,BEARISH,1.1681,1.169344,1.168722,0.1063,0.1247,0.0082,0.5519,0.7887,True,True,True,True,True,True,True,True
2020-09-29,BULLISH,1.167965,1.168607,1.168286,0.0549,0.0699,0.0119,0.8182,0.1634,False,False,False,False,False,False,False,False
2020-10-05,BULLISH,1.1747,1.176734,1.175717,0.1735,0.2559,0.019,0.9731,0.0147,True,True,True,True,True,True,True,True
2020-10-09,BULLISH,1.178134,1.1788,1.178467,0.0567,0.0911,0.0008,0.8987,0.1254,True,True,True,True,True,True,True,True
2020-10-13,BEARISH,1.177024,1.1788,1.177912,0.1503,0.2441,0.0269,1.0787,1.0249,False,True,True,True,True,True,True,True
2020-10-19,BULLISH,1.174674,1.176263,1.175469,0.1356,0.2138,0.0018,1.215,0.1169,False,False,False,True,True,True,True,True
2020-10-20,BULLISH,1.179523,1.182928,1.181226,0.2893,0.4203,0.0103,0.9543,0.0806,True,True,True,True,True,True,True,True
2020-10-27,BEARISH,1.178828,1.180401,1.179614,0.1331,0.218,0.0,0.535,0.26,False,False,False,True,True,True,True,True
2020-10-28,BEARISH,1.175917,1.179941,1.177929,0.3414,0.5398,0.0335,0.9254,0.9396,False,False,True,True,True,True,True,True
2020-10-29,BEARISH,1.170344,1.17193,1.171137,0.1351,0.1944,0.0152,1.2608,0.898,False,True,True,True,True,True,True,True
2020-11-05,BULLISH,1.176886,1.179621,1.178253,0.2331,0.2713,0.0273,1.4285,0.1384,False,True,True,True,True,True,True,False
2020-11-16,BULLISH,1.18339,1.184553,1.183972,0.0982,0.1278,0.0108,0.5932,0.5651,False,True,True,True,True,True,True,False
2020-11-27,BULLISH,1.1941,1.194415,1.194257,0.0264,0.0459,0.0604,0.7455,0.1032,True,True,True,True,True,True,False,True
2020-12-01,BULLISH,1.200206,1.204079,1.202143,0.3244,0.502,0.0055,1.5238,0.0184,False,False,False,False,False,False,False,False
2020-12-02,BULLISH,1.205357,1.210243,1.2078,0.4047,0.5464,0.0505,0.7449,0.5041,False,True,True,True,True,False,True,False
2020-12-03,BULLISH,1.210742,1.213371,1.212056,0.2171,0.2892,0.0129,0.7981,0.1677,True,True,True,True,True,True,True,True
2020-12-16,BULLISH,1.216649,1.219245,1.217947,0.2136,0.3653,0.0075,0.9289,0.1109,False,True,True,True,True,True,True,False
2020-12-17,BULLISH,1.2213,1.222718,1.222009,0.1163,0.1864,0.0332,0.9273,0.1012,True,True,True,True,True,True,True,True
2020-12-28,BULLISH,1.2213,1.222001,1.22165,0.0575,0.0967,0.0267,0.9437,0.3149,False,True,True,True,True,True,True,True
2020-12-29,BULLISH,1.2252,1.225205,1.225203,0.0004,0.0006,0.0475,0.774,0.0614,True,True,True,True,True,True,True,True
2020-12-31,BEARISH,1.221699,1.225205,1.223452,0.285,0.4629,0.011,1.1425,0.8889,True,True,True,True,True,True,True,True
2021-01-04,BULLISH,1.221699,1.224995,1.223347,0.269,0.349,0.0175,1.4682,0.5722,False,True,True,True,True,True,True,True
2021-01-08,BEARISH,1.219959,1.224665,1.222312,0.3835,0.4938,0.0284,0.7052,0.8408,False,True,True,True,True,False,False,False
2021-01-11,BEARISH,1.217849,1.221493,1.219671,0.2991,0.3615,0.0162,0.6431,0.7936,True,True,True,True,True,True,True,False
2021-01-15,BEARISH,1.20862,1.211314,1.209967,0.2217,0.3014,0.0195,0.8698,0.8555,True,True,True,True,True,True,True,True
2021-02-01,BEARISH,1.208795,1.209599,1.209197,0.0663,0.103,0.0132,0.8575,0.8176,False,False,True,True,True,True,True,True
2021-02-02,BEARISH,1.204999,1.206913,1.205956,0.1586,0.2342,0.0125,0.8515,0.7233,False,True,True,True,True,True,True,True
2021-02-08,BULLISH,1.203978,1.20502,1.204499,0.0865,0.1253,0.007,0.567,0.5806,False,False,False,True,True,True,True,False
2021-02-09,BULLISH,1.206855,1.21102,1.208938,0.3456,0.5151,0.0129,0.7983,0.0527,False,True,True,True,True,True,True,True
2021-02-16,BEARISH,1.209834,1.211739,1.210786,0.1571,0.2797,0.0028,1.1029,0.4837,False,True,True,True,True,True,True,True
2021-02-17,BEARISH,1.2089,1.209585,1.209243,0.0566,0.0934,0.0539,0.9928,0.9196,True,True,True,True,True,True,True,True
2021-02-19,BULLISH,1.2089,1.209219,1.20906,0.0264,0.0426,0.0019,0.8649,0.1375,False,False,True,True,True,True,True,True
2021-02-26,BEARISH,1.210156,1.215658,1.212907,0.4525,0.7375,0.004,1.2163,0.7567,False,True,True,True,False,False,True,False
2021-03-01,BEARISH,1.208036,1.209175,1.208606,0.0942,0.1389,0.0164,0.8729,0.8325,True,True,True,True,True,True,False,False
2021-03-04,BEARISH,1.196859,1.204471,1.200665,0.6316,0.9678,0.0295,0.4958,0.6578,False,False,True,True,False,False,True,False
2021-03-05,BEARISH,1.193218,1.202501,1.197859,0.7757,1.0487,0.0097,0.7979,0.9878,False,True,True,True,True,False,True,False
2021-03-10,BULLISH,1.1916,1.19171,1.191655,0.0093,0.0123,0.0136,0.6138,0.5068,True,True,True,True,True,True,True,True
2021-03-23,BEARISH,1.185115,1.187606,1.186361,0.2088,0.3124,0.0036,0.9881,0.8716,False,False,False,True,True,True,True,False
2021-03-24,BEARISH,1.183012,1.186437,1.184724,0.2892,0.4026,0.0115,0.4444,0.7105,False,False,False,True,True,True,True,True
2021-03-25,BEARISH,1.180401,1.181335,1.180868,0.0791,0.1134,0.0085,0.6662,0.6894,False,False,False,True,True,True,True,True
2021-03-30,BEARISH,1.175862,1.17618,1.176021,0.027,0.0446,0.0262,0.8779,0.9236,True,True,True,True,True,True,True,True
2021-04-05,BULLISH,1.1787,1.179649,1.179175,0.0806,0.1373,0.0261,1.1106,0.3746,False,False,False,False,False,False,False,False
2021-04-06,BULLISH,1.181614,1.186535,1.184075,0.4164,0.6884,0.0019,0.8236,0.3813,True,True,True,True,False,False,True,False
2021-04-07,BULLISH,1.185536,1.186183,1.18586,0.0545,0.0866,0.017,0.6603,0.1799,False,False,False,False,False,False,False,False
2021-04-13,BULLISH,1.192037,1.195186,1.193611,0.2643,0.4711,0.0382,1.03,0.4414,False,True,True,True,False,False,True,False
2021-04-14,BULLISH,1.195314,1.195786,1.19555,0.0395,0.0705,0.0492,0.4496,0.076,True,True,True,True,True,True,True,False
2021-04-19,BULLISH,1.199472,1.202877,1.201175,0.2845,0.5122,0.0173,1.5758,0.2484,True,True,True,True,True,False,True,False
2021-04-28,BULLISH,1.20919,1.210419,1.209805,0.1017,0.1907,0.0274,0.6903,0.734,True,True,True,True,True,True,True,True
2021-04-30,BEARISH,1.207799,1.210419,1.209109,0.216,0.3722,0.0313,1.4751,0.9858,False,False,True,True,True,True,True,True
2021-05-06,BULLISH,1.202935,1.205342,1.204139,0.2005,0.3233,0.0155,1.0209,0.1838,False,False,True,True,False,False,True,False
2021-05-07,BULLISH,1.207001,1.21374,1.21037,0.5584,0.788,0.0307,1.31,0.135,True,True,True,True,True,True,True,False
2021-05-12,BEARISH,1.210654,1.212547,1.211601,0.1559,0.2259,0.012,0.9848,0.9253,True,True,True,True,True,True,True,True
2021-05-14,BULLISH,1.210654,1.212753,1.211704,0.1738,0.2509,0.0349,0.9111,0.0765,False,False,False,False,False,False,False,False
2021-05-17,BULLISH,1.214772,1.215407,1.215089,0.0523,0.0748,0.033,0.5002,0.5379,False,False,False,True,True,True,True,False
2021-05-18,BULLISH,1.217,1.219185,1.218092,0.1798,0.2586,0.0192,0.9271,0.0358,True,True,True,True,True,True,True,False
2021-05-31,BULLISH,1.220107,1.221464,1.220785,0.1112,0.1905,0.0,0.6995,0.1193,True,True,True,True,True,True,True,True
2021-06-11,BEARISH,1.213151,1.214535,1.213843,0.1138,0.2002,0.0086,1.4457,0.7756,True,True,True,True,True,True,True,False
2021-06-16,BEARISH,1.200769,1.210287,1.205528,0.7849,1.5501,0.0263,0.4013,0.6793,False,False,False,False,False,False,False,False
2021-06-17,BEARISH,1.192748,1.211035,1.201892,1.5245,2.2149,0.0453,1.2192,0.8798,False,True,True,True,False,False,False,False
2021-06-23,BULLISH,1.191753,1.191995,1.191874,0.0202,0.0306,0.009,0.6855,0.386,False,True,True,True,True,True,True,True
2021-07-06,BEARISH,1.184133,1.185201,1.184667,0.09,0.1697,0.0367,1.2914,0.6006,True,True,True,True,True,True,True,True
2021-07-13,BEARISH,1.182801,1.18367,1.183235,0.0733,0.1266,0.0041,1.2302,0.8498,True,True,True,True,True,True,True,False
2021-07-28,BULLISH,1.183712,1.184175,1.183943,0.0391,0.0802,0.0126,0.7691,0.8423,False,False,True,True,True,True,True,True
2021-07-29,BULLISH,1.183012,1.18555,1.184281,0.2143,0.4292,0.0142,0.8499,0.0837,False,True,True,True,True,True,True,True
2021-08-06,BEARISH,1.177163,1.182984,1.180073,0.4918,1.0049,0.0435,1.3692,1.0,False,False,True,True,True,False,True,False
2021-08-09,BEARISH,1.174399,1.175641,1.17502,0.1056,0.1979,0.022,0.4759,0.2587,True,True,True,True,True,True,True,True
2021-08-13,BULLISH,1.175101,1.176803,1.175952,0.145,0.3062,0.0025,1.2945,0.0727,True,True,True,True,True,True,True,True
2021-08-17,BEARISH,1.1731,1.176803,1.174952,0.3143,0.6094,0.0,1.2106,0.9434,False,True,True,True,True,True,True,True
2021-08-18,BEARISH,1.170686,1.171056,1.170871,0.0316,0.0581,0.0022,0.5356,0.3771,False,True,True,True,True,True,True,True
2021-08-19,BEARISH,1.1691,1.169686,1.169393,0.0501,0.0967,0.009,0.6279,0.9065,True,True,True,True,True,True,False,True
2021-08-23,BULLISH,1.1691,1.172814,1.170957,0.3175,0.6304,0.0372,0.8093,0.0407,False,False,False,False,False,False,False,False
2021-08-27,BULLISH,1.178134,1.178453,1.178294,0.0272,0.0579,0.0626,1.2253,0.3021,False,False,False,True,True,True,True,False
2021-09-02,BULLISH,1.186,1.186817,1.186409,0.069,0.1442,0.0247,0.6616,0.1631,True,True,True,True,True,True,True,True
2021-09-07,BEARISH,1.1854,1.185705,1.185553,0.0257,0.057,0.0211,0.9245,0.7432,False,False,False,False,False,False,False,False
2021-09-16,BEARISH,1.178967,1.1801,1.179533,0.0958,0.221,0.0125,1.3938,0.9562,False,False,False,False,False,False,False,False
2021-09-17,BEARISH,1.173709,1.175171,1.17444,0.1242,0.259,0.0466,1.0631,0.6301,True,True,True,True,True,False,True,False
2021-09-29,BEARISH,1.16117,1.166997,1.164084,0.4986,1.0006,0.0094,1.4065,0.9309,False,True,True,True,False,False,True,False
2021-09-30,BEARISH,1.1609,1.161009,1.160954,0.0094,0.0166,0.0102,0.6313,0.7574,True,True,True,True,True,True,True,True
2021-10-06,BEARISH,1.15714,1.158306,1.157723,0.1006,0.1821,0.0147,1.084,0.9496,True,True,True,True,True,True,True,True
2021-10-13,BULLISH,1.157006,1.158467,1.157736,0.1267,0.2783,0.0583,0.9227,0.0714,False,True,True,True,True,False,True,False
2021-10-14,BULLISH,1.157901,1.158883,1.158392,0.0847,0.1705,0.0,0.6999,0.3698,True,True,True,True,True,True,True,False
2021-10-19,BULLISH,1.161211,1.161805,1.161508,0.0511,0.1082,0.0123,1.0109,-0.0122,False,True,True,True,True,True,True,True
2021-11-08,BULLISH,1.15647,1.157019,1.156745,0.0474,0.0757,0.0055,0.6041,0.3905,True,True,True,True,True,True,True,True
2021-11-10,BEARISH,1.149161,1.157019,1.15309,0.6777,1.1161,0.0267,1.2044,0.9683,False,False,False,False,False,False,False,False
2021-11-11,BEARISH,1.145987,1.151344,1.148666,0.4664,0.6715,0.0033,0.4604,0.8455,True,True,True,True,False,False,True,False
2021-11-15,BEARISH,1.138701,1.143406,1.141053,0.4112,0.6516,0.0091,0.6543,0.5225,False,False,False,False,False,False,False,False
2021-11-16,BEARISH,1.1334,1.141696,1.137548,0.7298,1.0721,0.0117,0.728,0.6356,True,True,True,True,True,False,True,False
2021-11-19,BEARISH,1.12905,1.131503,1.130277,0.2158,0.3034,0.0208,1.456,0.9857,False,False,True,True,True,True,True,True
2021-11-26,BULLISH,1.123091,1.125885,1.124488,0.2493,0.3457,0.0078,1.4105,0.0143,True,True,True,True,True,False,True,False
2021-11-30,BULLISH,1.129801,1.130416,1.130108,0.0545,0.0691,0.0014,1.5243,0.3492,True,True,True,True,True,True,True,True
2022-01-12,BULLISH,1.1369,1.143641,1.140271,0.5931,0.9397,0.0504,1.0765,0.1387,True,True,True,True,True,True,True,True
2022-01-14,BEARISH,1.143458,1.143641,1.14355,0.016,0.0239,0.0068,0.9598,0.6391,False,False,False,False,False,False,False,False
2022-01-18,BEARISH,1.13568,1.139315,1.137498,0.3186,0.4691,0.0302,1.2089,0.8637,True,True,True,True,False,False,True,False
2022-01-26,BEARISH,1.12448,1.126684,1.125582,0.195,0.3272,0.0152,0.6152,0.784,False,True,True,True,True,True,True,True
2022-01-27,BEARISH,1.117006,1.127205,1.122106,0.9071,1.2561,0.0156,1.3708,0.9886,True,True,True,True,True,True,True,True
2022-01-31,BULLISH,1.117006,1.122208,1.119607,0.4665,0.6159,0.0118,0.8511,0.102,False,False,False,False,False,False,False,False
2022-02-01,BULLISH,1.121692,1.126697,1.124195,0.4457,0.5555,0.0056,0.6323,0.1328,False,False,False,False,False,False,False,False
2022-02-03,BULLISH,1.132939,1.141344,1.137142,0.7438,0.8159,0.0,1.7342,0.1562,False,True,True,True,True,True,True,True
2022-02-11,BEARISH,1.136893,1.138084,1.137489,0.1043,0.1351,0.0429,0.5419,0.9271,False,True,True,True,True,True,True,False
2022-02-14,BEARISH,1.13688,1.137126,1.137003,0.0216,0.0265,0.0084,0.821,0.9491,True,True,True,True,True,True,True,True
2022-02-24,BEARISH,1.126608,1.130736,1.128672,0.3651,0.4352,0.0027,2.0608,0.9987,False,False,False,False,False,False,False,False
2022-03-01,BEARISH,1.114194,1.114318,1.114256,0.0111,0.0119,0.012,1.2437,0.8751,False,False,False,False,False,False,False,False
2022-03-04,BEARISH,1.093075,1.103984,1.09853,0.9857,0.8782,0.0197,1.4431,0.9863,False,True,True,True,True,True,True,True
2022-03-09,BULLISH,1.092216,1.098213,1.095214,0.5503,0.4135,0.018,1.3325,0.0018,True,True,True,True,True,True,True,False
2022-03-16,BULLISH,1.101831,1.102123,1.101977,0.0266,0.0219,0.0154,0.6226,0.1637,True,True,True,True,True,True,True,True
2022-03-29,BULLISH,1.099674,1.108906,1.10429,0.8397,0.8881,0.0,1.5961,0.141,True,True,True,True,True,True,True,True
2022-03-31,BEARISH,1.107542,1.108906,1.108224,0.1221,0.1207,0.0,0.9653,0.8054,False,False,False,False,False,False,False,False
2022-04-01,BEARISH,1.105705,1.1074,1.106553,0.1531,0.1467,0.0,0.3955,0.9329,False,False,False,False,False,False,False,False
2022-04-04,BEARISH,1.099143,1.102974,1.101058,0.3468,0.3411,0.0,0.6778,0.8716,False,False,False,False,False,False,False,False
2022-04-05,BEARISH,1.093745,1.098093,1.095919,0.3961,0.381,0.0,0.6142,0.778,False,False,False,False,False,False,False,False
2022-04-12,BEARISH,1.087382,1.087465,1.087423,0.0076,0.0092,0.0,0.5775,0.5011,True,True,True,True,True,True,True,True
2022-04-20,BULLISH,1.08121,1.082439,1.081824,0.1138,0.145,0.0,0.9724,0.1173,True,True,True,True,True,True,True,True
2022-04-22,BEARISH,1.081221,1.082439,1.08183,0.1123,0.1342,0.0,0.8973,0.7659,False,False,False,False,False,False,False,False
2022-04-25,BEARISH,1.073883,1.077284,1.075584,0.3146,0.3522,0.0,1.1584,0.9896,False,False,False,False,False,False,False,False
2022-04-26,BEARISH,1.065644,1.070034,1.067839,0.4097,0.4146,0.0,0.8895,0.7386,False,False,False,False,False,False,False,False
2022-04-27,BEARISH,1.056223,1.064464,1.060343,0.7743,0.6978,0.0,1.1832,0.9083,True,True,True,True,True,False,True,False
2022-05-12,BEARISH,1.041938,1.050707,1.046323,0.8342,0.8437,0.0,1.5028,0.8894,True,True,True,True,True,True,True,True
2022-05-16,BULLISH,1.041938,1.043242,1.04259,0.1254,0.1249,0.0,0.4467,0.1993,False,False,False,False,False,False,False,False
2022-05-17,BULLISH,1.043798,1.049241,1.046519,0.5214,0.4908,0.0,1.0941,0.0539,True,True,True,True,False,False,False,False
2022-05-23,BULLISH,1.059883,1.0662,1.063042,0.5976,0.5379,0.0,1.0353,0.0092,True,True,True,True,False,False,True,False
2022-06-09,BEARISH,1.064215,1.067327,1.065771,0.2904,0.3181,0.0,1.2564,0.5737,False,False,False,False,False,False,False,False
2022-06-10,BEARISH,1.049759,1.064713,1.057236,1.4083,1.3259,0.0,1.1918,0.8293,False,True,True,True,True,False,True,False
2022-06-13,BEARISH,1.04824,1.050773,1.049507,0.2415,0.2036,0.0,0.6311,0.9032,True,True,True,True,True,True,True,True
2022-06-28,BEARISH,1.05363,1.055086,1.054358,0.1376,0.143,0.0,0.9751,0.757,False,False,False,False,False,False,False,False
2022-06-29,BEARISH,1.047878,1.050575,1.049226,0.2563,0.2611,0.0,0.661,0.8132,False,False,False,False,False,False,False,False
2022-07-05,BEARISH,1.02739,1.041808,1.034599,1.3819,1.2401,0.0,1.8171,0.9272,False,False,False,False,False,False,False,False
2022-07-06,BEARISH,1.02192,1.02373,1.022825,0.1764,0.1322,0.0,0.8161,0.8547,False,False,False,True,True,True,True,False
2022-07-11,BEARISH,1.007384,1.007973,1.007679,0.0579,0.0461,0.0,0.8877,0.9854,True,True,True,True,True,True,True,True
2022-07-15,BULLISH,1.004924,1.008237,1.006581,0.3305,0.2741,0.0,0.7225,0.1724,False,False,False,False,False,False,False,False
2022-07-18,BULLISH,1.009795,1.012566,1.011181,0.2744,0.2167,0.0,0.9111,0.1197,False,False,True,True,True,False,True,False
2022-07-26,BEARISH,1.017191,1.01806,1.017626,0.0851,0.0704,0.0,1.093,0.8215,True,True,True,True,True,True,True,True
2022-08-02,BEARISH,1.020762,1.02096,1.020861,0.0193,0.0173,0.0,0.9565,0.7095,True,True,True,True,True,True,True,True
2022-08-10,BULLISH,1.024695,1.027633,1.026164,0.2878,0.2603,0.0,1.4716,0.0307,True,True,True,True,True,True,True,True
2022-08-12,BEARISH,1.026715,1.027633,1.027174,0.089,0.08,0.0,0.7652,0.8786,False,False,False,False,False,False,False,False
2022-08-15,BEARISH,1.019441,1.023961,1.021701,0.4407,0.3852,0.0,0.7234,0.8735,True,True,True,True,False,False,True,False
2022-08-18,BEARISH,1.011225,1.014806,1.013015,0.3518,0.3373,0.0,0.7582,0.8325,False,False,False,False,False,False,False,False
2022-08-19,BEARISH,1.004823,1.011317,1.00807,0.6436,0.5838,0.0,0.6834,0.706,False,False,True,True,True,False,True,False
2022-08-22,BEARISH,1.001904,1.003623,1.002763,0.1713,0.1457,0.0,1.021,0.8921,False,True,True,True,True,True,True,True
2022-09-08,BULLISH,0.99552,1.000931,0.998226,0.5413,0.503,0.0,0.8892,0.651,False,True,True,True,True,True,True,True
2022-09-09,BULLISH,1.002908,1.006472,1.00469,0.3559,0.3276,0.0,0.9465,0.0263,True,True,True,True,True,True,True,True
2022-09-13,BEARISH,1.002275,1.006472,1.004373,0.4143,0.3263,0.0,1.4903,0.6979,False,True,True,True,True,False,True,False
2022-09-21,BEARISH,0.990619,0.995708,0.993164,0.5105,0.439,0.0,0.905,0.9687,False,False,False,True,True,True,True,True
2022-09-22,BEARISH,0.985222,0.986914,0.986068,0.1721,0.1389,0.0,0.7813,0.2068,False,False,False,True,True,True,True,True
2022-09-23,BEARISH,0.969989,0.981104,0.975546,1.1294,0.8869,0.0,1.1832,0.9281,False,True,True,True,True,True,False,True
2022-09-26,BEARISH,0.967006,0.970393,0.9687,0.3496,0.2366,0.0,0.8212,0.9153,True,True,True,True,True,True,True,True
2022-09-29,BULLISH,0.968626,0.973606,0.971116,0.5129,0.3431,0.0,1.027,0.469,False,False,True,True,True,True,True,False
2022-10-06,BEARISH,0.981605,0.983545,0.982575,0.1958,0.1268,0.0,0.8955,0.888,False,False,False,True,True,True,True,True
2022-10-07,BEARISH,0.975229,0.978933,0.977081,0.3784,0.2367,0.0,0.539,0.6799,True,True,True,True,True,True,True,True
2022-10-17,BULLISH,0.980383,0.98146,0.980921,0.1106,0.0839,0.0,0.9543,0.1213,True,True,True,True,True,True,True,True
2022-10-25,BULLISH,0.988963,0.994461,0.991712,0.5561,0.4404,0.0,0.9866,0.2784,False,True,True,True,True,True,True,True
2022-10-26,BULLISH,0.997536,0.997646,0.997591,0.011,0.0082,0.0,1.0141,0.1407,True,True,True,True,True,True,True,True
2022-10-28,BEARISH,0.99681,0.997646,0.997228,0.0838,0.0609,0.0,0.492,0.538,False,False,True,True,True,True,True,True
2022-11-02,BEARISH,0.983961,0.986213,0.985087,0.2279,0.1946,0.0,0.3975,0.2247,True,True,True,True,True,True,True,True
2022-11-04,BULLISH,0.983961,0.991945,0.987953,0.8189,0.6183,0.0,1.4691,0.006,False,False,False,False,False,False,False,False
2022-11-07,BULLISH,0.993818,0.997606,0.995712,0.3814,0.2595,0.0,0.5861,0.1094,False,True,True,True,True,True,True,False
2022-11-08,BULLISH,1.0005,1.001252,1.000876,0.075,0.0506,0.0,0.7952,0.3605,True,True,True,True,True,True,True,False
2022-11-10,BULLISH,1.008878,1.016622,1.01275,0.7728,0.5058,0.0,1.6018,0.3334,False,False,False,False,False,False,False,False
2022-11-11,BULLISH,1.018299,1.027359,1.022829,0.8889,0.5172,0.0,0.9827,0.1511,False,False,True,True,True,False,True,False
2022-11-21,BEARISH,1.029018,1.032802,1.03091,0.3662,0.2657,0.0,0.746,0.9779,True,True,True,True,True,True,False,True
2022-11-23,BULLISH,1.029018,1.038368,1.033693,0.9067,0.6913,0.0,0.6206,0.1544,True,True,True,True,True,False,True,False
2022-11-30,BULLISH,1.039415,1.039793,1.039604,0.0366,0.0316,0.0,0.8538,0.3148,False,False,False,False,False,False,False,False
2022-12-01,BULLISH,1.039458,1.043417,1.041437,0.3797,0.3013,0.0,1.0158,0.2055,False,False,False,False,False,False,False,False
2022-12-13,BULLISH,1.057921,1.062011,1.059966,0.388,0.3748,0.0,1.2797,0.089,True,True,True,True,True,True,True,False
2023-01-03,BEARISH,1.063151,1.065326,1.064238,0.2036,0.2561,0.0,1.897,0.9695,True,True,True,True,True,True,True,True
2023-01-06,BULLISH,1.063264,1.06528,1.064272,0.1916,0.2011,0.0,1.3664,0.2698,False,False,False,False,False,False,False,False
2023-01-09,BULLISH,1.062225,1.071318,1.066771,0.8532,0.7671,0.0,0.9003,0.033,False,False,False,False,False,False,False,False
2023-01-12,BULLISH,1.07747,1.078063,1.077766,0.055,0.0558,0.0,0.9453,0.2789,False,True,True,True,True,True,True,False
2023-01-20,BULLISH,1.083306,1.084752,1.084029,0.1334,0.1613,0.0,0.58,0.5631,True,True,True,True,True,True,True,True
2023-02-01,BULLISH,1.086838,1.088767,1.087803,0.1776,0.2501,0.0,0.9269,0.1121,True,True,True,True,True,True,True,True
2023-02-03,BEARISH,1.08003,1.088767,1.084399,0.8012,0.8402,0.0,1.2467,0.7257,False,False,False,False,False,False,False,False
2023-02-06,BEARISH,1.0746,1.081105,1.077852,0.6028,0.5655,0.0,0.7125,0.8848,True,True,True,True,True,False,True,False
2023-02-21,BEARISH,1.066553,1.067156,1.066854,0.0565,0.0741,0.0,0.624,0.7435,False,False,True,True,True,True,True,True
2023-02-22,BEARISH,1.063038,1.064487,1.063762,0.136,0.1834,0.0,0.5878,0.7089,False,True,True,True,True,True,True,True
2023-02-23,BEARISH,1.061425,1.061909,1.061667,0.0457,0.0623,0.0,0.6217,0.4919,True,True,True,True,True,True,True,True
2023-03-07,BEARISH,1.057328,1.062304,1.059816,0.4655,0.5397,0.0,1.3529,0.9358,True,True,True,True,True,True,True,True
2023-03-09,BULLISH,1.057328,1.057574,1.057451,0.0233,0.0261,0.0,0.5086,0.2294,False,True,True,True,True,True,True,False
2023-03-10,BULLISH,1.058649,1.065235,1.061942,0.6222,0.648,0.0,1.2091,0.0729,False,True,True,True,True,True,True,True
2023-03-15,BEARISH,1.063456,1.067965,1.065711,0.4203,0.372,0.0,1.9783,0.8647,True,True,True,True,True,True,True,True
2023-03-20,BULLISH,1.066963,1.070492,1.068727,0.3305,0.2901,0.0,0.8065,0.4733,False,False,False,False,False,False,False,False
2023-03-21,BULLISH,1.073053,1.075951,1.074502,0.2704,0.2417,0.0,0.6867,0.1728,False,True,True,True,True,True,True,False
2023-03-22,BULLISH,1.078725,1.086862,1.082794,0.7552,0.7082,0.0,0.3652,0.3509,True,True,True,True,True,True,True,True
2023-03-24,BEARISH,1.0796,1.086862,1.083231,0.6702,0.5839,0.0,0.9655,0.9671,True,True,True,True,True,True,False,True
2023-03-28,BULLISH,1.0796,1.082134,1.080867,0.2345,0.2244,0.0,0.3982,0.0675,False,True,True,True,True,True,False,False
2023-04-12,BULLISH,1.092669,1.098165,1.095417,0.5034,0.5808,0.0,0.8804,0.0272,True,True,True,True,True,True,True,True
2023-05-09,BEARISH,1.100473,1.101249,1.100861,0.0705,0.0955,0.0,0.7029,0.9131,False,False,False,False,False,False,False,False
2023-05-11,BEARISH,1.093518,1.094283,1.093901,0.0697,0.0944,0.0,1.2003,0.8498,False,False,False,False,False,False,False,False
2023-05-12,BEARISH,1.089206,1.090132,1.089669,0.0849,0.1059,0.0,0.9098,0.7104,True,True,True,True,True,True,True,False
2023-05-17,BEARISH,1.084952,1.08567,1.085311,0.0661,0.0925,0.0,0.8221,0.8464,False,False,False,False,False,False,False,False
2023-05-24,BEARISH,1.075419,1.07638,1.0759,0.0892,0.132,0.0,0.6829,0.4031,True,True,True,True,True,True,True,False
2023-06-08,BULLISH,1.074022,1.074772,1.074397,0.0701,0.1001,0.0,1.0762,0.0653,True,True,True,True,True,True,True,False
2023-06-15,BULLISH,1.085835,1.092013,1.088924,0.5697,0.7221,0.0,1.5693,0.2888,True,True,True,True,True,True,True,False
2023-06-21,BULLISH,1.094523,1.09511,1.094817,0.0538,0.0769,0.0,0.7156,0.2507,True,True,True,True,True,True,True,True
2023-06-23,BEARISH,1.09218,1.09511,1.093645,0.2674,0.3348,0.0,1.301,1.0,True,True,True,True,True,True,True,True
2023-07-07,BULLISH,1.090156,1.094451,1.092304,0.3944,0.5687,0.0,1.2717,0.2292,False,False,False,False,False,False,False,False
2023-07-10,BULLISH,1.096467,1.097864,1.097165,0.1273,0.1766,0.0,0.6101,0.5226,False,False,False,False,False,False,False,False
2023-07-11,BULLISH,1.099276,1.101285,1.10028,0.1826,0.2645,0.0,0.6181,0.5815,False,False,False,False,False,False,False,False
2023-07-12,BULLISH,1.10256,1.113065,1.107813,0.9538,1.2834,0.0,1.3817,0.0107,False,False,False,True,True,True,True,False
2023-07-13,BULLISH,1.112595,1.120611,1.116603,0.7193,0.8419,0.0,0.6884,0.2119,True,True,True,True,True,True,True,True
2023-07-14,BULLISH,1.11962,1.120549,1.120084,0.0827,0.0968,0.0,0.4034,0.4486,False,True,True,True,True,True,True,True
2023-07-20,BEARISH,1.114703,1.117631,1.116167,0.2613,0.3492,0.0,1.1513,0.7471,False,False,True,True,False,False,True,False
2023-07-24,BEARISH,1.108893,1.110963,1.109928,0.186,0.2458,0.0,0.9056,0.7414,False,True,True,True,True,True,True,False
2023-08-02,BEARISH,1.095398,1.095446,1.095422,0.0044,0.0053,0.0,0.967,1.0097,True,True,True,True,True,True,True,True
2023-08-04,BULLISH,1.095398,1.096611,1.096005,0.1108,0.131,0.0,1.1302,0.1464,True,True,True,True,True,True,True,True
2023-08-11,BEARISH,1.096035,1.096804,1.096419,0.0701,0.0963,0.0,0.6575,0.5676,False,False,False,False,False,False,False,False
2023-08-14,BEARISH,1.094966,1.095182,1.095074,0.0197,0.026,0.0,0.9965,0.8075,False,False,False,False,False,False,False,False
2023-08-17,BEARISH,1.089562,1.089776,1.089669,0.0197,0.0303,0.0,0.7777,0.2281,True,True,True,True,True,True,True,True
2023-08-22,BEARISH,1.087051,1.087063,1.087057,0.0011,0.0017,0.0,1.422,0.6567,True,True,True,True,True,True,True,True
2023-08-29,BULLISH,1.082134,1.085611,1.083873,0.3212,0.5081,0.0,1.0691,0.5743,True,True,True,True,True,True,True,True
2023-09-01,BEARISH,1.080906,1.083717,1.082311,0.2592,0.3196,0.0,1.0793,0.6135,False,False,False,False,False,False,False,False
2023-09-05,BEARISH,1.074818,1.0774,1.076109,0.2392,0.2989,0.0,1.0601,0.9491,False,True,True,True,True,False,True,False
2023-09-14,BEARISH,1.068764,1.071742,1.070253,0.2774,0.408,0.0,1.369,0.792,True,True,True,True,True,True,True,False
2023-09-20,BEARISH,1.067361,1.067635,1.067498,0.0256,0.0399,0.0,0.7457,0.1225,False,False,False,False,False,False,False,False
2023-09-21,BEARISH,1.067156,1.067578,1.067367,0.0396,0.0621,0.0,0.8031,0.6225,False,False,False,False,False,False,False,False
2023-09-25,BEARISH,1.060895,1.061526,1.061211,0.0592,0.0918,0.0,1.1364,0.9114,False,True,True,True,True,True,True,False
2023-09-26,BEARISH,1.057373,1.057731,1.057552,0.0338,0.0509,0.0,0.5807,0.576,True,True,True,True,True,True,True,True
2023-10-02,BEARISH,1.049428,1.055855,1.052641,0.6083,0.7873,0.0,1.2035,0.738,True,True,True,True,True,True,True,True
2023-10-04,BULLISH,1.049428,1.050089,1.049759,0.0631,0.0777,0.0,0.9246,0.2364,True,True,True,True,True,True,True,False
2023-10-10,BULLISH,1.057641,1.059277,1.058459,0.1546,0.2047,0.0,0.7955,0.3602,True,True,True,True,True,True,True,True
2023-10-12,BEARISH,1.055855,1.059277,1.057566,0.3221,0.4346,0.0,1.1826,0.841,False,True,True,True,True,True,True,True
2023-10-25,BEARISH,1.056971,1.058425,1.057698,0.1373,0.1798,0.0,0.4932,0.7155,True,True,True,True,True,True,True,True
2023-11-02,BULLISH,1.058078,1.061549,1.059813,0.3278,0.4152,0.0,1.0267,0.0326,False,False,False,False,False,False,False,False
2023-11-03,BULLISH,1.067008,1.07234,1.069674,0.5021,0.5768,0.0,1.3145,0.0297,True,True,True,True,True,True,False,True
2023-11-07,BEARISH,1.071605,1.07234,1.071972,0.0686,0.0779,0.0,0.6023,1.0,True,True,True,True,True,True,True,True
2023-11-13,BULLISH,1.069256,1.069359,1.069307,0.0096,0.0138,0.0,0.5357,0.6162,False,False,False,False,False,False,False,False
2023-11-14,BULLISH,1.070549,1.083295,1.076922,1.1909,1.444,0.0,1.9671,0.0475,True,True,True,True,False,False,True,False
2023-11-17,BULLISH,1.089396,1.0898,1.089598,0.0372,0.0438,0.0,0.7272,0.4256,False,True,True,True,True,True,True,True
2023-11-20,BULLISH,1.08923,1.092299,1.090765,0.2814,0.3332,0.0,0.5114,0.1917,True,True,True,True,True,True,True,True
2023-11-28,BULLISH,1.095926,1.096119,1.096023,0.0175,0.0259,0.0,0.9703,0.3241,True,True,True,True,True,True,True,True
2023-11-30,BEARISH,1.091346,1.096119,1.093732,0.435,0.6169,0.0,1.1695,0.8708,False,False,False,True,True,True,True,True
2023-12-01,BEARISH,1.088732,1.089491,1.089111,0.0697,0.0883,0.0,0.9525,0.7388,False,False,False,True,True,True,True,True
2023-12-05,BEARISH,1.080369,1.080567,1.080468,0.0183,0.0224,0.0,0.7415,0.839,False,False,True,True,True,True,True,True
2023-12-13,BULLISH,1.082204,1.088021,1.085113,0.5386,0.8538,0.0,0.5025,0.7205,False,False,False,False,False,False,False,False
2023-12-14,BULLISH,1.080824,1.090227,1.085526,0.8638,1.0878,0.0,1.4336,0.0478,True,True,True,True,False,False,False,False
2023-12-19,BULLISH,1.093004,1.093565,1.093285,0.0514,0.061,0.0,0.7811,0.1078,False,False,False,True,True,True,True,False
2023-12-21,BULLISH,1.097972,1.099421,1.098696,0.1323,0.1723,0.0,0.7554,0.1489,False,False,False,True,True,True,True,True
2023-12-22,BULLISH,1.099977,1.099989,1.099983,0.0011,0.0014,0.0,0.5421,0.2584,False,False,False,True,True,True,True,True
2023-12-27,BULLISH,1.103997,1.107101,1.105549,0.2811,0.4028,0.0,1.2096,0.1476,True,True,True,True,True,True,False,True
2023-12-29,BEARISH,1.105339,1.107101,1.10622,0.1592,0.2266,0.0,0.5558,0.577,False,False,False,False,False,False,False,False
2024-01-02,BEARISH,1.0967,1.103997,1.100348,0.661,0.9495,0.0,1.3543,0.9297,True,True,True,True,False,False,True,False
2024-01-16,BEARISH,1.088495,1.09341,1.090952,0.4491,0.7246,0.0,1.1732,0.9879,True,True,True,True,True,False,True,False
2024-02-05,BEARISH,1.07631,1.078307,1.077308,0.1852,0.2378,0.0,0.7482,0.8815,True,True,True,True,True,True,True,True
2024-02-13,BEARISH,1.073445,1.075766,1.074606,0.2155,0.3421,0.0,1.3793,0.7502,True,True,True,True,True,True,True,True
2024-02-20,BULLISH,1.078981,1.079191,1.079086,0.0195,0.0329,0.0,1.1931,0.1692,False,False,False,False,False,False,False,False
2024-03-04,BULLISH,1.084152,1.084269,1.084211,0.0108,0.0217,0.0,0.5159,0.1473,False,False,False,True,True,True,True,False
2024-03-07,BULLISH,1.091405,1.092705,1.092055,0.1193,0.224,0.0,1.2336,0.422,True,True,True,True,True,True,True,True
2024-03-14,BEARISH,1.090156,1.092049,1.091102,0.1728,0.3498,0.0,1.3044,1.0085,True,True,True,True,True,True,True,True
2024-03-19,BEARISH,1.087429,1.08808,1.087755,0.0599,0.1233,0.0,0.8102,0.9088,True,True,True,True,True,True,False,True
2024-03-22,BEARISH,1.084363,1.085647,1.085005,0.1181,0.1963,0.0,0.9255,0.881,True,True,True,True,True,True,True,False
2024-03-28,BEARISH,1.080731,1.081175,1.080953,0.0411,0.0759,0.0,0.9036,0.7165,False,True,True,True,True,True,True,True
2024-04-03,BULLISH,1.077877,1.083506,1.080691,0.5227,0.8758,0.0,1.045,0.057,True,True,True,True,True,True,True,True
2024-04-08,BULLISH,1.084846,1.084987,1.084916,0.013,0.0221,0.0,0.5743,0.2422,True,True,True,True,True,True,True,True
2024-04-10,BEARISH,1.075581,1.084987,1.080284,0.8662,1.2927,0.0,1.8502,0.9325,False,False,False,False,False,False,False,False
2024-04-11,BEARISH,1.072961,1.073376,1.073169,0.0386,0.0492,0.0,0.6572,0.7454,False,False,False,True,True,True,True,False
2024-04-12,BEARISH,1.066553,1.070045,1.068299,0.3256,0.3935,0.0,1.1933,0.9739,False,True,True,True,True,True,True,True
2024-04-23,BULLISH,1.067122,1.06792,1.067521,0.0749,0.1097,0.0,0.9711,0.2086,True,True,True,True,True,True,True,True
2024-04-30,BEARISH,1.068867,1.069096,1.068981,0.0213,0.0353,0.0,0.8071,0.601,True,True,True,True,True,True,False,True
2024-05-02,BULLISH,1.068867,1.072501,1.070684,0.3389,0.5615,0.0,0.8496,0.8326,False,False,False,False,False,False,False,False
2024-05-03,BULLISH,1.073076,1.075639,1.074358,0.2387,0.3779,0.0,1.2447,0.0955,True,True,True,True,True,True,True,False
2024-05-09,BULLISH,1.075847,1.076206,1.076027,0.0334,0.0617,0.0,0.9923,0.3775,False,False,False,False,False,False,False,False
2024-05-14,BULLISH,1.080731,1.081362,1.081046,0.0585,0.1148,0.0,0.945,0.3293,False,False,False,True,True,True,True,False
2024-05-15,BULLISH,1.082837,1.085517,1.084177,0.2478,0.459,0.0,1.0392,0.0154,True,True,True,True,True,True,True,True
2024-05-27,BULLISH,1.085658,1.085906,1.085782,0.0228,0.0482,0.0,0.4951,0.2311,True,True,True,True,True,True,True,True
2024-05-29,BEARISH,1.084599,1.085906,1.085252,0.1205,0.2593,0.0,0.98,0.8569,True,True,True,True,True,True,True,True
2024-06-07,BEARISH,1.078283,1.086366,1.082325,0.7419,1.3623,0.0,1.632,0.9239,False,True,True,True,True,False,True,False
2024-06-10,BEARISH,1.077354,1.080497,1.078925,0.2916,0.4314,0.0,0.6751,0.9197,True,True,True,True,True,True,True,True
2024-06-14,BEARISH,1.072616,1.075384,1.074,0.2578,0.3215,0.0,0.9014,0.9108,True,True,True,True,True,True,True,False
2024-06-18,BULLISH,1.072616,1.072628,1.072622,0.0011,0.0015,0.0,0.639,0.5897,True,True,True,True,True,True,True,True
2024-06-20,BEARISH,1.072271,1.072628,1.072449,0.0332,0.0526,0.0,0.6319,1.027,True,True,True,True,True,True,True,True
2024-07-03,BULLISH,1.07461,1.078423,1.076517,0.3547,0.6211,0.0,1.2789,0.1441,False,False,False,False,False,False,False,False
2024-07-11,BULLISH,1.082872,1.086307,1.08459,0.3171,0.6461,0.0,1.2303,0.0054,False,False,False,True,True,True,True,False
2024-07-19,BEARISH,1.090156,1.090536,1.090346,0.0349,0.0727,0.0,0.4624,1.0,False,False,False,True,True,True,True,True
2024-07-23,BEARISH,1.086649,1.08737,1.08701,0.0662,0.1442,0.0,1.119,0.811,False,True,True,True,True,True,True,True
2024-07-29,BEARISH,1.083776,1.084269,1.084023,0.0455,0.0993,0.0,1.3848,0.736,True,True,True,True,True,True,True,True
2024-08-02,BULLISH,1.083776,1.089372,1.086574,0.5188,0.8882,0.0,2.2739,0.0325,False,True,True,True,False,False,True,False
2024-08-13,BULLISH,1.093972,1.098829,1.0964,0.4441,0.8094,0.0,0.7798,0.4388,True,True,True,True,True,False,True,False
2024-08-16,BULLISH,1.101686,1.10239,1.102038,0.0642,0.1114,0.0,0.4851,-0.0314,False,False,False,False,False,False,False,False
2024-08-19,BULLISH,1.100437,1.107248,1.103842,0.6178,0.9998,0.0,0.7149,0.0224,False,False,False,True,True,False,True,False
2024-08-20,BULLISH,1.10726,1.110556,1.108908,0.2973,0.4619,0.0,0.628,0.3123,True,True,True,True,True,True,True,True
2024-08-28,BEARISH,1.11402,1.115126,1.114573,0.0989,0.1597,0.0,1.1051,0.9477,False,False,False,True,True,False,True,False
2024-08-29,BEARISH,1.10957,1.110543,1.110057,0.0875,0.1277,0.0,1.1007,0.8183,False,False,True,True,True,True,True,True
2024-09-04,BULLISH,1.107052,1.107518,1.107285,0.0422,0.0725,0.0,0.8269,0.1515,True,True,True,True,True,True,True,True
2024-09-09,BEARISH,1.105033,1.106721,1.105877,0.1522,0.2455,0.0,0.8206,0.9259,True,True,True,True,True,True,True,True
2024-09-12,BULLISH,1.105498,1.107395,1.106446,0.1723,0.2995,0.0,0.6467,0.1065,False,False,True,True,False,False,True,False
2024-09-13,BULLISH,1.104753,1.108709,1.106731,0.3571,0.5894,0.0,0.425,0.1376,False,True,True,True,False,False,True,False
2024-09-16,BULLISH,1.110248,1.111309,1.110778,0.0957,0.1612,0.0,0.7332,0.028,True,True,True,True,True,True,True,False
2024-10-01,BEARISH,1.108217,1.113611,1.110914,0.4843,0.7047,0.0,1.1067,0.8916,False,False,False,False,False,False,False,False
2024-10-02,BEARISH,1.10485,1.106109,1.10548,0.1138,0.1574,0.0,0.6008,0.6198,False,False,False,False,False,False,False,False
2024-10-04,BEARISH,1.098503,1.100958,1.09973,0.2225,0.3121,0.0,1.0655,0.9477,True,True,True,True,True,False,True,False
2024-10-09,BEARISH,1.095446,1.096167,1.095806,0.0656,0.1049,0.0,0.5807,0.8791,False,False,False,False,False,False,False,False
2024-10-14,BEARISH,1.091822,1.092741,1.092282,0.0841,0.157,0.0,0.581,0.5782,False,False,False,False,False,False,False,False
2024-10-15,BEARISH,1.090156,1.090572,1.090364,0.0381,0.0743,0.0,0.5794,0.721,False,False,False,False,False,False,False,False
2024-10-16,BEARISH,1.086992,1.088578,1.087785,0.1457,0.2936,0.0,0.6187,0.478,False,False,False,True,True,True,True,False
2024-10-17,BEARISH,1.086366,1.086815,1.08659,0.0413,0.0799,0.0,0.9982,0.8673,True,True,True,True,True,True,True,True
2024-10-22,BEARISH,1.080847,1.082111,1.081479,0.1168,0.2313,0.0,0.6561,0.4436,True,True,True,True,True,True,True,True
2024-10-24,BULLISH,1.080847,1.081186,1.081017,0.0314,0.0645,0.0,0.7357,0.2313,True,True,True,True,True,True,True,True
2024-10-30,BULLISH,1.082626,1.084505,1.083565,0.1736,0.3512,0.0,1.0606,0.1876,False,False,True,True,True,True,True,True
2024-11-06,BEARISH,1.082603,1.087335,1.084969,0.4328,0.5952,0.0,3.1395,1.0043,False,False,False,False,False,False,False,False
2024-11-11,BEARISH,1.066348,1.071042,1.068695,0.4381,0.4426,0.0,0.9397,0.8639,False,False,False,False,False,False,False,False
2024-11-13,BEARISH,1.058089,1.059704,1.058896,0.1521,0.1506,0.0,0.8327,0.6379,True,True,True,True,True,True,True,True
2024-11-21,BEARISH,1.049869,1.050851,1.05036,0.0931,0.0974,0.0,0.8763,0.8727,True,True,True,True,True,True,True,True
2024-12-02,BEARISH,1.053031,1.054296,1.053663,0.12,0.1245,0.0066,0.8216,0.992,True,True,True,True,True,True,True,True
2024-12-05,BULLISH,1.054007,1.054608,1.054307,0.0571,0.0661,0.0,0.8745,0.0655,True,True,True,True,True,True,True,True
2024-12-18,BEARISH,1.04222,1.047998,1.045109,0.5505,0.8241,0.0,0.6766,0.5743,True,True,True,True,True,False,True,False
2024-12-19,BEARISH,1.043308,1.046781,1.045044,0.3355,0.4354,0.0,0.8737,-0.0323,True,True,True,True,True,False,True,False
2025-01-02,BEARISH,1.030535,1.034854,1.032694,0.4172,0.5268,0.0,1.753,0.8349,True,True,True,True,True,True,True,True
2025-01-06,BULLISH,1.030535,1.035947,1.033241,0.5252,0.5769,0.0,1.4785,0.065,True,True,True,True,True,True,True,True
2025-01-08,BEARISH,1.032311,1.035947,1.034129,0.3515,0.3628,0.0,0.8148,0.8425,False,False,True,True,True,True,True,True
2025-01-10,BEARISH,1.025021,1.028616,1.026818,0.3491,0.3801,0.0,0.9593,0.842,True,True,True,True,True,True,False,True
2025-01-14,BULLISH,1.025021,1.027063,1.026042,0.199,0.2202,0.0,0.6926,0.3975,True,True,True,True,False,False,True,False
2025-01-20,BULLISH,1.032972,1.034458,1.033715,0.1445,0.1623,0.0,1.6162,-0.0136,False,False,False,True,True,True,False,True
2025-01-24,BULLISH,1.042546,1.045435,1.04399,0.2773,0.3204,0.0,1.1776,0.0266,True,True,True,True,True,True,False,True
2025-01-28,BEARISH,1.044495,1.045435,1.044965,0.0899,0.1064,0.0,0.4589,0.7358,True,True,True,True,True,True,True,False
2025-01-31,BEARISH,1.032652,1.039134,1.035893,0.6234,0.8038,0.0,0.6235,0.7007,True,True,True,True,True,True,True,True
2025-02-04,BULLISH,1.032652,1.037043,1.034848,0.4252,0.4374,0.0,1.0983,0.4611,True,True,True,True,True,True,True,True
2025-02-07,BEARISH,1.033602,1.035454,1.034528,0.1783,0.1991,0.0,0.8747,0.7515,True,True,True,True,True,True,True,True
2025-02-12,BULLISH,1.035197,1.037926,1.036561,0.2633,0.3082,0.0,0.8745,0.6035,False,False,False,False,False,False,False,False
2025-02-13,BULLISH,1.039566,1.044812,1.042189,0.5048,0.5994,0.0,0.7594,0.1915,False,True,True,True,True,True,True,True
2025-02-14,BULLISH,1.044572,1.046737,1.045654,0.2069,0.2351,0.0,0.7122,0.2067,True,True,True,True,True,True,True,True
2025-02-18,BEARISH,1.046244,1.046737,1.04649,0.047,0.0611,0.0,0.5421,0.9748,True,True,True,True,True,True,True,True
2025-02-27,BEARISH,1.042101,1.047647,1.044874,0.5288,0.6886,0.0,1.0557,0.9871,True,True,True,True,True,True,True,True
2025-03-03,BULLISH,1.042101,1.047175,1.044638,0.4873,0.58,0.0,1.2546,0.213,False,False,False,False,False,False,False,False
2025-03-04,BULLISH,1.050023,1.060288,1.055156,0.979,1.0777,0.0,0.9218,0.1513,False,False,False,False,False,False,False,False
2025-03-05,BULLISH,1.055955,1.078249,1.067102,2.0978,1.8175,0.0,1.4918,0.1318,True,True,True,True,False,False,True,False
2025-03-11,BULLISH,1.087347,1.087725,1.087536,0.0349,0.0312,0.0,0.7701,0.0277,True,True,True,True,True,True,True,True
2025-03-20,BEARISH,1.08613,1.087595,1.086863,0.1342,0.1469,0.0,0.9948,0.9436,False,False,False,True,True,True,True,True
2025-04-02,BULLISH,1.083072,1.088246,1.085659,0.4793,0.6488,0.0,1.1362,0.1541,False,False,False,False,False,False,False,False
2025-04-03,BULLISH,1.087264,1.096479,1.091872,0.8448,0.8076,0.0,2.199,0.1046,True,True,True,True,True,False,True,False
2025-04-10,BULLISH,1.109484,1.125087,1.117286,1.4247,1.0366,0.0,1.8085,-0.004,False,False,False,False,False,False,False,False
2025-04-11,BULLISH,1.122536,1.129969,1.126253,0.6602,0.3721,0.0,1.1062,0.0315,True,True,True,True,False,False,True,False
2025-04-17,BULLISH,1.139017,1.145397,1.142207,0.5598,0.3954,0.0,0.3413,1.0071,True,True,True,True,True,True,False,True
2025-04-23,BEARISH,1.139432,1.145397,1.142415,0.5254,0.3686,0.0,0.6309,0.1299,False,True,True,True,False,False,True,False
2025-04-30,BEARISH,1.134095,1.137139,1.135617,0.2672,0.2581,0.0,0.6087,0.8662,True,True,True,True,True,True,True,False
2025-05-08,BEARISH,1.129114,1.132708,1.130911,0.3179,0.3548,0.0,0.9934,0.6969,False,False,False,True,True,True,True,True
2025-05-12,BEARISH,1.117743,1.119984,1.118863,0.1996,0.2023,0.0,1.5154,0.921,True,True,True,True,True,True,False,True
2025-05-20,BULLISH,1.128605,1.128745,1.128675,0.0125,0.0132,0.0,0.554,0.2517,True,True,True,True,True,True,True,True
2025-05-23,BULLISH,1.134456,1.136932,1.135694,0.2195,0.2391,0.0,0.933,0.0198,True,True,True,True,True,True,True,True
2025-05-27,BEARISH,1.134559,1.136932,1.135745,0.2084,0.2264,0.0,0.8,0.7552,True,True,True,True,True,True,True,True
2025-06-11,BULLISH,1.144833,1.150285,1.147559,0.4767,0.5702,0.0,0.8883,0.3702,True,True,True,True,True,False,True,False
2025-06-12,BULLISH,1.149095,1.149293,1.149194,0.0172,0.0183,0.0,1.1616,0.0515,False,True,True,True,True,True,True,True
2025-06-18,BEARISH,1.148686,1.151251,1.149969,0.2234,0.265,0.0,0.4924,0.0055,True,True,True,True,True,True,False,True
2025-06-23,BULLISH,1.153456,1.158292,1.155874,0.4205,0.5606,0.0,1.1151,0.4711,False,False,False,False,False,False,False,False
2025-06-24,BULLISH,1.155175,1.159098,1.157136,0.3382,0.4229,0.0,0.5709,0.3044,False,False,False,False,False,False,False,False
2025-06-25,BULLISH,1.163589,1.166861,1.165225,0.2818,0.3814,0.0,0.4714,0.5258,False,False,False,True,False,False,True,False
2025-06-26,BULLISH,1.163142,1.168429,1.165786,0.4525,0.5756,0.0,0.8145,0.2023,False,False,False,True,False,False,True,False
2025-06-30,BULLISH,1.175088,1.176775,1.175932,0.1438,0.1932,0.0,0.7165,0.294,True,True,True,True,True,True,True,True
2025-07-21,BULLISH,1.166956,1.168006,1.167481,0.0902,0.1278,0.0,1.2391,0.1553,False,False,True,True,True,True,True,True
2025-07-28,BEARISH,1.160093,1.170741,1.165417,0.9057,1.2002,0.0,1.8114,0.9139,False,False,False,True,True,False,True,False
2025-07-29,BEARISH,1.157274,1.160995,1.159134,0.3209,0.3431,0.0,0.7466,0.9485,False,True,True,True,True,True,True,True
2025-07-30,BEARISH,1.146027,1.151994,1.14901,0.5166,0.5312,0.0,1.0094,0.8078,True,True,True,True,True,True,True,True
2025-08-01,BULLISH,1.146027,1.155095,1.150561,0.7938,0.7187,0.0,1.4927,0.1548,True,True,True,True,False,False,True,False
2025-08-06,BULLISH,1.158816,1.161427,1.160121,0.2255,0.2246,0.0,0.6999,0.1728,False,True,True,True,True,False,True,False
2025-08-22,BULLISH,1.166194,1.166725,1.16646,0.0457,0.0599,0.0,1.6575,0.2008,True,True,True,True,True,True,True,True
2025-08-26,BEARISH,1.16428,1.166725,1.165502,0.2104,0.2626,0.0,0.6658,0.2566,True,True,True,True,True,True,True,True
2025-08-28,BULLISH,1.16428,1.165433,1.164857,0.099,0.1348,0.0,0.68,0.3167,False,True,True,True,True,True,True,True
2025-08-29,BULLISH,1.16877,1.168866,1.168818,0.0082,0.0116,0.0,0.6467,0.513,True,True,True,True,True,True,True,True
2025-09-02,BEARISH,1.168224,1.168866,1.168545,0.0548,0.0786,0.0,1.2573,0.9987,False,True,True,True,True,True,True,True
2025-09-05,BULLISH,1.166793,1.170576,1.168685,0.3246,0.4614,0.0,1.2919,0.0346,False,True,True,True,True,False,True,False
2025-09-15,BULLISH,1.174812,1.175834,1.175323,0.0872,0.1385,0.0,0.7757,0.1632,False,True,True,True,True,True,True,True
2025-09-16,BULLISH,1.17744,1.183432,1.180436,0.5093,0.7417,0.0,1.1663,0.0573,True,True,True,True,True,True,False,True
2025-09-18,BEARISH,1.179384,1.183432,1.181408,0.3422,0.4532,0.0,1.0866,0.7733,False,True,True,True,True,False,False,False
2025-09-24,BEARISH,1.175433,1.178175,1.176804,0.2321,0.3185,0.0,0.9903,0.9754,False,True,True,True,True,False,True,False
2025-09-25,BEARISH,1.17022,1.173131,1.171675,0.2478,0.3091,0.0,0.9178,0.8882,True,True,True,True,True,True,False,True
2025-09-29,BULLISH,1.17022,1.171317,1.170769,0.0937,0.1181,0.0,0.5334,0.0581,False,True,True,True,True,True,True,True
2025-10-06,BEARISH,1.171097,1.171619,1.171358,0.0445,0.0677,0.0,1.0066,0.7536,False,False,False,True,True,True,True,False
2025-10-07,BEARISH,1.165297,1.165406,1.165352,0.0093,0.0146,0.0,0.7505,0.9877,False,False,False,True,True,True,True,True
2025-10-08,BEARISH,1.164958,1.165515,1.165236,0.0478,0.0707,0.0,0.6272,1.033,False,False,True,True,True,True,True,True
2025-10-15,BULLISH,1.160726,1.164334,1.16253,0.311,0.4648,0.0,0.5884,-0.0059,False,True,True,True,True,True,True,True
2025-10-16,BULLISH,1.164822,1.165814,1.165318,0.0851,0.128,0.0,0.4514,0.0854,True,True,True,True,True,True,False,True
2025-10-20,BEARISH,1.165637,1.165814,1.165725,0.0152,0.0236,0.0,0.4195,0.3846,False,False,True,True,True,True,True,False
2025-10-21,BEARISH,1.161656,1.164538,1.163097,0.2475,0.3961,0.0,0.7954,0.7936,True,True,True,True,True,True,True,True
2025-10-30,BEARISH,1.157783,1.16198,1.159881,0.3617,0.6657,0.0,1.3809,0.6403,False,False,True,True,True,True,True,True
2025-10-31,BEARISH,1.154201,1.154761,1.154481,0.0484,0.0858,0.0,0.8281,0.9008,False,True,True,True,True,True,True,True
2025-11-04,BEARISH,1.149795,1.150616,1.150205,0.0712,0.127,0.0,0.9198,0.7675,True,True,True,True,True,True,True,True
2025-11-06,BULLISH,1.149795,1.153044,1.151419,0.2825,0.5253,0.0,0.7938,0.0592,False,False,False,True,True,True,True,False
2025-11-07,BULLISH,1.154294,1.154374,1.154334,0.0069,0.0121,0.0,0.9009,0.3157,False,False,False,True,True,True,True,True
2025-11-13,BULLISH,1.159797,1.160807,1.160302,0.0871,0.1661,0.0044,1.1425,0.1778,True,True,True,True,True,True,True,True
2025-11-17,BEARISH,1.160699,1.160807,1.160753,0.0093,0.0182,0.0114,0.5741,0.9485,False,False,False,True,True,True,True,False
2025-11-19,BEARISH,1.155135,1.157381,1.156258,0.1939,0.3897,0.0023,1.0794,0.7366,True,True,True,True,True,True,True,True
2025-12-03,BULLISH,1.162385,1.165365,1.163875,0.2563,0.5138,0.0187,0.8216,-0.0057,True,True,True,True,True,True,False,False
2025-12-10,BULLISH,1.165678,1.168306,1.166992,0.226,0.5152,0.0026,0.6878,0.1695,False,False,False,False,False,False,False,False
2025-12-11,BULLISH,1.165746,1.172017,1.168881,0.5359,1.0164,0.0111,1.238,0.238,False,True,True,True,False,False,True,False
2025-12-22,BULLISH,1.17375,1.176429,1.17509,0.2288,0.4911,0.0503,1.0892,-0.0462,False,True,True,True,True,True,True,True
2025-12-23,BULLISH,1.177024,1.177426,1.177225,0.0342,0.067,0.0254,0.655,0.0423,True,True,True,True,True,True,True,True
2026-01-02,BEARISH,1.171866,1.172086,1.171976,0.0187,0.0433,0.0136,1.0655,0.6852,True,True,True,True,True,True,True,False
2026-01-08,BEARISH,1.166045,1.167447,1.166746,0.1201,0.2697,0.0131,0.6181,0.7452,True,True,True,True,True,True,True,True
2026-01-15,BEARISH,1.162656,1.163711,1.163183,0.0906,0.2029,0.0235,1.018,0.9898,True,True,True,True,True,True,True,True
2026-01-19,BULLISH,1.162656,1.163345,1.163,0.0593,0.1339,0.021,0.7774,0.3843,False,False,False,False,False,False,False,False
2026-01-20,BULLISH,1.164958,1.1697,1.167329,0.4074,0.7785,0.0133,1.8645,0.0501,True,True,True,True,False,False,False,False
2026-01-23,BULLISH,1.175074,1.183712,1.179393,0.7348,1.1901,0.0095,0.6432,0.5493,False,False,True,True,True,False,True,False
2026-01-26,BULLISH,1.177565,1.185185,1.181375,0.6426,0.9188,0.0034,0.8172,0.3148,False,False,True,True,True,True,False,False
2026-01-27,BULLISH,1.19049,1.192194,1.191342,0.1434,0.1887,0.025,1.5284,0.1785,True,True,True,True,True,True,True,True
2026-01-30,BEARISH,1.187507,1.190845,1.189176,0.2789,0.3339,0.0215,0.9956,0.9223,False,False,True,True,True,True,True,False
2026-02-02,BEARISH,1.182452,1.187395,1.184923,0.4171,0.4495,0.0115,0.7666,0.6928,True,True,True,True,True,True,True,True
2026-02-09,BULLISH,1.182648,1.189018,1.185833,0.5387,0.6821,0.0045,1.15,0.0742,True,True,True,True,True,True,False,True
2026-02-19,BEARISH,1.18061,1.181042,1.180826,0.0367,0.0598,0.0308,0.8964,0.7077,True,True,True,True,True,True,True,True
2026-03-02,BEARISH,1.170713,1.179051,1.174882,0.709,1.2052,0.01,1.7774,0.7044,False,False,False,False,False,False,False,False
2026-03-03,BEARISH,1.165488,1.167283,1.166386,0.1535,0.1989,0.0303,1.9396,0.9437,False,False,True,True,False,False,True,False
2026-03-11,BEARISH,1.156738,1.160847,1.158792,0.3539,0.4251,0.0195,0.797,0.5753,False,False,False,True,True,True,True,True
2026-03-12,BEARISH,1.152924,1.156698,1.154811,0.3269,0.3887,0.0151,0.576,0.5679,False,True,True,True,True,True,True,True
2026-03-13,BEARISH,1.150126,1.151145,1.150636,0.0885,0.1034,0.0054,0.9574,0.9198,True,True,True,True,True,True,True,True
2026-03-26,BEARISH,1.154734,1.156363,1.155549,0.1409,0.1726,0.034,0.5312,0.7492,False,True,True,True,True,True,True,True
2026-03-27,BEARISH,1.152339,1.152392,1.152366,0.0046,0.0059,0.003,0.495,0.7238,True,True,True,True,True,True,True,True
2026-03-31,BULLISH,1.152339,1.155588,1.153964,0.2835,0.3618,0.0234,0.9974,0.1201,True,True,True,True,True,True,True,True
2026-04-02,BEARISH,1.154868,1.155588,1.155228,0.0622,0.0732,0.0096,0.8974,0.9072,True,True,True,True,True,True,True,True
2026-04-07,BULLISH,1.157006,1.166684,1.161845,0.8386,1.0976,0.0075,0.6601,0.2742,True,True,True,True,False,False,False,False
2026-04-08,BULLISH,1.158346,1.165107,1.161727,0.5786,0.6714,0.038,0.5609,0.35,False,False,False,False,False,False,False,False
2026-04-13,BULLISH,1.174122,1.175696,1.174909,0.1348,0.181,0.0345,0.5522,0.0766,False,False,True,True,True,True,True,True
2026-04-14,BULLISH,1.171948,1.177399,1.174673,0.4631,0.5835,0.0578,0.5738,0.222,True,True,True,True,True,True,True,True
2026-04-22,BEARISH,1.171646,1.174315,1.172981,0.2273,0.3645,0.0207,0.6471,0.6444,True,True,True,True,True,True,True,True
2026-05-04,BEARISH,1.171646,1.171934,1.17179,0.0246,0.0429,0.0082,0.7078,0.7514,True,True,True,True,True,True,True,True
2026-05-06,BULLISH,1.171646,1.174674,1.17316,0.2584,0.4315,0.0098,1.1971,0.0376,True,True,True,True,True,True,True,True
2026-05-12,BEARISH,1.17426,1.174936,1.174598,0.0574,0.1036,0.0659,0.8511,1.025,False,False,False,False,False,False,False,False
2026-05-13,BEARISH,1.172154,1.172305,1.17223,0.0129,0.0223,0.0122,0.6839,0.8452,False,False,False,False,False,False,False,False
2026-05-14,BEARISH,1.166453,1.169632,1.168042,0.2713,0.4741,0.0266,0.7325,0.8882,False,False,False,True,True,False,True,False
2026-05-15,BEARISH,1.165909,1.167243,1.166576,0.1144,0.1875,0.0057,0.6496,0.947,False,False,False,True,True,True,True,False
2026-06-05,BEARISH,1.155428,1.159904,1.157666,0.3855,0.7541,0.0295,1.9275,0.7128,True,True,True,True,True,True,True,True
2026-06-12,BULLISH,1.155802,1.159461,1.157631,0.316,0.617,0.0407,0.5648,0.5353,True,True,True,True,True,True,True,True
2026-06-17,BEARISH,1.153004,1.157541,1.155272,0.3909,0.8645,0.0128,0.6078,0.7337,False,False,False,False,False,False,False,False
2026-06-18,BEARISH,1.147579,1.158655,1.153117,0.9625,1.6717,0.062,1.1442,0.7007,False,False,False,False,False,False,False,False
2026-06-23,BEARISH,1.138433,1.142609,1.140521,0.3654,0.6054,0.0265,0.9039,0.8092,True,True,True,True,True,True,True,True
2026-07-02,BULLISH,1.141683,1.142113,1.141898,0.0378,0.0605,0.0018,1.3551,0.0269,True,True,True,True,True,True,True,True
2026-07-29,BULLISH,1.140186,1.143537,1.141861,0.2943,0.7022,0.0571,0.6117,0.3639,False,False,False,False,False,False,False,False
2026-07-30,BULLISH,1.140511,1.145909,1.14321,0.4707,0.883,0.0108,1.627,0.3204,False,False,False,False,False,False,False,False
2026-08-14,BULLISH,1.154734,1.157555,1.156145,0.2445,0.5999,0.0255,1.1397,0.0522,True,True,True,True,False,False,True,False
2026-08-19,BULLISH,1.158883,1.167024,1.162954,0.7031,1.4781,0.0462,1.921,0.0671,True,True,True,True,False,False,True,False
