0,1,2,3,4,5,6,7,8,9,10,11,12,13,14,15,16,17,18,19,20,21,22,23,24,25,26,27,28,29,30,31,32,33,34,35,36,37,38,39,40,41,42,43,44,45,46,47,48,49,50,51,52,53,54,55,56,57,58,59,60,61,62,63,64,65,66,67,68,69,70,71,72,73,74,75,76,77,78,79,80,81,82,83,84,85,86,87
EURO FX - CHICAGO MERCANTILE EXCHANGE,101228,2010-12-28,099741,CME,00,099,162312,57044,17543,656,22380,21578,2965,15443,61279,356,15818,9237,48,114710,113662,47602,48650,6176,12827,-1196,-286,-189,-703,79,-6806,9019,97,962,-1634,10,6694,5386,-518,790,100.0,35.1,10.8,0.4,13.8,13.3,1.8,9.5,37.8,0.2,9.7,5.7,0.0,70.7,70.0,29.3,30.0,148,20,9,4,15,17,11,23,43,9,10,10,.,80,94,26.2,17.9,38.3,26.6,26.1,17.9,37.7,26.5,(CONTRACTS OF EUR 125,000),099741,CME,099,F10,FutOnly
EURO FX - CHICAGO MERCANTILE EXCHANGE,101221,2010-12-21,099741,CME,00,099,156136,44217,18739,942,22569,22281,2886,22249,52260,259,14856,10871,38,108016,108276,48120,47860,9355,3160,1677,415,-947,-334,278,5483,5803,91,506,3720,0,8986,11650,369,-2295,100.0,28.3,12.0,0.6,14.5,14.3,1.8,14.2,33.5,0.2,9.5,7.0,0.0,69.2,69.3,30.8,30.7,144,18,13,5,15,17,11,22,41,5,7,11,.,71,95,19.9,17.7,33.6,26.4,19.7,17.7,33.1,26.3,(CONTRACTS OF EUR 125,000),099741,CME,099,F10,FutOnly
EURO FX - CHICAGO MERCANTILE EXCHANGE,101214,2010-12-14,099741,CME,00,099,146781,41057,17062,527,23516,22615,2608,16766,46457,168,14350,7151,38,99030,96626,47751,50155,-51318,-28928,-20995,-17724,213,300,-24,-720,-3442,-5728,1390,879,-447,-51968,-47181,650,-4137,100.0,28.0,11.6,0.4,16.0,15.4,1.8,11.4,31.7,0.1,9.8,4.9,0.0,67.5,65.8,32.5,34.2,140,17,12,.,15,16,11,18,42,5,11,9,.,67,93,19.4,16.6,32.7,25.5,19.0,16.6,31.9,24.8,(CONTRACTS OF EUR 125,000),099741,CME,099,F10,FutOnly
EURO FX - CHICAGO MERCANTILE EXCHANGE,101207,2010-12-07,099741,CME,00,099,198099,69985,38057,18251,23303,22315,2632,17486,49899,5896,12960,6272,485,150998,143807,47101,54292,-5831,5112,-17803,13499,-2803,636,-523,-13978,-110,2303,-872,-7705,278,3016,-9425,-8847,3594,100.0,35.3,19.2,9.2,11.8,11.3,1.3,8.8,25.2,3.0,6.5,3.2,0.2,76.2,72.6,23.8,27.4,147,21,16,13,14,15,10,19,45,12,8,9,4,84,102,25.9,21.1,37.3,29.7,23.7,18.4,34.5,25.4,(CONTRACTS OF EUR 125,000),099741,CME,099,F10,FutOnly
EURO FX - CHICAGO MERCANTILE EXCHANGE,101130,2010-11-30,099741,CME,00,099,203930,64873,55860,4752,26106,21679,3155,31464,50009,3593,13832,13977,207,147982,153232,55948,50698,16741,3442,783,-552,957,1565,562,10316,2076,-918,-4565,1727,-210,9032,5033,7709,11708,100.0,31.8,27.4,2.3,12.8,10.6,1.5,15.4,24.5,1.8,6.8,6.9,0.1,72.6,75.1,27.4,24.9,159,21,16,8,18,16,10,25,43,17,7,13,.,91,105,23.9,25.5,34.7,32.6,22.2,25.3,32.6,32.2,(CONTRACTS OF EUR 125,000),099741,CME,099,F10,FutOnly
EURO FX - CHICAGO MERCANTILE EXCHANGE,101123,2010-11-23,099741,CME,00,099,187189,61431,55077,5304,25149,20114,2593,21148,47933,4511,18397,12250,417,138950,148199,48239,38990,-8409,8814,-11576,323,421,905,-198,-12002,4361,352,-295,3548,3,-2582,-2282,-5827,-6127,100.0,32.8,29.4,2.8,13.4,10.7,1.4,11.3,25.6,2.4,9.8,6.5,0.2,74.2,79.2,25.8,20.8,160,23,18,8,18,14,8,23,48,16,8,8,.,90,104,25.2,25.7,35.6,33.1,23.1,25.4,33.2,32.6,(CONTRACTS OF EUR 125,000),099741,CME,099,F10,FutOnly
EURO FX - CHICAGO MERCANTILE EXCHANGE,101116,2010-11-16,099741,CME,00,099,195598,52617,66653,4981,24728,19209,2791,33150,43572,4159,18692,8702,414,141532,150481,54066,45117,-8930,3169,-18489,343,-1766,2372,39,-2130,3328,-1036,-4280,2219,143,-5518,-11081,-3412,2151,100.0,26.9,34.1,2.5,12.6,9.8,1.4,16.9,22.3,2.1,9.6,4.4,0.2,72.4,76.9,27.6,23.1,157,21,17,8,18,14,7,30,42,16,9,6,.,93,98,22.7,30.2,33.2,38.0,22.5,30.2,32.7,36.9,(CONTRACTS OF EUR 125,000),099741,CME,099,F10,FutOnly
EURO FX - CHICAGO MERCANTILE EXCHANGE,101109,2010-11-09,099741,CME,00,099,204528,49448,85142,4638,26494,16837,2752,35280,40244,5195,22972,6483,271,147050,161562,57478,42966,-2444,1939,-6070,1077,806,-2595,633,-10668,6112,2311,2881,10,-64,-1085,1414,-1359,-3858,100.0,24.2,41.6,2.3,13.0,8.2,1.3,17.2,19.7,2.5,11.2,3.2,0.1,71.9,79.0,28.1,21.0,157,19,19,6,18,13,6,35,34,18,11,8,.,95,94,21.0,36.4,30.4,42.8,20.6,36.4,29.8,42.4,(CONTRACTS OF EUR 125,000),099741,CME,099,F10,FutOnly
EURO FX - CHICAGO MERCANTILE EXCHANGE,101102,2010-11-02,099741,CME,00,099,206972,47509,91212,3561,25688,19432,2119,45948,34132,2884,20091,6473,335,148135,160148,58837,46824,-2131,-3573,-8757,796,1719,-980,-148,-1995,4579,23,-1456,1155,72,-4562,-3260,2431,1129,100.0,23.0,44.1,1.7,12.4,9.4,1.0,22.2,16.5,1.4,9.7,3.1,0.2,71.6,77.4,28.4,22.6,158,20,16,6,18,14,6,40,31,13,12,7,.,98,87,19.0,37.4,28.5,44.2,18.7,37.3,28.1,43.3,(CONTRACTS OF EUR 125,000),099741,CME,099,F10,FutOnly
EURO FX - CHICAGO MERCANTILE EXCHANGE,101026,2010-10-26,099741,CME,00,099,209103,51082,99969,2765,23969,20412,2267,47943,29553,2861,21547,5318,263,152697,163408,56406,45695,-10658,-1496,-13269,1023,167,-2095,19,-2997,4965,504,-1944,-1247,-21,-4745,-10121,-5913,-537,100.0,24.4,47.8,1.3,11.5,9.8,1.1,22.9,14.1,1.4,10.3,2.5,0.1,73.0,78.1,27.0,21.9,155,20,19,5,17,13,6,40,30,16,11,5,.,98,85,20.8,42.0,30.8,48.4,20.7,41.4,30.4,47.0,(CONTRACTS OF EUR 125,000),099741,CME,099,F10,FutOnly
EURO FX - CHICAGO MERCANTILE EXCHANGE,101019,2010-10-19,099741,CME,00,099,219761,52578,113238,1742,23802,22507,2248,50940,24588,2357,23491,6565,284,157442,173529,62319,46232,21925,3112,24637,-124,362,-1401,12,6898,-1897,-401,2936,508,-134,12661,21200,9264,725,100.0,23.9,51.5,0.8,10.8,10.2,1.0,23.2,11.2,1.1,10.7,3.0,0.1,71.6,79.0,28.4,21.0,157,18,21,4,17,13,6,39,27,16,14,7,.,97,89,19.8,45.9,29.4,51.7,19.5,44.8,29.1,50.5,(CONTRACTS OF EUR 125,000),099741,CME,099,F10,FutOnly
EURO FX - CHICAGO MERCANTILE EXCHANGE,101012,2010-10-12,099741,CME,00,099,197836,49466,88601,1866,23440,23908,2236,44042,26485,2758,20555,6057,418,144781,152329,53055,45507,430,8469,3907,-918,-1096,-3527,-125,-4674,1658,1099,443,906,155,3353,3155,-2923,-2725,100.0,25.0,44.8,0.9,11.8,12.1,1.1,22.3,13.4,1.4,10.4,3.1,0.2,73.2,77.0,26.8,23.0,153,19,17,.,16,13,6,44,26,14,11,6,.,96,82,20.1,40.4,30.1,46.8,19.8,39.1,29.5,45.5,(CONTRACTS OF EUR 125,000),099741,CME,099,F10,FutOnly
EURO FX - CHICAGO MERCANTILE EXCHANGE,101005,2010-10-05,099741,CME,00,099,197406,40997,84694,2784,24536,27435,2361,48716,24827,1659,20112,5151,263,141428,149174,55978,48232,7367,3333,14188,-467,805,-340,23,1124,-10386,1176,-238,2198,0,5756,6392,1611,975,100.0,20.8,42.9,1.4,12.4,13.9,1.2,24.7,12.6,0.8,10.2,2.6,0.1,71.6,75.6,28.4,24.4,162,17,20,5,16,15,8,45,28,12,12,8,.,98,90,20.2,38.5,30.8,45.0,19.8,37.3,29.7,43.6,(CONTRACTS OF EUR 125,000),099741,CME,099,F10,FutOnly
EURO FX - CHICAGO MERCANTILE EXCHANGE,100928,2010-09-28,099741,CME,00,099,190039,37664,70506,3251,23731,27775,2338,47592,35213,483,20350,2953,263,135672,142782,54367,47257,22576,-3584,35637,1164,290,-1933,-250,18302,-9752,-1686,2616,-1146,-16,16836,22018,5740,558,100.0,19.8,37.1,1.7,12.5,14.6,1.2,25.0,18.5,0.3,10.7,1.6,0.1,71.4,75.1,28.6,24.9,159,18,22,4,16,14,7,40,30,9,13,6,.,94,86,19.9,33.8,30.6,41.4,19.4,33.3,29.5,40.1,(CONTRACTS OF EUR 125,000),099741,CME,099,F10,FutOnly
EURO FX - CHICAGO MERCANTILE EXCHANGE,100921,2010-09-21,099741,CME,00,099,167463,41248,34869,2087,23441,29708,2588,29290,44965,2169,17734,4099,279,118836,120764,48627,46699,-3188,-6193,13081,352,-639,-708,-120,-3717,-15838,1879,3740,-1390,-17,-4715,-2761,1527,-427,100.0,24.6,20.8,1.2,14.0,17.7,1.5,17.5,26.9,1.3,10.6,2.4,0.2,71.0,72.1,29.0,27.9,146,16,17,.,16,16,8,32,32,10,11,6,.,84,85,25.7,27.7,36.7,34.9,25.2,27.1,35.5,34.3,(CONTRACTS OF EUR 125,000),099741,CME,099,F10,FutOnly
EURO FX - CHICAGO MERCANTILE EXCHANGE,100914,2010-09-14,099741,CME,00,099,170651,47441,21788,1735,24080,30416,2708,33007,60803,290,13994,5489,296,123551,123525,47100,47126,-87137,-75723,-56267,-3776,332,2317,-102,3907,-9426,-3039,-1714,-3960,-358,-80473,-74611,-6664,-12526,100.0,27.8,12.8,1.0,14.1,17.8,1.6,19.3,35.6,0.2,8.2,3.2,0.2,72.4,72.4,27.6,27.6,153,19,13,5,16,17,9,36,37,8,9,6,.,86,91,25.6,25.9,36.8,33.9,25.1,25.3,35.6,33.3,(CONTRACTS OF EUR 125,000),099741,CME,099,F10,FutOnly
EURO FX - CHICAGO MERCANTILE EXCHANGE,100907,2010-09-07,099741,CME,00,099,257788,123164,78055,5511,23748,28099,2810,29100,70229,3329,15708,9449,654,204024,198136,53764,59652,16655,6038,3071,2600,690,-363,139,-3232,5737,-443,689,-4287,386,6867,6840,9788,9815,100.0,47.8,30.3,2.1,9.2,10.9,1.1,11.3,27.2,1.3,6.1,3.7,0.3,79.1,76.9,20.9,23.1,158,25,14,10,16,16,10,26,47,21,7,7,.,92,110,32.8,36.9,42.4,44.6,32.4,35.7,41.0,43.4,(CONTRACTS OF EUR 125,000),099741,CME,099,F10,FutOnly
EURO FX - CHICAGO MERCANTILE EXCHANGE,100831,2010-08-31,099741,CME,00,099,241133,117126,74984,2911,23058,28462,2671,32332,64492,3772,15019,13736,268,197157,191296,43976,49837,-4315,-3314,-7317,474,431,613,-189,3217,-1265,1763,-3849,1519,5,-1462,-4397,-2853,82,100.0,48.6,31.1,1.2,9.6,11.8,1.1,13.4,26.7,1.6,6.2,5.7,0.1,81.8,79.3,18.2,20.7,163,24,13,7,14,18,8,35,40,21,8,10,.,92,109,35.3,36.5,45.2,44.1,35.0,36.1,44.0,43.6,(CONTRACTS OF EUR 125,000),099741,CME,099,F10,FutOnly
EURO FX - CHICAGO MERCANTILE EXCHANGE,100824,2010-08-24,099741,CME,00,099,245448,120440,82301,2437,22627,27849,2860,29115,65757,2009,18868,12217,263,198619,195693,46829,49755,-4642,4900,-10107,-334,-215,3036,-53,-6024,1940,344,169,-450,0,-1213,-5624,-3429,982,100.0,49.1,33.5,1.0,9.2,11.3,1.2,11.9,26.8,0.8,7.7,5.0,0.1,80.9,79.7,19.1,20.3,162,22,14,6,14,18,7,35,41,17,9,9,.,87,106,36.6,39.2,45.9,45.4,36.4,38.7,44.8,44.9,(CONTRACTS OF EUR 125,000),099741,CME,099,F10,FutOnly
EURO FX - CHICAGO MERCANTILE EXCHANGE,100817,2010-08-17,099741,CME,00,099,250090,115540,92408,2771,22842,24813,2913,35139,63817,1665,18699,12667,263,199832,201317,50258,48773,15814,6925,-1623,-220,31,2538,-180,1737,14587,-30,1777,-2359,0,10040,12713,5774,3101,100.0,46.2,36.9,1.1,9.1,9.9,1.2,14.1,25.5,0.7,7.5,5.1,0.1,79.9,80.5,20.1,19.5,156,22,15,7,14,17,7,35,36,19,10,7,.,90,100,34.6,43.0,43.3,50.6,34.4,43.0,42.6,50.1,(CONTRACTS OF EUR 125,000),099741,CME,099,F10,FutOnly
EURO FX - CHICAGO MERCANTILE EXCHANGE,100810,2010-08-10,099741,CME,00,099,234276,108615,94031,2991,22811,22275,3093,33402,49230,1695,16922,15026,263,189792,188604,44484,45672,-1825,418,12695,-789,2482,-929,-261,-746,-10021,-323,-986,1965,-25,-230,2312,-1595,-4137,100.0,46.4,40.1,1.3,9.7,9.5,1.3,14.3,21.0,0.7,7.2,6.4,0.1,81.0,80.5,19.0,19.5,158,23,14,7,15,16,7,39,32,21,7,12,.,92,102,34.0,45.3,42.9,52.0,33.7,45.3,41.7,51.4,(CONTRACTS OF EUR 125,000),099741,CME,099,F10,FutOnly
EURO FX - CHICAGO MERCANTILE EXCHANGE,100803,2010-08-03,099741,CME,00,099,236101,108197,81336,3780,20329,23204,3354,34148,59251,2018,17908,13061,288,190022,186292,46079,49809,3908,-2248,10835,-226,881,1527,60,30,-8733,527,2076,1300,1,1101,5291,2807,-1383,100.0,45.8,34.4,1.6,8.6,9.8,1.4,14.5,25.1,0.9,7.6,5.5,0.1,80.5,78.9,19.5,21.1,157,23,12,6,14,18,7,35,36,22,10,9,.,93,101,36.5,39.2,44.7,45.8,36.2,39.2,43.6,45.8,(CONTRACTS OF EUR 125,000),099741,CME,099,F10,FutOnly
EURO FX - CHICAGO MERCANTILE EXCHANGE,100727,2010-07-27,099741,CME,00,099,232193,110445,70501,4006,19448,21677,3294,34118,67984,1491,15832,11761,287,188921,181001,43272,51192,2075,-1827,5733,73,-1129,-1430,-116,3820,-3065,-198,422,931,-1,1044,1927,1031,148,100.0,47.6,30.4,1.7,8.4,9.3,1.4,14.7,29.3,0.6,6.8,5.1,0.1,81.4,78.0,18.6,22.0,152,22,12,6,13,16,7,35,38,24,8,8,.,90,101,38.7,35.5,47.7,42.7,38.5,35.5,46.6,42.7,(CONTRACTS OF EUR 125,000),099741,CME,099,F10,FutOnly
EURO FX - CHICAGO MERCANTILE EXCHANGE,100720,2010-07-20,099741,CME,00,099,230118,112272,64768,3933,20577,23107,3410,30298,71049,1689,15410,10830,288,187877,179074,42241,51044,.,.,.,.,.,.,.,.,.,.,.,.,.,.,.,.,.,100.0,48.8,28.1,1.7,8.9,10.0,1.5,13.2,30.9,0.7,6.7,4.7,0.1,81.6,77.8,18.4,22.2,156,23,13,6,14,18,7,32,39,20,8,9,.,87,104,39.9,35.6,49.3,42.7,39.7,35.6,48.2,42.7,(CONTRACTS OF EUR 125,000),099741,CME,099,F10,FutOnly
EURO FX - CHICAGO MERCANTILE EXCHANGE,111227,2011-12-27,099741,CME,00,099,276022,122475,27029,155,49677,32557,4724,57998,144008,985,14330,12138,162,250506,221758,25516,54264,9425,4430,2962,3,-1648,-692,461,7811,9020,76,0,-23,0,11133,11807,-1708,-2382,100.0,44.4,9.8,0.1,18.0,11.8,1.7,21.0,52.2,0.4,5.2,4.4,0.1,90.8,80.3,9.2,19.7,170,22,10,.,15,18,10,24,60,9,6,15,.,77,116,43.0,32.4,57.5,39.9,42.7,32.4,57.1,39.9,(CONTRACTS OF EUR 125,000),099741,CME,099,F10,FutOnly
EURO FX - CHICAGO MERCANTILE EXCHANGE,111220,2011-12-20,099741,CME,00,099,266597,118045,24067,152,51325,33249,4263,50187,134988,909,14330,12161,162,239373,209951,27224,56646,-61143,8983,-33437,-16556,483,447,-1623,-27075,10504,-18144,-982,1942,-1242,-56156,-58109,-4987,-3034,100.0,44.3,9.0,0.1,19.3,12.5,1.6,18.8,50.6,0.3,5.4,4.6,0.1,89.8,78.8,10.2,21.2,165,22,8,.,15,18,9,26,56,9,6,14,.,79,107,41.3,32.2,57.2,39.9,40.9,32.2,56.8,39.8,(CONTRACTS OF EUR 125,000),099741,CME,099,F10,FutOnly
EURO FX - CHICAGO MERCANTILE EXCHANGE,111213,2011-12-13,099741,CME,00,099,327740,109062,57504,16708,50842,32802,5886,77262,124484,19053,15312,10219,1404,295529,268060,32211,59680,44431,8548,-2326,9772,-6319,-134,2227,10737,20054,15341,1089,-3079,296,41691,42151,2740,2280,100.0,33.3,17.5,5.1,15.5,10.0,1.8,23.6,38.0,5.8,4.7,3.1,0.4,90.2,81.8,9.8,18.2,179,22,14,9,15,20,11,24,62,18,7,15,.,88,132,39.9,26.1,53.8,35.3,38.9,25.3,51.9,33.0,(CONTRACTS OF EUR 125,000),099741,CME,099,F10,FutOnly
EURO FX - CHICAGO MERCANTILE EXCHANGE,111206,2011-12-06,099741,CME,00,099,283309,100514,59830,6936,57161,32936,3659,66525,104430,3712,14223,13298,1108,253838,225909,29471,57400,5798,-1287,4073,6353,-7281,798,806,-2791,-3654,429,8495,1530,643,5367,10978,431,-5180,100.0,35.5,21.1,2.4,20.2,11.6,1.3,23.5,36.9,1.3,5.0,4.7,0.4,89.6,79.7,10.4,20.3,180,22,16,7,17,22,10,26,51,16,7,19,4,90,127,45.5,24.6,57.2,36.0,45.3,24.6,57.0,34.4,(CONTRACTS OF EUR 125,000),099741,CME,099,F10,FutOnly
EURO FX - CHICAGO MERCANTILE EXCHANGE,111129,2011-11-29,099741,CME,00,099,277511,101801,55757,583,64442,32138,2853,69316,108084,3283,5728,11768,465,248471,214931,29040,62580,17447,3401,8383,516,16107,26,-6046,6589,18028,-166,-287,-901,-473,19641,19367,-2194,-1920,100.0,36.7,20.1,0.2,23.2,11.6,1.0,25.0,38.9,1.2,2.1,4.2,0.2,89.5,77.4,10.5,22.6,180,24,13,6,17,21,10,23,61,15,5,16,.,86,128,47.8,22.1,58.9,34.0,47.7,22.1,58.9,33.9,(CONTRACTS OF EUR 125,000),099741,CME,099,F10,FutOnly
EURO FX - CHICAGO MERCANTILE EXCHANGE,111122,2011-11-22,099741,CME,00,099,260064,98400,47374,67,48335,32112,8899,62727,90056,3449,6015,12669,938,228830,195564,31234,64500,15512,4465,7945,-33,5533,793,-15,2893,3171,2169,-41,-1,658,15629,14687,-117,825,100.0,37.8,18.2,0.0,18.6,12.3,3.4,24.1,34.6,1.3,2.3,4.9,0.4,88.0,75.2,12.0,24.8,175,26,12,.,16,22,12,28,49,15,6,16,4,89,120,44.2,26.8,54.7,36.8,41.9,26.8,52.3,36.3,(CONTRACTS OF EUR 125,000),099741,CME,099,F10,FutOnly
EURO FX - CHICAGO MERCANTILE EXCHANGE,111115,2011-11-15,099741,CME,00,099,244552,93935,39429,100,42802,31319,8914,59834,86885,1280,6056,12670,280,213201,180877,31351,63675,13107,7359,-9915,-60,930,-1725,260,7151,19262,-562,51,660,-631,14498,7289,-1391,5818,100.0,38.4,16.1,0.0,17.5,12.8,3.6,24.5,35.5,0.5,2.5,5.2,0.1,87.2,74.0,12.8,26.0,177,26,11,4,16,22,12,28,53,14,5,16,.,85,124,44.0,25.2,54.5,34.7,41.5,25.2,51.8,33.9,(CONTRACTS OF EUR 125,000),099741,CME,099,F10,FutOnly
EURO FX - CHICAGO MERCANTILE EXCHANGE,111108,2011-11-08,099741,CME,00,099,231445,86576,49344,160,41872,33044,8654,52683,67623,1842,6005,12010,911,198703,173588,32742,57857,216,-4183,8161,-168,2762,-767,-300,4471,-10918,327,-411,1933,-1191,1307,-2923,-1091,3139,100.0,37.4,21.3,0.1,18.1,14.3,3.7,22.8,29.2,0.8,2.6,5.2,0.4,85.9,75.0,14.1,25.0,174,26,12,4,15,24,11,26,49,15,7,14,.,88,119,39.3,25.3,50.2,34.5,36.7,25.2,47.3,33.8,(CONTRACTS OF EUR 125,000),099741,CME,099,F10,FutOnly
EURO FX - CHICAGO MERCANTILE EXCHANGE,111101,2011-11-01,099741,CME,00,099,231229,90759,41183,328,39110,33811,8954,48212,78541,1515,6416,10077,2102,197396,176511,33833,54718,-4545,-8020,10066,108,1246,-398,771,-3031,-13168,1083,-69,871,1677,-6235,1010,1690,-5555,100.0,39.3,17.8,0.1,16.9,14.6,3.9,20.9,34.0,0.7,2.8,4.4,0.9,85.4,76.3,14.6,23.7,186,26,11,4,14,25,11,27,59,15,10,14,4,90,130,39.4,21.3,50.5,31.7,36.6,21.3,47.6,31.1,(CONTRACTS OF EUR 125,000),099741,CME,099,F10,FutOnly
EURO FX - CHICAGO MERCANTILE EXCHANGE,111025,2011-10-25,099741,CME,00,099,235774,98779,31117,220,37864,34209,8183,51243,91709,432,6485,9206,425,203631,175501,32143,60273,5291,471,6547,-183,7276,-2525,-93,-3516,4158,-189,-383,-2449,0,3383,5266,1908,25,100.0,41.9,13.2,0.1,16.1,14.5,3.5,21.7,38.9,0.2,2.8,3.9,0.2,86.4,74.4,13.6,25.6,169,27,11,4,14,24,11,19,55,9,7,12,.,79,115,44.1,20.4,54.5,29.5,41.5,20.4,51.9,28.8,(CONTRACTS OF EUR 125,000),099741,CME,099,F10,FutOnly
EURO FX - CHICAGO MERCANTILE EXCHANGE,111018,2011-10-18,099741,CME,00,099,230483,98308,24570,403,30588,36734,8276,54759,87551,621,6868,11655,425,200248,170235,30235,60248,7316,648,-874,55,3954,-884,2780,4074,6049,-245,1177,2309,64,12507,9254,-5191,-1938,100.0,42.7,10.7,0.2,13.3,15.9,3.6,23.8,38.0,0.3,3.0,5.1,0.2,86.9,73.9,13.1,26.1,175,27,11,.,15,26,12,20,55,11,6,15,.,79,122,44.1,19.0,55.0,27.5,42.4,18.8,52.2,26.8,(CONTRACTS OF EUR 125,000),099741,CME,099,F10,FutOnly
EURO FX - CHICAGO MERCANTILE EXCHANGE,111011,2011-10-11,099741,CME,00,099,223167,97660,25444,348,26634,37618,5496,50685,81502,866,5691,9346,361,187741,160981,35426,62186,2328,1110,9373,274,-2443,-3741,2354,-2325,-8129,-96,582,-834,0,-544,-799,2872,3127,100.0,43.8,11.4,0.2,11.9,16.9,2.5,22.7,36.5,0.4,2.6,4.2,0.2,84.1,72.1,15.9,27.9,170,27,13,.,14,26,11,14,57,11,6,13,.,72,124,43.2,18.2,53.6,27.8,43.0,18.2,53.1,26.9,(CONTRACTS OF EUR 125,000),099741,CME,099,F10,FutOnly
EURO FX - CHICAGO MERCANTILE EXCHANGE,111004,2011-10-04,099741,CME,00,099,220839,96550,16071,74,29077,41359,3142,53010,89631,962,5109,10180,361,188285,161780,32554,59059,5667,-1719,2988,29,1024,5126,484,8804,-1034,3,-425,-694,-278,7922,6624,-2255,-957,100.0,43.7,7.3,0.0,13.2,18.7,1.4,24.0,40.6,0.4,2.3,4.6,0.2,85.3,73.3,14.7,26.7,178,27,12,.,16,27,12,19,56,13,6,15,.,80,126,44.4,21.3,54.8,29.8,44.4,20.7,54.4,29.1,(CONTRACTS OF EUR 125,000),099741,CME,099,F10,FutOnly
EURO FX - CHICAGO MERCANTILE EXCHANGE,110927,2011-09-27,099741,CME,00,099,215172,98269,13083,45,28053,36233,2658,44206,90665,959,5534,10874,639,180363,155156,34809,60016,13616,6573,2261,-64,-2289,4013,412,7519,3043,57,-526,234,-281,11401,9675,2215,3941,100.0,45.7,6.1,0.0,13.0,16.8,1.2,20.5,42.1,0.4,2.6,5.1,0.3,83.8,72.1,16.2,27.9,181,27,12,.,14,27,12,21,59,11,8,13,.,82,127,42.9,19.2,53.3,27.0,42.9,19.2,52.9,27.0,(CONTRACTS OF EUR 125,000),099741,CME,099,F10,FutOnly
EURO FX - CHICAGO MERCANTILE EXCHANGE,110920,2011-09-20,099741,CME,00,099,201556,91696,10822,109,30342,32220,2246,36687,87622,902,6060,10640,920,168962,145481,32594,56075,-62944,15724,-26507,-38876,-1985,-176,498,-26690,13756,-2263,-321,732,507,-53406,-52329,-9538,-10615,100.0,45.5,5.4,0.1,15.1,16.0,1.1,18.2,43.5,0.4,3.0,5.3,0.5,83.8,72.2,16.2,27.8,174,23,10,.,15,23,11,21,60,12,8,14,.,80,122,38.5,15.5,49.3,24.4,38.5,15.5,48.9,24.4,(CONTRACTS OF EUR 125,000),099741,CME,099,F10,FutOnly
EURO FX - CHICAGO MERCANTILE EXCHANGE,110913,2011-09-13,099741,CME,00,099,264500,75972,37329,38985,32327,32396,1748,63377,73866,3165,6381,9908,413,222368,197810,42132,66690,54985,23602,2547,26461,-425,2093,-282,9565,12371,-1231,281,755,15,57986,42729,-3001,12256,100.0,28.7,14.1,14.7,12.2,12.2,0.7,24.0,27.9,1.2,2.4,3.7,0.2,84.1,74.8,15.9,25.2,168,21,16,14,15,22,10,23,53,21,7,11,5,93,125,38.9,21.8,49.8,30.3,34.5,13.5,43.0,19.9,(CONTRACTS OF EUR 125,000),099741,CME,099,F10,FutOnly
EURO FX - CHICAGO MERCANTILE EXCHANGE,110906,2011-09-06,099741,CME,00,099,209515,52370,34782,12524,32752,30303,2030,53812,61495,4396,6100,9153,398,164382,155081,45133,54434,30353,16811,-10035,7191,1325,1035,394,10705,21729,1096,-1339,1934,142,36325,23486,-5972,6867,100.0,25.0,16.6,6.0,15.6,14.5,1.0,25.7,29.4,2.1,2.9,4.4,0.2,78.5,74.0,21.5,26.0,173,23,14,12,15,19,10,29,56,22,5,12,.,93,127,26.7,18.6,36.5,26.4,26.1,16.1,35.5,23.8,(CONTRACTS OF EUR 125,000),099741,CME,099,F10,FutOnly
EURO FX - CHICAGO MERCANTILE EXCHANGE,110830,2011-08-30,099741,CME,00,099,179162,35559,44817,5333,31427,29268,1636,43107,39766,3300,7439,7219,256,128057,131595,51105,47567,4448,109,3294,-867,5946,-3135,-22,229,769,1302,-6016,-673,51,732,719,3716,3729,100.0,19.8,25.0,3.0,17.5,16.3,0.9,24.1,22.2,1.8,4.2,4.0,0.1,71.5,73.5,28.5,26.5,159,22,14,8,16,19,9,35,41,19,7,5,.,95,103,17.2,20.5,28.9,30.2,17.0,18.7,28.4,28.1,(CONTRACTS OF EUR 125,000),099741,CME,099,F10,FutOnly
EURO FX - CHICAGO MERCANTILE EXCHANGE,110823,2011-08-23,099741,CME,00,099,174714,35450,41523,6200,25481,32403,1658,42878,38997,1998,13455,7892,205,127325,130876,47389,43838,5783,720,3711,904,768,366,96,1580,1361,-566,160,159,-110,3552,5921,2231,-138,100.0,20.3,23.8,3.5,14.6,18.5,0.9,24.5,22.3,1.1,7.7,4.5,0.1,72.9,74.9,27.1,25.1,161,21,14,8,15,20,10,32,44,20,8,7,4,94,109,17.6,21.2,29.0,30.6,17.4,18.9,28.5,28.1,(CONTRACTS OF EUR 125,000),099741,CME,099,F10,FutOnly
EURO FX - CHICAGO MERCANTILE EXCHANGE,110816,2011-08-16,099741,CME,00,099,168931,34730,37812,5296,24713,32037,1562,41298,37636,2564,13295,7733,315,123773,124955,45158,43976,-14640,-5993,310,1074,230,-3091,-362,-7331,-8135,-80,-817,-5119,-111,-13390,-15514,-1250,874,100.0,20.6,22.4,3.1,14.6,19.0,0.9,24.4,22.3,1.5,7.9,4.6,0.2,73.3,74.0,26.7,26.0,157,21,12,8,15,20,10,31,44,21,7,7,4,92,108,18.2,20.7,29.8,30.3,18.0,18.7,29.5,28.1,(CONTRACTS OF EUR 125,000),099741,CME,099,F10,FutOnly
EURO FX - CHICAGO MERCANTILE EXCHANGE,110809,2011-08-09,099741,CME,00,099,183571,40723,37502,4222,24483,35128,1924,48629,45771,2644,14112,12852,426,137163,140469,46408,43102,-7151,-3528,-8463,93,-2512,3928,-687,4367,-10951,300,-5397,7386,-1,-7365,-8395,214,1244,100.0,22.2,20.4,2.3,13.3,19.1,1.0,26.5,24.9,1.4,7.7,7.0,0.2,74.7,76.5,25.3,23.5,167,23,12,6,14,23,11,37,42,21,7,9,4,97,112,19.1,21.5,31.6,30.3,19.0,19.5,31.3,28.3,(CONTRACTS OF EUR 125,000),099741,CME,099,F10,FutOnly
EURO FX - CHICAGO MERCANTILE EXCHANGE,110802,2011-08-02,099741,CME,00,099,190722,44251,45965,4129,26995,31200,2611,44262,56722,2344,19509,5466,427,144528,148864,46194,41858,7032,10706,-9354,271,-2584,4077,585,2423,9762,672,-203,1487,-99,11771,7401,-4739,-369,100.0,23.2,24.1,2.2,14.2,16.4,1.4,23.2,29.7,1.2,10.2,2.9,0.2,75.8,78.1,24.2,21.9,173,23,16,7,13,20,10,38,47,17,9,7,5,99,113,15.2,21.0,27.9,30.5,15.0,19.2,27.7,28.6,(CONTRACTS OF EUR 125,000),099741,CME,099,F10,FutOnly
EURO FX - CHICAGO MERCANTILE EXCHANGE,110726,2011-07-26,099741,CME,00,099,183690,33545,55319,3858,29579,27123,2026,41839,46960,1672,19712,3979,526,132757,141463,50933,42227,3376,-10140,14634,491,-942,614,52,6482,-5925,309,-296,-2753,0,-4044,7422,7420,-4046,100.0,18.3,30.1,2.1,16.1,14.8,1.1,22.8,25.6,0.9,10.7,2.2,0.3,72.3,77.0,27.7,23.0,162,21,15,6,16,16,11,36,41,15,10,7,4,95,103,17.1,23.9,29.4,33.3,16.9,22.1,29.1,31.5,(CONTRACTS OF EUR 125,000),099741,CME,099,F10,FutOnly
EURO FX - CHICAGO MERCANTILE EXCHANGE,110719,2011-07-19,099741,CME,00,099,180314,43685,40685,3367,30521,26509,1974,35357,52885,1363,20008,6732,526,136801,134041,43513,46273,-5227,9851,-822,1004,-1009,482,-477,-11434,-4242,909,4880,824,302,4026,-2020,-9253,-3207,100.0,24.2,22.6,1.9,16.9,14.7,1.1,19.6,29.3,0.8,11.1,3.7,0.3,75.9,74.3,24.1,25.7,153,20,14,7,15,16,11,27,42,12,7,12,4,82,105,19.8,19.9,33.3,29.4,19.7,18.4,33.1,27.8,(CONTRACTS OF EUR 125,000),099741,CME,099,F10,FutOnly
EURO FX - CHICAGO MERCANTILE EXCHANGE,110712,2011-07-12,099741,CME,00,099,185541,33834,41507,2363,31530,26027,2451,46791,57127,454,15128,5908,224,132775,136061,52766,49480,-8788,10435,-24246,1224,1459,-1115,38,-17764,9831,-360,494,3,-49,-4523,-14674,-4265,5886,100.0,18.2,22.4,1.3,17.0,14.0,1.3,25.2,30.8,0.2,8.2,3.2,0.1,71.6,73.3,28.4,26.7,158,20,16,6,16,15,11,28,45,12,8,10,.,85,105,23.8,19.7,34.8,29.2,23.8,18.7,34.5,28.1,(CONTRACTS OF EUR 125,000),099741,CME,099,F10,FutOnly
EURO FX - CHICAGO MERCANTILE EXCHANGE,110705,2011-07-05,099741,CME,00,099,194329,23399,65753,1139,30071,27142,2413,64555,47296,814,14634,5905,273,137298,150735,57031,43594,11123,640,10803,-423,-1842,-1043,-74,11249,5750,201,202,-2183,1,9954,13032,1169,-1909,100.0,12.0,33.8,0.6,15.5,14.0,1.2,33.2,24.3,0.4,7.5,3.0,0.1,70.7,77.6,29.3,22.4,161,17,18,5,15,19,11,39,36,11,7,10,.,90,101,25.7,27.0,38.2,36.8,25.6,26.5,37.8,36.3,(CONTRACTS OF EUR 125,000),099741,CME,099,F10,FutOnly
EURO FX - CHICAGO MERCANTILE EXCHANGE,110628,2011-06-28,099741,CME,00,099,183206,22759,54950,1562,31913,28185,2487,53306,41546,613,14432,8088,272,127344,137703,55862,45503,-5984,-3938,-3142,712,-381,1781,200,-4636,-2944,60,-6,-5217,110,-7879,-8440,1895,2456,100.0,12.4,30.0,0.9,17.4,15.4,1.4,29.1,22.7,0.3,7.9,4.4,0.1,69.5,75.2,30.5,24.8,158,17,17,5,14,20,11,34,37,10,6,13,.,81,105,27.2,23.6,38.1,34.2,27.1,22.8,37.7,33.3,(CONTRACTS OF EUR 125,000),099741,CME,099,F10,FutOnly
EURO FX - CHICAGO MERCANTILE EXCHANGE,110621,2011-06-21,099741,CME,00,099,189190,26697,58092,850,32294,26404,2287,57942,44490,553,14438,13305,162,135223,146143,53967,43047,-1183,9738,-12952,622,1096,92,194,-10298,2362,209,-191,7108,5,1375,-2360,-2558,1177,100.0,14.1,30.7,0.4,17.1,14.0,1.2,30.6,23.5,0.3,7.6,7.0,0.1,71.5,77.2,28.5,22.8,159,18,16,4,14,19,11,34,42,9,6,10,.,81,104,26.9,25.8,38.7,37.2,26.8,25.4,38.4,36.7,(CONTRACTS OF EUR 125,000),099741,CME,099,F10,FutOnly
EURO FX - CHICAGO MERCANTILE EXCHANGE,110614,2011-06-14,099741,CME,00,099,190373,16959,71044,228,31198,26312,2093,68240,42128,344,14629,6197,157,133848,148503,56525,41870,-105753,-69303,-50907,-16001,-3044,2405,-192,-3179,-21752,-4550,-1553,490,117,-97705,-90390,-8048,-15363,100.0,8.9,37.3,0.1,16.4,13.8,1.1,35.8,22.1,0.2,7.7,3.3,0.1,70.3,78.0,29.7,22.0,158,17,15,5,13,19,11,38,41,10,6,9,.,86,99,29.4,29.3,41.0,39.4,29.3,29.2,40.7,39.2,(CONTRACTS OF EUR 125,000),099741,CME,099,F10,FutOnly
EURO FX - CHICAGO MERCANTILE EXCHANGE,110607,2011-06-07,099741,CME,00,099,296126,86262,121951,16229,34242,23907,2285,71419,63880,4894,16182,5707,40,231553,238893,64573,57233,26025,-17677,6335,15145,238,-445,-254,15409,2907,896,-432,-10238,-82,13243,14264,12782,11761,100.0,29.1,41.2,5.5,11.6,8.1,0.8,24.1,21.6,1.7,5.5,1.9,0.0,78.2,80.7,21.8,19.3,171,23,18,15,17,16,12,36,45,19,6,9,.,102,118,35.5,31.7,44.8,43.0,32.4,31.3,41.6,41.1,(CONTRACTS OF EUR 125,000),099741,CME,099,F10,FutOnly
EURO FX - CHICAGO MERCANTILE EXCHANGE,110531,2011-05-31,099741,CME,00,099,270101,103939,115616,1084,34004,24352,2539,56010,60973,3998,16614,15945,122,218310,224629,51791,45472,11438,2025,5273,231,-841,12,2,4635,1356,1981,136,1944,-5,8164,10794,3274,644,100.0,38.5,42.8,0.4,12.6,9.0,0.9,20.7,22.6,1.5,6.2,5.9,0.0,80.8,83.2,19.2,16.8,176,23,17,9,17,17,11,37,46,14,7,12,4,99,115,37.4,32.7,47.0,43.9,37.3,32.6,46.8,43.7,(CONTRACTS OF EUR 125,000),099741,CME,099,F10,FutOnly
EURO FX - CHICAGO MERCANTILE EXCHANGE,110524,2011-05-24,099741,CME,00,099,258663,101914,110343,853,34845,24340,2537,51375,59617,2017,16478,14001,127,210146,213835,48517,44828,8130,25231,-1788,184,1620,228,69,-9520,6220,1232,-5523,679,-174,13119,6650,-4989,1480,100.0,39.4,42.7,0.3,13.5,9.4,1.0,19.9,23.0,0.8,6.4,5.4,0.0,81.2,82.7,18.8,17.3,182,23,20,8,18,17,10,38,47,17,7,12,4,104,117,35.1,31.8,45.0,43.5,35.1,31.7,44.8,43.4,(CONTRACTS OF EUR 125,000),099741,CME,099,F10,FutOnly
EURO FX - CHICAGO MERCANTILE EXCHANGE,110517,2011-05-17,099741,CME,00,099,250533,76683,112131,669,33225,24112,2468,60895,53397,785,22001,13322,301,197027,207185,53506,43348,7606,22668,-7703,-563,1159,760,63,-8091,7460,-164,-688,6404,80,14464,6337,-6858,1269,100.0,30.6,44.8,0.3,13.3,9.6,1.0,24.3,21.3,0.3,8.8,5.3,0.1,78.6,82.7,21.4,17.3,176,23,17,9,18,16,10,35,46,16,10,11,4,104,111,29.6,33.6,41.5,46.5,29.6,33.6,41.3,46.4,(CONTRACTS OF EUR 125,000),099741,CME,099,F10,FutOnly
EURO FX - CHICAGO MERCANTILE EXCHANGE,110510,2011-05-10,099741,CME,00,099,242927,54015,119834,1232,32066,23352,2405,68986,45937,949,22689,6918,221,182563,200848,60364,42079,-21410,27751,-17058,-231,-478,1431,-53,-36419,-1690,-1354,38,1155,-93,-10839,-17893,-10571,-3517,100.0,22.2,49.3,0.5,13.2,9.6,1.0,28.4,18.9,0.4,9.3,2.8,0.1,75.2,82.7,24.8,17.3,167,20,18,7,18,17,10,36,39,15,8,11,4,98,105,28.9,37.3,38.5,49.2,28.9,37.2,38.3,49.1,(CONTRACTS OF EUR 125,000),099741,CME,099,F10,FutOnly
EURO FX - CHICAGO MERCANTILE EXCHANGE,110503,2011-05-03,099741,CME,00,099,264337,26264,136892,1463,32544,21921,2458,105405,47627,2303,22651,5763,314,193402,218741,70935,45596,15337,-12329,17850,-103,679,926,34,24003,7324,472,159,-9303,-52,12863,17148,2474,-1811,100.0,9.9,51.8,0.6,12.3,8.3,0.9,39.9,18.0,0.9,8.6,2.2,0.1,73.2,82.8,26.8,17.2,180,15,23,8,18,16,11,49,31,15,14,13,5,113,106,23.0,35.8,34.9,49.6,23.0,35.5,34.9,49.3,(CONTRACTS OF EUR 125,000),099741,CME,099,F10,FutOnly
EURO FX - CHICAGO MERCANTILE EXCHANGE,110426,2011-04-26,099741,CME,00,099,249000,38593,119042,1566,31865,20995,2424,81402,40303,1831,22492,15066,366,180539,201593,68461,47407,4994,-4249,5433,166,210,564,-15,5014,100,232,-446,-3047,76,988,3509,4006,1485,100.0,15.5,47.8,0.6,12.8,8.4,1.0,32.7,16.2,0.7,9.0,6.1,0.1,72.5,81.0,27.5,19.0,168,18,18,6,18,16,10,42,30,10,15,10,5,104,95,22.7,35.3,34.1,48.6,22.7,35.1,33.9,48.4,(CONTRACTS OF EUR 125,000),099741,CME,099,F10,FutOnly
EURO FX - CHICAGO MERCANTILE EXCHANGE,110419,2011-04-19,099741,CME,00,099,244006,42842,113609,1400,31655,20431,2439,76388,40203,1599,22938,18113,290,179551,198084,64455,45922,803,5953,2024,-119,1548,-2303,86,-3732,1395,180,-567,2890,23,3372,4176,-2569,-3373,100.0,17.6,46.6,0.6,13.0,8.4,1.0,31.3,16.5,0.7,9.4,7.4,0.1,73.6,81.2,26.4,18.8,174,21,19,4,19,15,9,40,31,10,13,16,4,103,98,22.7,34.7,33.2,46.8,22.7,34.5,33.1,46.6,(CONTRACTS OF EUR 125,000),099741,CME,099,F10,FutOnly
EURO FX - CHICAGO MERCANTILE EXCHANGE,110412,2011-04-12,099741,CME,00,099,243203,36889,111585,1519,30107,22734,2353,80120,38808,1419,23505,15223,267,176179,193908,67024,49295,6933,1876,4217,1245,915,3554,-678,1331,-605,661,307,-1696,-479,5178,6219,1755,714,100.0,15.2,45.9,0.6,12.4,9.3,1.0,32.9,16.0,0.6,9.7,6.3,0.1,72.4,79.7,27.6,20.3,177,20,21,5,18,17,11,46,31,9,12,12,4,108,98,22.9,33.7,31.8,44.8,22.9,33.2,31.6,44.4,(CONTRACTS OF EUR 125,000),099741,CME,099,F10,FutOnly
EURO FX - CHICAGO MERCANTILE EXCHANGE,110405,2011-04-05,099741,CME,00,099,236270,35013,107368,274,29192,19180,3031,78789,39413,758,23198,16919,746,171001,187689,65269,48581,18093,9203,11072,-813,1370,-215,131,3916,2369,-680,496,2762,1,13624,14627,4469,3466,100.0,14.8,45.4,0.1,12.4,8.1,1.3,33.3,16.7,0.3,9.8,7.2,0.3,72.4,79.4,27.6,20.6,178,16,25,4,17,15,10,45,31,6,17,12,4,106,96,24.3,31.3,33.6,43.4,24.0,31.2,33.1,43.3,(CONTRACTS OF EUR 125,000),099741,CME,099,F10,FutOnly
EURO FX - CHICAGO MERCANTILE EXCHANGE,110329,2011-03-29,099741,CME,00,099,218177,25810,96296,1087,27822,19395,2900,74873,37044,1438,22702,14157,745,157377,173062,60800,45115,23468,7008,15538,1003,-102,751,-13,12540,7199,147,164,165,1,20748,24791,2720,-1323,100.0,11.8,44.1,0.5,12.8,8.9,1.3,34.3,17.0,0.7,10.4,6.5,0.3,72.1,79.3,27.9,20.7,165,15,22,.,17,14,10,40,31,8,15,11,4,96,94,21.1,31.3,32.6,43.0,20.8,30.8,32.1,42.5,(CONTRACTS OF EUR 125,000),099741,CME,099,F10,FutOnly
EURO FX - CHICAGO MERCANTILE EXCHANGE,110322,2011-03-22,099741,CME,00,099,194709,18802,80758,84,27924,18644,2913,62333,29845,1291,22538,13992,744,136629,148271,58080,46438,3861,7213,5782,-134,-1576,292,295,-586,-7386,99,-1667,-980,57,3701,-1975,160,5836,100.0,9.7,41.5,0.0,14.3,9.6,1.5,32.0,15.3,0.7,11.6,7.2,0.4,70.2,76.2,29.8,23.8,154,15,18,.,16,13,10,37,32,6,13,10,.,90,86,19.2,31.9,28.8,44.3,18.9,31.8,28.3,44.2,(CONTRACTS OF EUR 125,000),099741,CME,099,F10,FutOnly
EURO FX - CHICAGO MERCANTILE EXCHANGE,110315,2011-03-15,099741,CME,00,099,190848,11589,74976,218,29500,18352,2618,62919,37231,1192,24205,14972,687,132928,150246,57920,40602,-72854,-28644,-30415,-19798,-116,763,-941,-9352,-6081,-9301,-1185,1655,302,-69035,-63816,-3819,-9038,100.0,6.1,39.3,0.1,15.5,9.6,1.4,33.0,19.5,0.6,12.7,7.8,0.4,69.7,78.7,30.3,21.3,144,13,15,4,19,12,10,40,27,8,11,7,.,92,76,19.3,30.9,29.8,48.5,18.9,30.9,29.4,48.4,(CONTRACTS OF EUR 125,000),099741,CME,099,F10,FutOnly
EURO FX - CHICAGO MERCANTILE EXCHANGE,110308,2011-03-08,099741,CME,00,099,263702,40233,105391,20016,29616,17589,3559,72271,43312,10493,25390,13317,385,201963,214062,61739,49640,46636,11382,20991,14948,1291,-1283,181,8105,6125,6210,6148,1370,-241,48024,48301,-1388,-1665,100.0,15.3,40.0,7.6,11.2,6.7,1.3,27.4,16.4,4.0,9.6,5.1,0.1,76.6,81.2,23.4,18.8,162,21,18,9,20,12,12,41,28,19,11,11,8,112,98,18.2,31.2,29.4,43.9,16.6,28.3,24.9,39.6,(CONTRACTS OF EUR 125,000),099741,CME,099,F10,FutOnly
EURO FX - CHICAGO MERCANTILE EXCHANGE,110301,2011-03-01,099741,CME,00,099,217066,28851,84400,5068,28325,18872,3378,64166,37187,4283,19242,11947,626,153939,165761,63127,51305,9197,852,8313,-1507,-1826,-837,991,5207,-4804,47,173,5320,29,3966,7552,5231,1645,100.0,13.3,38.9,2.3,13.0,8.7,1.6,29.6,17.1,2.0,8.9,5.5,0.3,70.9,76.4,29.1,23.6,162,18,20,10,19,13,12,41,30,19,9,12,4,108,99,16.2,27.2,24.9,39.6,16.0,26.6,24.3,37.7,(CONTRACTS OF EUR 125,000),099741,CME,099,F10,FutOnly
EURO FX - CHICAGO MERCANTILE EXCHANGE,110222,2011-02-22,099741,CME,00,099,207869,27999,76087,6575,30151,19709,2387,58959,41991,4236,19069,6627,597,149973,158209,57896,49660,14565,51,9650,-56,2268,1011,-124,10671,8104,714,344,-7044,86,13954,12341,611,2224,100.0,13.5,36.6,3.2,14.5,9.5,1.1,28.4,20.2,2.0,9.2,3.2,0.3,72.1,76.1,27.9,23.9,168,17,22,10,17,15,12,44,34,21,7,11,4,109,106,18.6,24.4,28.3,37.0,18.5,24.3,27.7,35.8,(CONTRACTS OF EUR 125,000),099741,CME,099,F10,FutOnly
EURO FX - CHICAGO MERCANTILE EXCHANGE,110215,2011-02-15,099741,CME,00,099,193304,27948,66437,6631,27883,18698,2511,48288,33887,3522,18725,13671,511,136019,145868,57285,47436,-10237,-586,-8688,421,2053,-451,-240,-7802,-1898,-143,-610,792,-91,-6998,-10298,-3239,61,100.0,14.5,34.4,3.4,14.4,9.7,1.3,25.0,17.5,1.8,9.7,7.1,0.3,70.4,75.5,29.6,24.5,162,19,22,11,16,13,10,42,31,20,7,12,5,104,104,17.8,20.9,27.5,32.9,17.5,20.8,26.5,32.7,(CONTRACTS OF EUR 125,000),099741,CME,099,F10,FutOnly
EURO FX - CHICAGO MERCANTILE EXCHANGE,110208,2011-02-08,099741,CME,00,099,203541,28534,75125,6210,25830,19149,2751,56090,35785,3665,19335,12879,602,143017,156166,60524,47375,-8189,1194,785,863,150,251,-29,-8535,-872,1001,84,-589,40,-5232,1450,-2957,-9639,100.0,14.0,36.9,3.1,12.7,9.4,1.4,27.6,17.6,1.8,9.5,6.3,0.3,70.3,76.7,29.7,23.3,157,17,22,8,15,14,12,38,32,15,9,10,4,95,101,17.2,24.6,26.6,35.4,17.0,24.5,25.4,35.3,(CONTRACTS OF EUR 125,000),099741,CME,099,F10,FutOnly
EURO FX - CHICAGO MERCANTILE EXCHANGE,110201,2011-02-01,099741,CME,00,099,211730,27340,74340,5347,25680,18898,2780,64625,36657,2664,19251,13468,562,148249,154716,63481,57014,12024,-6874,16903,2059,4088,-631,-307,12396,-9828,1283,-2341,2105,377,10681,11961,1343,63,100.0,12.9,35.1,2.5,12.1,8.9,1.3,30.5,17.3,1.3,9.1,6.4,0.3,70.0,73.1,30.0,26.9,158,16,20,7,16,14,12,39,29,13,11,13,4,96,98,22.1,24.3,31.2,34.2,22.0,24.2,30.3,34.1,(CONTRACTS OF EUR 125,000),099741,CME,099,F10,FutOnly
EURO FX - CHICAGO MERCANTILE EXCHANGE,110125,2011-01-25,099741,CME,00,099,199706,34214,57437,3288,21592,19529,3087,52229,46485,1381,21592,11363,185,137568,142755,62138,56951,10773,-5574,23231,123,146,-2462,-25,7666,-15119,227,720,1390,-465,2818,6900,7955,3873,100.0,17.1,28.8,1.6,10.8,9.8,1.5,26.2,23.3,0.7,10.8,5.7,0.1,68.9,71.5,31.1,28.5,158,17,22,8,14,15,10,37,34,14,10,9,.,90,102,23.7,19.9,34.5,30.2,23.6,19.9,32.9,30.2,(CONTRACTS OF EUR 125,000),099741,CME,099,F10,FutOnly
EURO FX - CHICAGO MERCANTILE EXCHANGE,110118,2011-01-18,099741,CME,00,099,188933,39788,34206,3165,21446,21991,3112,44563,61604,1154,20872,9973,650,134750,135855,54183,53078,-13071,-44438,9891,2173,-950,-706,-138,19533,-14622,459,5112,-8991,488,-17761,-11446,4690,-1625,100.0,21.1,18.1,1.7,11.4,11.6,1.6,23.6,32.6,0.6,11.0,5.3,0.3,71.3,71.9,28.7,28.1,159,18,17,4,14,17,12,30,40,12,10,13,.,85,105,21.7,19.3,34.9,27.9,20.8,19.3,33.3,27.9,(CONTRACTS OF EUR 125,000),099741,CME,099,F10,FutOnly
EURO FX - CHICAGO MERCANTILE EXCHANGE,110111,2011-01-11,099741,CME,00,099,202004,84226,24315,992,22396,22697,3250,25030,76226,695,15760,18964,162,152511,147301,49493,54703,38765,31489,4890,-31,33,691,108,4707,19709,16,75,6458,124,36521,31965,2244,6800,100.0,41.7,12.0,0.5,11.1,11.2,1.6,12.4,37.7,0.3,7.8,9.4,0.1,75.5,72.9,24.5,27.1,169,20,15,6,15,18,11,26,48,11,10,17,.,86,114,33.4,16.3,43.2,24.5,33.1,16.3,42.7,24.5,(CONTRACTS OF EUR 125,000),099741,CME,099,F10,FutOnly
EURO FX - CHICAGO MERCANTILE EXCHANGE,110104,2011-01-04,099741,CME,00,099,163239,52737,19425,1023,22363,22006,3142,20323,56517,679,15685,12506,38,115990,115336,47249,47903,927,-4307,1882,367,-17,428,177,4880,-4762,323,-133,3269,-10,1280,1674,-353,-747,100.0,32.3,11.9,0.6,13.7,13.5,1.9,12.4,34.6,0.4,9.6,7.7,0.0,71.1,70.7,28.9,29.3,155,19,10,5,15,17,11,27,43,10,9,15,.,84,98,24.2,18.6,35.5,27.2,23.7,18.6,34.7,27.2,(CONTRACTS OF EUR 125,000),099741,CME,099,F10,FutOnly
EURO FX - CHICAGO MERCANTILE EXCHANGE,121231,2012-12-31,099741,CME,00,099,207608,19563,43456,874,45540,40844,5476,67384,58509,861,16287,11429,807,156792,162256,50816,45352,5017,272,6290,-220,109,-135,23,6336,-839,142,140,386,-17,6785,5630,-1768,-613,100.0,9.4,20.9,0.4,21.9,19.7,2.6,32.5,28.2,0.4,7.8,5.5,0.4,75.5,78.2,24.5,21.8,174,17,17,5,19,17,15,40,27,6,16,21,6,102,104,25.2,22.1,33.5,33.1,25.1,22.1,32.8,33.1,(CONTRACTS OF EUR 125,000),099741,CME,099,F10,FutOnly
EURO FX - CHICAGO MERCANTILE EXCHANGE,121224,2012-12-24,099741,CME,00,099,202591,19291,37166,1094,45431,40979,5453,61048,59348,719,16147,11043,824,150007,156626,52584,45965,8910,540,12993,61,-631,-61,379,5882,-121,36,372,-2014,-888,5751,10385,3159,-1475,100.0,9.5,18.3,0.5,22.4,20.2,2.7,30.1,29.3,0.4,8.0,5.5,0.4,74.0,77.3,26.0,22.7,172,18,15,5,19,17,15,37,29,7,17,20,7,101,105,24.4,21.5,32.7,31.9,24.3,21.5,32.0,31.9,(CONTRACTS OF EUR 125,000),099741,CME,099,F10,FutOnly
EURO FX - CHICAGO MERCANTILE EXCHANGE,121218,2012-12-18,099741,CME,00,099,193681,18751,24173,1033,46062,41040,5074,55166,59469,683,15775,13057,1712,144256,146241,49425,47440,-48251,-37295,-21387,-11524,1133,-863,63,18789,-6754,-6881,-13542,3049,-1006,-50263,-45303,2012,-2948,100.0,9.7,12.5,0.5,23.8,21.2,2.6,28.5,30.7,0.4,8.1,6.7,0.9,74.5,75.5,25.5,24.5,173,17,12,5,19,17,15,38,32,9,16,22,7,101,108,23.0,18.0,31.5,29.0,22.6,18.0,30.7,29.0,(CONTRACTS OF EUR 125,000),099741,CME,099,F10,FutOnly
EURO FX - CHICAGO MERCANTILE EXCHANGE,121211,2012-12-11,099741,CME,00,099,241932,56046,45560,12557,44929,41903,5011,36377,66223,7564,29317,10008,2718,194519,191544,47413,50388,24386,1558,14295,8899,-1775,2261,-136,6613,-419,4188,4518,-1309,-63,23802,27716,584,-3330,100.0,23.2,18.8,5.2,18.6,17.3,2.1,15.0,27.4,3.1,12.1,4.1,1.1,80.4,79.2,19.6,20.8,176,22,14,9,16,17,13,28,42,21,17,20,8,105,122,20.0,20.0,31.5,30.5,19.7,18.5,30.7,28.5,(CONTRACTS OF EUR 125,000),099741,CME,099,F10,FutOnly
EURO FX - CHICAGO MERCANTILE EXCHANGE,121204,2012-12-04,099741,CME,00,099,217546,54488,31265,3658,46704,39642,5147,29764,66642,3376,24799,11317,2781,170717,163828,46829,53718,7312,-15602,19087,1960,1966,-1281,-294,10856,-13633,1755,-389,-1392,776,1028,6978,6284,334,100.0,25.0,14.4,1.7,21.5,18.2,2.4,13.7,30.6,1.6,11.4,5.2,1.3,78.5,75.3,21.5,24.7,178,23,15,7,19,21,16,26,37,18,18,19,5,103,121,21.0,17.3,32.3,27.4,20.2,17.3,31.2,27.4,(CONTRACTS OF EUR 125,000),099741,CME,099,F10,FutOnly
EURO FX - CHICAGO MERCANTILE EXCHANGE,121127,2012-11-27,099741,CME,00,099,210234,70090,12178,1698,44738,40923,5441,18908,80275,1621,25188,12709,2005,169689,156850,40545,53384,-22094,-16414,1742,372,-998,1699,956,-4321,-24081,-364,-4000,633,-108,-24877,-19151,2783,-2943,100.0,33.3,5.8,0.8,21.3,19.5,2.6,9.0,38.2,0.8,12.0,6.0,1.0,80.7,74.6,19.3,25.4,174,25,12,7,17,23,15,19,43,11,15,20,.,88,122,24.4,17.1,36.6,26.1,23.6,17.1,35.7,26.1,(CONTRACTS OF EUR 125,000),099741,CME,099,F10,FutOnly
EURO FX - CHICAGO MERCANTILE EXCHANGE,121120,2012-11-20,099741,CME,00,099,232328,86504,10436,1326,45736,39224,4485,23229,104356,1985,29188,12076,2113,194566,176001,37762,56327,668,8969,-39,19,-1865,-616,-81,-3517,2232,-275,-1627,168,84,1707,1492,-1039,-824,100.0,37.2,4.5,0.6,19.7,16.9,1.9,10.0,44.9,0.9,12.6,5.2,0.9,83.7,75.8,16.3,24.2,173,27,11,8,17,21,13,19,44,13,17,17,6,94,119,24.5,23.4,37.7,32.1,24.1,23.4,37.2,32.1,(CONTRACTS OF EUR 125,000),099741,CME,099,F10,FutOnly
EURO FX - CHICAGO MERCANTILE EXCHANGE,121113,2012-11-13,099741,CME,00,099,231660,77535,10475,1307,47601,39840,4566,26746,102124,2260,30815,11908,2029,192859,174509,38801,57151,3935,5729,-7823,-697,-3787,-271,123,-753,11969,469,-900,-750,1600,1784,4620,2151,-685,100.0,33.5,4.5,0.6,20.5,17.2,2.0,11.5,44.1,1.0,13.3,5.1,0.9,83.3,75.3,16.7,24.7,172,27,13,8,18,22,15,17,41,11,17,17,6,95,117,25.9,22.3,36.7,31.1,25.5,22.3,36.3,31.1,(CONTRACTS OF EUR 125,000),099741,CME,099,F10,FutOnly
EURO FX - CHICAGO MERCANTILE EXCHANGE,121106,2012-11-06,099741,CME,00,099,227725,71806,18298,2004,51388,40111,4443,27499,90155,1791,31715,12658,429,191075,169889,36650,57836,6201,4922,-8226,-397,-1208,4496,-36,5399,8237,190,1886,2248,0,10756,6512,-4555,-311,100.0,31.5,8.0,0.9,22.6,17.6,2.0,12.1,39.6,0.8,13.9,5.6,0.2,83.9,74.6,16.1,25.4,187,26,12,6,18,22,14,24,46,13,20,19,6,103,123,27.2,19.8,38.1,28.0,27.1,19.8,38.1,28.0,(CONTRACTS OF EUR 125,000),099741,CME,099,F10,FutOnly
EURO FX - CHICAGO MERCANTILE EXCHANGE,121030,2012-10-30,099741,CME,00,099,221524,66884,26524,2401,52596,35615,4479,22100,81918,1601,29829,10410,429,180319,163377,41205,58147,4682,5321,-337,163,-1063,438,-12,110,1110,-221,1073,1634,3,5374,2778,-692,1904,100.0,30.2,12.0,1.1,23.7,16.1,2.0,10.0,37.0,0.7,13.5,4.7,0.2,81.4,73.8,18.6,26.2,179,23,17,6,18,20,14,23,43,10,21,14,4,98,115,28.0,23.8,40.0,31.2,27.9,23.8,39.8,31.2,(CONTRACTS OF EUR 125,000),099741,CME,099,F10,FutOnly
EURO FX - CHICAGO MERCANTILE EXCHANGE,121023,2012-10-23,099741,CME,00,099,216842,61563,26861,2238,53659,35177,4491,21990,80808,1822,28756,8776,426,174945,160599,41897,56243,-2967,1639,1412,519,3483,-12,-1810,-4563,-3116,-298,-444,1446,-88,-1562,-1947,-1405,-1020,100.0,28.4,12.4,1.0,24.7,16.2,2.1,10.1,37.3,0.8,13.3,4.0,0.2,80.7,74.1,19.3,25.9,176,21,17,7,18,17,13,25,48,6,19,11,.,92,113,26.0,21.8,38.8,29.9,26.0,21.8,38.7,29.9,(CONTRACTS OF EUR 125,000),099741,CME,099,F10,FutOnly
EURO FX - CHICAGO MERCANTILE EXCHANGE,121016,2012-10-16,099741,CME,00,099,219809,59924,25449,1719,50176,35189,6301,26553,83924,2120,29200,7330,514,176507,162546,43302,57263,-7732,-9205,4353,3,2324,68,-380,322,-15901,203,-1612,-824,-838,-9183,-13316,1451,5584,100.0,27.3,11.6,0.8,22.8,16.0,2.9,12.1,38.2,1.0,13.3,3.3,0.2,80.3,73.9,19.7,26.1,169,21,14,6,18,17,14,27,43,8,18,11,4,93,108,24.9,22.5,37.8,30.7,24.1,22.5,37.0,30.7,(CONTRACTS OF EUR 125,000),099741,CME,099,F10,FutOnly
EURO FX - CHICAGO MERCANTILE EXCHANGE,121009,2012-10-09,099741,CME,00,099,227541,69129,21096,1716,47852,35121,6681,26231,99825,1917,30812,8154,1352,185690,175862,41851,51679,10025,16282,4114,254,1441,1120,-726,-11801,7179,820,6733,-221,-1697,11306,10843,-1281,-818,100.0,30.4,9.3,0.8,21.0,15.4,2.9,11.5,43.9,0.8,13.5,3.6,0.6,81.6,77.3,18.4,22.7,170,22,15,6,17,18,14,26,40,10,19,13,5,95,110,27.5,27.6,39.9,35.9,26.5,27.6,38.9,35.9,(CONTRACTS OF EUR 125,000),099741,CME,099,F10,FutOnly
EURO FX - CHICAGO MERCANTILE EXCHANGE,121002,2012-10-02,099741,CME,00,099,217516,52847,16982,1462,46411,34001,7407,38032,92646,1097,24079,8375,3049,174384,165019,43132,52497,-847,-1433,2577,150,3641,1169,-670,-6004,-4873,691,2128,-420,1188,-309,-188,-538,-659,100.0,24.3,7.8,0.7,21.3,15.6,3.4,17.5,42.6,0.5,11.1,3.9,1.4,80.2,75.9,19.8,24.1,184,21,16,5,21,19,15,32,43,9,19,13,5,103,115,23.3,21.4,35.1,28.9,21.1,21.4,32.8,28.9,(CONTRACTS OF EUR 125,000),099741,CME,099,F10,FutOnly
EURO FX - CHICAGO MERCANTILE EXCHANGE,120925,2012-09-25,099741,CME,00,099,218363,54280,14405,1312,42770,32832,8077,44036,97519,406,21951,8795,1861,174693,165207,43670,53156,-16031,-23351,5241,202,1953,-2233,-495,6803,-10341,274,-922,-4087,-883,-16419,-12322,388,-3709,100.0,24.9,6.6,0.6,19.6,15.0,3.7,20.2,44.7,0.2,10.1,4.0,0.9,80.0,75.7,20.0,24.3,177,20,15,5,19,20,16,32,41,6,16,14,4,97,111,22.1,25.9,35.9,34.2,20.0,25.9,33.7,34.2,(CONTRACTS OF EUR 125,000),099741,CME,099,F10,FutOnly
EURO FX - CHICAGO MERCANTILE EXCHANGE,120918,2012-09-18,099741,CME,00,099,234394,77631,9164,1110,40817,35065,8572,37233,107860,132,22873,12882,2744,191112,177529,43282,56865,-98243,-9876,-50601,-9894,6824,-1819,-522,-35009,-18600,-15231,-35266,3535,583,-98391,-92549,148,-5694,100.0,33.1,3.9,0.5,17.4,15.0,3.7,15.9,46.0,0.1,9.8,5.5,1.2,81.5,75.7,18.5,24.3,178,20,12,6,20,19,15,28,49,6,18,12,5,97,113,23.8,28.6,38.9,37.2,22.9,28.6,36.8,37.2,(CONTRACTS OF EUR 125,000),099741,CME,099,F10,FutOnly
EURO FX - CHICAGO MERCANTILE EXCHANGE,120911,2012-09-11,099741,CME,00,099,332637,87507,59765,11004,33993,36884,9094,72242,126460,15363,58139,9347,2161,289503,270078,43134,62559,18274,69,13922,8120,2718,-5229,-633,-5467,-8145,12690,-2508,-2679,-920,14069,17126,4205,1148,100.0,26.3,18.0,3.3,10.2,11.1,2.7,21.7,38.0,4.6,17.5,2.8,0.6,87.0,81.2,13.0,18.8,186,21,15,12,17,22,15,32,49,23,15,13,4,109,131,37.0,32.8,48.7,41.5,36.4,31.8,47.0,38.5,(CONTRACTS OF EUR 125,000),099741,CME,099,F10,FutOnly
EURO FX - CHICAGO MERCANTILE EXCHANGE,120904,2012-09-04,099741,CME,00,099,314363,87438,45843,2884,31275,42113,9727,77709,134605,2673,60647,12026,3081,275434,252952,38929,61411,2438,-825,1252,1496,-484,2060,-6,215,-378,-180,1208,770,-72,1352,4942,1086,-2504,100.0,27.8,14.6,0.9,9.9,13.4,3.1,24.7,42.8,0.9,19.3,3.8,1.0,87.6,80.5,12.4,19.5,190,23,15,10,16,23,14,31,52,11,15,15,4,105,124,42.2,33.7,53.1,41.8,41.4,32.4,52.2,39.9,(CONTRACTS OF EUR 125,000),099741,CME,099,F10,FutOnly
EURO FX - CHICAGO MERCANTILE EXCHANGE,120828,2012-08-28,099741,CME,00,099,311925,88263,44591,1388,31759,40053,9733,77494,134983,2853,59439,11256,3153,274082,248010,37843,63915,-9241,-6214,11617,280,555,2047,-7,-554,-23794,160,-942,414,-554,-7276,-9837,-1965,596,100.0,28.3,14.3,0.4,10.2,12.8,3.1,24.8,43.3,0.9,19.1,3.6,1.0,87.9,79.5,12.1,20.5,192,25,13,7,17,23,15,32,54,11,13,15,4,104,125,42.6,33.2,53.3,40.5,41.8,32.4,52.5,39.2,(CONTRACTS OF EUR 125,000),099741,CME,099,F10,FutOnly
EURO FX - CHICAGO MERCANTILE EXCHANGE,120821,2012-08-21,099741,CME,00,099,321166,94477,32974,1108,31204,38006,9740,78048,158777,2693,60381,10842,3707,281358,257847,39808,63319,-402,-8405,9360,18,-890,-2052,281,2110,-8005,513,-335,-259,-3,-6711,-147,6309,-255,100.0,29.4,10.3,0.3,9.7,11.8,3.0,24.3,49.4,0.8,18.8,3.4,1.2,87.6,80.3,12.4,19.7,194,25,14,6,17,22,15,28,62,13,13,13,5,103,130,43.1,32.0,53.6,40.4,42.3,31.9,52.9,40.0,(CONTRACTS OF EUR 125,000),099741,CME,099,F10,FutOnly
EURO FX - CHICAGO MERCANTILE EXCHANGE,120814,2012-08-14,099741,CME,00,099,321568,102882,23614,1090,32094,40058,9459,75938,166782,2180,60716,11101,3710,288069,257994,33499,63574,-675,2607,-2862,149,699,1974,360,-3851,3274,-330,-418,-1241,677,-107,2001,-568,-2676,100.0,32.0,7.3,0.3,10.0,12.5,2.9,23.6,51.9,0.7,18.9,3.5,1.2,89.6,80.2,10.4,19.8,193,23,12,6,18,23,15,28,62,10,12,15,6,99,131,44.6,30.4,56.2,39.7,43.8,30.4,55.4,39.0,(CONTRACTS OF EUR 125,000),099741,CME,099,F10,FutOnly
EURO FX - CHICAGO MERCANTILE EXCHANGE,120807,2012-08-07,099741,CME,00,099,322243,100275,26476,941,31395,38084,9099,79789,163508,2510,61134,12342,3033,288176,255993,34067,66250,10807,2580,11482,-490,573,742,77,5045,-4196,914,746,2451,8,9453,10988,1354,-181,100.0,31.1,8.2,0.3,9.7,11.8,2.8,24.8,50.7,0.8,19.0,3.8,0.9,89.4,79.4,10.6,20.6,193,24,13,5,17,24,16,31,58,11,12,14,.,100,128,44.7,29.7,56.0,38.4,44.0,29.6,55.3,38.3,(CONTRACTS OF EUR 125,000),099741,CME,099,F10,FutOnly
EURO FX - CHICAGO MERCANTILE EXCHANGE,120731,2012-07-31,099741,CME,00,099,311436,97695,14994,1431,30822,37342,9022,74744,167704,1596,60388,9891,3025,278723,245005,32713,66431,-13007,-13314,5644,738,762,-1734,93,1852,-13671,-97,-2267,-210,-369,-12602,-9606,-405,-3401,100.0,31.4,4.8,0.5,9.9,12.0,2.9,24.0,53.8,0.5,19.4,3.2,1.0,89.5,78.7,10.5,21.3,199,24,12,8,17,23,14,28,66,11,14,14,.,101,134,45.3,29.7,55.7,38.2,44.6,29.7,54.9,38.2,(CONTRACTS OF EUR 125,000),099741,CME,099,F10,FutOnly
EURO FX - CHICAGO MERCANTILE EXCHANGE,120724,2012-07-24,099741,CME,00,099,324443,111009,9350,693,30060,39076,8929,72892,181375,1693,62655,10101,3394,291325,254611,33118,69832,1215,-8707,43,71,-2248,481,2609,6311,-3701,441,3118,894,1175,2770,2013,-1555,-798,100.0,34.2,2.9,0.2,9.3,12.0,2.8,22.5,55.9,0.5,19.3,3.1,1.0,89.8,78.5,10.2,21.5,204,25,10,6,17,23,14,31,68,11,14,16,4,104,135,44.1,32.2,56.2,40.9,43.2,32.2,55.3,40.7,(CONTRACTS OF EUR 125,000),099741,CME,099,F10,FutOnly
EURO FX - CHICAGO MERCANTILE EXCHANGE,120717,2012-07-17,099741,CME,00,099,323228,119716,9307,622,32308,38595,6320,66581,185076,1252,59537,9207,2219,288555,252598,34673,70630,-3146,8224,1300,114,-7280,898,1790,-4206,-5915,-174,-1056,201,341,-2247,-1445,-899,-1701,100.0,37.0,2.9,0.2,10.0,11.9,2.0,20.6,57.3,0.4,18.4,2.8,0.7,89.3,78.1,10.7,21.9,192,27,10,6,17,24,13,20,69,11,10,15,.,90,135,44.3,32.6,58.6,41.3,43.8,32.6,58.1,41.3,(CONTRACTS OF EUR 125,000),099741,CME,099,F10,FutOnly
EURO FX - CHICAGO MERCANTILE EXCHANGE,120710,2012-07-10,099741,CME,00,099,326374,111492,8007,508,39588,37697,4530,70787,190991,1426,60593,9006,1878,290802,254043,35572,72331,24085,18636,-8177,-678,-9998,484,263,9170,28768,-132,2087,-2745,1112,20460,18895,3625,5190,100.0,34.2,2.5,0.2,12.1,11.6,1.4,21.7,58.5,0.4,18.6,2.8,0.6,89.1,77.8,10.9,22.2,191,26,9,4,18,22,13,20,71,10,11,14,.,91,130,43.7,32.8,57.4,42.0,43.3,32.6,57.0,41.8,(CONTRACTS OF EUR 125,000),099741,CME,099,F10,FutOnly
EURO FX - CHICAGO MERCANTILE EXCHANGE,120703,2012-07-03,099741,CME,00,099,302289,92856,16184,1186,49586,37213,4267,61617,162223,1558,58506,11751,766,270342,235148,31947,67141,-13496,-14975,7564,304,1086,638,336,1964,-22100,573,-2773,1546,-4,-13489,-11143,-7,-2353,100.0,30.7,5.4,0.4,16.4,12.3,1.4,20.4,53.7,0.5,19.4,3.9,0.3,89.4,77.8,10.6,22.2,198,23,10,7,20,22,15,25,68,9,7,23,.,91,141,44.7,31.9,59.0,41.8,44.6,31.7,58.8,41.5,(CONTRACTS OF EUR 125,000),099741,CME,099,F10,FutOnly
EURO FX - CHICAGO MERCANTILE EXCHANGE,120626,2012-06-26,099741,CME,00,099,315785,107831,8620,882,48500,36575,3931,59653,184323,985,61279,10205,770,283831,246291,31954,69494,3852,99,-1663,175,11194,-321,-177,-7488,1405,-10,-399,1608,-90,3304,927,548,2925,100.0,34.1,2.7,0.3,15.4,11.6,1.2,18.9,58.4,0.3,19.4,3.2,0.2,89.9,78.0,10.1,22.0,194,23,9,5,20,22,13,24,66,9,10,20,.,91,133,43.2,36.2,59.6,44.5,43.1,36.1,59.5,44.3,(CONTRACTS OF EUR 125,000),099741,CME,099,F10,FutOnly
EURO FX - CHICAGO MERCANTILE EXCHANGE,120619,2012-06-19,099741,CME,00,099,311933,107732,10283,707,37306,36896,4108,67141,182918,995,61678,8597,860,280527,245364,31406,66569,-110198,-61750,-8486,-12759,5770,-4495,-4491,-10187,-34821,-35489,9964,-4319,-1009,-109951,-105869,-247,-4329,100.0,34.5,3.3,0.2,12.0,11.8,1.3,21.5,58.6,0.3,19.8,2.8,0.3,89.9,78.7,10.1,21.3,178,19,10,4,18,23,12,26,55,9,9,18,.,83,123,40.8,40.4,58.5,49.0,40.7,40.2,58.4,48.8,(CONTRACTS OF EUR 125,000),099741,CME,099,F10,FutOnly
EURO FX - CHICAGO MERCANTILE EXCHANGE,120612,2012-06-12,099741,CME,00,099,422131,169482,18769,13466,31536,41391,8599,77328,217739,36484,51714,12916,1869,390478,351233,31653,70898,20319,-24872,1137,11345,847,-1163,-82,2637,-17089,31273,-2108,-960,648,19688,25109,631,-4790,100.0,40.1,4.4,3.2,7.5,9.8,2.0,18.3,51.6,8.6,12.3,3.1,0.4,92.5,83.2,7.5,16.8,190,25,13,15,18,22,12,21,59,23,9,19,4,98,146,39.4,37.4,54.5,45.0,37.8,34.3,51.2,40.9,(CONTRACTS OF EUR 125,000),099741,CME,099,F10,FutOnly
EURO FX - CHICAGO MERCANTILE EXCHANGE,120605,2012-06-05,099741,CME,00,099,401812,194354,17632,2121,30689,42554,8681,74691,234828,5211,53822,13876,1221,370790,326124,31022,75688,7652,7592,-496,826,3253,286,-1253,-670,7141,2040,-2297,-236,-9,9482,8299,-1830,-647,100.0,48.4,4.4,0.5,7.6,10.6,2.2,18.6,58.4,1.3,13.4,3.5,0.3,92.3,81.2,7.7,18.8,195,25,12,6,17,24,12,24,65,20,9,18,.,94,142,45.1,39.7,60.5,47.0,44.9,39.5,60.0,45.9,(CONTRACTS OF EUR 125,000),099741,CME,099,F10,FutOnly
EURO FX - CHICAGO MERCANTILE EXCHANGE,120529,2012-05-29,099741,CME,00,099,394160,186762,18128,1295,27436,42268,9934,75361,227687,3171,56119,14112,1230,361308,317825,32852,76335,17452,8232,356,244,242,725,242,6446,11473,640,-3,2216,-358,15685,15538,1767,1914,100.0,47.4,4.6,0.3,7.0,10.7,2.5,19.1,57.8,0.8,14.2,3.6,0.3,91.7,80.6,8.3,19.4,196,24,11,4,16,25,12,25,66,18,10,19,4,95,139,45.1,38.4,59.4,45.2,44.9,37.6,59.0,44.0,(CONTRACTS OF EUR 125,000),099741,CME,099,F10,FutOnly
EURO FX - CHICAGO MERCANTILE EXCHANGE,120522,2012-05-22,099741,CME,00,099,376708,178530,17772,1051,27194,41543,9692,68915,216214,2531,56122,11896,1588,345623,302287,31085,74421,20034,19501,3178,906,-1190,-4661,2134,-3467,21231,406,317,-1959,310,18917,21545,1117,-1511,100.0,47.4,4.7,0.3,7.2,11.0,2.6,18.3,57.4,0.7,14.9,3.2,0.4,91.7,80.2,8.3,19.8,186,24,12,4,15,21,13,21,68,15,10,15,5,88,135,46.6,39.6,62.0,46.2,46.4,38.5,61.6,44.8,(CONTRACTS OF EUR 125,000),099741,CME,099,F10,FutOnly
EURO FX - CHICAGO MERCANTILE EXCHANGE,120515,2012-05-15,099741,CME,00,099,356674,159029,14594,145,28384,46204,7558,72382,194983,2125,55805,13855,1278,326706,280742,29968,75932,35637,21589,-446,-31,1129,-770,281,12217,28500,1113,-345,244,685,36638,29576,-1001,6061,100.0,44.6,4.1,0.0,8.0,13.0,2.1,20.3,54.7,0.6,15.6,3.9,0.4,91.6,78.7,8.4,21.3,190,24,10,.,15,20,12,22,74,17,9,16,.,88,136,43.7,36.2,59.9,42.2,43.5,35.3,59.6,41.3,(CONTRACTS OF EUR 125,000),099741,CME,099,F10,FutOnly
EURO FX - CHICAGO MERCANTILE EXCHANGE,120508,2012-05-08,099741,CME,00,099,321037,137440,15040,176,27255,46974,7277,60165,166483,1012,56150,13611,593,290068,251166,30969,69871,41432,-16502,1598,-2057,-479,1534,259,10828,36484,-606,49752,1087,146,41341,38445,91,2987,100.0,42.8,4.7,0.1,8.5,14.6,2.3,18.7,51.9,0.3,17.5,4.2,0.2,90.4,78.2,9.6,21.8,178,23,11,4,15,17,11,18,68,11,8,18,4,81,127,43.2,36.7,59.8,43.7,43.1,35.7,59.7,42.7,(CONTRACTS OF EUR 125,000),099741,CME,099,F10,FutOnly
EURO FX - CHICAGO MERCANTILE EXCHANGE,120501,2012-05-01,099741,CME,00,099,279605,153942,13442,2233,27734,45440,7018,49337,129999,1618,6398,12524,447,248727,212721,30878,66884,-7610,-9478,-449,373,1027,-754,-148,-1060,-4507,871,349,-3547,-274,-8340,-8435,730,825,100.0,55.1,4.8,0.8,9.9,16.3,2.5,17.6,46.5,0.6,2.3,4.5,0.2,89.0,76.1,11.0,23.9,171,25,11,5,15,18,11,21,61,15,6,14,.,84,121,39.2,33.8,56.6,40.3,39.1,32.7,56.5,39.2,(CONTRACTS OF EUR 125,000),099741,CME,099,F10,FutOnly
EURO FX - CHICAGO MERCANTILE EXCHANGE,120424,2012-04-24,099741,CME,00,099,287215,163420,13891,1860,26707,46194,7166,50397,134506,747,6049,16071,721,257067,221156,30148,66059,-8629,-6201,-1658,277,-532,-125,150,-3924,-9303,-52,-604,1612,-74,-10960,-9173,2331,544,100.0,56.9,4.8,0.6,9.3,16.1,2.5,17.5,46.8,0.3,2.1,5.6,0.3,89.5,77.0,10.5,23.0,177,26,9,6,14,18,11,25,63,9,5,17,.,83,123,40.9,33.3,57.6,39.6,40.9,32.2,57.5,38.5,(CONTRACTS OF EUR 125,000),099741,CME,099,F10,FutOnly
EURO FX - CHICAGO MERCANTILE EXCHANGE,120417,2012-04-17,099741,CME,00,099,295844,169621,15549,1583,27239,46319,7016,54321,143809,799,6653,14459,795,268027,230329,27817,65515,21014,26624,874,95,-375,14123,-9839,6556,14323,326,-512,1960,103,22978,21965,-1964,-951,100.0,57.3,5.3,0.5,9.2,15.7,2.4,18.4,48.6,0.3,2.2,4.9,0.3,90.6,77.9,9.4,22.1,178,27,7,5,14,19,9,25,65,12,6,15,4,88,120,39.4,33.7,56.8,40.9,39.3,32.6,56.6,39.8,(CONTRACTS OF EUR 125,000),099741,CME,099,F10,FutOnly
EURO FX - CHICAGO MERCANTILE EXCHANGE,120410,2012-04-10,099741,CME,00,099,274830,142997,14675,1488,27614,32196,16855,47765,129486,473,7165,12499,692,245049,208364,29781,66466,33824,27695,-4783,503,-5661,3181,4462,9491,23881,-395,921,-1495,318,37334,25672,-3510,8152,100.0,52.0,5.3,0.5,10.0,11.7,6.1,17.4,47.1,0.2,2.6,4.5,0.3,89.2,75.8,10.8,24.2,165,26,6,4,15,16,9,19,61,7,7,15,.,77,111,36.9,32.2,56.4,39.6,36.8,29.9,53.3,36.3,(CONTRACTS OF EUR 125,000),099741,CME,099,F10,FutOnly
EURO FX - CHICAGO MERCANTILE EXCHANGE,120403,2012-04-03,099741,CME,00,099,241006,115302,19458,985,33275,29015,12393,38274,105605,868,6244,13994,374,207715,182692,33291,58314,1560,-3356,3675,-269,-6341,-803,6184,7350,-6800,341,698,678,-309,4298,2697,-2738,-1137,100.0,47.8,8.1,0.4,13.8,12.0,5.1,15.9,43.8,0.4,2.6,5.8,0.2,86.2,75.8,13.8,24.2,163,24,6,6,17,15,10,24,55,11,6,16,.,83,109,37.2,29.6,52.6,38.1,36.7,28.9,48.8,36.0,(CONTRACTS OF EUR 125,000),099741,CME,099,F10,FutOnly
EURO FX - CHICAGO MERCANTILE EXCHANGE,120327,2012-03-27,099741,CME,00,099,239446,118658,15783,1254,39616,29818,6209,30924,112405,527,5546,13316,683,203417,179995,36029,59451,-19089,-3361,-9938,-24,-5225,201,2410,-17681,-11539,124,-849,339,16,-24590,-18411,5501,-678,100.0,49.6,6.6,0.5,16.5,12.5,2.6,12.9,46.9,0.2,2.3,5.6,0.3,85.0,75.2,15.0,24.8,165,25,7,7,16,16,10,19,61,8,4,17,.,77,116,38.5,30.2,53.9,37.8,38.0,30.2,52.4,37.8,(CONTRACTS OF EUR 125,000),099741,CME,099,F10,FutOnly
EURO FX - CHICAGO MERCANTILE EXCHANGE,120320,2012-03-20,099741,CME,00,099,258535,122019,25721,1278,44841,29617,3799,48605,123944,403,6395,12977,667,228007,198406,30528,60129,-52522,-5425,-15994,-5667,-921,1117,-418,-13038,-5876,-13438,-461,735,-2,-39370,-39543,-13152,-12979,100.0,47.2,9.9,0.5,17.3,11.5,1.5,18.8,47.9,0.2,2.5,5.0,0.3,88.2,76.7,11.8,23.3,163,24,6,4,17,16,11,20,58,5,6,16,.,76,110,39.1,32.6,56.9,40.9,38.9,32.6,56.4,40.9,(CONTRACTS OF EUR 125,000),099741,CME,099,F10,FutOnly
EURO FX - CHICAGO MERCANTILE EXCHANGE,120313,2012-03-13,099741,CME,00,099,311057,127444,41715,6945,45762,28500,4217,61643,129820,13841,6856,12242,669,267377,237949,43680,73108,26318,8849,-4247,2231,-9722,-364,557,4621,7166,8659,900,-1520,-345,15750,12137,10568,14181,100.0,41.0,13.4,2.2,14.7,9.2,1.4,19.8,41.7,4.4,2.2,3.9,0.2,86.0,76.5,14.0,23.5,177,24,16,12,17,14,12,21,62,21,6,17,4,89,137,38.6,26.7,52.2,34.5,38.0,26.7,50.0,33.8,(CONTRACTS OF EUR 125,000),099741,CME,099,F10,FutOnly
EURO FX - CHICAGO MERCANTILE EXCHANGE,120306,2012-03-06,099741,CME,00,099,284739,118595,45962,4714,55484,28864,3660,57022,122654,5182,5956,13762,1014,251627,225812,33112,58927,13457,14999,6119,4114,-9180,-2731,63,5268,1688,627,15,1993,-7,15899,11866,-2442,1591,100.0,41.7,16.1,1.7,19.5,10.1,1.3,20.0,43.1,1.8,2.1,4.8,0.4,88.4,79.3,11.6,20.7,179,24,15,9,18,15,12,26,57,17,5,18,.,88,132,41.9,30.0,53.8,38.5,41.8,30.0,52.7,38.5,(CONTRACTS OF EUR 125,000),099741,CME,099,F10,FutOnly
EURO FX - CHICAGO MERCANTILE EXCHANGE,120228,2012-02-28,099741,CME,00,099,271282,103596,39843,600,64664,31595,3597,51754,120966,4555,5941,11769,1021,235728,213946,35554,57336,-16243,-23192,4396,151,486,1136,166,1780,-22581,2280,304,2020,2,-18023,-12430,1780,-3813,100.0,38.2,14.7,0.2,23.8,11.6,1.3,19.1,44.6,1.7,2.2,4.3,0.4,86.9,78.9,13.1,21.1,179,22,16,5,18,16,11,27,53,16,6,20,.,89,125,45.1,29.0,55.3,37.5,45.0,29.0,55.2,37.5,(CONTRACTS OF EUR 125,000),099741,CME,099,F10,FutOnly
EURO FX - CHICAGO MERCANTILE EXCHANGE,120221,2012-02-21,099741,CME,00,099,287525,126788,35447,449,64178,30459,3431,49974,143547,2275,5637,9749,1019,253751,226376,33774,61149,-3535,-2126,-1122,-58,-1262,-1508,-96,-1899,-5501,-186,344,2305,-72,-5355,-6238,1820,2703,100.0,44.1,12.3,0.2,22.3,10.6,1.2,17.4,49.9,0.8,2.0,3.4,0.4,88.3,78.7,11.7,21.3,176,26,13,7,15,16,10,18,65,13,4,18,.,79,130,45.9,32.3,57.6,39.4,45.8,32.3,57.6,39.4,(CONTRACTS OF EUR 125,000),099741,CME,099,F10,FutOnly
EURO FX - CHICAGO MERCANTILE EXCHANGE,120214,2012-02-14,099741,CME,00,099,291060,128914,36569,507,65440,31967,3527,51873,149048,2461,5293,7444,1091,259106,232614,31954,58446,2403,5651,-1417,6,4508,1307,-608,-7941,3074,721,160,-2507,335,2832,911,-429,1492,100.0,44.3,12.6,0.2,22.5,11.0,1.2,17.8,51.2,0.8,1.8,2.6,0.4,89.0,79.9,11.0,20.1,177,25,14,6,17,18,11,16,67,15,4,16,4,81,132,47.1,33.1,59.6,40.8,47.1,33.1,59.5,40.8,(CONTRACTS OF EUR 125,000),099741,CME,099,F10,FutOnly
EURO FX - CHICAGO MERCANTILE EXCHANGE,120207,2012-02-07,099741,CME,00,099,288657,123263,37986,501,60932,30660,4135,59814,145974,1740,5133,9951,756,256274,231703,32383,56954,-16671,-9178,-106,-194,3356,-572,-140,-10770,-15962,16,-204,1652,0,-17114,-15306,443,-1365,100.0,42.7,13.2,0.2,21.1,10.6,1.4,20.7,50.6,0.6,1.8,3.4,0.3,88.8,80.3,11.2,19.7,177,24,13,6,15,16,9,24,62,17,.,20,.,84,128,46.6,32.4,58.7,40.0,46.5,32.4,58.7,39.9,(CONTRACTS OF EUR 125,000),099741,CME,099,F10,FutOnly
EURO FX - CHICAGO MERCANTILE EXCHANGE,120131,2012-01-31,099741,CME,00,099,305328,132441,38092,695,57576,31232,4275,70584,161936,1724,5337,8299,756,273388,247009,31940,58319,-10022,-11357,3671,91,3925,-616,-603,-67,-12235,146,-658,913,230,-8293,-8403,-1729,-1619,100.0,43.4,12.5,0.2,18.9,10.2,1.4,23.1,53.0,0.6,1.7,2.7,0.2,89.5,80.9,10.5,19.1,181,23,14,4,17,16,11,23,66,14,4,18,.,82,131,49.3,32.0,60.9,40.4,49.1,32.0,60.7,40.4,(CONTRACTS OF EUR 125,000),099741,CME,099,F10,FutOnly
EURO FX - CHICAGO MERCANTILE EXCHANGE,120124,2012-01-24,099741,CME,00,099,315350,143798,34421,604,53651,31848,4878,70651,174171,1578,5995,7386,526,281681,255412,33669,59938,14388,8519,2144,195,1377,-1239,-27,2944,16254,472,-24,-3457,214,13670,14556,718,-168,100.0,45.6,10.9,0.2,17.0,10.1,1.5,22.4,55.2,0.5,1.9,2.3,0.2,89.3,81.0,10.7,19.0,182,23,12,5,17,17,11,27,64,13,5,17,.,87,126,48.5,32.7,60.9,42.5,48.1,32.7,60.6,42.5,(CONTRACTS OF EUR 125,000),099741,CME,099,F10,FutOnly
EURO FX - CHICAGO MERCANTILE EXCHANGE,120117,2012-01-17,099741,CME,00,099,300962,135279,32277,409,52274,33087,4905,67707,157917,1106,6019,10843,312,268011,240856,32951,60106,6699,4219,4281,-11,1711,1229,27,-395,1928,74,-430,-3021,150,5345,4657,1354,2042,100.0,44.9,10.7,0.1,17.4,11.0,1.6,22.5,52.5,0.4,2.0,3.6,0.1,89.1,80.0,10.9,20.0,182,24,10,4,18,17,11,23,67,14,4,19,.,84,129,48.6,31.1,60.6,39.3,48.2,31.1,60.2,39.2,(CONTRACTS OF EUR 125,000),099741,CME,099,F10,FutOnly
EURO FX - CHICAGO MERCANTILE EXCHANGE,120110,2012-01-10,099741,CME,00,099,294263,131060,27996,420,50563,31858,4878,68102,155989,1032,6449,13864,162,262666,236199,31597,58064,11473,11889,1278,-299,2610,1192,226,1429,6063,224,-7771,317,0,8308,9001,3165,2472,100.0,44.5,9.5,0.1,17.2,10.8,1.7,23.1,53.0,0.4,2.2,4.7,0.1,89.3,80.3,10.7,19.7,183,26,9,7,17,17,10,24,68,16,5,17,.,88,129,47.5,30.0,59.3,37.8,47.1,29.9,58.9,37.8,(CONTRACTS OF EUR 125,000),099741,CME,099,F10,FutOnly
EURO FX - CHICAGO MERCANTILE EXCHANGE,120103,2012-01-03,099741,CME,00,099,282790,119171,26718,719,47953,30666,4652,66673,149926,808,14220,13547,162,254358,227198,28432,55592,6768,-3304,-311,564,-1724,-1891,-72,8675,5918,-177,-110,1409,0,3852,5440,2916,1328,100.0,42.1,9.4,0.3,17.0,10.8,1.6,23.6,53.0,0.3,5.0,4.8,0.1,89.9,80.3,10.1,19.7,182,23,10,6,16,17,10,30,63,11,6,17,.,85,125,46.2,31.3,57.6,39.2,45.9,31.3,57.3,39.2,(CONTRACTS OF EUR 125,000),099741,CME,099,F10,FutOnly
EURO FX - CHICAGO MERCANTILE EXCHANGE,131231,2013-12-31,099741,CME,00,099,242071,27927,30789,1856,41193,68954,5199,96557,42201,4851,16952,30525,449,194984,184824,47087,57247,1865,1558,-448,485,426,725,174,1003,649,92,-3296,1068,-17,425,2728,1440,-863,100.0,11.5,12.7,0.8,17.0,28.5,2.1,39.9,17.4,2.0,7.0,12.6,0.2,80.5,76.4,19.5,23.6,177,13,18,7,15,25,14,31,34,12,17,24,6,97,119,32.2,22.9,42.6,31.5,32.2,22.2,42.6,30.7,(CONTRACTS OF EUR 125,000),099741,CME,099,F10,FutOnly
EURO FX - CHICAGO MERCANTILE EXCHANGE,131224,2013-12-24,099741,CME,00,099,240206,26369,31237,1371,40767,68229,5025,95554,41552,4759,20248,29457,466,194559,182096,45647,58110,9251,2172,6541,449,-1344,2421,120,3747,-637,766,3746,1003,-33,9623,10630,-372,-1379,100.0,11.0,13.0,0.6,17.0,28.4,2.1,39.8,17.3,2.0,8.4,12.3,0.2,81.0,75.8,19.0,24.2,180,11,20,8,15,25,14,32,33,10,18,26,6,96,122,31.6,22.8,42.0,31.2,31.6,22.2,42.0,30.4,(CONTRACTS OF EUR 125,000),099741,CME,099,F10,FutOnly
EURO FX - CHICAGO MERCANTILE EXCHANGE,131217,2013-12-17,099741,CME,00,099,230955,24197,24696,922,42111,65808,4905,91807,42189,3993,16502,28454,499,184936,171466,46019,59489,-71145,-31038,-23981,-35343,569,4134,-160,8086,-4976,-4398,-5142,2459,-244,-67670,-62509,-3475,-8636,100.0,10.5,10.7,0.4,18.2,28.5,2.1,39.8,18.3,1.7,7.1,12.3,0.2,80.1,74.2,19.9,25.8,183,13,19,6,17,23,15,32,37,11,15,27,5,98,122,31.3,22.5,42.1,31.1,31.3,21.8,42.1,30.4,(CONTRACTS OF EUR 125,000),099741,CME,099,F10,FutOnly
EURO FX - CHICAGO MERCANTILE EXCHANGE,131210,2013-12-10,099741,CME,00,099,302100,55235,48677,36265,41542,61674,5065,83721,47165,8391,21644,25995,743,252606,233975,49494,68125,48447,-1248,6301,29685,1889,4366,-91,10571,-1839,-1769,460,4094,494,39991,41241,8456,7206,100.0,18.3,16.1,12.0,13.8,20.4,1.7,27.7,15.6,2.8,7.2,8.6,0.2,83.6,77.4,16.4,22.6,186,15,19,13,16,21,14,36,42,19,15,22,5,112,125,25.5,23.0,36.1,32.3,24.8,17.8,34.2,25.8,(CONTRACTS OF EUR 125,000),099741,CME,099,F10,FutOnly
EURO FX - CHICAGO MERCANTILE EXCHANGE,131203,2013-12-03,099741,CME,00,099,253653,56483,42376,6580,39653,57308,5156,73150,49004,10160,21184,21901,249,212615,192734,41038,60919,10604,-2500,6566,2378,224,1698,24,7514,-3049,-402,135,844,37,7410,8096,3194,2508,100.0,22.3,16.7,2.6,15.6,22.6,2.0,28.8,19.3,4.0,8.4,8.6,0.1,83.8,76.0,16.2,24.0,181,17,19,10,15,22,15,30,40,17,18,20,5,104,124,26.9,21.3,38.6,29.2,26.9,20.0,38.6,27.9,(CONTRACTS OF EUR 125,000),099741,CME,099,F10,FutOnly
EURO FX - CHICAGO MERCANTILE EXCHANGE,131126,2013-11-26,099741,CME,00,099,243049,58983,35810,4202,39429,55610,5132,65636,52053,10562,21049,21057,212,205205,184638,37844,58411,10723,12476,-6935,1273,444,-663,-523,-7904,5626,4518,1321,6543,-720,10885,9119,-162,1604,100.0,24.3,14.7,1.7,16.2,22.9,2.1,27.0,21.4,4.3,8.7,8.7,0.1,84.4,76.0,15.6,24.0,174,18,17,9,15,20,15,26,44,16,14,20,4,96,122,27.4,21.1,40.7,29.3,27.4,20.3,40.7,28.5,(CONTRACTS OF EUR 125,000),099741,CME,099,F10,FutOnly
EURO FX - CHICAGO MERCANTILE EXCHANGE,131119,2013-11-19,099741,CME,00,099,232326,46507,42745,2929,38985,56273,5655,73540,46427,6044,19728,14514,932,194320,175519,38006,56807,3160,4615,1161,381,370,1592,-1,-1353,791,-405,-182,1936,181,3606,5636,-446,-2476,100.0,20.0,18.4,1.3,16.8,24.2,2.4,31.7,20.0,2.6,8.5,6.2,0.4,83.6,75.5,16.4,24.5,179,16,19,9,14,23,14,28,40,16,14,25,5,95,128,29.0,20.8,40.9,29.0,29.0,20.0,40.9,28.2,(CONTRACTS OF EUR 125,000),099741,CME,099,F10,FutOnly
EURO FX - CHICAGO MERCANTILE EXCHANGE,131112,2013-11-12,099741,CME,00,099,229166,41892,41584,2548,38615,54681,5656,74893,45636,6449,19910,12578,751,190714,169883,38452,59283,-23388,6221,-29436,-727,-658,625,160,-13277,1042,845,-3381,-2667,-2046,-12863,-32204,-10525,8816,100.0,18.3,18.1,1.1,16.9,23.9,2.5,32.7,19.9,2.8,8.7,5.5,0.3,83.2,74.1,16.8,25.9,167,16,17,9,14,22,14,25,37,18,15,21,6,95,119,29.7,20.4,42.6,28.9,29.4,19.7,42.2,28.2,(CONTRACTS OF EUR 125,000),099741,CME,099,F10,FutOnly
EURO FX - CHICAGO MERCANTILE EXCHANGE,131105,2013-11-05,099741,CME,00,099,252554,35671,71020,3275,39273,54056,5496,88170,44594,5604,23291,15245,2797,203577,202087,48977,50467,-30369,1836,-36869,955,-651,4773,-18,-28940,6038,1329,-642,-2090,384,-25747,-25498,-4622,-4871,100.0,14.1,28.1,1.3,15.6,21.4,2.2,34.9,17.7,2.2,9.2,6.0,1.1,80.6,80.0,19.4,20.0,186,14,20,10,15,22,15,35,36,18,19,25,6,109,126,28.2,22.7,38.9,32.6,28.0,21.8,38.7,31.7,(CONTRACTS OF EUR 125,000),099741,CME,099,F10,FutOnly
EURO FX - CHICAGO MERCANTILE EXCHANGE,131029,2013-10-29,099741,CME,00,099,282923,33835,107889,2320,39924,49283,5514,117110,38556,4275,23933,17335,2413,229324,227585,53599,55338,4784,3872,2608,-432,107,1467,278,-1329,1308,12,1825,-813,-239,4094,4189,690,595,100.0,12.0,38.1,0.8,14.1,17.4,1.9,41.4,13.6,1.5,8.5,6.1,0.9,81.1,80.4,18.9,19.6,191,14,23,11,16,20,14,42,32,13,22,22,5,115,119,30.5,28.0,41.4,38.9,30.5,27.8,41.4,37.8,(CONTRACTS OF EUR 125,000),099741,CME,099,F10,FutOnly
EURO FX - CHICAGO MERCANTILE EXCHANGE,131022,2013-10-22,099741,CME,00,099,278139,29963,105281,2752,39817,47816,5236,118439,37248,4263,22108,18148,2652,225230,223396,52909,54743,20940,3316,21366,-239,1690,-6184,534,7660,2188,-330,421,-101,332,13384,17566,7556,3374,100.0,10.8,37.9,1.0,14.3,17.2,1.9,42.6,13.4,1.5,7.9,6.5,1.0,81.0,80.3,19.0,19.7,196,15,23,7,16,21,14,49,32,12,20,20,5,121,113,29.5,27.0,40.4,38.4,29.5,26.9,40.4,36.9,(CONTRACTS OF EUR 125,000),099741,CME,099,F10,FutOnly
EURO FX - CHICAGO MERCANTILE EXCHANGE,131015,2013-10-15,099741,CME,00,099,257199,26647,83915,2991,38127,54000,4702,110779,35060,4593,21687,18249,2320,211846,205830,45353,51369,-6660,4150,-2906,-916,723,-4361,-118,-8195,2141,141,963,-239,-382,-3634,-6640,-3026,-20,100.0,10.4,32.6,1.2,14.8,21.0,1.8,43.1,13.6,1.8,8.4,7.1,0.9,82.4,80.0,17.6,20.0,187,14,22,6,14,23,12,35,37,13,19,23,4,104,118,31.6,25.3,43.4,35.9,31.6,24.6,43.4,34.5,(CONTRACTS OF EUR 125,000),099741,CME,099,F10,FutOnly
EURO FX - CHICAGO MERCANTILE EXCHANGE,131008,2013-10-08,099741,CME,00,099,263859,22497,86821,3907,37404,58361,4820,118974,32919,4452,20724,18488,2702,215480,212470,48379,51389,8792,3665,3181,2417,-477,1944,-403,3200,-2351,571,-1969,48,693,7697,6100,1095,2692,100.0,8.5,32.9,1.5,14.2,22.1,1.8,45.1,12.5,1.7,7.9,7.0,1.0,81.7,80.5,18.3,19.5,193,14,23,6,15,24,13,38,35,11,20,24,5,106,122,31.9,26.2,42.7,37.1,31.9,25.6,42.7,36.1,(CONTRACTS OF EUR 125,000),099741,CME,099,F10,FutOnly
EURO FX - CHICAGO MERCANTILE EXCHANGE,131001,2013-10-01,099741,CME,00,099,255067,18832,83640,1490,37881,56417,5223,115774,35270,3881,22693,18440,2009,207783,206370,47284,48697,603,1566,5680,218,34,-2716,-203,-3957,-5842,1614,2103,899,125,1500,-225,-897,828,100.0,7.4,32.8,0.6,14.9,22.1,2.0,45.4,13.8,1.5,8.9,7.2,0.8,81.5,80.9,18.5,19.1,194,13,23,8,15,22,13,39,38,7,20,24,4,104,122,32.0,25.8,42.9,36.4,32.0,25.2,42.9,35.5,(CONTRACTS OF EUR 125,000),099741,CME,099,F10,FutOnly
EURO FX - CHICAGO MERCANTILE EXCHANGE,130924,2013-09-24,099741,CME,00,099,254464,17266,77960,1272,37847,59133,5426,119731,41112,2267,20590,17541,1884,206283,206595,48181,47869,36200,-4634,47777,249,1378,-2847,457,29210,-9028,239,1088,2893,-104,27883,39636,8317,-3436,100.0,6.8,30.6,0.5,14.9,23.2,2.1,47.1,16.2,0.9,8.1,6.9,0.7,81.1,81.2,18.9,18.8,198,13,22,5,15,23,13,41,43,6,20,21,4,102,124,31.8,25.5,42.9,36.4,31.8,24.8,42.8,35.1,(CONTRACTS OF EUR 125,000),099741,CME,099,F10,FutOnly
EURO FX - CHICAGO MERCANTILE EXCHANGE,130917,2013-09-17,099741,CME,00,099,218264,21900,30183,1023,36469,61980,4969,90521,50140,2028,19502,14648,1988,178400,166959,39864,51305,-39705,-19231,3097,-22132,1295,-574,-8,27912,-2759,-17683,-5985,5026,-448,-36280,-35481,-3425,-4224,100.0,10.0,13.8,0.5,16.7,28.4,2.3,41.5,23.0,0.9,8.9,6.7,0.9,81.7,76.5,18.3,23.5,165,15,13,5,15,23,13,25,42,7,18,14,5,86,109,34.5,24.6,46.1,34.7,34.4,23.8,46.0,33.1,(CONTRACTS OF EUR 125,000),099741,CME,099,F10,FutOnly
EURO FX - CHICAGO MERCANTILE EXCHANGE,130910,2013-09-10,099741,CME,00,099,257969,41131,27086,23155,35174,62554,4977,62609,52899,19711,25487,9622,2436,214680,202440,43289,55529,13406,6158,-589,10421,-287,-5336,163,-15197,-2334,8414,-608,182,974,10038,11895,3368,1511,100.0,15.9,10.5,9.0,13.6,24.2,1.9,24.3,20.5,7.6,9.9,3.7,0.9,83.2,78.5,16.8,21.5,167,19,13,17,13,23,12,20,45,21,18,14,6,94,129,28.1,22.6,39.6,32.6,25.7,18.3,34.6,25.9,(CONTRACTS OF EUR 125,000),099741,CME,099,F10,FutOnly
EURO FX - CHICAGO MERCANTILE EXCHANGE,130903,2013-09-03,099741,CME,00,099,244563,34973,27675,12734,35461,67890,4814,77806,55233,11297,26095,9440,1462,204642,190545,39921,54018,-4109,7364,-21964,7943,-273,2094,76,-15574,4389,6561,909,-1977,-160,6846,-3038,-10955,-1071,100.0,14.3,11.3,5.2,14.5,27.8,2.0,31.8,22.6,4.6,10.7,3.9,0.6,83.7,77.9,16.3,22.1,179,17,16,12,13,26,12,30,44,19,17,15,4,101,125,29.5,24.1,39.3,33.4,29.1,22.4,37.7,29.5,(CONTRACTS OF EUR 125,000),099741,CME,099,F10,FutOnly
EURO FX - CHICAGO MERCANTILE EXCHANGE,130827,2013-08-27,099741,CME,00,099,248672,27609,49639,4791,35734,65796,4738,93380,50844,4736,25186,11417,1622,197796,193583,50876,55089,-988,-649,5192,307,-941,1482,-103,323,-3125,189,1663,-1801,-134,655,2007,-1643,-2995,100.0,11.1,20.0,1.9,14.4,26.5,1.9,37.6,20.4,1.9,10.1,4.6,0.7,79.5,77.8,20.5,22.2,171,13,15,9,14,24,11,33,38,15,15,19,5,98,113,33.5,25.8,42.2,35.5,33.5,24.9,41.5,34.7,(CONTRACTS OF EUR 125,000),099741,CME,099,F10,FutOnly
EURO FX - CHICAGO MERCANTILE EXCHANGE,130820,2013-08-20,099741,CME,00,099,249660,28258,44447,4484,36675,64314,4841,93057,53969,4547,23523,13218,1756,197141,191576,52519,58084,23995,-6687,19131,477,145,1414,19,21870,4035,436,338,-346,18,16616,25184,7379,-1189,100.0,11.3,17.8,1.8,14.7,25.8,1.9,37.3,21.6,1.8,9.4,5.3,0.7,79.0,76.7,21.0,23.3,180,16,14,13,15,24,12,38,38,18,16,19,5,108,120,32.4,24.8,40.5,33.6,32.4,24.0,39.9,32.7,(CONTRACTS OF EUR 125,000),099741,CME,099,F10,FutOnly
EURO FX - CHICAGO MERCANTILE EXCHANGE,130813,2013-08-13,099741,CME,00,099,225665,34945,25316,4007,36530,62900,4822,71187,49934,4111,23185,13564,1738,180525,166392,45140,59273,-3061,-6454,-1747,885,-1180,3228,22,5897,-6787,70,304,103,-418,-874,-4644,-2187,1583,100.0,15.5,11.2,1.8,16.2,27.9,2.1,31.5,22.1,1.8,10.3,6.0,0.8,80.0,73.7,20.0,26.3,171,18,12,9,14,23,12,30,39,11,16,19,4,95,112,30.9,23.0,39.0,31.8,30.8,22.2,38.6,31.0,(CONTRACTS OF EUR 125,000),099741,CME,099,F10,FutOnly
EURO FX - CHICAGO MERCANTILE EXCHANGE,130806,2013-08-06,099741,CME,00,099,228726,41399,27063,3122,37710,59672,4800,65290,56721,4041,22881,13461,2156,181399,171036,47327,57690,5769,-4544,10293,-105,-678,598,-8,6928,-7198,987,-460,2141,-506,1614,6202,4155,-433,100.0,18.1,11.8,1.4,16.5,26.1,2.1,28.5,24.8,1.8,10.0,5.9,0.9,79.3,74.8,20.7,25.2,179,19,13,8,15,22,13,33,37,17,18,22,.,106,113,29.5,21.0,38.8,30.2,29.5,20.2,38.4,29.4,(CONTRACTS OF EUR 125,000),099741,CME,099,F10,FutOnly
EURO FX - CHICAGO MERCANTILE EXCHANGE,130730,2013-07-30,099741,CME,00,099,222957,45943,16770,3227,38388,59074,4808,58362,63919,3054,23341,11320,2662,179785,164834,43172,58123,3528,-10943,3927,110,489,1322,195,10729,-4377,-77,1187,-1429,-244,1446,-573,2082,4101,100.0,20.6,7.5,1.4,17.2,26.5,2.2,26.2,28.7,1.4,10.5,5.1,1.2,80.6,73.9,19.4,26.1,167,18,13,8,16,20,12,24,37,13,19,20,.,96,107,32.7,22.2,41.9,31.0,32.7,21.4,40.8,30.0,(CONTRACTS OF EUR 125,000),099741,CME,099,F10,FutOnly
EURO FX - CHICAGO MERCANTILE EXCHANGE,130723,2013-07-23,099741,CME,00,099,219429,56886,12843,3117,37899,57752,4613,47633,68296,3131,22154,12749,2906,178339,165407,41090,54022,-708,-13876,662,-156,1867,2079,-68,4854,239,-136,10,579,98,-7407,3297,6699,-4005,100.0,25.9,5.9,1.4,17.3,26.3,2.1,21.7,31.1,1.4,10.1,5.8,1.3,81.3,75.4,18.7,24.6,167,20,12,10,16,19,10,23,39,15,19,19,4,97,109,32.5,23.9,41.4,32.8,32.5,23.2,40.6,32.0,(CONTRACTS OF EUR 125,000),099741,CME,099,F10,FutOnly
EURO FX - CHICAGO MERCANTILE EXCHANGE,130716,2013-07-16,099741,CME,00,099,220137,70762,12181,3273,36032,55673,4681,42779,68057,3267,22144,12170,2808,185746,162110,34391,58027,-4914,-1242,3464,211,1435,363,515,130,-1908,-1114,2569,-944,123,2627,710,-7541,-5624,100.0,32.1,5.5,1.5,16.4,25.3,2.1,19.4,30.9,1.5,10.1,5.5,1.3,84.4,73.6,15.6,26.4,169,21,12,9,14,21,11,23,41,15,19,18,.,96,111,31.9,23.3,41.2,31.2,31.9,22.5,40.0,30.4,(CONTRACTS OF EUR 125,000),099741,CME,099,F10,FutOnly
EURO FX - CHICAGO MERCANTILE EXCHANGE,130709,2013-07-09,099741,CME,00,099,225051,72004,8717,3062,34597,55310,4166,42649,69965,4381,19575,13114,2685,183119,161400,41932,63651,28987,28232,-1480,1076,1742,-194,-6,-5020,16810,763,1400,450,1599,29786,19018,-799,9969,100.0,32.0,3.9,1.4,15.4,24.6,1.9,19.0,31.1,1.9,8.7,5.8,1.2,81.4,71.7,18.6,28.3,164,20,9,7,14,21,9,25,45,18,15,15,4,88,114,30.2,20.0,39.5,27.7,30.0,19.2,38.3,27.0,(CONTRACTS OF EUR 125,000),099741,CME,099,F10,FutOnly
EURO FX - CHICAGO MERCANTILE EXCHANGE,130702,2013-07-02,099741,CME,00,099,196064,43772,10197,1986,32855,55504,4172,47669,53155,3618,18175,12664,1086,153333,142382,42731,53682,-15587,17175,-20896,-65,474,-1149,-306,-28396,2136,428,962,380,169,-9559,-19303,-6028,3716,100.0,22.3,5.2,1.0,16.8,28.3,2.1,24.3,27.1,1.8,9.3,6.5,0.6,78.2,72.6,21.8,27.4,165,20,10,8,13,21,9,23,44,11,17,17,.,86,110,29.1,19.1,38.1,27.3,29.1,18.3,37.6,26.4,(CONTRACTS OF EUR 125,000),099741,CME,099,F10,FutOnly
EURO FX - CHICAGO MERCANTILE EXCHANGE,130625,2013-06-25,099741,CME,00,099,211651,26597,31093,2051,32381,56653,4478,76065,51019,3190,17213,12284,917,162892,161685,48759,49966,-1680,581,1684,813,-1272,4661,-253,-776,-1957,1134,2077,-801,-185,2119,5096,-3799,-6776,100.0,12.6,14.7,1.0,15.3,26.8,2.1,35.9,24.1,1.5,8.1,5.8,0.4,77.0,76.4,23.0,23.6,175,18,14,9,14,21,10,33,40,9,18,17,4,98,109,26.1,21.3,35.2,31.9,26.1,20.5,35.1,31.0,(CONTRACTS OF EUR 125,000),099741,CME,099,F10,FutOnly
EURO FX - CHICAGO MERCANTILE EXCHANGE,130618,2013-06-18,099741,CME,00,099,213331,26016,29409,1238,33653,51992,4731,76841,52976,2056,15136,13085,1102,160773,156589,52558,56742,-47087,-14040,-3247,-18698,-2074,-399,-786,17280,-8730,-12039,-20658,3075,-729,-51744,-41553,4657,-5534,100.0,12.2,13.8,0.6,15.8,24.4,2.2,36.0,24.8,1.0,7.1,6.1,0.5,75.4,73.4,24.6,26.6,165,16,17,9,15,21,10,35,33,8,15,13,4,96,100,25.2,18.4,35.6,28.7,25.2,17.6,35.3,27.9,(CONTRACTS OF EUR 125,000),099741,CME,099,F10,FutOnly
EURO FX - CHICAGO MERCANTILE EXCHANGE,130611,2013-06-11,099741,CME,00,099,260418,40056,32656,19936,35727,52391,5517,59561,61706,14095,35794,10010,1831,212517,198142,47901,62276,19685,-29550,15147,14403,213,-321,804,22012,-17252,7260,-4373,-4714,1211,11980,16538,7705,3147,100.0,15.4,12.5,7.7,13.7,20.1,2.1,22.9,23.7,5.4,13.7,3.8,0.7,81.6,76.1,18.4,23.9,167,19,16,15,15,21,11,31,37,24,16,12,10,109,118,22.2,18.6,32.8,28.3,21.9,17.0,32.1,25.8,(CONTRACTS OF EUR 125,000),099741,CME,099,F10,FutOnly
EURO FX - CHICAGO MERCANTILE EXCHANGE,130604,2013-06-04,099741,CME,00,099,240733,69606,17509,5533,35514,52712,4713,37549,78958,6835,40167,14724,620,200537,181604,40196,59129,-23479,-25311,3529,3422,-1509,-126,438,368,-27424,2973,-3455,1115,-622,-23696,-16695,217,-6784,100.0,28.9,7.3,2.3,14.8,21.9,2.0,15.6,32.8,2.8,16.7,6.1,0.3,83.3,75.4,16.7,24.6,172,23,14,11,14,21,12,17,48,20,19,15,7,95,127,27.1,18.4,41.2,27.7,27.0,17.5,41.1,26.9,(CONTRACTS OF EUR 125,000),099741,CME,099,F10,FutOnly
EURO FX - CHICAGO MERCANTILE EXCHANGE,130528,2013-05-28,099741,CME,00,099,264212,94917,13980,2111,37023,52838,4275,37181,106382,3862,43622,13609,1242,224233,198299,39979,65913,-982,2847,-250,-1330,-59,3683,-145,-4420,-3995,38,-224,-31,659,-2634,-1371,1652,389,100.0,35.9,5.3,0.8,14.0,20.0,1.6,14.1,40.3,1.5,16.5,5.2,0.5,84.9,75.1,15.1,24.9,177,20,13,9,15,21,10,15,57,20,17,19,6,90,132,32.8,18.2,46.2,27.5,32.8,17.6,46.2,26.8,(CONTRACTS OF EUR 125,000),099741,CME,099,F10,FutOnly
EURO FX - CHICAGO MERCANTILE EXCHANGE,130521,2013-05-21,099741,CME,00,099,265194,92070,14230,3441,37082,49155,4420,41601,110377,3824,43846,13640,583,226867,199670,38327,65524,32777,24315,-376,990,8514,369,-416,-4764,27236,-450,6532,96,-93,34628,27356,-1851,5421,100.0,34.7,5.4,1.3,14.0,18.5,1.7,15.7,41.6,1.4,16.5,5.1,0.2,85.5,75.3,14.5,24.7,176,19,14,8,16,19,11,18,55,17,16,19,6,89,129,31.7,17.5,45.4,27.4,31.7,16.9,45.3,26.7,(CONTRACTS OF EUR 125,000),099741,CME,099,F10,FutOnly
EURO FX - CHICAGO MERCANTILE EXCHANGE,130514,2013-05-14,099741,CME,00,099,232417,67755,14606,2451,28568,48786,4836,46365,83141,4274,37314,13544,676,192239,172314,40178,60103,17820,17297,-3472,194,-268,3376,-2881,1882,12262,497,1904,1307,57,18682,11340,-862,6480,100.0,29.2,6.3,1.1,12.3,21.0,2.1,19.9,35.8,1.8,16.1,5.8,0.3,82.7,74.1,17.3,25.9,171,20,14,6,13,18,9,19,50,20,15,22,6,87,125,27.9,18.9,41.4,28.8,27.7,18.1,41.2,28.0,(CONTRACTS OF EUR 125,000),099741,CME,099,F10,FutOnly
EURO FX - CHICAGO MERCANTILE EXCHANGE,130507,2013-05-07,099741,CME,00,099,214597,50458,18078,2257,28836,45410,7717,44483,70879,3777,35410,12237,619,173557,160974,41040,53623,-8021,-5792,-2370,329,-59,-1539,-1063,-1351,-898,778,4819,-4137,-23,-2362,-8923,-5659,902,100.0,23.5,8.4,1.1,13.4,21.2,3.6,20.7,33.0,1.8,16.5,5.7,0.3,80.9,75.0,19.1,25.0,164,18,15,6,14,17,9,19,48,18,17,16,4,87,114,25.1,18.0,37.2,27.5,24.9,15.7,36.9,25.2,(CONTRACTS OF EUR 125,000),099741,CME,099,F10,FutOnly
EURO FX - CHICAGO MERCANTILE EXCHANGE,130430,2013-04-30,099741,CME,00,099,222618,56250,20448,1928,28895,46949,8780,45834,71777,2999,30591,16374,642,175919,169897,46699,52721,2567,-12049,2913,-1125,209,-3045,-300,7515,4162,370,352,1333,-243,-5271,4065,7838,-1498,100.0,25.3,9.2,0.9,13.0,21.1,3.9,20.6,32.2,1.3,13.7,7.4,0.3,79.0,76.3,21.0,23.7,179,19,15,6,17,17,13,31,44,19,16,20,5,104,118,23.7,18.9,35.3,28.1,23.7,16.8,35.2,25.9,(CONTRACTS OF EUR 125,000),099741,CME,099,F10,FutOnly
EURO FX - CHICAGO MERCANTILE EXCHANGE,130423,2013-04-23,099741,CME,00,099,220051,68299,17535,3053,28686,49994,9080,38319,67615,2629,30239,15041,885,181190,165832,38861,54219,4394,4154,2247,411,-833,-1100,9,872,3681,-468,336,-907,258,4739,4131,-345,263,100.0,31.0,8.0,1.4,13.0,22.7,4.1,17.4,30.7,1.2,13.7,6.8,0.4,82.3,75.4,17.7,24.6,175,20,15,6,16,19,13,22,50,17,16,17,6,95,122,29.3,19.8,40.2,29.1,29.3,17.6,40.1,27.0,(CONTRACTS OF EUR 125,000),099741,CME,099,F10,FutOnly
EURO FX - CHICAGO MERCANTILE EXCHANGE,130416,2013-04-16,099741,CME,00,099,215657,64145,15288,2642,29519,51094,9071,37447,63934,3097,29903,15948,627,176451,161701,39206,53956,-4696,-20545,3128,-489,-309,594,204,14513,-8961,546,36,2532,-75,-6119,-2521,1423,-2175,100.0,29.7,7.1,1.2,13.7,23.7,4.2,17.4,29.6,1.4,13.9,7.4,0.3,81.8,75.0,18.2,25.0,178,22,13,7,18,18,13,21,49,17,20,17,5,99,121,26.7,20.0,39.0,28.5,26.7,17.8,38.9,26.3,(CONTRACTS OF EUR 125,000),099741,CME,099,F10,FutOnly
EURO FX - CHICAGO MERCANTILE EXCHANGE,130409,2013-04-09,099741,CME,00,099,220353,84690,12160,3131,29828,50500,8867,22934,72895,2551,29867,13416,702,182570,164222,37783,56131,-15518,-7540,812,1351,84,2020,446,-10880,-15662,-593,1606,-3730,-296,-15822,-15652,304,134,100.0,38.4,5.5,1.4,13.5,22.9,4.0,10.4,33.1,1.2,13.6,6.1,0.3,82.9,74.5,17.1,25.5,171,24,12,6,18,17,12,19,46,12,20,15,5,93,113,30.3,20.3,41.1,30.2,30.3,18.1,40.7,28.0,(CONTRACTS OF EUR 125,000),099741,CME,099,F10,FutOnly
EURO FX - CHICAGO MERCANTILE EXCHANGE,130402,2013-04-02,099741,CME,00,099,235871,92230,11348,1780,29744,48480,8421,33814,88557,3144,28261,17146,998,198392,179874,37479,55997,31614,25477,-377,157,-406,8623,569,5633,16569,-203,2653,3412,-497,33383,28253,-1769,3361,100.0,39.1,4.8,0.8,12.6,20.6,3.6,14.3,37.5,1.3,12.0,7.3,0.4,84.1,76.3,15.9,23.7,178,21,12,5,17,18,11,14,55,10,17,24,5,82,127,30.0,17.7,41.7,27.2,30.0,15.7,41.6,25.2,(CONTRACTS OF EUR 125,000),099741,CME,099,F10,FutOnly
EURO FX - CHICAGO MERCANTILE EXCHANGE,130326,2013-03-26,099741,CME,00,099,204257,66753,11725,1623,30150,39857,7852,28181,71988,3347,25608,13734,1495,165009,151621,39248,52636,9184,12831,1471,313,-397,6476,-190,-7662,-531,766,2140,-614,369,8170,8060,1014,1124,100.0,32.7,5.7,0.8,14.8,19.5,3.8,13.8,35.2,1.6,12.5,6.7,0.7,80.8,74.2,19.2,25.8,166,21,13,6,16,20,11,13,49,12,15,19,5,81,119,28.4,16.8,41.5,26.8,28.1,14.4,41.2,24.5,(CONTRACTS OF EUR 125,000),099741,CME,099,F10,FutOnly
EURO FX - CHICAGO MERCANTILE EXCHANGE,130319,2013-03-19,099741,CME,00,099,195073,53922,10254,1310,30547,33381,8042,35843,72519,2581,23468,14348,1126,156839,143561,38234,51512,-18040,7188,-13423,-8275,-6868,2800,4052,-8457,3973,-2846,5781,2149,-3819,-13244,-15389,-4796,-2651,100.0,27.6,5.3,0.7,15.7,17.1,4.1,18.4,37.2,1.3,12.0,7.4,0.6,80.4,73.6,19.6,26.4,168,19,12,7,16,22,12,13,50,10,13,23,5,79,123,26.2,16.1,40.1,25.9,26.2,16.1,40.1,25.3,(CONTRACTS OF EUR 125,000),099741,CME,099,F10,FutOnly
EURO FX - CHICAGO MERCANTILE EXCHANGE,130312,2013-03-12,099741,CME,00,099,213113,46734,23677,9585,37415,30581,3990,44300,68546,5427,17687,12199,4945,170083,158950,43030,54163,-5356,-6553,-7452,4356,-1304,-2128,372,-3095,-4516,107,-4938,-427,3217,-7838,-6471,2482,1115,100.0,21.9,11.1,4.5,17.6,14.3,1.9,20.8,32.2,2.5,8.3,5.7,2.3,79.8,74.6,20.2,25.4,159,18,16,11,18,16,12,18,40,17,14,19,4,89,114,27.6,14.6,38.8,24.5,27.4,13.4,38.1,22.8,(CONTRACTS OF EUR 125,000),099741,CME,099,F10,FutOnly
EURO FX - CHICAGO MERCANTILE EXCHANGE,130305,2013-03-05,099741,CME,00,099,218469,53287,31129,5229,38719,32709,3618,47395,73062,5320,22625,12626,1728,177921,165421,40548,53048,-12098,14852,-24147,1633,-5157,-595,-2204,-17267,6260,642,2944,-9,532,-4025,-17888,-8073,5790,100.0,24.4,14.2,2.4,17.7,15.0,1.7,21.7,33.4,2.4,10.4,5.8,0.8,81.4,75.7,18.6,24.3,173,23,14,11,18,17,13,18,48,13,15,20,4,94,120,28.7,17.8,39.8,27.2,28.7,17.8,39.6,27.0,(CONTRACTS OF EUR 125,000),099741,CME,099,F10,FutOnly
EURO FX - CHICAGO MERCANTILE EXCHANGE,130226,2013-02-26,099741,CME,00,099,230567,38435,55276,3596,43876,33304,5822,64662,66802,4678,19681,12635,1196,181946,183309,48621,47258,-3472,8696,-21875,63,-5739,2948,594,-2778,15079,1637,2693,888,-868,4298,-1534,-7770,-1938,100.0,16.7,24.0,1.6,19.0,14.4,2.5,28.0,29.0,2.0,8.5,5.5,0.5,78.9,79.5,21.1,20.5,170,20,14,10,20,15,16,21,43,13,13,24,5,93,121,29.4,24.9,39.1,33.7,29.1,24.9,38.7,33.7,(CONTRACTS OF EUR 125,000),099741,CME,099,F10,FutOnly
EURO FX - CHICAGO MERCANTILE EXCHANGE,130219,2013-02-19,099741,CME,00,099,234039,29739,77151,3533,49615,30356,5228,67440,51723,3041,16988,11747,2064,177648,184843,56391,49196,-5527,-821,-9133,376,-319,-279,-333,-5676,52,1097,-1038,-347,122,-6592,-8445,1065,2918,100.0,12.7,33.0,1.5,21.2,13.0,2.2,28.8,22.1,1.3,7.3,5.0,0.9,75.9,79.0,24.1,21.0,167,18,14,8,23,14,16,26,38,15,14,20,5,99,112,32.7,32.2,40.6,40.8,32.4,32.2,40.1,40.7,(CONTRACTS OF EUR 125,000),099741,CME,099,F10,FutOnly
EURO FX - CHICAGO MERCANTILE EXCHANGE,130212,2013-02-12,099741,CME,00,099,239566,30560,86284,3157,49934,30635,5561,73116,51671,1944,18026,12094,1942,184240,193288,55326,46278,-11670,3237,-6244,402,-2829,147,103,-9481,2047,-812,677,-56,762,-7941,-3651,-3729,-8019,100.0,12.8,36.0,1.3,20.8,12.8,2.3,30.5,21.6,0.8,7.5,5.0,0.8,76.9,80.7,23.1,19.3,172,19,15,8,23,15,16,29,35,13,16,20,6,104,111,32.5,35.0,40.2,43.5,32.4,35.0,39.9,43.4,(CONTRACTS OF EUR 125,000),099741,CME,099,F10,FutOnly
EURO FX - CHICAGO MERCANTILE EXCHANGE,130205,2013-02-05,099741,CME,00,099,251236,27323,92528,2755,52763,30488,5458,82597,49624,2756,17349,12150,1180,192181,196939,59055,54297,13380,2191,15780,414,3042,-67,118,7736,-7842,-362,-1257,628,418,12300,9087,1080,4293,100.0,10.9,36.8,1.1,21.0,12.1,2.2,32.9,19.8,1.1,6.9,4.8,0.5,76.5,78.4,23.5,21.6,183,19,16,9,22,15,16,43,30,16,19,19,4,118,110,31.2,33.7,38.7,41.8,31.1,33.7,38.5,41.7,(CONTRACTS OF EUR 125,000),099741,CME,099,F10,FutOnly
EURO FX - CHICAGO MERCANTILE EXCHANGE,130129,2013-01-29,099741,CME,00,099,237856,25132,76748,2341,49721,30555,5340,74861,57466,3118,18606,11522,762,179881,187852,57975,50004,21797,3175,13263,-26,4754,-180,-3,8417,5274,1062,397,90,-250,17526,19230,4271,2567,100.0,10.6,32.3,1.0,20.9,12.8,2.2,31.5,24.2,1.3,7.8,4.8,0.3,75.6,79.0,24.4,21.0,178,17,17,7,21,14,16,38,33,13,19,19,4,108,110,30.5,30.2,38.1,38.9,30.5,30.2,37.7,38.9,(CONTRACTS OF EUR 125,000),099741,CME,099,F10,FutOnly
EURO FX - CHICAGO MERCANTILE EXCHANGE,130122,2013-01-22,099741,CME,00,099,216059,21957,63485,2367,44967,30735,5343,66444,52192,2056,18209,11432,1012,162355,168622,53704,47437,4686,-200,17242,0,2448,-2630,-199,942,-9490,1079,1830,-1585,352,6252,4769,-1566,-83,100.0,10.2,29.4,1.1,20.8,14.2,2.5,30.8,24.2,1.0,8.4,5.3,0.5,75.1,78.0,24.9,22.0,172,17,16,7,21,14,15,37,29,14,18,20,6,106,108,28.6,28.8,36.8,37.6,28.5,28.8,36.3,37.6,(CONTRACTS OF EUR 125,000),099741,CME,099,F10,FutOnly
EURO FX - CHICAGO MERCANTILE EXCHANGE,130115,2013-01-15,099741,CME,00,099,211373,22157,46243,2367,42519,33365,5542,65502,61682,977,16379,13017,660,156103,163853,55270,47520,17122,-2873,17246,740,70,36,301,11807,-440,-13,-280,1069,-4,9748,18935,7374,-1813,100.0,10.5,21.9,1.1,20.1,15.8,2.6,31.0,29.2,0.5,7.7,6.2,0.3,73.9,77.5,26.1,22.5,180,17,16,8,21,17,15,43,31,16,15,20,4,110,113,24.8,25.2,33.2,34.9,24.6,25.2,32.9,34.8,(CONTRACTS OF EUR 125,000),099741,CME,099,F10,FutOnly
EURO FX - CHICAGO MERCANTILE EXCHANGE,130108,2013-01-08,099741,CME,00,099,194251,25030,28997,1627,42449,33329,5241,53695,62122,990,16659,11948,664,146355,144918,47896,49333,-13357,5467,-14459,753,-3091,-7515,-235,-13689,3613,129,372,519,-143,-10437,-17338,-2920,3981,100.0,12.9,14.9,0.8,21.9,17.2,2.7,27.6,32.0,0.5,8.6,6.2,0.3,75.3,74.6,24.7,25.4,170,15,15,5,19,17,14,31,38,11,15,20,4,94,110,23.4,21.8,32.3,32.4,23.3,21.8,31.9,32.3,(CONTRACTS OF EUR 125,000),099741,CME,099,F10,FutOnly
EURO FX - CHICAGO MERCANTILE EXCHANGE,141230,2014-12-30,099741,CME,00,099,386295,198138,11802,1785,40911,87329,11844,24362,155817,7936,69641,28599,1226,355843,306338,30452,79957,9446,7477,683,-92,1155,2385,341,875,4664,-113,-166,1748,-15,9462,9601,-16,-155,100.0,51.3,3.1,0.5,10.6,22.6,3.1,6.3,40.3,2.1,18.0,7.4,0.3,92.1,79.3,7.9,20.7,219,19,12,6,17,31,19,24,62,14,20,33,6,99,165,40.5,23.0,60.0,32.8,40.5,22.4,60.0,32.0,(CONTRACTS OF EUR 125,000),099741,CME,099,F10,FutOnly
EURO FX - CHICAGO MERCANTILE EXCHANGE,141223,2014-12-23,099741,CME,00,099,376849,190661,11119,1877,39756,84944,11503,23487,151153,8049,69807,26851,1241,346381,296737,30468,80112,8678,21566,1616,309,5071,-3188,-678,-14285,10695,408,-195,203,317,12513,9682,-3835,-1004,100.0,50.6,3.0,0.5,10.5,22.5,3.1,6.2,40.1,2.1,18.5,7.1,0.3,91.9,78.7,8.1,21.3,213,19,11,6,16,30,17,24,58,14,20,34,6,98,158,40.4,23.1,59.8,32.7,40.4,22.5,59.8,31.9,(CONTRACTS OF EUR 125,000),099741,CME,099,F10,FutOnly
EURO FX - CHICAGO MERCANTILE EXCHANGE,141216,2014-12-16,099741,CME,00,099,368171,169095,9503,1568,34685,88132,12181,37772,140458,7641,70002,26648,924,333868,287055,34303,81116,-109690,-71447,-59534,-20419,-7814,-854,958,-24527,-9436,-8731,26906,1570,-5071,-110145,-101517,455,-8173,100.0,45.9,2.6,0.4,9.4,23.9,3.3,10.3,38.2,2.1,19.0,7.2,0.3,90.7,78.0,9.3,22.0,217,21,10,5,14,30,20,24,60,15,22,35,10,103,164,38.6,23.6,56.9,34.0,38.6,23.0,56.9,33.2,(CONTRACTS OF EUR 125,000),099741,CME,099,F10,FutOnly
EURO FX - CHICAGO MERCANTILE EXCHANGE,141209,2014-12-09,099741,CME,00,099,477861,240542,69037,21987,42499,88986,11223,62299,149894,16372,43096,25078,5995,444013,388572,33848,89289,15803,-9330,17114,12491,8,4780,-506,7630,-24886,6249,-873,593,532,16201,16367,-398,-564,100.0,50.3,14.4,4.6,8.9,18.6,2.3,13.0,31.4,3.4,9.0,5.2,1.3,92.9,81.3,7.1,18.7,227,18,15,11,16,32,17,34,59,27,19,34,10,118,174,41.4,24.0,55.8,35.8,41.3,22.2,53.9,33.6,(CONTRACTS OF EUR 125,000),099741,CME,099,F10,FutOnly
EURO FX - CHICAGO MERCANTILE EXCHANGE,141202,2014-12-02,099741,CME,00,099,462058,249872,51923,9496,42491,84206,11729,54669,174780,10123,43969,24485,5463,427812,372205,34246,89853,-3281,-10430,894,543,-641,-2953,-333,2110,-6008,3421,-609,-155,132,-5807,-4459,2526,1178,100.0,54.1,11.2,2.1,9.2,18.2,2.5,11.8,37.8,2.2,9.5,5.3,1.2,92.6,80.6,7.4,19.4,227,20,15,9,16,28,17,29,62,19,26,31,10,114,168,43.0,26.3,57.4,37.8,43.0,24.5,56.5,35.4,(CONTRACTS OF EUR 125,000),099741,CME,099,F10,FutOnly
EURO FX - CHICAGO MERCANTILE EXCHANGE,141125,2014-11-25,099741,CME,00,099,465339,260302,51029,8953,43132,87159,12062,52559,180788,6702,44578,24640,5331,433619,376664,31720,88675,171,-1347,1516,120,855,662,187,543,-5344,-637,868,2464,-170,419,-1202,-248,1373,100.0,55.9,11.0,1.9,9.3,18.7,2.6,11.3,38.9,1.4,9.6,5.3,1.1,93.2,80.9,6.8,19.1,222,20,14,8,16,28,18,27,60,18,24,33,11,110,167,45.0,27.5,59.3,39.2,45.0,25.9,58.5,37.1,(CONTRACTS OF EUR 125,000),099741,CME,099,F10,FutOnly
EURO FX - CHICAGO MERCANTILE EXCHANGE,141118,2014-11-18,099741,CME,00,099,465168,261649,49513,8833,42277,86497,11875,52016,186132,7339,43710,22176,5501,433200,377866,31968,87302,1192,765,-831,-282,36,2562,50,-2916,2106,1799,604,-1627,255,311,4032,881,-2840,100.0,56.2,10.6,1.9,9.1,18.6,2.6,11.2,40.0,1.6,9.4,4.8,1.2,93.1,81.2,6.9,18.8,218,19,15,7,15,29,19,29,57,21,23,31,11,111,165,45.8,28.6,59.9,40.5,45.8,27.0,59.0,38.4,(CONTRACTS OF EUR 125,000),099741,CME,099,F10,FutOnly
EURO FX - CHICAGO MERCANTILE EXCHANGE,141111,2014-11-11,099741,CME,00,099,463976,260884,50344,9115,42241,83935,11825,54932,184026,5540,43106,23803,5246,432889,373834,31087,90142,-1356,29,16799,-1411,178,-662,-345,-737,-10277,-880,491,-6682,1223,-1452,-2235,96,879,100.0,56.2,10.9,2.0,9.1,18.1,2.5,11.8,39.7,1.2,9.3,5.1,1.1,93.3,80.6,6.7,19.4,221,19,15,8,15,28,19,28,61,18,20,35,11,107,170,45.9,28.6,60.3,40.1,45.9,26.9,59.3,38.0,(CONTRACTS OF EUR 125,000),099741,CME,099,F10,FutOnly
EURO FX - CHICAGO MERCANTILE EXCHANGE,141104,2014-11-04,099741,CME,00,099,465332,260855,33545,10526,42063,84597,12170,55669,194303,6420,42615,30485,4023,434341,376069,30991,89263,23963,19436,-382,1160,2574,-215,-304,817,8237,-32,858,4451,-174,24335,12741,-372,11222,100.0,56.1,7.2,2.3,9.0,18.2,2.6,12.0,41.8,1.4,9.2,6.6,0.9,93.3,80.8,6.7,19.2,231,20,14,8,17,29,18,28,62,16,22,39,11,108,176,44.9,27.2,59.1,38.6,44.9,26.8,58.4,36.2,(CONTRACTS OF EUR 125,000),099741,CME,099,F10,FutOnly
EURO FX - CHICAGO MERCANTILE EXCHANGE,141028,2014-10-28,099741,CME,00,099,441369,241419,33927,9366,39489,84812,12474,54852,186066,6452,41757,26034,4197,410006,363328,31363,78041,1506,4366,-2080,12,-1102,-2848,1348,-3431,4050,327,154,2857,188,1862,3854,-356,-2348,100.0,54.7,7.7,2.1,8.9,19.2,2.8,12.4,42.2,1.5,9.5,5.9,1.0,92.9,82.3,7.1,17.7,230,22,13,9,15,34,19,32,56,20,22,36,8,117,169,44.0,29.1,58.3,40.3,44.0,28.5,57.5,38.0,(CONTRACTS OF EUR 125,000),099741,CME,099,F10,FutOnly
EURO FX - CHICAGO MERCANTILE EXCHANGE,141021,2014-10-21,099741,CME,00,099,439863,237053,36007,9354,40591,87660,11126,58283,182016,6125,41603,23177,4009,408144,359474,31719,80389,4990,2414,1038,69,-5,-42,324,2119,5255,773,-2269,-3238,523,3948,4702,1042,288,100.0,53.9,8.2,2.1,9.2,19.9,2.5,13.3,41.4,1.4,9.5,5.3,0.9,92.8,81.7,7.2,18.3,226,21,13,9,14,36,19,32,57,17,23,30,7,114,164,44.0,29.5,57.9,40.2,44.0,28.2,57.1,37.9,(CONTRACTS OF EUR 125,000),099741,CME,099,F10,FutOnly
EURO FX - CHICAGO MERCANTILE EXCHANGE,141014,2014-10-14,099741,CME,00,099,434873,234639,34969,9285,40596,87702,10802,56164,176761,5352,43872,26415,3486,404196,354772,30677,80101,9217,14691,5258,1704,-1367,1225,-217,-3958,10560,-1018,2027,-1972,-823,11039,14717,-1822,-5500,100.0,54.0,8.0,2.1,9.3,20.2,2.5,12.9,40.6,1.2,10.1,6.1,0.8,92.9,81.6,7.1,18.4,228,21,12,10,14,35,17,27,63,15,22,34,9,108,171,44.5,27.9,58.6,37.8,44.3,26.9,57.9,35.5,(CONTRACTS OF EUR 125,000),099741,CME,099,F10,FutOnly
EURO FX - CHICAGO MERCANTILE EXCHANGE,141007,2014-10-07,099741,CME,00,099,425656,219948,29711,7581,41963,86477,11019,60122,166201,6370,41845,28387,4309,393157,340055,32499,85601,15670,20320,2428,2235,-2127,2913,1850,-5690,1382,597,-3136,-762,3247,17296,13890,-1626,1780,100.0,51.7,7.0,1.8,9.9,20.3,2.6,14.1,39.0,1.5,9.8,6.7,1.0,92.4,79.9,7.6,20.1,221,19,13,8,16,29,17,28,59,18,22,35,8,107,165,42.6,25.3,56.5,35.4,42.0,24.9,55.6,33.5,(CONTRACTS OF EUR 125,000),099741,CME,099,F10,FutOnly
EURO FX - CHICAGO MERCANTILE EXCHANGE,140930,2014-09-30,099741,CME,00,099,409986,199628,27283,5346,44090,83564,9169,65812,164819,5773,44981,29149,1062,375861,326165,34125,83821,11049,6326,8058,1322,5,3714,1096,3999,-5567,-1252,-1515,1785,-92,9889,9064,1160,1985,100.0,48.7,6.7,1.3,10.8,20.4,2.2,16.1,40.2,1.4,11.0,7.1,0.3,91.7,79.6,8.3,20.4,229,18,15,6,17,27,15,31,62,14,23,36,10,108,166,41.0,25.0,55.7,33.2,40.9,24.5,55.5,32.6,(CONTRACTS OF EUR 125,000),099741,CME,099,F10,FutOnly
EURO FX - CHICAGO MERCANTILE EXCHANGE,140923,2014-09-23,099741,CME,00,099,398937,193302,19225,4024,44085,79850,8073,61813,170386,7025,46496,27364,1154,365972,317101,32965,81836,1285,8000,2352,1871,551,6684,-137,-18611,-11894,3383,2896,-1080,207,-1840,1386,3125,-101,100.0,48.5,4.8,1.0,11.1,20.0,2.0,15.5,42.7,1.8,11.7,6.9,0.3,91.7,79.5,8.3,20.5,215,18,13,6,14,29,15,29,58,14,25,29,9,103,156,40.7,27.2,55.7,35.1,40.6,26.7,55.6,34.7,(CONTRACTS OF EUR 125,000),099741,CME,099,F10,FutOnly
EURO FX - CHICAGO MERCANTILE EXCHANGE,140916,2014-09-16,099741,CME,00,099,397652,185302,16873,2153,43534,73166,8210,80424,182280,3642,43600,28444,947,367812,315715,29840,81937,-86654,-42706,-10501,-14279,-889,2730,-28,12593,-4098,-44004,14929,-4899,-5522,-79906,-80601,-6748,-6053,100.0,46.6,4.2,0.5,10.9,18.4,2.1,20.2,45.8,0.9,11.0,7.2,0.2,92.5,79.4,7.5,20.6,219,17,13,7,14,31,16,23,65,15,26,30,8,100,165,41.0,28.3,56.2,36.7,41.0,27.8,56.2,36.2,(CONTRACTS OF EUR 125,000),099741,CME,099,F10,FutOnly
EURO FX - CHICAGO MERCANTILE EXCHANGE,140909,2014-09-09,099741,CME,00,099,484306,228008,27374,16432,44423,70436,8238,67831,186378,47646,28671,33343,6469,447718,396316,36588,87990,64456,-2726,7590,8391,3183,580,252,6444,-2210,39395,3319,399,5118,63376,59515,1080,4941,100.0,47.1,5.7,3.4,9.2,14.5,1.7,14.0,38.5,9.8,5.9,6.9,1.3,92.4,81.8,7.6,18.2,229,18,11,14,14,31,18,26,65,22,28,31,11,119,175,38.8,25.1,52.8,34.0,38.8,22.1,49.6,28.7,(CONTRACTS OF EUR 125,000),099741,CME,099,F10,FutOnly
EURO FX - CHICAGO MERCANTILE EXCHANGE,140902,2014-09-02,099741,CME,00,099,419850,230734,19784,8041,41240,69856,7986,61387,188588,8251,25352,32944,1351,384342,336801,35508,83049,17141,13561,1273,663,-5427,2202,-515,9227,10268,-360,1053,2571,49,18251,16151,-1110,990,100.0,55.0,4.7,1.9,9.8,16.6,1.9,14.6,44.9,2.0,6.0,7.8,0.3,91.5,80.2,8.5,19.8,223,20,11,11,14,30,16,29,65,18,22,32,8,109,167,43.0,28.1,56.1,35.9,43.0,27.7,56.0,35.0,(CONTRACTS OF EUR 125,000),099741,CME,099,F10,FutOnly
EURO FX - CHICAGO MERCANTILE EXCHANGE,140826,2014-08-26,099741,CME,00,099,402709,217173,18511,7378,46667,67654,8501,52160,178320,8611,24299,30373,1302,366091,320650,36618,82059,6249,8900,334,1534,558,3147,385,-7269,1601,487,-773,1714,-270,3552,8932,2697,-2683,100.0,53.9,4.6,1.8,11.6,16.8,2.1,13.0,44.3,2.1,6.0,7.5,0.3,90.9,79.6,9.1,20.4,208,20,10,11,15,30,17,23,63,18,20,27,9,108,155,41.6,26.5,54.7,33.8,41.6,26.1,54.7,33.3,(CONTRACTS OF EUR 125,000),099741,CME,099,F10,FutOnly
EURO FX - CHICAGO MERCANTILE EXCHANGE,140819,2014-08-19,099741,CME,00,099,396460,208273,18177,5844,46109,64507,8116,59429,176719,8124,25072,28659,1572,362539,311718,33921,84742,20036,8293,1861,3533,5112,-337,118,4648,17472,632,-512,-2939,255,22079,20595,-2043,-559,100.0,52.5,4.6,1.5,11.6,16.3,2.0,15.0,44.6,2.0,6.3,7.2,0.4,91.4,78.6,8.6,21.4,208,20,10,10,14,29,16,23,64,20,22,26,9,106,157,41.6,27.8,54.1,35.4,41.6,27.4,54.1,34.8,(CONTRACTS OF EUR 125,000),099741,CME,099,F10,FutOnly
EURO FX - CHICAGO MERCANTILE EXCHANGE,140812,2014-08-12,099741,CME,00,099,376424,199980,16316,2311,40997,64844,7998,54781,159247,7492,25584,31598,1317,340460,291123,35964,85301,-2580,3213,1659,74,-5880,-1511,578,-3311,-4098,-409,530,-538,506,-4699,-3739,2119,1159,100.0,53.1,4.3,0.6,10.9,17.2,2.1,14.6,42.3,2.0,6.8,8.4,0.3,90.4,77.3,9.6,22.7,202,21,9,9,12,30,17,22,62,16,22,24,9,101,152,41.4,27.9,53.9,35.3,41.4,27.4,53.9,34.8,(CONTRACTS OF EUR 125,000),099741,CME,099,F10,FutOnly
EURO FX - CHICAGO MERCANTILE EXCHANGE,140805,2014-08-05,099741,CME,00,099,379004,196767,14657,2237,46877,66355,7420,58092,163345,7901,25054,32136,811,345159,294862,33845,84142,22139,25456,1047,-280,-643,-3515,212,-2982,20072,2047,-862,576,58,23006,20217,-867,1922,100.0,51.9,3.9,0.6,12.4,17.5,2.0,15.3,43.1,2.1,6.6,8.5,0.2,91.1,77.8,8.9,22.2,207,21,9,9,14,30,17,18,70,21,20,24,9,104,159,40.6,26.5,52.9,34.5,40.6,26.0,52.9,34.0,(CONTRACTS OF EUR 125,000),099741,CME,099,F10,FutOnly
EURO FX - CHICAGO MERCANTILE EXCHANGE,140729,2014-07-29,099741,CME,00,099,356865,171311,13610,2517,47520,69870,7208,61074,143273,5854,25916,31560,753,322153,274645,34712,82220,17159,16273,-29,419,459,-6673,16,2381,17597,527,-1198,1684,-11,18866,13530,-1707,3629,100.0,48.0,3.8,0.7,13.3,19.6,2.0,17.1,40.1,1.6,7.3,8.8,0.2,90.3,77.0,9.7,23.0,201,21,8,6,14,30,15,22,61,17,21,23,8,104,143,38.3,25.2,50.2,33.7,38.3,24.7,50.2,33.2,(CONTRACTS OF EUR 125,000),099741,CME,099,F10,FutOnly
EURO FX - CHICAGO MERCANTILE EXCHANGE,140722,2014-07-22,099741,CME,00,099,339706,155038,13639,2098,47061,76543,7192,58693,125676,5327,27114,29876,764,303287,261115,36419,78591,29045,20606,-2031,327,-539,1424,666,5752,23252,-326,-649,916,-72,25765,24156,3280,4889,100.0,45.6,4.0,0.6,13.9,22.5,2.1,17.3,37.0,1.6,8.0,8.8,0.2,89.3,76.9,10.7,23.1,191,20,8,8,13,29,15,21,59,12,19,22,8,99,135,37.1,26.4,48.8,34.8,37.1,25.8,48.8,34.3,(CONTRACTS OF EUR 125,000),099741,CME,099,F10,FutOnly
EURO FX - CHICAGO MERCANTILE EXCHANGE,140715,2014-07-15,099741,CME,00,099,310661,134432,15670,1771,47600,75119,6526,52941,102424,5653,27763,28960,836,277522,236959,33139,73702,16280,3031,-929,-573,-104,3320,118,13039,11413,-174,950,194,46,16333,13415,-53,2865,100.0,43.3,5.0,0.6,15.3,24.2,2.1,17.0,33.0,1.8,8.9,9.3,0.3,89.3,76.3,10.7,23.7,191,21,8,7,14,29,16,22,51,14,22,24,9,106,131,35.3,25.0,46.6,34.1,35.3,24.4,46.6,33.5,(CONTRACTS OF EUR 125,000),099741,CME,099,F10,FutOnly
EURO FX - CHICAGO MERCANTILE EXCHANGE,140708,2014-07-08,099741,CME,00,099,294381,131401,16599,2344,47704,71799,6408,39902,91011,5827,26813,28766,790,261189,223544,33192,70837,2893,8398,-1370,803,-630,1384,14,-737,-1686,985,-2146,-495,-84,6603,-449,-3710,3342,100.0,44.6,5.6,0.8,16.2,24.4,2.2,13.6,30.9,2.0,9.1,9.8,0.3,88.7,75.9,11.3,24.1,182,18,10,7,15,27,16,25,43,13,22,22,9,108,119,35.5,25.7,47.4,33.7,35.5,25.1,47.4,33.1,(CONTRACTS OF EUR 125,000),099741,CME,099,F10,FutOnly
EURO FX - CHICAGO MERCANTILE EXCHANGE,140701,2014-07-01,099741,CME,00,099,291488,123003,17969,1541,48334,70415,6394,40639,92697,4842,28959,29261,874,254586,223993,36902,67495,244,-1918,-2,-197,264,-593,-503,-3509,-1041,1105,1860,902,-168,-3066,-497,3310,741,100.0,42.2,6.2,0.5,16.6,24.2,2.2,13.9,31.8,1.7,9.9,10.0,0.3,87.3,76.8,12.7,23.2,191,19,10,6,16,25,15,25,52,12,20,24,7,103,128,33.8,25.0,45.9,34.2,33.8,24.3,45.9,33.5,(CONTRACTS OF EUR 125,000),099741,CME,099,F10,FutOnly
EURO FX - CHICAGO MERCANTILE EXCHANGE,140624,2014-06-24,099741,CME,00,099,291244,124921,17971,1738,48070,71008,6897,44148,93738,3737,27099,28359,1042,257652,224490,33592,66754,5755,2681,290,-820,196,884,205,2618,2276,585,449,18,-70,5844,3368,-89,2387,100.0,42.9,6.2,0.6,16.5,24.4,2.4,15.2,32.2,1.3,9.3,9.7,0.4,88.5,77.1,11.5,22.9,190,19,11,8,17,27,18,26,48,12,20,22,8,107,129,34.2,24.8,46.2,34.1,34.2,24.2,46.2,33.5,(CONTRACTS OF EUR 125,000),099741,CME,099,F10,FutOnly
EURO FX - CHICAGO MERCANTILE EXCHANGE,140617,2014-06-17,099741,CME,00,099,285489,122240,17681,2558,47874,70124,6692,41530,91462,3152,26650,28341,1112,251808,221122,33681,64367,-46147,-12980,-8113,-20512,610,1943,131,13319,11002,-21082,3693,-83,-2134,-38955,-38848,-7192,-7299,100.0,42.8,6.2,0.9,16.8,24.6,2.3,14.5,32.0,1.1,9.3,9.9,0.4,88.2,77.5,11.8,22.5,191,15,13,8,15,30,16,26,50,12,20,22,8,100,135,34.7,23.6,46.8,32.4,34.7,22.9,46.8,31.8,(CONTRACTS OF EUR 125,000),099741,CME,099,F10,FutOnly
EURO FX - CHICAGO MERCANTILE EXCHANGE,140610,2014-06-10,099741,CME,00,099,331636,135220,25794,23070,47264,68181,6561,28211,80460,24234,22957,28424,3246,290763,259970,40873,71666,50889,28636,4601,12943,268,-6,-116,-9984,12424,16631,-848,-1915,905,48435,45467,2454,5422,100.0,40.8,7.8,7.0,14.3,20.6,2.0,8.5,24.3,7.3,6.9,8.6,1.0,87.7,78.4,12.3,21.6,193,15,15,12,16,29,15,21,49,25,20,23,11,111,145,33.8,22.2,44.5,32.6,32.1,16.3,41.7,25.0,(CONTRACTS OF EUR 125,000),099741,CME,099,F10,FutOnly
EURO FX - CHICAGO MERCANTILE EXCHANGE,140603,2014-06-03,099741,CME,00,099,280747,106584,21193,10127,46996,68187,6677,38195,68036,7603,23805,30339,2341,242328,214503,38419,66244,6696,18519,-1339,964,-1060,435,96,-12164,3592,1202,-608,-1058,575,7524,4467,-828,2229,100.0,38.0,7.5,3.6,16.7,24.3,2.4,13.6,24.2,2.7,8.5,10.8,0.8,86.3,76.4,13.7,23.6,195,19,12,12,16,29,15,30,48,15,17,24,9,105,141,27.3,20.6,38.1,30.1,27.3,18.4,38.1,27.9,(CONTRACTS OF EUR 125,000),099741,CME,099,F10,FutOnly
EURO FX - CHICAGO MERCANTILE EXCHANGE,140527,2014-05-27,099741,CME,00,099,274051,88065,22532,9163,48056,67752,6581,50359,64444,6401,24413,31397,1766,234804,210036,39247,64015,5852,14601,-945,1011,343,1501,93,-6929,3445,-1357,-1386,-45,1153,7529,4856,-1677,996,100.0,32.1,8.2,3.3,17.5,24.7,2.4,18.4,23.5,2.3,8.9,11.5,0.6,85.7,76.6,14.3,23.4,200,20,12,12,16,31,17,26,51,14,20,24,8,105,146,26.0,20.4,37.8,29.5,25.8,19.3,37.5,28.4,(CONTRACTS OF EUR 125,000),099741,CME,099,F10,FutOnly
EURO FX - CHICAGO MERCANTILE EXCHANGE,140520,2014-05-20,099741,CME,00,099,268199,73464,23477,8152,47713,66251,6488,57288,60999,7758,25799,31442,613,227275,205180,40924,63019,57,12746,-2115,775,3669,-1104,121,-10652,1272,1388,-3711,-400,-58,4278,-121,-4221,178,100.0,27.4,8.8,3.0,17.8,24.7,2.4,21.4,22.7,2.9,9.6,11.7,0.2,84.7,76.5,15.3,23.5,200,18,14,12,16,31,16,26,50,15,18,27,8,102,149,26.2,20.2,38.2,28.5,26.2,19.4,38.2,27.7,(CONTRACTS OF EUR 125,000),099741,CME,099,F10,FutOnly
EURO FX - CHICAGO MERCANTILE EXCHANGE,140513,2014-05-13,099741,CME,00,099,268142,60718,25592,7377,44044,67355,6367,67940,59727,6370,29510,31842,671,222997,205301,45145,62841,-8871,19659,-9543,4542,1104,-7012,430,-27087,9680,-617,-1690,-1900,-175,-3834,-4595,-5037,-4276,100.0,22.6,9.5,2.8,16.4,25.1,2.4,25.3,22.3,2.4,11.0,11.9,0.3,83.2,76.6,16.8,23.4,197,17,15,11,15,32,17,27,47,15,19,25,8,104,144,26.2,19.7,38.0,28.7,25.9,19.0,37.8,27.1,(CONTRACTS OF EUR 125,000),099741,CME,099,F10,FutOnly
EURO FX - CHICAGO MERCANTILE EXCHANGE,140506,2014-05-06,099741,CME,00,099,277013,41059,35135,2835,42940,74367,5937,95027,50047,6987,31200,33742,846,226831,209896,50182,67117,5498,-9834,5791,53,824,-7968,3,6821,1574,1280,106,1872,26,-721,2631,6219,2867,100.0,14.8,12.7,1.0,15.5,26.8,2.1,34.3,18.1,2.5,11.3,12.2,0.3,81.9,75.8,18.1,24.2,214,12,21,9,15,30,14,41,46,15,19,30,6,111,147,30.0,21.2,41.3,30.6,30.0,20.6,41.3,29.9,(CONTRACTS OF EUR 125,000),099741,CME,099,F10,FutOnly
EURO FX - CHICAGO MERCANTILE EXCHANGE,140429,2014-04-29,099741,CME,00,099,271515,50893,29344,2782,42116,82335,5934,88206,48473,5707,31094,31870,820,227552,207265,43963,64250,5256,313,3052,459,777,-4674,-150,-303,3929,1855,1783,-661,33,4767,3843,489,1413,100.0,18.7,10.8,1.0,15.5,30.3,2.2,32.5,17.9,2.1,11.5,11.7,0.3,83.8,76.3,16.2,23.7,204,17,16,10,14,30,14,32,48,14,18,29,7,106,143,30.0,24.5,41.6,33.1,29.8,23.9,41.4,32.4,(CONTRACTS OF EUR 125,000),099741,CME,099,F10,FutOnly
EURO FX - CHICAGO MERCANTILE EXCHANGE,140422,2014-04-22,099741,CME,00,099,266259,50580,26292,2323,41339,87009,6084,88509,44544,3852,29311,32531,787,222785,203422,43474,62837,-4463,-1168,-2014,-79,-519,-2478,827,-4425,-3570,-246,728,1612,15,-4867,-5933,404,1470,100.0,19.0,9.9,0.9,15.5,32.7,2.3,33.2,16.7,1.4,11.0,12.2,0.3,83.7,76.4,16.3,23.6,192,15,15,7,12,32,15,32,41,11,16,29,6,99,132,31.4,26.4,43.3,34.5,31.4,25.8,43.3,33.8,(CONTRACTS OF EUR 125,000),099741,CME,099,F10,FutOnly
EURO FX - CHICAGO MERCANTILE EXCHANGE,140415,2014-04-15,099741,CME,00,099,270722,51748,28306,2402,41858,89487,5257,92934,48114,4098,28583,30919,772,227652,209355,43070,61367,9283,-6265,1619,588,-512,-655,-129,14063,6707,60,2120,1385,17,9942,9592,-659,-309,100.0,19.1,10.5,0.9,15.5,33.1,1.9,34.3,17.8,1.5,10.6,11.4,0.3,84.1,77.3,15.9,22.7,199,15,15,7,14,30,12,36,45,15,16,28,6,102,137,32.1,27.1,43.8,35.4,32.0,26.4,43.7,34.8,(CONTRACTS OF EUR 125,000),099741,CME,099,F10,FutOnly
EURO FX - CHICAGO MERCANTILE EXCHANGE,140408,2014-04-08,099741,CME,00,099,261439,58013,26687,1814,42370,90142,5386,78871,41407,4038,26463,29534,755,217710,199763,43729,61676,1364,10064,208,-204,299,-1336,89,-10258,4243,811,-491,-2671,-76,234,1064,1130,300,100.0,22.2,10.2,0.7,16.2,34.5,2.1,30.2,15.8,1.5,10.1,11.3,0.3,83.3,76.4,16.7,23.6,190,16,15,9,14,30,14,31,41,14,19,24,9,105,131,31.2,29.3,43.2,37.6,31.2,28.6,43.2,36.9,(CONTRACTS OF EUR 125,000),099741,CME,099,F10,FutOnly
EURO FX - CHICAGO MERCANTILE EXCHANGE,140401,2014-04-01,099741,CME,00,099,260075,47949,26479,2018,42071,91478,5297,89129,37164,3227,26954,32205,831,217476,198699,42599,61376,-2104,5419,-133,371,-266,-1045,-554,-6184,1854,-507,3768,-115,-218,1829,-347,-3933,-1757,100.0,18.4,10.2,0.8,16.2,35.2,2.0,34.3,14.3,1.2,10.4,12.4,0.3,83.6,76.4,16.4,23.6,187,15,15,9,14,29,14,33,39,11,17,25,10,104,127,30.7,30.4,42.7,38.6,30.7,29.7,42.6,37.9,(CONTRACTS OF EUR 125,000),099741,CME,099,F10,FutOnly
EURO FX - CHICAGO MERCANTILE EXCHANGE,140325,2014-03-25,099741,CME,00,099,262179,42530,26612,1647,42337,92523,5851,95313,35310,3734,23186,32320,1049,215647,199046,46532,63133,-2264,7641,-5264,511,240,264,-68,-8373,1911,228,1076,1620,71,1326,-727,-3590,-1537,100.0,16.2,10.2,0.6,16.1,35.3,2.2,36.4,13.5,1.4,8.8,12.3,0.4,82.3,75.9,17.7,24.1,179,12,17,8,15,29,15,32,36,12,14,24,9,96,127,31.5,30.7,43.5,38.8,31.3,30.1,43.2,38.1,(CONTRACTS OF EUR 125,000),099741,CME,099,F10,FutOnly
EURO FX - CHICAGO MERCANTILE EXCHANGE,140318,2014-03-18,099741,CME,00,099,264443,34889,31876,1136,42097,92259,5919,103686,33399,3506,22110,30700,978,214321,199773,50122,64670,-57577,-38588,-31425,-6338,645,4696,315,-2769,-10151,-6322,4647,520,-4358,-52768,-53063,-4809,-4514,100.0,13.2,12.1,0.4,15.9,34.9,2.2,39.2,12.6,1.3,8.4,11.6,0.4,81.0,75.5,19.0,24.5,188,14,19,8,16,29,16,39,34,11,14,23,8,105,126,30.7,30.4,42.6,38.2,30.7,29.7,42.5,37.6,(CONTRACTS OF EUR 125,000),099741,CME,099,F10,FutOnly
EURO FX - CHICAGO MERCANTILE EXCHANGE,140311,2014-03-11,099741,CME,00,099,322020,73477,63301,7474,41452,87563,5604,106455,43550,9828,17463,30180,5336,267089,252836,54931,69184,17712,-8294,4331,4730,-432,4294,313,10295,-4862,2080,-1376,-5118,3675,10991,9443,6721,8269,100.0,22.8,19.7,2.3,12.9,27.2,1.7,33.1,13.5,3.1,5.4,9.4,1.7,82.9,78.5,17.1,21.5,194,19,19,12,16,28,17,39,38,19,13,21,9,115,136,27.9,30.7,39.3,39.8,27.9,30.2,39.3,38.9,(CONTRACTS OF EUR 125,000),099741,CME,099,F10,FutOnly
EURO FX - CHICAGO MERCANTILE EXCHANGE,140304,2014-03-04,099741,CME,00,099,304308,81771,58970,2744,41884,83269,5291,96160,48412,7748,18839,35298,1661,256098,243393,48210,60915,7384,-3636,6357,-1242,-799,1939,63,13806,4147,-2788,151,-1438,199,5754,7237,1630,147,100.0,26.9,19.4,0.9,13.8,27.4,1.7,31.6,15.9,2.5,6.2,11.6,0.5,84.2,80.0,15.8,20.0,206,20,18,12,16,26,15,39,47,19,13,27,7,116,143,28.3,28.8,40.9,38.6,28.3,28.1,40.9,37.4,(CONTRACTS OF EUR 125,000),099741,CME,099,F10,FutOnly
EURO FX - CHICAGO MERCANTILE EXCHANGE,140225,2014-02-25,099741,CME,00,099,296924,85407,52613,3986,42683,81330,5228,82354,44265,10536,18688,36736,1462,250344,236156,46580,60768,5564,-1929,5450,180,1464,2442,185,3787,-2058,837,931,-583,-228,5227,6225,337,-661,100.0,28.8,17.7,1.3,14.4,27.4,1.8,27.7,14.9,3.5,6.3,12.4,0.5,84.3,79.5,15.7,20.5,194,16,20,9,17,26,15,33,43,19,13,26,7,108,136,28.9,26.5,41.4,36.7,28.9,25.9,41.3,35.5,(CONTRACTS OF EUR 125,000),099741,CME,099,F10,FutOnly
EURO FX - CHICAGO MERCANTILE EXCHANGE,140218,2014-02-18,099741,CME,00,099,291360,87336,47163,3806,41219,78888,5043,78567,46323,9699,17757,37319,1690,245117,229931,46243,61429,10323,-9352,13684,109,703,-1114,107,12780,-5672,-588,730,1199,657,5146,8382,5177,1941,100.0,30.0,16.2,1.3,14.1,27.1,1.7,27.0,15.9,3.3,6.1,12.8,0.6,84.1,78.9,15.9,21.1,189,17,18,11,15,26,13,33,40,18,12,28,5,105,131,28.8,24.5,41.5,34.8,28.8,23.7,41.5,33.5,(CONTRACTS OF EUR 125,000),099741,CME,099,F10,FutOnly
EURO FX - CHICAGO MERCANTILE EXCHANGE,140211,2014-02-11,099741,CME,00,099,281037,96688,33479,3697,40516,80002,4936,65787,51995,10287,17027,36120,1033,239971,221549,41066,59488,6891,-4114,9866,432,654,-552,-145,9378,5235,344,-1884,-1592,-2017,2648,11571,4243,-4680,100.0,34.4,11.9,1.3,14.4,28.5,1.8,23.4,18.5,3.7,6.1,12.9,0.4,85.4,78.8,14.6,21.2,183,18,17,11,13,28,13,28,43,16,9,27,6,96,133,29.6,23.3,42.8,32.0,29.5,22.6,42.7,30.4,(CONTRACTS OF EUR 125,000),099741,CME,099,F10,FutOnly
EURO FX - CHICAGO MERCANTILE EXCHANGE,140204,2014-02-04,099741,CME,00,099,274146,100802,23613,3265,39862,80554,5081,56409,46760,9943,18911,37712,3050,237323,209978,36823,64168,13347,31081,-14265,1210,-1391,10007,-381,-20182,7126,3523,715,2833,2306,16881,12359,-3534,988,100.0,36.8,8.6,1.2,14.5,29.4,1.9,20.6,17.1,3.6,6.9,13.8,1.1,86.6,76.6,13.4,23.4,183,19,13,10,12,32,12,25,38,16,12,31,7,91,137,31.9,22.6,44.5,30.1,31.7,22.0,44.2,29.3,(CONTRACTS OF EUR 125,000),099741,CME,099,F10,FutOnly
EURO FX - CHICAGO MERCANTILE EXCHANGE,140128,2014-01-28,099741,CME,00,099,260799,69721,37878,2055,41253,70547,5462,76591,39634,6420,18196,34879,744,220442,197619,40357,63180,5499,225,13201,617,774,4931,454,1787,-11845,510,-666,4299,182,3883,12349,1616,-6850,100.0,26.7,14.5,0.8,15.8,27.1,2.1,29.4,15.2,2.5,7.0,13.4,0.3,84.5,75.8,15.5,24.2,182,18,15,7,15,25,13,37,33,18,12,27,6,103,123,28.0,23.4,41.2,32.5,28.0,22.8,41.2,31.8,(CONTRACTS OF EUR 125,000),099741,CME,099,F10,FutOnly
EURO FX - CHICAGO MERCANTILE EXCHANGE,140121,2014-01-21,099741,CME,00,099,255300,69496,24677,1438,40479,65616,5008,74804,51479,5910,18862,30580,562,216559,185270,38741,70030,11866,20425,-2590,-711,-373,-170,-61,-5386,4971,567,1568,972,76,16105,3054,-4239,8812,100.0,27.2,9.7,0.6,15.9,25.7,2.0,29.3,20.2,2.3,7.4,12.0,0.2,84.8,72.6,15.2,27.4,182,18,14,8,14,26,13,29,41,20,13,27,6,97,132,32.7,18.8,45.1,26.3,32.7,18.1,45.1,25.4,(CONTRACTS OF EUR 125,000),099741,CME,099,F10,FutOnly
EURO FX - CHICAGO MERCANTILE EXCHANGE,140114,2014-01-14,099741,CME,00,099,243434,49071,27267,2149,40852,65786,5069,80190,46508,5343,17294,29608,486,200454,182216,42980,61218,4864,5089,2977,-93,1079,-1516,184,-3969,3218,679,-814,-755,-196,1959,4498,2905,366,100.0,20.2,11.2,0.9,16.8,27.0,2.1,32.9,19.1,2.2,7.1,12.2,0.2,82.3,74.9,17.7,25.1,185,16,15,10,16,27,14,35,38,14,15,23,4,102,125,30.5,19.6,42.0,27.8,30.5,18.9,42.0,27.1,(CONTRACTS OF EUR 125,000),099741,CME,099,F10,FutOnly
EURO FX - CHICAGO MERCANTILE EXCHANGE,140107,2014-01-07,099741,CME,00,099,238570,43982,24290,2242,39773,67302,4885,84159,43290,4664,18108,30363,682,198495,177718,40075,60852,-3501,16055,-6499,386,-1420,-1652,-314,-12398,1089,-187,1156,-162,233,3511,-7106,-7012,3605,100.0,18.4,10.2,0.9,16.7,28.2,2.0,35.3,18.1,2.0,7.6,12.7,0.3,83.2,74.5,16.8,25.5,179,15,16,9,13,26,12,34,37,14,14,24,6,100,120,31.4,21.2,42.4,29.4,31.4,20.5,42.3,28.7,(CONTRACTS OF EUR 125,000),099741,CME,099,F10,FutOnly
EURO FX/BRITISH POUND XRATE - CHICAGO MERCANTILE EXCHANGE,141104,2014-11-04,299741,CME,00,099,16166,3160,4373,0,4055,1639,730,1467,3570,0,1185,0,0,10597,10312,5569,5854,.,.,.,.,.,.,.,.,.,.,.,.,.,.,.,.,.,100.0,19.5,27.1,0.0,25.1,10.1,4.5,9.1,22.1,0.0,7.3,0.0,0.0,65.6,63.8,34.4,36.2,20,.,.,0,5,.,4,.,.,0,.,0,0,12,12,36.4,46.3,54.7,59.3,33.9,46.3,50.1,59.3,(CONTRACTS OF EUR 125,000),299741,CME,099,F10,FutOnly
EURO FX/BRITISH POUND XRATE - CHICAGO MERCANTILE EXCHANGE,140610,2014-06-10,299741,CME,00,099,24503,9603,3676,0,3855,2753,565,1073,7540,3792,0,425,0,18888,18751,5615,5752,.,.,.,.,.,.,.,.,.,.,.,.,.,.,.,.,.,100.0,39.2,15.0,0.0,15.7,11.2,2.3,4.4,30.8,15.5,0.0,1.7,0.0,77.1,76.5,22.9,23.5,21,4,.,0,5,.,4,.,4,4,0,.,0,14,15,52.0,41.5,66.7,67.5,42.1,37.0,54.0,57.0,(CONTRACTS OF EUR 125,000),299741,CME,099,F10,FutOnly
EURO FX - CHICAGO MERCANTILE EXCHANGE,151229,2015-12-29,099741,CME,00,099,400497,142605,10140,1527,94888,103901,13698,35015,166364,2393,53425,25656,2099,345650,325778,54847,74719,-6036,-2376,703,76,3063,-2146,527,-3665,-1900,-140,-3001,-1484,13,-5503,-4351,-533,-1685,100.0,35.6,2.5,0.4,23.7,25.9,3.4,8.7,41.5,0.6,13.3,6.4,0.5,86.3,81.3,13.7,18.7,234,16,14,4,29,36,29,21,60,13,26,32,11,113,178,32.7,28.9,51.6,37.7,32.7,28.9,50.8,37.7,(CONTRACTS OF EUR 125,000),099741,CME ,099 ,F10,FutOnly
EURO FX - CHICAGO MERCANTILE EXCHANGE,151222,2015-12-22,099741,CME,00,099,406533,144981,9437,1451,91825,106047,13171,38680,168264,2533,56426,27140,2086,351153,330129,55380,76404,1696,-1253,1983,500,121,-1689,-398,971,4160,-267,327,38,110,111,4437,1585,-2741,100.0,35.7,2.3,0.4,22.6,26.1,3.2,9.5,41.4,0.6,13.9,6.7,0.5,86.4,81.2,13.6,18.8,239,17,13,6,28,36,28,25,60,12,26,34,11,115,181,32.4,28.7,51.0,37.6,32.4,28.7,50.2,37.5,(CONTRACTS OF EUR 125,000),099741,CME ,099 ,F10,FutOnly
EURO FX - CHICAGO MERCANTILE EXCHANGE,151215,2015-12-15,099741,CME,00,099,404837,146234,7454,951,91704,107736,13569,37709,164104,2800,56099,27102,1976,351042,325692,53795,79145,-70084,-511,-12192,-9929,-2080,8090,116,-5167,-18147,-22654,-22486,-8568,-2188,-64899,-65472,-5185,-4612,100.0,36.1,1.8,0.2,22.7,26.6,3.4,9.3,40.5,0.7,13.9,6.7,0.5,86.7,80.5,13.3,19.5,230,16,12,5,27,36,28,23,58,14,28,30,11,114,174,33.0,29.3,51.5,37.7,33.0,29.3,50.7,37.7,(CONTRACTS OF EUR 125,000),099741,CME ,099 ,F10,FutOnly
EURO FX - CHICAGO MERCANTILE EXCHANGE,151208,2015-12-08,099741,CME,00,099,474921,146745,19646,10880,93784,99646,13453,42876,182251,25454,78585,35670,4164,415941,391164,58980,83757,12474,-15795,564,6835,-4903,2370,-145,1881,-15470,17929,-8245,2374,-181,-2624,14276,15098,-1802,100.0,30.9,4.1,2.3,19.7,21.0,2.8,9.0,38.4,5.4,16.5,7.5,0.9,87.6,82.4,12.4,17.6,244,19,13,14,25,33,26,26,58,28,30,37,14,136,190,28.3,25.0,45.2,32.9,27.9,25.0,44.6,32.3,(CONTRACTS OF EUR 125,000),099741,CME ,099 ,F10,FutOnly
EURO FX - CHICAGO MERCANTILE EXCHANGE,151201,2015-12-01,099741,CME,00,099,462447,162540,19082,4045,98687,97276,13598,40995,197721,7525,86830,33296,4345,418565,376888,43882,85559,17821,2005,-168,771,10569,5348,883,-305,4539,1370,996,2307,89,16378,15139,1443,2682,100.0,35.1,4.1,0.9,21.3,21.0,2.9,8.9,42.8,1.6,18.8,7.2,0.9,90.5,81.5,9.5,18.5,259,19,12,9,29,33,27,21,70,20,35,39,14,131,198,29.6,26.6,47.2,34.7,29.4,26.6,46.8,34.6,(CONTRACTS OF EUR 125,000),099741,CME ,099 ,F10,FutOnly
EURO FX - CHICAGO MERCANTILE EXCHANGE,151124,2015-11-24,099741,CME,00,099,444626,160535,19250,3274,88118,91928,12715,41300,193182,6155,85834,30989,4256,402187,361749,42439,82877,7825,11433,-1465,1707,1472,-1595,322,-2806,8014,622,-4554,128,565,8761,8298,-936,-473,100.0,36.1,4.3,0.7,19.8,20.7,2.9,9.3,43.4,1.4,19.3,7.0,1.0,90.5,81.4,9.5,18.6,257,19,12,8,28,33,24,23,71,22,32,39,13,129,195,30.3,26.3,46.9,33.2,30.1,26.3,46.3,33.2,(CONTRACTS OF EUR 125,000),099741,CME ,099 ,F10,FutOnly
EURO FX - CHICAGO MERCANTILE EXCHANGE,151117,2015-11-17,099741,CME,00,099,436801,149102,20715,1567,86646,93523,12393,44106,185168,5533,90388,30861,3691,393426,353451,43375,83350,14834,19343,-5043,-198,1489,8086,-2093,765,11745,659,-6992,1458,-138,12835,14476,1999,358,100.0,34.1,4.7,0.4,19.8,21.4,2.8,10.1,42.4,1.3,20.7,7.1,0.8,90.1,80.9,9.9,19.1,255,20,12,8,27,34,24,20,71,21,28,40,13,126,195,29.8,25.7,45.4,32.4,29.7,25.7,45.0,32.4,(CONTRACTS OF EUR 125,000),099741,CME ,099 ,F10,FutOnly
EURO FX - CHICAGO MERCANTILE EXCHANGE,151110,2015-11-10,099741,CME,00,099,421967,129759,25758,1765,85157,85437,14486,43341,173423,4874,97380,29403,3829,380591,338975,41376,82992,16505,-553,-8616,935,-1575,-6158,693,4521,16394,2204,6655,422,2071,14951,7945,1554,8560,100.0,30.8,6.1,0.4,20.2,20.2,3.4,10.3,41.1,1.2,23.1,7.0,0.9,90.2,80.3,9.8,19.7,255,20,12,6,27,34,25,21,76,19,27,37,13,124,194,30.9,24.8,46.7,32.4,30.8,24.8,46.0,32.4,(CONTRACTS OF EUR 125,000),099741,CME ,099 ,F10,FutOnly
EURO FX - CHICAGO MERCANTILE EXCHANGE,151103,2015-11-03,099741,CME,00,099,405462,130312,34374,830,86732,91595,13793,38820,157029,2670,90725,28981,1758,365640,331030,39822,74432,24898,15802,-9531,203,5814,1224,1018,-4523,30640,434,9745,-1589,-1236,27257,21163,-2359,3735,100.0,32.1,8.5,0.2,21.4,22.6,3.4,9.6,38.7,0.7,22.4,7.1,0.4,90.2,81.6,9.8,18.4,240,21,11,5,24,32,22,20,67,16,30,34,11,122,172,32.1,24.1,48.3,33.4,32.1,24.0,47.8,33.3,(CONTRACTS OF EUR 125,000),099741,CME ,099 ,F10,FutOnly
EURO FX - CHICAGO MERCANTILE EXCHANGE,151027,2015-10-27,099741,CME,00,099,380564,114510,43905,627,80918,90371,12775,43343,126389,2236,80980,30570,2994,338383,309867,42181,70697,23431,25400,-19821,328,-6600,2022,-2321,2121,36551,-2018,7443,-2141,1027,25380,13627,-1949,9804,100.0,30.1,11.5,0.2,21.3,23.7,3.4,11.4,33.2,0.6,21.3,8.0,0.8,88.9,81.4,11.1,18.6,234,19,11,4,25,31,22,21,63,14,29,34,11,116,169,32.5,24.8,48.4,34.1,32.5,24.7,47.7,34.0,(CONTRACTS OF EUR 125,000),099741,CME ,099 ,F10,FutOnly
EURO FX - CHICAGO MERCANTILE EXCHANGE,151020,2015-10-20,099741,CME,00,099,357133,89110,63726,299,87518,88349,15096,41222,89838,4254,73537,32711,1967,313003,296240,44130,60893,7413,-3479,23210,113,8240,-143,-33,-415,-11903,1161,3209,-3933,151,8947,8623,-1534,-1210,100.0,25.0,17.8,0.1,24.5,24.7,4.2,11.5,25.2,1.2,20.6,9.2,0.6,87.6,82.9,12.4,17.1,229,15,12,4,29,31,24,27,51,13,27,36,12,123,159,32.3,28.1,49.1,37.1,32.3,28.0,48.2,37.0,(CONTRACTS OF EUR 125,000),099741,CME ,099 ,F10,FutOnly
EURO FX - CHICAGO MERCANTILE EXCHANGE,151013,2015-10-13,099741,CME,00,099,349720,92589,40516,186,79278,88492,15129,41637,101741,3093,70328,36644,1816,304056,287617,45664,62103,12114,-1329,19789,-192,5093,-4510,-781,2077,-250,-1050,4638,-1292,31,8487,11745,3627,369,100.0,26.5,11.6,0.1,22.7,25.3,4.3,11.9,29.1,0.9,20.1,10.5,0.5,86.9,82.2,13.1,17.8,220,15,13,.,26,30,23,22,51,12,25,37,11,112,157,31.3,24.1,47.7,33.2,31.3,24.1,47.0,32.9,(CONTRACTS OF EUR 125,000),099741,CME ,099 ,F10,FutOnly
EURO FX - CHICAGO MERCANTILE EXCHANGE,151006,2015-10-06,099741,CME,00,099,337606,93918,20727,378,74185,93002,15910,39560,101991,4143,65690,37936,1785,295569,275872,42037,61734,14885,-4036,11198,158,7086,-2200,-916,3742,8216,731,5319,-394,20,12104,16813,2781,-1928,100.0,27.8,6.1,0.1,22.0,27.5,4.7,11.7,30.2,1.2,19.5,11.2,0.5,87.5,81.7,12.5,18.3,225,17,11,4,26,32,23,24,51,17,25,38,11,118,162,31.6,21.2,48.5,30.7,31.6,21.2,47.8,30.7,(CONTRACTS OF EUR 125,000),099741,CME ,099 ,F10,FutOnly
EURO FX - CHICAGO MERCANTILE EXCHANGE,150929,2015-09-29,099741,CME,00,099,322721,97954,9529,220,67099,95202,16826,35818,93775,3412,60371,38330,1765,283465,259059,39256,63662,7271,3218,-3165,-312,1027,2892,-184,1800,3286,499,3367,3074,-48,9367,6042,-2096,1229,100.0,30.4,3.0,0.1,20.8,29.5,5.2,11.1,29.1,1.1,18.7,11.9,0.5,87.8,80.3,12.2,19.7,228,18,10,4,25,35,25,24,52,15,23,40,11,116,167,32.9,21.3,49.2,29.9,32.9,21.2,48.6,29.9,(CONTRACTS OF EUR 125,000),099741,CME ,099 ,F10,FutOnly
EURO FX - CHICAGO MERCANTILE EXCHANGE,150922,2015-09-22,099741,CME,00,099,315450,94736,12694,532,66072,92310,17010,34018,90489,2913,57004,35256,1813,274098,253017,41352,62433,4084,-1002,4297,-268,-844,105,-215,353,-2817,-269,4656,-1295,51,2462,-411,1622,4495,100.0,30.0,4.0,0.2,20.9,29.3,5.4,10.8,28.7,0.9,18.1,11.2,0.6,86.9,80.2,13.1,19.8,219,17,10,5,27,32,26,21,50,12,26,35,11,116,157,32.2,20.6,48.7,29.4,32.2,20.6,48.0,29.4,(CONTRACTS OF EUR 125,000),099741,CME ,099 ,F10,FutOnly
EURO FX - CHICAGO MERCANTILE EXCHANGE,150915,2015-09-15,099741,CME,00,099,311366,95738,8397,800,66916,92205,17225,33665,93306,3182,52348,36551,1762,271636,253428,39730,57938,-71821,-41517,-45782,-3520,-4748,-3177,1045,-14713,-5036,-6220,-2136,-123,-307,-72116,-63120,295,-8701,100.0,30.7,2.7,0.3,21.5,29.6,5.5,10.8,30.0,1.0,16.8,11.7,0.6,87.2,81.4,12.8,18.6,218,14,12,.,26,34,28,21,51,14,23,36,10,111,162,32.3,20.6,48.8,29.5,32.3,20.6,47.9,29.5,(CONTRACTS OF EUR 125,000),099741,CME ,099 ,F10,FutOnly
EURO FX - CHICAGO MERCANTILE EXCHANGE,150908,2015-09-08,099741,CME,00,099,383187,137255,54179,4320,71664,95382,16180,48378,98342,9402,54484,36674,2069,343752,316548,39435,66639,19207,12598,-5590,1506,-4896,3052,127,1498,11176,5356,5582,-574,-136,21635,14917,-2428,4290,100.0,35.8,14.1,1.1,18.7,24.9,4.2,12.6,25.7,2.5,14.2,9.6,0.5,89.7,82.6,10.3,17.4,235,17,13,12,27,34,27,30,50,26,24,37,14,132,182,31.9,22.8,44.8,31.5,31.9,22.8,44.6,31.5,(CONTRACTS OF EUR 125,000),099741,CME ,099 ,F10,FutOnly
EURO FX - CHICAGO MERCANTILE EXCHANGE,150901,2015-09-01,099741,CME,00,099,363980,124657,59769,2814,76560,92330,16053,46880,87166,4046,48902,37248,2205,322117,301631,41863,62349,-10997,4338,4900,1069,-2639,-1981,-247,-7996,-10170,732,-4750,791,-379,-9872,-5285,-1125,-5712,100.0,34.2,16.4,0.8,21.0,25.4,4.4,12.9,23.9,1.1,13.4,10.2,0.6,88.5,82.9,11.5,17.1,231,16,14,10,29,32,28,34,47,24,22,35,13,134,172,31.6,24.4,45.7,33.1,31.6,24.4,45.3,33.1,(CONTRACTS OF EUR 125,000),099741,CME ,099 ,F10,FutOnly
EURO FX - CHICAGO MERCANTILE EXCHANGE,150825,2015-08-25,099741,CME,00,099,374977,120319,54869,1745,79199,94311,16300,54876,97336,3314,53652,36457,2584,331989,306916,42988,68061,18025,3160,18410,-645,4597,5435,1164,13405,-2363,652,-6681,-2480,5,15657,20178,2368,-2153,100.0,32.1,14.6,0.5,21.1,25.2,4.3,14.6,26.0,0.9,14.3,9.7,0.7,88.5,81.8,11.5,18.2,238,18,14,10,27,36,28,33,49,22,24,35,14,136,176,30.6,22.6,44.3,31.1,30.5,22.6,43.6,31.1,(CONTRACTS OF EUR 125,000),099741,CME ,099 ,F10,FutOnly
EURO FX - CHICAGO MERCANTILE EXCHANGE,150818,2015-08-18,099741,CME,00,099,356952,117159,36459,2390,74602,88876,15136,41471,99699,2662,60333,38937,2579,316332,286738,40620,70214,-4382,-7089,19929,643,1055,-5046,51,1841,-11499,221,-2959,-3017,266,-5971,1548,1589,-5930,100.0,32.8,10.2,0.7,20.9,24.9,4.2,11.6,27.9,0.7,16.9,10.9,0.7,88.6,80.3,11.4,19.7,240,16,16,8,28,35,28,35,46,21,25,37,14,135,176,33.2,22.0,46.8,30.2,33.2,22.0,46.1,30.0,(CONTRACTS OF EUR 125,000),099741,CME ,099 ,F10,FutOnly
EURO FX - CHICAGO MERCANTILE EXCHANGE,150811,2015-08-11,099741,CME,00,099,361334,124248,16530,1747,73547,93922,15085,39630,111198,2441,63292,41954,2313,322303,285190,39031,76144,-6551,-9371,4259,-17,2668,-10768,337,-842,-3348,-252,-951,2877,-558,-8986,-7470,2435,919,100.0,34.4,4.6,0.5,20.4,26.0,4.2,11.0,30.8,0.7,17.5,11.6,0.6,89.2,78.9,10.8,21.1,235,15,12,5,25,36,26,28,50,19,28,39,13,127,171,33.7,22.2,47.2,30.3,33.7,22.2,46.5,30.3,(CONTRACTS OF EUR 125,000),099741,CME ,099 ,F10,FutOnly
EURO FX - CHICAGO MERCANTILE EXCHANGE,150804,2015-08-04,099741,CME,00,099,367885,133619,12271,1764,70879,104690,14748,40472,114546,2693,64243,39077,2871,331289,292660,36596,75225,9945,12208,1306,-240,-418,2916,-1352,2612,10195,-556,-388,-2121,-544,11322,9604,-1377,341,100.0,36.3,3.3,0.5,19.3,28.5,4.0,11.0,31.1,0.7,17.5,10.6,0.8,90.1,79.6,9.9,20.4,239,17,13,6,24,37,23,27,54,15,29,36,15,122,176,33.1,22.8,46.3,31.3,33.1,22.8,46.0,31.3,(CONTRACTS OF EUR 125,000),099741,CME ,099 ,F10,FutOnly
EURO FX - CHICAGO MERCANTILE EXCHANGE,150728,2015-07-28,099741,CME,00,099,357940,121411,10965,2004,71297,101774,16100,37860,104351,3249,64631,41198,3415,319967,283056,37973,74884,-8952,-13555,1825,-589,-267,-4805,328,791,-4879,-193,5092,3148,575,-7818,-4590,-1134,-4362,100.0,33.9,3.1,0.6,19.9,28.4,4.5,10.6,29.2,0.9,18.1,11.5,1.0,89.4,79.1,10.6,20.9,235,17,11,6,23,38,24,28,49,15,26,42,17,125,172,33.5,20.2,46.7,28.6,33.5,20.2,46.3,28.6,(CONTRACTS OF EUR 125,000),099741,CME ,099 ,F10,FutOnly
EURO FX - CHICAGO MERCANTILE EXCHANGE,150721,2015-07-21,099741,CME,00,099,366892,134966,9140,2593,71564,106579,15772,37069,109230,3442,59539,38050,2840,327785,287646,39107,79246,10132,3634,403,-487,4103,-4068,-152,3593,9895,1228,-2240,-1136,457,10136,6140,-4,3992,100.0,36.8,2.5,0.7,19.5,29.0,4.3,10.1,29.8,0.9,16.2,10.4,0.8,89.3,78.4,10.7,21.6,230,18,10,4,24,36,22,26,52,13,27,36,14,118,165,32.6,20.8,45.4,29.3,32.6,20.8,45.2,29.3,(CONTRACTS OF EUR 125,000),099741,CME ,099 ,F10,FutOnly
EURO FX - CHICAGO MERCANTILE EXCHANGE,150714,2015-07-14,099741,CME,00,099,356760,131332,8737,3080,67461,110647,15924,33476,99335,2214,61779,39186,2383,317649,281506,39111,75254,1875,-3394,-1304,1397,496,1403,-314,-3278,3471,-148,5527,1850,262,548,6617,1327,-4742,100.0,36.8,2.4,0.9,18.9,31.0,4.5,9.4,27.8,0.6,17.3,11.0,0.7,89.0,78.9,11.0,21.1,229,19,9,5,23,34,22,26,49,13,27,40,16,121,164,33.1,21.1,45.9,30.4,33.1,21.1,45.4,30.4,(CONTRACTS OF EUR 125,000),099741,CME ,099 ,F10,FutOnly
EURO FX - CHICAGO MERCANTILE EXCHANGE,150707,2015-07-07,099741,CME,00,099,354885,134726,10041,1683,66965,109244,16238,36754,95864,2362,56252,37336,2121,317101,274889,37784,79996,8770,5687,501,395,7210,-2303,1657,-5560,4596,-557,189,-2759,37,9058,1567,-288,7203,100.0,38.0,2.8,0.5,18.9,30.8,4.6,10.4,27.0,0.7,15.9,10.5,0.6,89.4,77.5,10.6,22.5,225,16,12,5,22,35,23,25,49,12,31,34,14,117,162,32.2,20.3,44.9,29.3,32.2,20.3,44.8,29.3,(CONTRACTS OF EUR 125,000),099741,CME ,099 ,F10,FutOnly
EURO FX - CHICAGO MERCANTILE EXCHANGE,150630,2015-06-30,099741,CME,00,099,346115,129039,9540,1288,59755,111547,14581,42314,91268,2919,56063,40095,2084,308043,273322,38072,72793,688,4477,2819,-120,1841,-3011,625,-4860,-1574,726,-789,317,92,1992,-126,-1304,814,100.0,37.3,2.8,0.4,17.3,32.2,4.2,12.2,26.4,0.8,16.2,11.6,0.6,89.0,79.0,11.0,21.0,234,20,10,4,23,35,21,32,47,19,27,39,15,125,168,33.2,20.6,45.0,29.3,33.2,20.6,45.0,29.3,(CONTRACTS OF EUR 125,000),099741,CME ,099 ,F10,FutOnly
EURO FX - CHICAGO MERCANTILE EXCHANGE,150623,2015-06-23,099741,CME,00,099,345427,124562,6721,1408,57914,114558,13956,47174,92842,2193,56852,39778,1992,306051,273448,39376,71979,-4718,10764,1520,-198,9039,-6313,-205,-16020,-3354,405,-10438,2503,-313,-6966,-5955,2248,1237,100.0,36.1,1.9,0.4,16.8,33.2,4.0,13.7,26.9,0.6,16.5,11.5,0.6,88.6,79.2,11.4,20.8,238,22,8,5,24,33,20,32,51,17,27,40,13,127,166,33.2,20.6,45.0,30.0,33.2,20.6,44.9,30.0,(CONTRACTS OF EUR 125,000),099741,CME ,099 ,F10,FutOnly
EURO FX - CHICAGO MERCANTILE EXCHANGE,150616,2015-06-16,099741,CME,00,099,350145,113798,5201,1606,48875,120871,14161,63194,96196,1788,67290,37275,2305,313017,279403,37128,70742,-86395,-16253,-35281,-827,-939,-613,782,29597,-10570,-20115,-72736,-8740,-1685,-82176,-77049,-4219,-9346,100.0,32.5,1.5,0.5,14.0,34.5,4.0,18.0,27.5,0.5,19.2,10.6,0.7,89.4,79.8,10.6,20.2,230,21,6,5,21,32,19,35,46,13,32,36,12,127,152,32.9,21.7,46.4,31.8,32.8,21.7,46.3,31.4,(CONTRACTS OF EUR 125,000),099741,CME ,099 ,F10,FutOnly
EURO FX - CHICAGO MERCANTILE EXCHANGE,150609,2015-06-09,099741,CME,00,099,436540,130051,40482,2433,49814,121484,13379,33597,106766,21903,140026,46015,3990,395193,356452,41347,80088,8137,-10445,16067,1016,-853,501,-113,455,-12712,14398,2670,-9146,-944,6184,9067,1953,-930,100.0,29.8,9.3,0.6,11.4,27.8,3.1,7.7,24.5,5.0,32.1,10.5,0.9,90.5,81.7,9.5,18.3,241,19,12,14,21,31,19,29,53,29,32,39,15,138,180,41.6,17.7,53.2,28.3,41.5,17.6,53.1,26.8,(CONTRACTS OF EUR 125,000),099741,CME,099,F10,FutOnly
EURO FX - CHICAGO MERCANTILE EXCHANGE,150602,2015-06-02,099741,CME,00,099,428403,140496,24415,1417,50667,120983,13492,33142,119478,7505,137356,55161,4934,389009,347385,39394,81018,-3524,-10543,-6379,434,24,12913,-544,1594,-15138,3367,4969,-273,-2249,-2948,-7869,-576,4345,100.0,32.8,5.7,0.3,11.8,28.2,3.1,7.7,27.9,1.8,32.1,12.9,1.2,90.8,81.1,9.2,18.9,241,19,12,9,20,34,20,30,55,22,32,39,18,133,177,43.7,19.6,54.7,29.2,43.6,19.6,54.6,29.1,(CONTRACTS OF EUR 125,000),099741,CME,099,F10,FutOnly
EURO FX - CHICAGO MERCANTILE EXCHANGE,150526,2015-05-26,099741,CME,00,099,431927,151039,30794,983,50643,108070,14036,31548,134616,4138,132387,55434,7183,391957,355254,39970,76673,3347,-6005,-3418,-48,71,297,279,5006,4845,-370,3804,4544,2638,5375,8767,-2028,-5420,100.0,35.0,7.1,0.2,11.7,25.0,3.2,7.3,31.2,1.0,30.7,12.8,1.7,90.7,82.2,9.3,17.8,243,19,11,8,21,32,20,24,62,20,31,43,16,124,183,43.8,22.9,54.9,32.1,43.7,22.9,54.8,32.0,(CONTRACTS OF EUR 125,000),099741,CME,099,F10,FutOnly
EURO FX - CHICAGO MERCANTILE EXCHANGE,150519,2015-05-19,099741,CME,00,099,428580,157044,34212,1031,50572,107773,13757,26542,129771,4508,128583,50890,4545,386582,346487,41998,82093,-10542,-5936,3817,-564,1503,-1698,-1526,-6025,-10294,1094,554,-3632,662,-10238,-12141,-304,1599,100.0,36.6,8.0,0.2,11.8,25.1,3.2,6.2,30.3,1.1,30.0,11.9,1.1,90.2,80.8,9.8,19.2,240,19,10,7,21,31,18,26,59,21,30,44,15,125,176,44.8,24.2,56.3,33.2,44.8,24.2,56.2,33.1,(CONTRACTS OF EUR 125,000),099741,CME,099,F10,FutOnly
EURO FX - CHICAGO MERCANTILE EXCHANGE,150512,2015-05-12,099741,CME,00,099,439122,162980,30395,1595,49069,109471,15283,32567,140065,3414,128029,54522,3883,396820,358628,42302,80494,-10132,-1403,7554,369,-3403,5706,-178,-3096,-13901,-365,1510,-6159,-484,-7050,-7458,-3082,-2674,100.0,37.1,6.9,0.4,11.2,24.9,3.5,7.4,31.9,0.8,29.2,12.4,0.9,90.4,81.7,9.6,18.3,233,18,11,6,21,32,19,27,52,16,32,39,14,122,166,45.9,24.4,56.7,33.8,45.9,24.4,56.7,33.7,(CONTRACTS OF EUR 125,000),099741,CME,099,F10,FutOnly
EURO FX - CHICAGO MERCANTILE EXCHANGE,150505,2015-05-05,099741,CME,00,099,449254,164383,22841,1226,52472,103765,15461,35663,153966,3779,126519,60681,4367,403870,366086,45384,83168,-7665,-8457,167,-663,-4674,-9351,660,2475,-3456,-633,-2689,4437,1929,-12052,-6910,4387,-755,100.0,36.6,5.1,0.3,11.7,23.1,3.4,7.9,34.3,0.8,28.2,13.5,1.0,89.9,81.5,10.1,18.5,245,19,13,10,22,32,22,25,57,16,31,44,14,125,182,45.7,22.6,55.3,32.0,45.7,22.6,55.3,31.9,(CONTRACTS OF EUR 125,000),099741,CME,099,F10,FutOnly
EURO FX - CHICAGO MERCANTILE EXCHANGE,150428,2015-04-28,099741,CME,00,099,456919,172840,22674,1889,57146,113116,14801,33188,157422,4412,129208,56244,2438,415922,372996,40997,83923,-691,-13245,12216,429,5048,683,929,4651,-10539,-1133,2378,-2874,-735,-1678,-1024,987,333,100.0,37.8,5.0,0.4,12.5,24.8,3.2,7.3,34.5,1.0,28.3,12.3,0.5,91.0,81.6,9.0,18.4,250,17,14,8,25,33,23,31,57,19,30,42,12,128,184,47.9,24.0,56.6,33.2,47.9,23.8,56.5,33.1,(CONTRACTS OF EUR 125,000),099741,CME,099,F10,FutOnly
EURO FX - CHICAGO MERCANTILE EXCHANGE,150421,2015-04-21,099741,CME,00,099,457610,186085,10458,1460,52098,112433,13872,28537,167961,5545,126830,59118,3173,417600,374020,40010,83590,4092,-2892,-875,577,2889,8177,268,4328,-5052,102,-668,2780,-209,4395,5768,-303,-1676,100.0,40.7,2.3,0.3,11.4,24.6,3.0,6.2,36.7,1.2,27.7,12.9,0.7,91.3,81.7,8.7,18.3,247,23,10,8,25,29,22,30,61,21,28,40,11,129,180,49.8,24.3,58.2,33.9,49.8,24.3,58.0,33.8,(CONTRACTS OF EUR 125,000),099741,CME,099,F10,FutOnly
EURO FX - CHICAGO MERCANTILE EXCHANGE,150414,2015-04-14,099741,CME,00,099,453518,188977,11333,883,49209,104256,13604,24209,173013,5443,127498,56338,3382,413205,368252,40313,85266,11894,-4413,2769,-36,5578,4360,-1687,9085,3246,741,-697,-1028,1346,9917,9711,1977,2183,100.0,41.7,2.5,0.2,10.9,23.0,3.0,5.3,38.1,1.2,28.1,12.4,0.7,91.1,81.2,8.9,18.8,238,21,9,6,23,30,21,26,60,21,31,36,12,126,172,50.8,24.0,59.0,33.2,50.7,24.0,58.9,33.1,(CONTRACTS OF EUR 125,000),099741,CME,099,F10,FutOnly
EURO FX - CHICAGO MERCANTILE EXCHANGE,150407,2015-04-07,099741,CME,00,099,441624,193390,8564,919,43631,99896,15291,15124,169767,4702,128195,57366,2036,403288,358541,38336,83083,-18122,-15233,-1227,-546,-2495,68,388,-6276,-12307,958,6017,-1359,-890,-18077,-14915,-45,-3207,100.0,43.8,1.9,0.2,9.9,22.6,3.5,3.4,38.4,1.1,29.0,13.0,0.5,91.3,81.2,8.7,18.8,229,21,7,5,21,29,20,21,64,22,30,35,12,118,170,52.6,24.2,60.6,33.5,52.5,24.2,60.4,33.4,(CONTRACTS OF EUR 125,000),099741,CME,099,F10,FutOnly
EURO FX - CHICAGO MERCANTILE EXCHANGE,150331,2015-03-31,099741,CME,00,099,459746,208623,9791,1465,46126,99828,14903,21400,182074,3744,122178,58725,2926,421365,373456,38381,86290,-1204,8345,2101,265,600,2925,-2839,758,-8798,232,-10376,6082,1153,-1862,1121,658,-2325,100.0,45.4,2.1,0.3,10.0,21.7,3.2,4.7,39.6,0.8,26.6,12.8,0.6,91.7,81.2,8.3,18.8,237,21,8,6,23,30,22,26,62,18,27,39,12,122,173,52.2,23.5,61.9,33.2,52.1,23.5,61.8,33.1,(CONTRACTS OF EUR 125,000),099741,CME,099,F10,FutOnly
EURO FX - CHICAGO MERCANTILE EXCHANGE,150324,2015-03-24,099741,CME,00,099,460950,200278,7690,1200,45526,96903,17742,20642,190872,3512,132554,52643,1773,423227,372335,37723,88615,11442,20123,-795,-509,1020,535,-201,-8306,17711,207,-228,-1819,-1768,10338,13361,1104,-1919,100.0,43.4,1.7,0.3,9.9,21.0,3.8,4.5,41.4,0.8,28.8,11.4,0.4,91.8,80.8,8.2,19.2,240,20,9,6,23,28,22,23,67,15,32,37,11,120,174,50.6,23.9,60.6,33.9,50.6,23.9,60.5,33.5,(CONTRACTS OF EUR 125,000),099741,CME,099,F10,FutOnly
EURO FX - CHICAGO MERCANTILE EXCHANGE,150317,2015-03-17,099741,CME,00,099,449508,180155,8485,1709,44506,96368,17943,28948,173161,3305,132782,54462,3541,412889,358974,36619,90534,-46957,-44687,-21574,-15389,-507,10030,-610,-15685,-644,-18041,58027,7828,-6331,-43223,-44731,-3734,-2226,100.0,40.1,1.9,0.4,9.9,21.4,4.0,6.4,38.5,0.7,29.5,12.1,0.8,91.9,79.9,8.1,20.1,234,15,10,7,21,28,22,25,64,12,30,40,13,112,176,50.2,20.8,59.2,29.7,50.1,20.5,59.1,29.2,(CONTRACTS OF EUR 125,000),099741,CME,099,F10,FutOnly
EURO FX - CHICAGO MERCANTILE EXCHANGE,150310,2015-03-10,099741,CME,00,099,496465,224842,30059,17098,45013,86338,18553,44633,173805,21346,74755,46634,9872,456112,403705,40353,92760,55732,-2671,5503,13513,-67,-2648,1962,17193,1226,14803,2173,12398,4529,51435,51286,4297,4446,100.0,45.3,6.1,3.4,9.1,17.4,3.7,9.0,35.0,4.3,15.1,9.4,2.0,91.9,81.3,8.1,18.7,249,19,17,13,23,27,23,31,63,31,27,38,15,135,196,33.8,17.3,51.4,26.0,32.4,17.1,49.5,25.2,(CONTRACTS OF EUR 125,000),099741,CME,099,F10,FutOnly
EURO FX - CHICAGO MERCANTILE EXCHANGE,150303,2015-03-03,099741,CME,00,099,440733,227513,24556,3585,45080,88986,16591,27440,172579,6543,72582,34236,5343,404677,352419,36056,88314,9516,795,6095,-1467,4059,-842,1845,698,-4145,1251,347,1758,1478,9006,5973,510,3543,100.0,51.6,5.6,0.8,10.2,20.2,3.8,6.2,39.2,1.5,16.5,7.8,1.2,91.8,80.0,8.2,20.0,233,18,13,9,22,29,22,22,65,18,33,31,16,120,178,39.1,19.8,58.4,28.8,38.6,19.8,57.8,28.4,(CONTRACTS OF EUR 125,000),099741,CME,099,F10,FutOnly
EURO FX - CHICAGO MERCANTILE EXCHANGE,150224,2015-02-24,099741,CME,00,099,431217,226718,18461,5052,41021,89828,14746,26742,176724,5292,72235,32478,3865,395671,346446,35546,84771,-7194,-8917,3407,448,-89,-1827,-1206,-431,-2415,216,1470,-4297,304,-8205,-5370,1011,-1824,100.0,52.6,4.3,1.2,9.5,20.8,3.4,6.2,41.0,1.2,16.8,7.5,0.9,91.8,80.3,8.2,19.7,227,18,14,7,19,36,22,21,60,16,31,28,15,115,172,39.6,20.2,59.3,30.0,39.2,20.2,58.8,29.4,(CONTRACTS OF EUR 125,000),099741,CME,099,F10,FutOnly
EURO FX - CHICAGO MERCANTILE EXCHANGE,150217,2015-02-17,099741,CME,00,099,438411,235635,15054,4604,41110,91655,15952,27173,179139,5076,70765,36775,3561,403876,351816,34535,86595,-5728,-8230,1193,125,2398,1961,447,884,-6132,561,-2367,-5587,-519,-6701,-7951,973,2223,100.0,53.7,3.4,1.1,9.4,20.9,3.6,6.2,40.9,1.2,16.1,8.4,0.8,92.1,80.2,7.9,19.8,235,20,13,8,21,37,24,24,62,17,30,28,13,119,178,41.1,20.5,60.1,30.4,40.6,20.5,59.7,29.8,(CONTRACTS OF EUR 125,000),099741,CME,099,F10,FutOnly
EURO FX - CHICAGO MERCANTILE EXCHANGE,150210,2015-02-10,099741,CME,00,099,444139,243865,13861,4479,38712,89694,15505,26289,185271,4515,73132,42362,4080,410577,359767,33562,84372,-13070,-9209,1716,110,-711,-8332,832,1262,4686,-244,-5334,-6217,1781,-11513,-5668,-1557,-7402,100.0,54.9,3.1,1.0,8.7,20.2,3.5,5.9,41.7,1.0,16.5,9.5,0.9,92.4,81.0,7.6,19.0,238,20,12,7,19,37,26,21,65,14,29,35,12,115,182,42.8,20.6,61.7,30.6,42.4,20.6,61.2,29.9,(CONTRACTS OF EUR 125,000),099741,CME,099,F10,FutOnly
EURO FX - CHICAGO MERCANTILE EXCHANGE,150203,2015-02-03,099741,CME,00,099,457209,253074,12145,4369,39423,98026,14673,25027,180585,4759,78466,48579,2299,422090,365435,35119,91774,7483,10657,-1203,179,-838,2301,-516,-2826,14052,-350,1277,-4017,-242,7341,10204,142,-2721,100.0,55.4,2.7,1.0,8.6,21.4,3.2,5.5,39.5,1.0,17.2,10.6,0.5,92.3,79.9,7.7,20.1,240,21,11,8,21,33,25,26,60,12,27,41,10,115,180,42.5,21.2,60.8,31.2,42.5,21.0,60.8,30.6,(CONTRACTS OF EUR 125,000),099741,CME,099,F10,FutOnly
EURO FX - CHICAGO MERCANTILE EXCHANGE,150127,2015-01-27,099741,CME,00,099,449726,242417,13348,4190,40261,95725,15189,27853,166533,5109,77189,52596,2541,414749,355231,34977,94495,-536,-4701,-392,628,6452,-639,1832,-4520,-10274,-1989,4127,8612,1214,3043,-1008,-3579,472,100.0,53.9,3.0,0.9,9.0,21.3,3.4,6.2,37.0,1.1,17.2,11.7,0.6,92.2,79.0,7.8,21.0,248,21,12,6,22,31,24,31,57,10,24,49,12,118,182,40.8,20.2,59.6,29.4,40.8,19.8,59.6,28.9,(CONTRACTS OF EUR 125,000),099741,CME,099,F10,FutOnly
EURO FX - CHICAGO MERCANTILE EXCHANGE,150120,2015-01-20,099741,CME,00,099,450262,247118,13740,3562,33809,96364,13357,32373,176807,7098,73062,43984,1327,411706,356239,38556,94023,27836,20078,1621,1037,-4971,4689,230,1534,9265,1695,1849,4822,351,21803,23710,6033,4126,100.0,54.9,3.1,0.8,7.5,21.4,3.0,7.2,39.3,1.6,16.2,9.8,0.3,91.4,79.1,8.6,20.9,237,21,14,7,20,34,24,26,62,13,20,39,6,109,178,42.1,19.0,60.2,29.0,42.1,18.6,60.2,28.6,(CONTRACTS OF EUR 125,000),099741,CME,099,F10,FutOnly
EURO FX - CHICAGO MERCANTILE EXCHANGE,150113,2015-01-13,099741,CME,00,099,422426,227040,12119,2525,38780,91675,13127,30839,167542,5403,71213,39162,976,389903,332529,32523,89897,15802,8886,-1576,328,-1147,2325,1097,4159,5497,152,1339,5172,-310,14504,12685,1298,3117,100.0,53.7,2.9,0.6,9.2,21.7,3.1,7.3,39.7,1.3,16.9,9.3,0.2,92.3,78.7,7.7,21.3,230,19,11,7,16,34,21,23,65,12,19,42,5,100,175,42.4,19.8,61.2,28.7,42.4,19.3,61.2,28.3,(CONTRACTS OF EUR 125,000),099741,CME,099,F10,FutOnly
EURO FX - CHICAGO MERCANTILE EXCHANGE,150106,2015-01-06,099741,CME,00,099,406624,218154,13695,2197,39927,89350,12030,26680,162045,5251,69874,33990,1286,375399,319844,31225,86780,20329,20016,1893,412,-984,2021,186,2318,6228,-2685,233,5391,60,19556,13506,773,6823,100.0,53.7,3.4,0.5,9.8,22.0,3.0,6.6,39.9,1.3,17.2,8.4,0.3,92.3,78.7,7.7,21.3,232,19,13,5,17,32,18,26,68,13,18,38,7,100,175,42.0,21.6,61.4,31.4,42.0,21.2,61.4,30.8,(CONTRACTS OF EUR 125,000),099741,CME,099,F10,FutOnly
EURO FX - CHICAGO MERCANTILE EXCHANGE,161227,2016-12-27,099741,CME,00,099,405681,119877,47960,903,138677,99968,13726,40745,145933,6674,30014,25904,2905,353521,343973,52160,61708,6092,5406,25,44,-1632,3626,-178,3656,3915,-756,-612,558,-66,5862,7168,230,-1076,100.0,29.5,11.8,0.2,34.2,24.6,3.4,10.0,36.0,1.6,7.4,6.4,0.7,87.1,84.8,12.9,15.2,242,17,11,8,42,35,31,23,67,17,23,23,10,131,177,37.2,24.7,48.9,37.5,37.0,24.7,48.1,37.5,(CONTRACTS OF EUR 125,000),099741,CME ,099 ,F10,FutOnly
EURO FX - CHICAGO MERCANTILE EXCHANGE,161220,2016-12-20,099741,CME,00,099,399589,114471,47935,859,140309,96342,13904,37089,142018,7430,30626,25346,2971,347659,336805,51930,62784,-48090,9049,21530,-52286,1207,2365,0,-750,-13146,-72,306,-3,-3725,-46271,-45337,-1819,-2753,100.0,28.6,12.0,0.2,35.1,24.1,3.5,9.3,35.5,1.9,7.7,6.3,0.7,87.0,84.3,13.0,15.7,236,18,9,8,43,35,32,22,62,16,24,22,9,132,169,38.0,25.0,49.8,36.9,37.8,24.9,49.1,36.9,(CONTRACTS OF EUR 125,000),099741,CME ,099 ,F10,FutOnly
EURO FX - CHICAGO MERCANTILE EXCHANGE,161213,2016-12-13,099741,CME,00,099,447679,105422,26405,53145,139102,93977,13904,37839,155164,7502,30320,25349,6696,393930,382142,53749,65537,14442,-23748,-342,35607,1505,-8613,-1411,-7067,-16206,-1516,3918,41,5276,12564,12836,1878,1606,100.0,23.5,5.9,11.9,31.1,21.0,3.1,8.5,34.7,1.7,6.8,5.7,1.5,88.0,85.4,12.0,14.6,241,18,11,15,44,34,31,20,63,20,27,23,11,139,179,34.2,24.0,46.6,36.1,26.6,21.6,37.7,28.7,(CONTRACTS OF EUR 125,000),099741,CME ,099 ,F10,FutOnly
EURO FX - CHICAGO MERCANTILE EXCHANGE,161206,2016-12-06,099741,CME,00,099,433237,129170,26747,17538,137597,102590,15315,44906,171370,9018,26402,25308,1420,381366,369306,51871,63931,-13953,-12999,5967,2399,-4430,3862,710,1480,-28422,-380,1943,2081,134,-11143,-13649,-2810,-304,100.0,29.8,6.2,4.0,31.8,23.7,3.5,10.4,39.6,2.1,6.1,5.8,0.3,88.0,85.2,12.0,14.8,256,18,12,14,47,35,35,24,67,18,26,25,11,146,188,34.7,26.6,46.4,36.9,32.5,26.5,44.0,34.9,(CONTRACTS OF EUR 125,000),099741,CME ,099 ,F10,FutOnly
EURO FX - CHICAGO MERCANTILE EXCHANGE,161129,2016-11-29,099741,CME,00,099,447190,142169,20780,15139,142027,98728,14605,43426,199792,9398,24459,23227,1286,392509,382955,54681,64235,12422,9376,1888,-87,3154,1356,-328,-1628,18817,1487,-647,-8638,122,11449,14617,973,-2195,100.0,31.8,4.6,3.4,31.8,22.1,3.3,9.7,44.7,2.1,5.5,5.2,0.3,87.8,85.6,12.2,14.4,250,19,11,12,46,36,36,25,68,19,24,20,9,143,183,34.0,30.3,45.3,39.5,32.0,30.2,43.1,38.1,(CONTRACTS OF EUR 125,000),099741,CME ,099 ,F10,FutOnly
EURO FX - CHICAGO MERCANTILE EXCHANGE,161122,2016-11-22,099741,CME,00,099,434768,132793,18892,15226,138873,97372,14933,45054,180975,7911,25106,31865,1164,381060,368338,53708,66430,19016,6253,-6917,817,-1253,1105,2329,5178,11740,-188,2417,5735,208,15761,14829,3255,4187,100.0,30.5,4.3,3.5,31.9,22.4,3.4,10.4,41.6,1.8,5.8,7.3,0.3,87.6,84.7,12.4,15.3,251,19,13,13,46,35,36,24,65,18,26,22,8,143,183,34.6,27.9,46.2,36.5,32.6,27.9,43.9,35.8,(CONTRACTS OF EUR 125,000),099741,CME ,099 ,F10,FutOnly
EURO FX - CHICAGO MERCANTILE EXCHANGE,161115,2016-11-15,099741,CME,00,099,415752,126540,25809,14409,140126,96267,12604,39876,169235,8099,22689,26130,956,365299,353509,50453,62243,-2255,-12806,-453,696,300,-2088,-68,162,-5377,-590,3822,2873,-615,-9099,-5622,6844,3367,100.0,30.4,6.2,3.5,33.7,23.2,3.0,9.6,40.7,1.9,5.5,6.3,0.2,87.9,85.0,12.1,15.0,247,19,13,13,46,33,35,26,64,20,26,19,7,142,180,34.5,26.7,46.6,36.4,32.4,26.7,44.3,35.7,(CONTRACTS OF EUR 125,000),099741,CME ,099 ,F10,FutOnly
EURO FX - CHICAGO MERCANTILE EXCHANGE,161108,2016-11-08,099741,CME,00,099,418007,139346,26262,13713,139826,98355,12672,39714,174612,8689,18867,23257,1571,374398,359131,43609,58876,-26495,-24691,13914,2096,2755,-5649,-150,-4234,-26926,-2404,1500,-2272,-84,-25212,-21475,-1283,-5020,100.0,33.3,6.3,3.3,33.5,23.5,3.0,9.5,41.8,2.1,4.5,5.6,0.4,89.6,85.9,10.4,14.1,248,19,14,12,45,35,36,29,57,18,25,23,11,148,177,36.7,29.3,48.7,39.8,34.6,29.3,46.4,39.4,(CONTRACTS OF EUR 125,000),099741,CME ,099 ,F10,FutOnly
EURO FX - CHICAGO MERCANTILE EXCHANGE,161101,2016-11-01,099741,CME,00,099,444502,164037,12348,11617,137071,104004,12822,43948,201538,11093,17367,25529,1655,399610,380606,44892,63896,-3969,7162,546,27,28,-5093,1398,-8798,-3515,4190,-511,1166,-1879,1617,-3160,-5586,-809,100.0,36.9,2.8,2.6,30.8,23.4,2.9,9.9,45.3,2.5,3.9,5.7,0.4,89.9,85.6,10.1,14.4,252,19,13,10,47,35,33,29,62,16,23,23,9,143,177,37.7,31.3,49.0,41.2,35.8,31.2,46.9,40.6,(CONTRACTS OF EUR 125,000),099741,CME ,099 ,F10,FutOnly
EURO FX - CHICAGO MERCANTILE EXCHANGE,161025,2016-10-25,099741,CME,00,099,448471,156875,11802,11590,137043,109097,11424,52746,205053,6903,17878,24363,3534,397993,383766,50478,64705,35288,28411,763,1457,-14435,968,-662,16522,29677,-574,-633,369,452,30538,32450,4750,2838,100.0,35.0,2.6,2.6,30.6,24.3,2.5,11.8,45.7,1.5,4.0,5.4,0.8,88.7,85.6,11.3,14.4,247,20,11,9,46,35,33,29,60,17,23,21,11,141,176,34.9,29.0,46.8,39.7,33.0,29.0,44.7,39.6,(CONTRACTS OF EUR 125,000),099741,CME ,099 ,F10,FutOnly
EURO FX - CHICAGO MERCANTILE EXCHANGE,161018,2016-10-18,099741,CME,00,099,413183,128464,11039,10133,151478,108129,12086,36224,175376,7477,18511,23994,3082,367455,351316,45728,61867,34409,25655,-974,-182,5586,3929,367,2789,32745,116,-287,-820,331,34375,35512,34,-1103,100.0,31.1,2.7,2.5,36.7,26.2,2.9,8.8,42.4,1.8,4.5,5.8,0.7,88.9,85.0,11.1,15.0,242,21,8,8,45,35,31,26,58,15,27,20,11,139,168,31.8,27.0,45.5,38.3,29.8,27.0,43.2,38.0,(CONTRACTS OF EUR 125,000),099741,CME ,099 ,F10,FutOnly
EURO FX - CHICAGO MERCANTILE EXCHANGE,161011,2016-10-11,099741,CME,00,099,378774,102809,12013,10315,145892,104200,11719,33435,142631,7361,18798,24814,2751,333080,315804,45694,62970,31131,22744,3549,2321,3641,2297,-1394,1467,22450,433,2593,158,47,31852,29861,-721,1270,100.0,27.1,3.2,2.7,38.5,27.5,3.1,8.8,37.7,1.9,5.0,6.6,0.7,87.9,83.4,12.1,16.6,230,19,11,8,40,35,30,28,47,18,27,20,11,135,162,30.6,25.4,44.1,36.6,29.2,25.4,41.7,36.1,(CONTRACTS OF EUR 125,000),099741,CME ,099 ,F10,FutOnly
EURO FX - CHICAGO MERCANTILE EXCHANGE,161004,2016-10-04,099741,CME,00,099,347643,80065,8464,7994,142251,101903,13113,31968,120181,6928,16205,24656,2704,301228,285943,46415,61700,19153,5027,-1389,3270,7213,712,-152,4199,12752,-531,-3085,-2194,1859,17800,14327,1353,4826,100.0,23.0,2.4,2.3,40.9,29.3,3.8,9.2,34.6,2.0,4.7,7.1,0.8,86.6,82.3,13.4,17.7,222,19,9,7,40,36,30,27,44,14,25,20,12,137,148,30.8,26.6,42.8,37.9,30.6,26.6,42.2,37.5,(CONTRACTS OF EUR 125,000),099741,CME ,099 ,F10,FutOnly
EURO FX - CHICAGO MERCANTILE EXCHANGE,160927,2016-09-27,099741,CME,00,099,328490,75038,9853,4724,135038,101191,13265,27769,107429,7459,19290,26850,845,283428,271616,45062,56874,3965,-12180,2099,3777,9599,-1432,-1095,-1367,-3884,3563,944,3319,265,3506,6612,459,-2647,100.0,22.8,3.0,1.4,41.1,30.8,4.0,8.5,32.7,2.3,5.9,8.2,0.3,86.3,82.7,13.7,17.3,222,17,11,9,37,37,29,28,41,18,24,25,10,134,154,32.0,24.7,44.6,36.5,31.8,24.7,44.1,36.0,(CONTRACTS OF EUR 125,000),099741,CME ,099 ,F10,FutOnly
EURO FX - CHICAGO MERCANTILE EXCHANGE,160920,2016-09-20,099741,CME,00,099,324525,87218,7754,947,125439,102623,14360,29136,111313,3896,18346,23531,580,279922,265004,44603,59521,-55099,-25433,-16881,-6593,-1245,6716,-2195,91,-287,-17820,2719,-6586,-3310,-53786,-46956,-1313,-8143,100.0,26.9,2.4,0.3,38.7,31.6,4.4,9.0,34.3,1.2,5.7,7.3,0.2,86.3,81.7,13.7,18.3,220,19,8,7,38,38,32,24,48,13,23,20,8,128,152,29.9,24.1,42.6,36.0,29.7,24.1,42.0,35.4,(CONTRACTS OF EUR 125,000),099741,CME ,099 ,F10,FutOnly
EURO FX - CHICAGO MERCANTILE EXCHANGE,160913,2016-09-13,099741,CME,00,099,379624,112651,24635,7540,126684,95907,16555,29045,111600,21716,15627,30117,3890,333708,311960,45916,67664,3639,-4617,8402,-2847,252,-7211,111,-3864,-8921,11012,67,-1470,3155,3269,2231,370,1408,100.0,29.7,6.5,2.0,33.4,25.3,4.4,7.7,29.4,5.7,4.1,7.9,1.0,87.9,82.2,12.1,17.8,212,18,9,14,37,37,31,24,46,27,20,17,12,134,162,25.4,21.3,38.2,34.0,25.3,21.3,37.6,32.9,(CONTRACTS OF EUR 125,000),099741,CME ,099 ,F10,FutOnly
EURO FX - CHICAGO MERCANTILE EXCHANGE,160906,2016-09-06,099741,CME,00,099,375985,117268,16233,10387,126432,103118,16444,32909,120521,10704,15560,31587,735,330439,309729,45546,66256,11142,10515,-708,7126,-2883,735,350,-8001,-3386,6514,-2404,-1241,-338,10879,9052,263,2090,100.0,31.2,4.3,2.8,33.6,27.4,4.4,8.8,32.1,2.8,4.1,8.4,0.2,87.9,82.4,12.1,17.6,225,21,8,12,41,35,32,29,47,22,21,21,11,137,165,27.1,24.4,40.2,36.0,24.9,24.4,37.5,35.6,(CONTRACTS OF EUR 125,000),099741,CME ,099 ,F10,FutOnly
EURO FX - CHICAGO MERCANTILE EXCHANGE,160830,2016-08-30,099741,CME,00,099,364843,106753,16941,3261,129315,102383,16094,40910,123907,4190,17964,32828,1073,319560,300677,45283,64166,799,5052,-6482,-1340,-1199,4597,-437,3713,3614,-782,-1428,42,24,3603,-764,-2804,1563,100.0,29.3,4.6,0.9,35.4,28.1,4.4,11.2,34.0,1.1,4.9,9.0,0.3,87.6,82.4,12.4,17.6,221,20,8,6,41,35,29,28,45,16,24,19,12,131,153,25.6,25.5,38.0,37.4,25.2,25.5,37.4,37.3,(CONTRACTS OF EUR 125,000),099741,CME ,099 ,F10,FutOnly
EURO FX - CHICAGO MERCANTILE EXCHANGE,160823,2016-08-23,099741,CME,00,099,364044,101701,23423,4601,130514,97786,16531,37197,120293,4972,19392,32786,1049,315957,301441,48087,62603,-1993,-10527,12324,1207,4070,330,-1214,3328,-12201,-248,-353,-2554,-40,-3777,-2396,1784,403,100.0,27.9,6.4,1.3,35.9,26.9,4.5,10.2,33.0,1.4,5.3,9.0,0.3,86.8,82.8,13.2,17.2,219,19,9,7,41,34,30,26,46,17,23,19,11,128,156,25.6,24.8,37.7,36.7,25.1,24.8,37.1,36.6,(CONTRACTS OF EUR 125,000),099741,CME ,099 ,F10,FutOnly
EURO FX - CHICAGO MERCANTILE EXCHANGE,160816,2016-08-16,099741,CME,00,099,366037,112228,11099,3394,126444,97456,17745,33869,132494,5220,19745,35340,1089,319734,303837,46303,62200,-2656,-14798,117,412,4748,2310,-1181,3401,-1772,477,-272,-2358,-147,-7360,-2142,4704,-514,100.0,30.7,3.0,0.9,34.5,26.6,4.8,9.3,36.2,1.4,5.4,9.7,0.3,87.4,83.0,12.6,17.0,228,21,8,8,40,36,32,28,47,17,24,22,10,133,162,25.3,27.5,38.3,38.6,24.9,27.5,37.5,38.5,(CONTRACTS OF EUR 125,000),099741,CME ,099 ,F10,FutOnly
EURO FX - CHICAGO MERCANTILE EXCHANGE,160809,2016-08-09,099741,CME,00,099,368693,127026,10982,2982,121696,95146,18926,30468,134266,4743,20017,37698,1236,327094,305979,41599,62714,-9807,4398,671,37,-3109,-688,-1830,-4315,-8800,-86,-659,-760,288,-5276,-11168,-4531,1361,100.0,34.5,3.0,0.8,33.0,25.8,5.1,8.3,36.4,1.3,5.4,10.2,0.3,88.7,83.0,11.3,17.0,232,21,8,7,37,36,29,24,57,18,25,22,11,130,167,25.8,28.7,40.6,39.7,25.5,28.7,39.7,39.6,(CONTRACTS OF EUR 125,000),099741,CME ,099 ,F10,FutOnly
EURO FX - CHICAGO MERCANTILE EXCHANGE,160802,2016-08-02,099741,CME,00,099,378500,122628,10311,2945,124805,95834,20756,34783,143066,4829,20676,38458,948,332370,317147,46130,61353,-21535,-19583,176,620,2861,-2424,2051,-10625,-14245,-765,556,-2386,-453,-25338,-17426,3803,-4109,100.0,32.4,2.7,0.8,33.0,25.3,5.5,9.2,37.8,1.3,5.5,10.2,0.3,87.8,83.8,12.2,16.2,235,19,10,9,40,37,33,32,47,20,25,23,10,140,167,25.1,28.8,39.3,39.0,24.8,28.8,38.3,39.0,(CONTRACTS OF EUR 125,000),099741,CME ,099 ,F10,FutOnly
EURO FX - CHICAGO MERCANTILE EXCHANGE,160726,2016-07-26,099741,CME,00,099,400035,142211,10135,2325,121944,98258,18705,45408,157311,5594,20120,40844,1401,357708,334573,42327,65462,11130,10614,80,101,2971,2397,314,-2366,4489,-1028,-831,4651,-341,9434,10663,1696,467,100.0,35.5,2.5,0.6,30.5,24.6,4.7,11.4,39.3,1.4,5.0,10.2,0.4,89.4,83.6,10.6,16.4,239,20,8,9,36,38,29,29,59,14,25,23,11,131,171,28.7,28.9,43.0,38.5,28.7,28.9,42.2,38.4,(CONTRACTS OF EUR 125,000),099741,CME ,099 ,F10,FutOnly
EURO FX - CHICAGO MERCANTILE EXCHANGE,160719,2016-07-19,099741,CME,00,099,388905,131597,10055,2224,118973,95861,18391,47774,152822,6622,20951,36193,1742,348274,323910,40631,64995,18533,13739,520,149,-1796,-3163,180,3385,16561,-295,3209,744,285,18856,14981,-323,3552,100.0,33.8,2.6,0.6,30.6,24.6,4.7,12.3,39.3,1.7,5.4,9.3,0.4,89.6,83.3,10.4,16.7,235,19,9,9,34,39,28,29,56,16,24,22,12,128,172,27.3,29.5,41.3,38.3,27.1,29.5,40.4,38.2,(CONTRACTS OF EUR 125,000),099741,CME ,099 ,F10,FutOnly
EURO FX - CHICAGO MERCANTILE EXCHANGE,160712,2016-07-12,099741,CME,00,099,370372,117858,9535,2075,120769,99024,18211,44389,136261,6917,17742,35449,1457,329418,308929,40954,61443,7723,11081,1922,308,2271,-5210,1442,-6158,11059,-768,-296,-2939,-755,7125,5059,598,2664,100.0,31.8,2.6,0.6,32.6,26.7,4.9,12.0,36.8,1.9,4.8,9.6,0.4,88.9,83.4,11.1,16.6,220,18,8,10,36,38,27,28,47,17,22,21,12,126,160,27.9,29.4,41.2,38.3,27.4,29.4,40.2,38.3,(CONTRACTS OF EUR 125,000),099741,CME ,099 ,F10,FutOnly
EURO FX - CHICAGO MERCANTILE EXCHANGE,160705,2016-07-05,099741,CME,00,099,362649,106777,7613,1767,118498,104234,16769,50547,125202,7685,18038,38388,2212,322293,303870,40356,58779,25376,22692,-1257,-248,-1934,2993,-1217,1421,17265,2790,2291,1765,314,26109,22405,-733,2971,100.0,29.4,2.1,0.5,32.7,28.7,4.6,13.9,34.5,2.1,5.0,10.6,0.6,88.9,83.8,11.1,16.2,230,19,9,10,36,38,26,32,50,19,21,23,12,131,166,27.3,27.6,40.9,36.4,26.9,27.6,40.0,36.4,(CONTRACTS OF EUR 125,000),099741,CME ,099 ,F10,FutOnly
EURO FX - CHICAGO MERCANTILE EXCHANGE,160628,2016-06-28,099741,CME,00,099,337273,84085,8870,2015,120432,101241,17986,49126,107937,4895,15747,36623,1898,296184,281465,41089,55808,19873,1669,-2111,-684,-7404,3301,3596,28355,8545,-1128,-2296,7922,722,22830,20163,-2957,-290,100.0,24.9,2.6,0.6,35.7,30.0,5.3,14.6,32.0,1.5,4.7,10.9,0.6,87.8,83.5,12.2,16.5,225,20,8,10,34,39,28,30,49,13,20,23,10,128,158,27.5,24.5,39.8,34.0,27.0,24.5,38.7,33.9,(CONTRACTS OF EUR 125,000),099741,CME ,099 ,F10,FutOnly
EURO FX - CHICAGO MERCANTILE EXCHANGE,160621,2016-06-21,099741,CME,00,099,317400,82416,10981,2699,127836,97940,14390,20771,99392,6023,18043,28701,1176,273354,261302,44046,56098,-8002,3202,751,629,2188,-3998,851,-13974,-5427,1789,-3187,-933,442,-8060,-5896,58,-2106,100.0,26.0,3.5,0.9,40.3,30.9,4.5,6.5,31.3,1.9,5.7,9.0,0.4,86.1,82.3,13.9,17.7,216,19,8,8,37,35,28,28,45,15,19,23,10,129,148,28.6,25.1,43.0,35.4,28.1,25.1,42.1,35.3,(CONTRACTS OF EUR 125,000),099741,CME ,099 ,F10,FutOnly
EURO FX - CHICAGO MERCANTILE EXCHANGE,160614,2016-06-14,099741,CME,00,099,325402,79214,10230,2070,125648,101938,13539,34745,104819,4234,21230,29634,734,281414,267198,43988,58204,-60608,10089,-21615,-14576,1302,3650,-2478,-5843,148,-22539,-13054,8521,184,-46915,-48705,-13693,-11903,100.0,24.3,3.1,0.6,38.6,31.3,4.2,10.7,32.2,1.3,6.5,9.1,0.2,86.5,82.1,13.5,17.9,222,18,8,6,38,37,25,27,46,11,21,25,10,127,147,27.4,25.1,41.5,35.2,26.9,25.1,40.6,35.1,(CONTRACTS OF EUR 125,000),099741,CME ,099 ,F10,FutOnly
EURO FX - CHICAGO MERCANTILE EXCHANGE,160607,2016-06-07,099741,CME,00,099,386010,69125,31845,16646,124346,98288,16017,40588,104671,26773,34284,21113,550,328329,315903,57681,70107,29832,-6384,275,11051,929,-4138,1437,-6515,-4006,18236,2100,-1367,-101,20753,21387,9079,8445,100.0,17.9,8.2,4.3,32.2,25.5,4.1,10.5,27.1,6.9,8.9,5.5,0.1,85.1,81.8,14.9,18.2,221,14,11,12,39,31,28,32,50,27,19,23,9,140,157,22.6,21.6,36.7,33.1,22.2,20.3,36.1,30.4,(CONTRACTS OF EUR 125,000),099741,CME ,099 ,F10,FutOnly
EURO FX - CHICAGO MERCANTILE EXCHANGE,160531,2016-05-31,099741,CME,00,099,356178,75509,31570,5595,123417,102426,14580,47103,108677,8537,32184,22480,651,307576,294516,48602,61662,5936,7150,-8995,282,1770,156,-884,2965,15705,-310,-1645,920,-847,8481,6027,-2545,-91,100.0,21.2,8.9,1.6,34.7,28.8,4.1,13.2,30.5,2.4,9.0,6.3,0.2,86.4,82.7,13.6,17.3,220,14,12,13,36,36,26,28,49,23,18,25,9,130,161,24.9,22.1,40.1,32.3,24.2,21.6,39.4,31.2,(CONTRACTS OF EUR 125,000),099741,CME ,099 ,F10,FutOnly
EURO FX - CHICAGO MERCANTILE EXCHANGE,160524,2016-05-24,099741,CME,00,099,350242,68359,40565,5313,121647,102270,15464,44138,92972,8847,33829,21560,1498,299095,288489,51147,61753,683,5858,-24960,-67,-1347,4504,-434,-4496,21796,-272,411,9,311,-36,887,719,-204,100.0,19.5,11.6,1.5,34.7,29.2,4.4,12.6,26.5,2.5,9.7,6.2,0.4,85.4,82.4,14.6,17.6,217,16,11,12,36,36,30,26,49,22,18,23,10,129,162,24.9,21.9,41.0,31.8,24.5,21.5,40.3,30.8,(CONTRACTS OF EUR 125,000),099741,CME ,099 ,F10,FutOnly
EURO FX - CHICAGO MERCANTILE EXCHANGE,160517,2016-05-17,099741,CME,00,099,349559,62501,65525,5380,122994,97766,15898,48634,71176,9119,33418,21551,1187,299131,287602,50428,61957,4581,-310,-2166,2190,-3553,2107,-55,5608,-3187,3250,-387,687,247,6990,3073,-2409,1508,100.0,17.9,18.7,1.5,35.2,28.0,4.5,13.9,20.4,2.6,9.6,6.2,0.3,85.6,82.3,14.4,17.7,223,16,11,10,38,35,28,33,46,25,20,22,10,138,158,23.8,25.3,39.4,34.4,23.1,25.2,38.6,34.2,(CONTRACTS OF EUR 125,000),099741,CME ,099 ,F10,FutOnly
EURO FX - CHICAGO MERCANTILE EXCHANGE,160510,2016-05-10,099741,CME,00,099,344978,62811,67691,3190,126547,95659,15953,43026,74363,5869,33805,20864,940,292141,284529,52837,60449,-15483,-1698,-2083,-931,-530,2343,-872,-8329,-15615,-385,-1262,-137,313,-13694,-17367,-1789,1884,100.0,18.2,19.6,0.9,36.7,27.7,4.6,12.5,21.6,1.7,9.8,6.0,0.3,84.7,82.5,15.3,17.5,217,16,10,10,38,34,29,27,48,21,20,22,9,131,155,24.2,26.2,39.8,35.9,23.4,26.2,39.0,35.9,(CONTRACTS OF EUR 125,000),099741,CME ,099 ,F10,FutOnly
EURO FX - CHICAGO MERCANTILE EXCHANGE,160503,2016-05-03,099741,CME,00,099,360461,64509,69774,4121,127077,93316,16825,51355,89978,6254,35067,21001,627,305835,301896,54626,58565,20261,-898,21350,627,8995,-4519,824,3737,-852,744,2658,-367,-1135,15552,16672,4709,3589,100.0,17.9,19.4,1.1,35.3,25.9,4.7,14.2,25.0,1.7,9.7,5.8,0.2,84.8,83.8,15.2,16.2,230,17,10,11,39,33,32,38,46,20,18,27,7,142,158,22.2,27.8,37.1,37.2,21.6,27.8,36.3,37.1,(CONTRACTS OF EUR 125,000),099741,CME ,099 ,F10,FutOnly
EURO FX - CHICAGO MERCANTILE EXCHANGE,160426,2016-04-26,099741,CME,00,099,340200,65407,48424,3494,118082,97835,16001,47618,90830,5510,32409,21368,1762,290283,285224,49917,54976,-5363,-9810,5047,-486,8219,149,-424,-978,-8643,1645,-1534,-692,621,-2747,-2783,-2616,-2580,100.0,19.2,14.2,1.0,34.7,28.8,4.7,14.0,26.7,1.6,9.5,6.3,0.5,85.3,83.8,14.7,16.2,221,17,9,10,37,33,28,29,49,14,18,27,8,127,154,25.1,26.5,40.9,37.0,24.6,26.5,40.0,37.0,(CONTRACTS OF EUR 125,000),099741,CME ,099 ,F10,FutOnly
EURO FX - CHICAGO MERCANTILE EXCHANGE,160419,2016-04-19,099741,CME,00,099,345563,75217,43377,3980,109863,97686,16425,48596,99473,3865,33943,22060,1141,293030,288007,52533,57556,12028,-92,5766,355,8070,-275,-381,6189,9576,-203,555,-1616,118,14611,13340,-2583,-1312,100.0,21.8,12.6,1.2,31.8,28.3,4.8,14.1,28.8,1.1,9.8,6.4,0.3,84.8,83.3,15.2,16.7,223,18,8,11,37,33,28,33,48,15,18,27,8,132,153,26.0,26.3,43.4,36.4,25.7,26.3,42.5,36.3,(CONTRACTS OF EUR 125,000),099741,CME ,099 ,F10,FutOnly
EURO FX - CHICAGO MERCANTILE EXCHANGE,160412,2016-04-12,099741,CME,00,099,333535,75309,37611,3625,101793,97961,16806,42407,89897,4068,33388,23676,1023,278419,274667,55116,58868,-4998,-1648,3034,552,-5785,1623,-637,-2582,-9431,1342,1924,-819,172,-6662,-4164,1664,-834,100.0,22.6,11.3,1.1,30.5,29.4,5.0,12.7,27.0,1.2,10.0,7.1,0.3,83.5,82.4,16.5,17.6,214,17,9,11,32,36,27,33,42,14,16,28,7,125,148,27.1,25.5,44.4,35.4,26.8,25.5,43.4,35.4,(CONTRACTS OF EUR 125,000),099741,CME ,099 ,F10,FutOnly
EURO FX - CHICAGO MERCANTILE EXCHANGE,160405,2016-04-05,099741,CME,00,099,338533,76957,34577,3073,107578,96338,17443,44989,99328,2726,31464,24495,851,285081,278831,53452,59702,8443,-1576,11103,152,1039,-2366,2629,4721,-4057,-141,109,-3097,-116,6817,4107,1626,4336,100.0,22.7,10.2,0.9,31.8,28.5,5.2,13.3,29.3,0.8,9.3,7.2,0.3,84.2,82.4,15.8,17.6,221,16,8,9,35,36,29,34,44,13,17,31,6,126,152,27.4,24.7,43.3,34.3,26.9,24.7,42.3,34.3,(CONTRACTS OF EUR 125,000),099741,CME ,099 ,F10,FutOnly
EURO FX - CHICAGO MERCANTILE EXCHANGE,160329,2016-03-29,099741,CME,00,099,330090,78533,23474,2921,106539,98704,14814,40268,103385,2867,31355,27592,967,278264,274724,51826,55366,5780,-460,6094,495,-294,729,295,5709,20,-1145,-1328,215,-106,3166,6597,2614,-817,100.0,23.8,7.1,0.9,32.3,29.9,4.5,12.2,31.3,0.9,9.5,8.4,0.3,84.3,83.2,15.7,16.8,215,14,9,8,37,33,29,31,44,16,14,32,5,120,153,29.1,25.4,45.0,35.4,28.5,25.4,44.0,35.4,(CONTRACTS OF EUR 125,000),099741,CME ,099 ,F10,FutOnly
EURO FX - CHICAGO MERCANTILE EXCHANGE,160322,2016-03-22,099741,CME,00,099,324310,78993,17380,2426,106833,97975,14519,34559,103365,4012,32683,27377,1073,275098,268127,49212,56183,1905,-4938,7619,1481,-751,-2724,-972,3211,-2696,-51,-296,-1686,-1,-2317,970,4222,935,100.0,24.4,5.4,0.7,32.9,30.2,4.5,10.7,31.9,1.2,10.1,8.4,0.3,84.8,82.7,15.2,17.3,219,15,9,9,36,35,30,27,46,17,16,34,7,122,160,29.4,24.5,45.5,33.7,28.8,24.5,44.5,33.7,(CONTRACTS OF EUR 125,000),099741,CME ,099 ,F10,FutOnly
EURO FX - CHICAGO MERCANTILE EXCHANGE,160315,2016-03-15,099741,CME,00,099,322405,83931,9761,945,107584,100699,15491,31348,106061,4063,32979,29063,1074,277415,267157,44990,55248,-110816,-42828,-72120,-8912,-1665,-4123,-763,-20297,-7511,-12105,-21802,4996,-18,-108390,-100556,-2426,-10260,100.0,26.0,3.0,0.3,33.4,31.2,4.8,9.7,32.9,1.3,10.2,9.0,0.3,86.0,82.9,14.0,17.1,216,17,10,10,34,34,28,29,39,16,17,35,7,122,155,30.0,26.7,46.9,35.7,29.4,26.7,45.8,35.4,(CONTRACTS OF EUR 125,000),099741,CME ,099 ,F10,FutOnly
EURO FX - CHICAGO MERCANTILE EXCHANGE,160308,2016-03-08,099741,CME,00,099,433221,126759,81881,9857,109249,104822,16254,51645,113572,16168,54781,24067,1092,385805,367713,47416,65508,15597,-265,-7915,4351,-289,3694,-2059,-3777,6535,11027,5488,-1292,-1835,12641,12506,2956,3091,100.0,29.3,18.9,2.3,25.2,24.2,3.8,11.9,26.2,3.7,12.6,5.6,0.3,89.1,84.9,10.9,15.1,232,16,13,12,35,35,29,33,47,29,20,30,10,139,173,28.7,35.1,45.3,43.6,28.2,34.3,44.3,42.5,(CONTRACTS OF EUR 125,000),099741,CME ,099 ,F10,FutOnly
EURO FX - CHICAGO MERCANTILE EXCHANGE,160301,2016-03-01,099741,CME,00,099,417624,127024,89796,5506,109538,101128,18313,55422,107037,5141,49293,25359,2927,373164,355207,44460,62417,-5000,3620,-34291,1894,-3189,7409,118,375,16090,-1554,-3418,-3107,1120,-1034,-12321,-3966,7321,100.0,30.4,21.5,1.3,26.2,24.2,4.4,13.3,25.6,1.2,11.8,6.1,0.7,89.4,85.1,10.6,14.9,229,17,10,9,35,34,26,31,49,18,19,34,11,129,164,28.7,35.4,45.9,43.8,28.7,35.1,45.4,43.5,(CONTRACTS OF EUR 125,000),099741,CME ,099 ,F10,FutOnly
EURO FX - CHICAGO MERCANTILE EXCHANGE,160223,2016-02-23,099741,CME,00,099,422624,123404,124087,3612,112727,93719,18195,55047,90947,6695,52711,28466,1807,374198,367528,48426,55096,-7373,5066,1963,-410,12093,59,215,-2218,-7425,-468,-20610,-1377,-229,-6561,-7672,-812,299,100.0,29.2,29.4,0.9,26.7,22.2,4.3,13.0,21.5,1.6,12.5,6.7,0.4,88.5,87.0,11.5,13.0,222,16,11,10,35,33,25,32,41,20,20,34,11,128,160,28.2,37.0,45.6,45.4,28.2,36.9,45.1,45.3,(CONTRACTS OF EUR 125,000),099741,CME ,099 ,F10,FutOnly
EURO FX - CHICAGO MERCANTILE EXCHANGE,160216,2016-02-16,099741,CME,00,099,429997,118338,122124,4022,100634,93660,17980,57265,98372,7163,73321,29843,2036,380759,375200,49238,54797,-11231,-7497,11314,-197,-2601,-1104,-11,969,-19723,287,-1640,3895,-100,-10790,-5639,-441,-5592,100.0,27.5,28.4,0.9,23.4,21.8,4.2,13.3,22.9,1.7,17.1,6.9,0.5,88.5,87.3,11.5,12.7,231,16,11,8,35,31,25,30,52,20,20,36,10,126,168,27.1,34.6,45.2,43.5,27.1,34.5,44.7,43.5,(CONTRACTS OF EUR 125,000),099741,CME ,099 ,F10,FutOnly
EURO FX - CHICAGO MERCANTILE EXCHANGE,160209,2016-02-09,099741,CME,00,099,441228,125835,110810,4219,103235,94764,17991,56296,118095,6876,74961,25948,2136,391549,380839,49679,60389,37289,1512,48061,1993,4683,-13635,3079,11300,-1454,4042,3281,2018,-991,28899,43113,8390,-5824,100.0,28.5,25.1,1.0,23.4,21.5,4.1,12.8,26.8,1.6,17.0,5.9,0.5,88.7,86.3,11.3,13.7,229,17,11,8,36,30,27,32,49,20,21,33,9,130,163,27.2,33.4,45.4,42.1,27.2,33.4,44.8,42.1,(CONTRACTS OF EUR 125,000),099741,CME ,099 ,F10,FutOnly
EURO FX - CHICAGO MERCANTILE EXCHANGE,160202,2016-02-02,099741,CME,00,099,403939,124323,62749,2226,98552,108399,14912,44996,119549,2834,71680,23930,3127,362650,337726,41289,66213,1712,-9382,28030,164,2742,-7191,-118,3190,-11232,-293,21417,-961,246,17966,8645,-16254,-6933,100.0,30.8,15.5,0.6,24.4,26.8,3.7,11.1,29.6,0.7,17.7,5.9,0.8,89.8,83.6,10.2,16.4,229,16,10,8,34,33,27,27,54,15,23,32,10,121,168,30.9,29.4,50.4,41.2,30.9,29.3,49.9,41.0,(CONTRACTS OF EUR 125,000),099741,CME ,099 ,F10,FutOnly
EURO FX - CHICAGO MERCANTILE EXCHANGE,160126,2016-01-26,099741,CME,00,099,402227,133705,34719,2062,95810,115590,15030,41806,130781,3127,50263,24891,2881,344684,329081,57543,73146,1865,3089,4795,-12,-1034,2500,-747,-971,-7990,-302,3230,-142,602,3855,-1296,-1990,3161,100.0,33.2,8.6,0.5,23.8,28.7,3.7,10.4,32.5,0.8,12.5,6.2,0.7,85.7,81.8,14.3,18.2,224,16,12,7,32,34,24,23,54,14,21,31,11,110,170,32.7,27.5,51.8,38.6,32.7,27.3,51.1,38.4,(CONTRACTS OF EUR 125,000),099741,CME ,099 ,F10,FutOnly
EURO FX - CHICAGO MERCANTILE EXCHANGE,160119,2016-01-19,099741,CME,00,099,400362,130616,29924,2074,96844,113090,15777,42777,138771,3429,47033,25033,2279,340829,330377,59533,69985,1792,-9201,13432,1003,2417,-2296,66,5946,-7438,1114,-446,-134,-598,301,5149,1491,-3357,100.0,32.6,7.5,0.5,24.2,28.2,3.9,10.7,34.7,0.9,11.7,6.3,0.6,85.1,82.5,14.9,17.5,224,16,11,7,34,37,28,22,53,14,21,29,10,114,169,32.6,27.9,51.7,38.0,32.6,27.9,51.0,37.9,(CONTRACTS OF EUR 125,000),099741,CME ,099 ,F10,FutOnly
EURO FX - CHICAGO MERCANTILE EXCHANGE,160112,2016-01-12,099741,CME,00,099,398570,139817,16492,1071,94427,115386,15711,36831,146209,2315,47479,25167,2877,340528,325228,58042,73342,-8535,-5731,4734,-20,118,2610,1995,-1545,-15644,-197,-3467,1104,1205,-7642,-4213,-893,-4322,100.0,35.1,4.1,0.3,23.7,28.9,3.9,9.2,36.7,0.6,11.9,6.3,0.7,85.4,81.6,14.6,18.4,222,17,10,6,32,39,29,21,53,9,21,29,9,109,166,33.7,29.2,52.5,38.4,33.7,29.2,51.7,38.3,(CONTRACTS OF EUR 125,000),099741,CME ,099 ,F10,FutOnly
EURO FX - CHICAGO MERCANTILE EXCHANGE,160105,2016-01-05,099741,CME,00,099,407105,145548,11758,1091,94309,112776,13716,38376,161853,2512,50946,24063,1672,348170,329441,58935,77664,6608,2943,1618,-436,-579,8875,18,3361,-4511,119,-2479,-1593,-427,2520,3663,4088,2945,100.0,35.8,2.9,0.3,23.2,27.7,3.4,9.4,39.8,0.6,12.5,5.9,0.4,85.5,80.9,14.5,19.1,235,17,12,6,28,39,28,24,62,11,23,30,10,114,176,33.1,29.7,51.3,38.1,33.1,29.7,50.5,38.1,(CONTRACTS OF EUR 125,000),099741,CME ,099 ,F10,FutOnly
EURO FX/BRITISH POUND XRATE - CHICAGO MERCANTILE EXCHANGE,161018,2016-10-18,299741,CME,00,099,30454,784,25027,0,16882,430,1027,1817,448,0,0,0,0,20510,26932,9944,3522,267,0,674,0,-544,430,56,136,-716,0,0,0,0,-352,444,619,-177,100.0,2.6,82.2,0.0,55.4,1.4,3.4,6.0,1.5,0.0,0.0,0.0,0.0,67.3,88.4,32.7,11.6,21,.,5,0,10,.,6,.,.,0,0,0,0,14,13,46.6,79.7,57.8,86.1,44.0,79.7,54.9,85.1,(CONTRACTS OF EUR 125,000),299741,CME ,099 ,F10,FutOnly
EURO FX/BRITISH POUND XRATE - CHICAGO MERCANTILE EXCHANGE,161011,2016-10-11,299741,CME,00,099,30187,784,24353,0,17426,0,971,1681,1164,0,0,0,0,20862,26488,9325,3699,-1161,0,-47,0,-881,-617,-42,104,-276,0,0,0,0,-819,-982,-342,-179,100.0,2.6,80.7,0.0,57.7,0.0,3.2,5.6,3.9,0.0,0.0,0.0,0.0,69.1,87.7,30.9,12.3,21,.,4,0,11,0,6,.,.,0,0,0,0,15,12,47.0,80.7,57.8,86.2,44.7,80.7,55.1,84.5,(CONTRACTS OF EUR 125,000),299741,CME ,099 ,F10,FutOnly
EURO FX/BRITISH POUND XRATE - CHICAGO MERCANTILE EXCHANGE,161004,2016-10-04,299741,CME,00,099,31348,784,24400,0,18307,617,1013,1577,1440,0,0,0,0,21681,27470,9667,3878,1718,0,2284,0,1832,617,-305,394,-1000,0,-344,0,-133,1444,1463,274,255,100.0,2.5,77.8,0.0,58.4,2.0,3.2,5.0,4.6,0.0,0.0,0.0,0.0,69.2,87.6,30.8,12.4,21,.,4,0,11,.,7,.,.,0,0,0,0,15,13,47.8,78.1,59.6,85.6,45.4,78.1,57.0,84.4,(CONTRACTS OF EUR 125,000),299741,CME ,099 ,F10,FutOnly
EURO FX/BRITISH POUND XRATE - CHICAGO MERCANTILE EXCHANGE,160927,2016-09-27,299741,CME,00,099,29630,784,22116,0,16475,0,1318,1183,2440,0,344,0,133,20237,26007,9393,3623,943,-309,3612,-163,131,0,181,652,-3289,0,344,0,133,969,474,-26,469,100.0,2.6,74.6,0.0,55.6,0.0,4.4,4.0,8.2,0.0,1.2,0.0,0.4,68.3,87.8,31.7,12.2,21,.,4,0,10,0,5,.,.,0,.,0,.,14,13,47.1,75.0,58.5,85.7,43.2,75.0,54.1,82.9,(CONTRACTS OF EUR 125,000),299741,CME ,099 ,F10,FutOnly
EURO FX/BRITISH POUND XRATE - CHICAGO MERCANTILE EXCHANGE,160920,2016-09-20,299741,CME,00,099,28687,1093,18504,163,16344,0,1137,531,5729,0,0,0,0,19268,25533,9419,3154,-3050,283,-2106,-42,-132,0,-113,14,1697,-1999,0,0,0,-1989,-2563,-1061,-487,100.0,3.8,64.5,0.6,57.0,0.0,4.0,1.9,20.0,0.0,0.0,0.0,0.0,67.2,89.0,32.8,11.0,20,.,4,.,10,0,5,.,.,0,0,0,0,13,13,47.6,78.2,59.1,87.4,44.2,77.7,55.1,84.5,(CONTRACTS OF EUR 125,000),299741,CME ,099 ,F10,FutOnly
EURO FX/BRITISH POUND XRATE - CHICAGO MERCANTILE EXCHANGE,160913,2016-09-13,299741,CME,00,099,31737,810,20610,205,16476,0,1250,517,4032,1999,0,0,0,21257,28096,10480,3641,.,.,.,.,.,.,.,.,.,.,.,.,.,.,.,.,.,100.0,2.6,64.9,0.6,51.9,0.0,3.9,1.6,12.7,6.3,0.0,0.0,0.0,67.0,88.5,33.0,11.5,21,.,4,.,9,0,5,.,5,4,0,0,0,16,15,44.8,71.5,56.1,83.3,40.9,71.5,50.7,77.1,(CONTRACTS OF EUR 125,000),299741,CME ,099 ,F10,FutOnly
EURO FX/BRITISH POUND XRATE - CHICAGO MERCANTILE EXCHANGE,160830,2016-08-30,299741,CME,00,099,31988,1068,23492,191,18694,0,1007,1072,3391,0,0,0,0,22032,28081,9956,3907,.,.,.,.,.,.,.,.,.,.,.,.,.,.,.,.,.,100.0,3.3,73.4,0.6,58.4,0.0,3.1,3.4,10.6,0.0,0.0,0.0,0.0,68.9,87.8,31.1,12.2,20,.,.,.,12,0,6,.,.,0,0,0,0,16,11,46.2,84.0,56.8,87.4,43.6,84.0,54.1,84.0,(CONTRACTS OF EUR 125,000),299741,CME ,099 ,F10,FutOnly
EURO FX/BRITISH POUND XRATE - CHICAGO MERCANTILE EXCHANGE,160816,2016-08-16,299741,CME,00,099,33599,1500,23463,190,18701,0,1070,810,5336,12,0,0,0,22283,30071,11316,3528,106,426,255,0,498,-559,56,391,668,1,-1133,0,0,239,421,-133,-315,100.0,4.5,69.8,0.6,55.7,0.0,3.2,2.4,15.9,0.0,0.0,0.0,0.0,66.3,89.5,33.7,10.5,24,.,.,.,12,0,7,.,4,.,0,0,0,18,15,43.7,81.3,53.6,87.2,41.3,81.3,51.0,85.7,(CONTRACTS OF EUR 125,000),299741,CME ,099 ,F10,FutOnly
EURO FX/BRITISH POUND XRATE - CHICAGO MERCANTILE EXCHANGE,160809,2016-08-09,299741,CME,00,099,33493,1074,23208,190,18203,559,1014,419,4668,11,1133,0,0,22044,29650,11449,3843,507,-1,638,0,1208,559,-341,-119,-630,8,0,0,0,755,234,-248,273,100.0,3.2,69.3,0.6,54.3,1.7,3.0,1.3,13.9,0.0,3.4,0.0,0.0,65.8,88.5,34.2,11.5,22,.,.,.,11,.,7,.,.,.,.,0,0,17,14,43.8,80.5,55.4,86.5,41.5,80.5,52.8,84.9,(CONTRACTS OF EUR 125,000),299741,CME ,099 ,F10,FutOnly
EURO FX/BRITISH POUND XRATE - CHICAGO MERCANTILE EXCHANGE,160802,2016-08-02,299741,CME,00,099,32986,1075,22570,190,16995,0,1355,538,5298,3,1133,0,0,21289,29416,11697,3570,1839,-2,1575,0,1492,0,218,-20,245,0,0,0,0,1688,2038,151,-199,100.0,3.3,68.4,0.6,51.5,0.0,4.1,1.6,16.1,0.0,3.4,0.0,0.0,64.5,89.2,35.5,10.8,21,.,.,.,10,0,5,.,4,.,.,0,0,15,13,43.5,78.9,55.2,87.2,40.0,78.9,51.7,84.5,(CONTRACTS OF EUR 125,000),299741,CME ,099 ,F10,FutOnly
EURO FX/BRITISH POUND XRATE - CHICAGO MERCANTILE EXCHANGE,160726,2016-07-26,299741,CME,00,099,31147,1077,20995,190,15503,0,1137,558,5053,3,1133,0,0,19601,27378,11546,3769,-13,-48,106,0,-739,0,9,0,-311,0,0,0,0,-778,-196,765,183,100.0,3.5,67.4,0.6,49.8,0.0,3.7,1.8,16.2,0.0,3.6,0.0,0.0,62.9,87.9,37.1,12.1,20,.,.,.,9,0,4,.,4,.,.,0,0,14,12,42.3,77.9,54.6,86.5,38.7,77.9,50.9,83.6,(CONTRACTS OF EUR 125,000),299741,CME ,099 ,F10,FutOnly
EURO FX/BRITISH POUND XRATE - CHICAGO MERCANTILE EXCHANGE,160719,2016-07-19,299741,CME,00,099,31160,1125,20889,190,16242,0,1128,558,5364,3,1133,0,0,20379,27574,10781,3586,302,-12,337,0,789,0,-3,-439,633,0,0,0,0,335,967,-33,-665,100.0,3.6,67.0,0.6,52.1,0.0,3.6,1.8,17.2,0.0,3.6,0.0,0.0,65.4,88.5,34.6,11.5,21,.,.,.,10,0,4,.,4,.,.,0,0,15,12,42.3,77.2,55.2,87.1,38.7,77.2,51.6,84.3,(CONTRACTS OF EUR 125,000),299741,CME ,099 ,F10,FutOnly
EURO FX/BRITISH POUND XRATE - CHICAGO MERCANTILE EXCHANGE,160712,2016-07-12,299741,CME,00,099,30858,1137,20552,190,15453,0,1131,997,4731,3,1133,0,0,20044,26607,10814,4251,1611,236,518,-1,635,0,-135,521,1395,-3,0,0,0,1253,1774,358,-163,100.0,3.7,66.6,0.6,50.1,0.0,3.7,3.2,15.3,0.0,3.7,0.0,0.0,65.0,86.2,35.0,13.8,21,.,.,.,9,0,4,.,4,.,.,0,0,15,12,42.6,75.0,55.3,84.8,38.9,75.0,51.7,81.9,(CONTRACTS OF EUR 125,000),299741,CME ,099 ,F10,FutOnly
EURO FX/BRITISH POUND XRATE - CHICAGO MERCANTILE EXCHANGE,160705,2016-07-05,299741,CME,00,099,29247,901,20034,191,14818,0,1266,476,3336,6,1133,0,0,18791,24833,10456,4414,983,18,265,0,561,-695,-35,-43,694,0,0,0,0,501,229,482,754,100.0,3.1,68.5,0.7,50.7,0.0,4.3,1.6,11.4,0.0,3.9,0.0,0.0,64.2,84.9,35.8,15.1,20,.,.,.,10,0,5,.,.,.,.,0,0,15,12,42.3,75.5,54.6,83.6,38.3,75.5,50.4,79.9,(CONTRACTS OF EUR 125,000),299741,CME ,099 ,F10,FutOnly
EURO FX/BRITISH POUND XRATE - CHICAGO MERCANTILE EXCHANGE,160628,2016-06-28,299741,CME,00,099,28264,883,19769,191,14257,695,1301,519,2642,6,1133,0,0,18290,24604,9974,3660,1868,13,3146,-1,2032,-308,-117,-710,61,6,702,0,0,1925,2787,-57,-919,100.0,3.1,69.9,0.7,50.4,2.5,4.6,1.8,9.3,0.0,4.0,0.0,0.0,64.7,87.1,35.3,12.9,22,.,4,.,10,.,6,.,.,.,.,0,0,16,14,41.5,73.0,54.4,83.2,37.3,73.0,50.1,81.8,(CONTRACTS OF EUR 125,000),299741,CME ,099 ,F10,FutOnly
EURO FX/BRITISH POUND XRATE - CHICAGO MERCANTILE EXCHANGE,160621,2016-06-21,299741,CME,00,099,26396,870,16623,192,12225,1003,1418,1229,2581,0,431,0,0,16365,21817,10031,4579,.,.,.,.,.,.,.,.,.,.,.,.,.,.,.,.,.,100.0,3.3,63.0,0.7,46.3,3.8,5.4,4.7,9.8,0.0,1.6,0.0,0.0,62.0,82.7,38.0,17.3,20,.,.,.,8,.,6,.,.,0,.,0,0,14,13,40.3,66.9,52.2,80.1,38.8,66.8,48.5,76.6,(CONTRACTS OF EUR 125,000),299741,CME ,099 ,F10,FutOnly
EURO FX/BRITISH POUND XRATE - CHICAGO MERCANTILE EXCHANGE,160607,2016-06-07,299741,CME,00,099,31815,2632,18925,178,11096,738,1685,699,1612,3974,754,0,150,21168,27262,10647,4553,3759,-256,-580,-4,-139,281,-188,-614,163,3920,-150,0,150,2719,3742,1040,17,100.0,8.3,59.5,0.6,34.9,2.3,5.3,2.2,5.1,12.5,2.4,0.0,0.5,66.5,85.7,33.5,14.3,21,4,.,.,7,.,5,.,4,4,.,0,.,18,14,34.4,68.2,49.2,80.9,31.2,62.0,41.9,66.9,(CONTRACTS OF EUR 125,000),299741,CME ,099 ,F10,FutOnly
EURO FX/BRITISH POUND XRATE - CHICAGO MERCANTILE EXCHANGE,160531,2016-05-31,299741,CME,00,099,28056,2888,19505,182,11235,457,1873,1313,1449,54,904,0,0,18449,23520,9607,4536,.,.,.,.,.,.,.,.,.,.,.,.,.,.,.,.,.,100.0,10.3,69.5,0.6,40.0,1.6,6.7,4.7,5.2,0.2,3.2,0.0,0.0,65.8,83.8,34.2,16.2,20,4,.,.,7,.,5,.,.,.,.,0,0,17,12,39.3,73.0,53.7,82.3,36.2,72.8,49.0,76.3,(CONTRACTS OF EUR 125,000),299741,CME ,099 ,F10,FutOnly
EURO FX/BRITISH POUND XRATE - CHICAGO MERCANTILE EXCHANGE,160517,2016-05-17,299741,CME,00,099,28378,769,20455,582,13762,0,973,692,2028,1,1351,0,0,18130,24039,10248,4339,-1335,7,-1204,22,-398,0,-46,60,-20,0,-699,0,0,-1054,-1248,-281,-87,100.0,2.7,72.1,2.1,48.5,0.0,3.4,2.4,7.1,0.0,4.8,0.0,0.0,63.9,84.7,36.1,15.3,20,.,4,.,9,0,4,.,.,.,.,0,0,15,12,40.0,74.9,53.5,82.4,37.6,74.8,50.1,79.2,(CONTRACTS OF EUR 125,000),299741,CME ,099 ,F10,FutOnly
EURO FX/BRITISH POUND XRATE - CHICAGO MERCANTILE EXCHANGE,160510,2016-05-10,299741,CME,00,099,29713,762,21659,560,14160,0,1019,632,2048,1,2050,0,0,19184,25287,10529,4426,195,-211,114,206,51,-585,-52,177,-92,0,9,0,0,180,-409,15,604,100.0,2.6,72.9,1.9,47.7,0.0,3.4,2.1,6.9,0.0,6.9,0.0,0.0,64.6,85.1,35.4,14.9,20,.,4,.,8,0,4,.,.,.,.,0,0,15,12,42.0,75.6,54.9,82.8,39.6,75.6,51.4,79.8,(CONTRACTS OF EUR 125,000),299741,CME ,099 ,F10,FutOnly
EURO FX/BRITISH POUND XRATE - CHICAGO MERCANTILE EXCHANGE,160503,2016-05-03,299741,CME,00,099,29518,973,21545,354,14109,585,1071,455,2140,1,2041,0,0,19004,25696,10514,3822,-2090,-105,-1051,-41,-1979,585,115,455,-911,0,13,0,0,-1542,-1303,-548,-787,100.0,3.3,73.0,1.2,47.8,2.0,3.6,1.5,7.2,0.0,6.9,0.0,0.0,64.4,87.1,35.6,12.9,21,.,.,.,8,.,5,.,.,.,.,0,0,16,13,42.3,76.0,55.2,84.0,39.8,76.0,51.6,82.2,(CONTRACTS OF EUR 125,000),299741,CME ,099 ,F10,FutOnly
EURO FX/BRITISH POUND XRATE - CHICAGO MERCANTILE EXCHANGE,160426,2016-04-26,299741,CME,00,099,31608,1078,22596,395,16088,0,956,0,3051,1,2028,0,0,20546,26999,11062,4609,-882,-23,-515,26,536,0,-110,-435,-918,1,-671,0,0,-676,-1516,-206,634,100.0,3.4,71.5,1.2,50.9,0.0,3.0,0.0,9.7,0.0,6.4,0.0,0.0,65.0,85.4,35.0,14.6,21,.,4,.,9,0,4,0,.,.,.,0,0,16,13,42.8,74.7,55.2,82.6,40.7,74.6,52.2,81.1,(CONTRACTS OF EUR 125,000),299741,CME ,099 ,F10,FutOnly
EURO FX/BRITISH POUND XRATE - CHICAGO MERCANTILE EXCHANGE,160419,2016-04-19,299741,CME,00,099,32490,1101,23111,369,15552,0,1066,435,3969,0,2699,0,0,21222,28515,11268,3975,24,-41,47,23,144,0,-17,435,274,0,0,0,0,544,327,-520,-303,100.0,3.4,71.1,1.1,47.9,0.0,3.3,1.3,12.2,0.0,8.3,0.0,0.0,65.3,87.8,34.7,12.2,23,.,4,.,9,0,4,.,4,0,.,0,0,16,14,42.3,74.2,54.4,83.4,40.2,74.2,51.1,83.3,(CONTRACTS OF EUR 125,000),299741,CME ,099 ,F10,FutOnly
EURO FX/BRITISH POUND XRATE - CHICAGO MERCANTILE EXCHANGE,160412,2016-04-12,299741,CME,00,099,32466,1142,23064,346,15408,0,1083,0,3695,0,2699,0,0,20678,28188,11788,4278,-26,-661,138,66,-58,-668,-377,-896,983,0,677,-581,0,-1249,-439,1223,413,100.0,3.5,71.0,1.1,47.5,0.0,3.3,0.0,11.4,0.0,8.3,0.0,0.0,63.7,86.8,36.3,13.2,22,.,4,.,9,0,4,0,4,0,.,0,0,15,14,42.2,74.0,54.2,82.5,40.2,74.0,50.9,82.4,(CONTRACTS OF EUR 125,000),299741,CME ,099 ,F10,FutOnly
EURO FX/BRITISH POUND XRATE - CHICAGO MERCANTILE EXCHANGE,160405,2016-04-05,299741,CME,00,099,32492,1803,22926,280,15466,668,1460,896,2712,0,2022,581,0,21927,28627,10565,3865,848,404,250,1,429,-35,-28,-428,-22,0,0,581,0,378,747,470,101,100.0,5.5,70.6,0.9,47.6,2.1,4.5,2.8,8.3,0.0,6.2,1.8,0.0,67.5,88.1,32.5,11.9,25,4,4,.,9,.,5,.,.,0,.,.,0,18,15,44.0,74.4,54.8,82.6,41.6,74.4,51.1,81.4,(CONTRACTS OF EUR 125,000),299741,CME ,099 ,F10,FutOnly
EURO FX/BRITISH POUND XRATE - CHICAGO MERCANTILE EXCHANGE,160329,2016-03-29,299741,CME,00,099,31644,1399,22676,279,15037,703,1488,1324,2734,0,2022,0,0,21549,27880,10095,3764,-13,-31,508,29,263,-3,-42,-285,-134,0,0,0,0,-66,358,53,-371,100.0,4.4,71.7,0.9,47.5,2.2,4.7,4.2,8.6,0.0,6.4,0.0,0.0,68.1,88.1,31.9,11.9,24,.,4,.,9,.,5,.,.,0,.,0,0,17,14,44.8,75.8,54.9,83.8,42.4,75.8,51.9,82.5,(CONTRACTS OF EUR 125,000),299741,CME ,099 ,F10,FutOnly
EURO FX/BRITISH POUND XRATE - CHICAGO MERCANTILE EXCHANGE,160322,2016-03-22,299741,CME,00,099,31657,1430,22168,250,14774,706,1530,1609,2868,0,2022,0,0,21615,27522,10042,4135,.,.,.,.,.,.,.,.,.,.,.,.,.,.,.,.,.,100.0,4.5,70.0,0.8,46.7,2.2,4.8,5.1,9.1,0.0,6.4,0.0,0.0,68.3,86.9,31.7,13.1,23,.,.,.,9,.,5,.,.,0,.,0,0,17,13,44.1,75.9,54.1,83.9,41.6,75.9,51.3,81.3,(CONTRACTS OF EUR 125,000),299741,CME ,099 ,F10,FutOnly
EURO FX/BRITISH POUND XRATE - CHICAGO MERCANTILE EXCHANGE,160308,2016-03-08,299741,CME,00,099,37977,2045,26597,264,12723,1289,1290,5000,889,3891,2022,0,0,27235,34220,10742,3757,3833,-3,-83,-15,-7,34,-3,345,96,3882,0,0,0,4199,3911,-366,-78,100.0,5.4,70.0,0.7,33.5,3.4,3.4,13.2,2.3,10.2,5.3,0.0,0.0,71.7,90.1,28.3,9.9,23,4,.,.,7,.,6,4,.,4,.,0,0,18,17,42.2,79.1,56.3,86.6,36.2,72.1,46.8,75.8,(CONTRACTS OF EUR 125,000),299741,CME ,099 ,F10,FutOnly
EURO FX/BRITISH POUND XRATE - CHICAGO MERCANTILE EXCHANGE,160301,2016-03-01,299741,CME,00,099,34144,2048,26680,279,12730,1255,1293,4655,793,9,2022,0,0,23036,30309,11108,3835,-369,-89,-337,107,-288,47,390,6,0,-78,3,0,0,51,129,-420,-498,100.0,6.0,78.1,0.8,37.3,3.7,3.8,13.6,2.3,0.0,5.9,0.0,0.0,67.5,88.8,32.5,11.2,21,4,.,.,7,.,6,.,.,.,.,0,0,17,14,41.9,80.8,53.9,87.1,40.4,80.5,52.2,84.1,(CONTRACTS OF EUR 125,000),299741,CME ,099 ,F10,FutOnly
EURO FX/BRITISH POUND XRATE - CHICAGO MERCANTILE EXCHANGE,160223,2016-02-23,299741,CME,00,099,34513,2137,27017,172,13018,1208,903,4649,793,87,2019,0,0,22985,30180,11528,4333,-305,47,-351,-91,6565,0,381,-368,0,87,-6787,0,-183,-349,-157,44,-148,100.0,6.2,78.3,0.5,37.7,3.5,2.6,13.5,2.3,0.3,5.8,0.0,0.0,66.6,87.4,33.4,12.6,22,4,.,.,7,.,5,4,.,.,.,0,0,18,12,41.0,80.6,53.0,85.8,39.9,80.6,51.1,84.1,(CONTRACTS OF EUR 125,000),299741,CME ,099 ,F10,FutOnly
EURO FX/BRITISH POUND XRATE - CHICAGO MERCANTILE EXCHANGE,160216,2016-02-16,299741,CME,00,099,34818,2090,27368,263,6453,1208,522,5017,793,0,8806,0,183,23334,30337,11484,4481,-376,97,77,6,93,-2,-68,89,-565,-2,-588,0,-26,-399,-580,23,204,100.0,6.0,78.6,0.8,18.5,3.5,1.5,14.4,2.3,0.0,25.3,0.0,0.5,67.0,87.1,33.0,12.9,22,4,.,.,6,.,4,4,.,0,.,0,.,18,11,40.9,80.9,52.3,85.7,39.8,80.9,50.9,84.3,(CONTRACTS OF EUR 125,000),299741,CME ,099 ,F10,FutOnly
EURO FX/BRITISH POUND XRATE - CHICAGO MERCANTILE EXCHANGE,160209,2016-02-09,299741,CME,00,099,35194,1993,27291,257,6360,1210,590,4928,1358,2,9394,0,209,23733,30917,11461,4277,347,307,-12,257,-478,0,-24,768,10,2,182,0,16,1030,249,-683,98,100.0,5.7,77.5,0.7,18.1,3.4,1.7,14.0,3.9,0.0,26.7,0.0,0.6,67.4,87.8,32.6,12.2,24,4,.,.,6,.,4,4,.,.,.,0,.,19,12,40.0,79.8,51.7,85.6,38.9,79.8,49.9,84.8,(CONTRACTS OF EUR 125,000),299741,CME ,099 ,F10,FutOnly
EURO FX/BRITISH POUND XRATE - CHICAGO MERCANTILE EXCHANGE,160202,2016-02-02,299741,CME,00,099,34847,1686,27303,0,6838,1210,614,4160,1348,0,9212,0,193,22703,30668,12144,4179,3000,-7,2842,0,582,-84,-4,-367,555,0,7196,0,193,7593,3502,-4593,-502,100.0,4.8,78.4,0.0,19.6,3.5,1.8,11.9,3.9,0.0,26.4,0.0,0.6,65.2,88.0,34.8,12.0,22,.,.,0,6,.,4,.,.,0,.,0,.,16,11,41.8,80.6,53.6,86.5,40.7,80.6,52.0,85.7,(CONTRACTS OF EUR 125,000),299741,CME ,099 ,F10,FutOnly
EURO FX/BRITISH POUND XRATE - CHICAGO MERCANTILE EXCHANGE,160126,2016-01-26,299741,CME,00,099,31847,1693,24461,0,6256,1294,618,4527,793,0,2016,0,0,15110,27166,16737,4681,531,22,2191,0,-79,108,-773,881,-1152,0,0,0,0,51,374,480,157,100.0,5.3,76.8,0.0,19.6,4.1,1.9,14.2,2.5,0.0,6.3,0.0,0.0,47.4,85.3,52.6,14.7,20,.,.,0,6,.,4,4,.,0,.,0,0,15,9,26.9,79.3,37.5,84.9,26.0,79.3,35.5,83.4,(CONTRACTS OF EUR 125,000),299741,CME ,099 ,F10,FutOnly
EURO FX/BRITISH POUND XRATE - CHICAGO MERCANTILE EXCHANGE,160119,2016-01-19,299741,CME,00,099,31316,1671,22270,0,6335,1186,1391,3646,1945,0,2016,0,0,15059,26792,16257,4524,984,-210,2259,0,733,-146,-651,524,-183,0,0,0,0,396,1279,588,-295,100.0,5.3,71.1,0.0,20.2,3.8,4.4,11.6,6.2,0.0,6.4,0.0,0.0,48.1,85.6,51.9,14.4,20,.,.,0,5,.,4,4,.,0,.,0,0,14,10,27.5,74.8,38.1,84.5,25.5,74.8,35.2,81.1,(CONTRACTS OF EUR 125,000),299741,CME ,099 ,F10,FutOnly
EURO FX/BRITISH POUND XRATE - CHICAGO MERCANTILE EXCHANGE,160112,2016-01-12,299741,CME,00,099,30332,1881,20011,0,5602,1332,2042,3122,2128,0,2016,0,0,14663,25513,15669,4819,.,.,.,.,.,.,.,.,.,.,.,.,.,.,.,.,.,100.0,6.2,66.0,0.0,18.5,4.4,6.7,10.3,7.0,0.0,6.6,0.0,0.0,48.3,84.1,51.7,15.9,20,.,.,0,4,.,5,4,.,0,.,0,0,14,11,27.0,70.4,37.7,80.9,24.7,70.4,34.1,77.4,(CONTRACTS OF EUR 125,000),299741,CME ,099 ,F10,FutOnly
EURO FX - CHICAGO MERCANTILE EXCHANGE,171226,2017-12-26,099741,CME,00,099,497744,42077,219797,6325,229430,105292,23873,77098,76535,12798,21316,7561,221,413138,452402,84606,45342,12122,-1112,4032,6,-3963,607,247,9646,6738,8,2010,931,-492,6350,12077,5772,45,100.0,8.5,44.2,1.3,46.1,21.2,4.8,15.5,15.4,2.6,4.3,1.5,0.0,83.0,90.9,17.0,9.1,250,18,16,11,75,29,37,44,32,19,25,11,.,183,136,22.5,41.9,30.5,57.3,21.9,41.8,29.5,56.0,(CONTRACTS OF EUR 125,000),099741,CME ,099 ,F10,FutOnly
EURO FX - CHICAGO MERCANTILE EXCHANGE,171219,2017-12-19,099741,CME,00,099,485622,43189,215765,6319,233393,104685,23626,67452,69797,12790,19306,6630,713,406788,440325,78834,45297,-20122,1730,-2122,-555,-147,-1310,1002,-3468,13994,-16975,683,132,-864,-18594,-6698,-1528,-13424,100.0,8.9,44.4,1.3,48.1,21.6,4.9,13.9,14.4,2.6,4.0,1.4,0.1,83.8,90.7,16.2,9.3,252,20,16,11,73,29,38,45,34,21,23,12,.,184,141,24.1,42.2,32.2,56.9,23.6,42.1,31.1,55.5,(CONTRACTS OF EUR 125,000),099741,CME ,099 ,F10,FutOnly
EURO FX - CHICAGO MERCANTILE EXCHANGE,171212,2017-12-12,099741,CME,00,099,505744,41459,217887,6874,233540,105995,22624,70920,55803,29765,18623,6498,1577,425382,447023,80362,58721,6620,3094,-4145,-4495,-1675,6045,2353,-8634,-16200,12213,2596,-106,626,6078,-3709,542,10329,100.0,8.2,43.1,1.4,46.2,21.0,4.5,14.0,11.0,5.9,3.7,1.3,0.3,84.1,88.4,15.9,11.6,246,16,20,13,70,32,38,40,33,31,22,11,8,178,158,23.4,33.0,32.8,48.2,22.9,32.3,32.2,47.5,(CONTRACTS OF EUR 125,000),099741,CME ,099 ,F10,FutOnly
EURO FX - CHICAGO MERCANTILE EXCHANGE,171205,2017-12-05,099741,CME,00,099,499124,38365,222032,11369,235215,99950,20271,79554,72003,17552,16027,6604,951,419304,450732,79820,48392,3563,2093,-3028,5916,-4270,1867,-100,-1270,-1892,2290,-1095,-2221,-79,3485,2753,78,810,100.0,7.7,44.5,2.3,47.1,20.0,4.1,15.9,14.4,3.5,3.2,1.3,0.2,84.0,90.3,16.0,9.7,246,16,20,13,72,32,36,43,32,23,20,10,.,177,144,23.5,34.7,32.8,49.6,23.0,33.1,32.2,48.0,(CONTRACTS OF EUR 125,000),099741,CME ,099 ,F10,FutOnly
EURO FX - CHICAGO MERCANTILE EXCHANGE,171128,2017-11-28,099741,CME,00,099,495561,36272,225060,5453,239485,98083,20371,80824,73895,15262,17122,8825,1030,415819,447979,79742,47582,30254,-2287,18232,1589,9007,-2985,1483,13689,16353,-447,421,-248,337,23792,34314,6462,-4060,100.0,7.3,45.4,1.1,48.3,19.8,4.1,16.3,14.9,3.1,3.5,1.8,0.2,83.9,90.4,16.1,9.6,248,17,19,15,72,32,37,45,30,23,19,13,7,185,145,23.4,34.0,32.7,48.4,23.0,33.5,32.1,47.9,(CONTRACTS OF EUR 125,000),099741,CME ,099 ,F10,FutOnly
EURO FX - CHICAGO MERCANTILE EXCHANGE,171121,2017-11-21,099741,CME,00,099,465307,38559,206828,3864,230478,101068,18888,67135,57542,15709,16701,9073,693,392027,413665,73280,51642,-2535,-47,58527,313,7384,5468,1978,-12193,-17930,817,190,-46692,-942,-2500,1539,-35,-4074,100.0,8.3,44.4,0.8,49.5,21.7,4.1,14.4,12.4,3.4,3.6,1.9,0.1,84.3,88.9,15.7,11.1,244,15,19,12,72,32,37,40,32,21,19,15,5,174,145,25.0,34.1,34.5,48.2,24.5,33.8,33.8,47.9,(CONTRACTS OF EUR 125,000),099741,CME ,099 ,F10,FutOnly
EURO FX - CHICAGO MERCANTILE EXCHANGE,171114,2017-11-14,099741,CME,00,099,467842,38606,148301,3551,223094,95600,16910,79328,75472,14892,16511,55765,1635,394527,412126,73315,55716,21340,1078,12114,-433,4354,-4638,-135,17197,17897,-2386,-231,1251,-609,18835,23061,2505,-1721,100.0,8.3,31.7,0.8,47.7,20.4,3.6,17.0,16.1,3.2,3.5,11.9,0.3,84.3,88.1,15.7,11.9,250,16,18,11,70,30,38,47,34,22,19,14,7,179,149,24.1,32.4,32.9,45.4,23.7,32.2,32.3,45.1,(CONTRACTS OF EUR 125,000),099741,CME ,099 ,F10,FutOnly
EURO FX - CHICAGO MERCANTILE EXCHANGE,171107,2017-11-07,099741,CME,00,099,446502,37528,136187,3984,218740,100238,17045,62131,57575,17278,16742,54514,2244,375692,389065,70810,57437,6118,-2854,12126,790,4359,-1910,898,3013,-1600,-373,190,-1570,-295,5728,8066,390,-1948,100.0,8.4,30.5,0.9,49.0,22.4,3.8,13.9,12.9,3.9,3.7,12.2,0.5,84.1,87.1,15.9,12.9,239,16,12,10,63,34,37,40,38,23,22,12,6,167,148,25.1,32.2,34.7,45.7,24.6,31.8,34.0,45.3,(CONTRACTS OF EUR 125,000),099741,CME ,099 ,F10,FutOnly
EURO FX - CHICAGO MERCANTILE EXCHANGE,171031,2017-10-31,099741,CME,00,099,440384,40382,124061,3194,214381,102148,16147,59118,59175,17651,16552,56084,2539,369964,380999,70420,59385,-4634,1754,-10752,21,6211,3218,492,-9999,217,-784,813,-4963,338,-1154,-12213,-3480,7579,100.0,9.2,28.2,0.7,48.7,23.2,3.7,13.4,13.4,4.0,3.8,12.7,0.6,84.0,86.5,16.0,13.5,238,17,14,11,63,33,37,36,43,18,20,10,6,163,147,24.7,31.2,35.1,44.4,24.3,30.8,34.4,43.9,(CONTRACTS OF EUR 125,000),099741,CME ,099 ,F10,FutOnly
EURO FX - CHICAGO MERCANTILE EXCHANGE,171024,2017-10-24,099741,CME,00,099,445018,38628,134813,3173,208170,98930,15655,69117,58958,18435,15739,61047,2201,371118,393212,73900,51806,-1320,-953,-2419,262,1467,1625,-88,-1314,3861,1358,-2552,-4963,-6,-1826,-370,506,-950,100.0,8.7,30.3,0.7,46.8,22.2,3.5,15.5,13.2,4.1,3.5,13.7,0.5,83.4,88.4,16.6,11.6,238,15,15,11,65,33,40,39,42,23,17,11,.,167,148,23.7,35.1,34.2,48.1,23.2,34.6,33.6,47.5,(CONTRACTS OF EUR 125,000),099741,CME ,099 ,F10,FutOnly
EURO FX - CHICAGO MERCANTILE EXCHANGE,171017,2017-10-17,099741,CME,00,099,446338,39581,137232,2911,206703,97305,15743,70431,55097,17077,18291,66010,2207,372944,393582,73394,52756,-4410,3806,3605,931,1626,-1319,-188,-10170,-2697,-1933,-1030,-3084,1888,-5070,-2797,660,-1613,100.0,8.9,30.7,0.7,46.3,21.8,3.5,15.8,12.3,3.8,4.1,14.8,0.5,83.6,88.2,16.4,11.8,239,16,16,11,63,34,39,37,37,21,18,16,5,165,150,24.3,36.2,34.8,49.0,23.8,35.7,33.9,48.4,(CONTRACTS OF EUR 125,000),099741,CME ,099 ,F10,FutOnly
EURO FX - CHICAGO MERCANTILE EXCHANGE,171010,2017-10-10,099741,CME,00,099,450748,35775,133627,1980,205077,98624,15931,80601,57794,19010,19321,69094,319,378014,396379,72734,54369,12085,-1437,7466,292,4499,-2754,-598,11462,6964,1064,-2203,535,36,13115,13005,-1030,-920,100.0,7.9,29.6,0.4,45.5,21.9,3.5,17.9,12.8,4.2,4.3,15.3,0.1,83.9,87.9,16.1,12.1,245,14,17,11,64,34,40,43,38,25,19,14,5,174,152,24.0,35.2,34.3,47.7,23.5,35.1,33.6,47.6,(CONTRACTS OF EUR 125,000),099741,CME ,099 ,F10,FutOnly
EURO FX - CHICAGO MERCANTILE EXCHANGE,171003,2017-10-03,099741,CME,00,099,438663,37212,126161,1688,200578,101378,16529,69139,50830,17946,21524,68559,283,364899,383374,73764,55289,9552,2959,3907,-150,4040,5222,-186,-873,551,4685,1213,-4315,-282,11406,9432,-1854,120,100.0,8.5,28.8,0.4,45.7,23.1,3.8,15.8,11.6,4.1,4.9,15.6,0.1,83.2,87.4,16.8,12.6,243,16,15,10,60,35,39,41,39,19,23,13,4,169,146,24.2,34.9,34.8,47.9,23.7,34.9,34.0,47.7,(CONTRACTS OF EUR 125,000),099741,CME ,099 ,F10,FutOnly
EURO FX - CHICAGO MERCANTILE EXCHANGE,170926,2017-09-26,099741,CME,00,099,429111,34253,122254,1838,196538,96156,16715,70012,50279,13261,20311,72874,565,353493,373942,75618,55169,-1997,3050,18240,387,2129,3280,-1198,-8280,-26854,2519,524,-1379,30,-839,-4975,-1158,2978,100.0,8.0,28.5,0.4,45.8,22.4,3.9,16.3,11.7,3.1,4.7,17.0,0.1,82.4,87.1,17.6,12.9,239,15,16,9,60,34,38,38,39,22,22,14,5,167,146,25.2,35.5,36.0,48.2,24.7,35.5,35.2,48.1,(CONTRACTS OF EUR 125,000),099741,CME ,099 ,F10,FutOnly
EURO FX - CHICAGO MERCANTILE EXCHANGE,170919,2017-09-19,099741,CME,00,099,431108,31203,104014,1451,194409,92876,17913,78292,77133,10742,19787,74253,535,354332,378917,76776,52191,-56317,-14505,-48048,-7936,4462,-1520,330,-6350,15545,-16153,387,12475,-4590,-44355,-49897,-11962,-6420,100.0,7.2,24.1,0.3,45.1,21.5,4.2,18.2,17.9,2.5,4.6,17.2,0.1,82.2,87.9,17.8,12.1,245,13,18,9,61,36,41,40,39,16,20,18,6,168,149,27.1,32.7,37.9,47.7,26.7,32.7,37.2,47.5,(CONTRACTS OF EUR 125,000),099741,CME ,099 ,F10,FutOnly
EURO FX - CHICAGO MERCANTILE EXCHANGE,170912,2017-09-12,099741,CME,00,099,487425,45708,152062,9387,189947,94396,17583,84642,61588,26895,19400,61778,5125,398687,428814,88738,58611,22437,7364,-13078,5500,-14633,523,2085,2665,9668,9813,-1052,2999,968,12710,18478,9727,3959,100.0,9.4,31.2,1.9,39.0,19.4,3.6,17.4,12.6,5.5,4.0,12.7,1.1,81.8,88.0,18.2,12.0,245,16,15,12,61,37,39,38,39,28,18,17,9,178,155,24.0,35.7,34.5,47.9,23.6,34.3,33.4,45.8,(CONTRACTS OF EUR 125,000),099741,CME ,099 ,F10,FutOnly
EURO FX - CHICAGO MERCANTILE EXCHANGE,170905,2017-09-05,099741,CME,00,099,464988,38344,165140,3887,204580,93873,15498,81977,51920,17082,20452,58779,4157,385977,410336,79011,54652,-4319,-1385,-2445,-1013,5284,1278,-1070,-512,237,1238,-3384,-1949,-25,-867,-3749,-3452,-570,100.0,8.2,35.5,0.8,44.0,20.2,3.3,17.6,11.2,3.7,4.4,12.6,0.9,83.0,88.2,17.0,11.8,247,14,18,11,66,34,39,38,39,26,22,15,6,176,153,25.1,37.2,34.8,50.2,24.7,36.4,34.3,49.4,(CONTRACTS OF EUR 125,000),099741,CME ,099 ,F10,FutOnly
EURO FX - CHICAGO MERCANTILE EXCHANGE,170829,2017-08-29,099741,CME,00,099,469307,39729,167585,4900,199296,92595,16568,82489,51683,15844,23836,60728,4182,386844,414085,82463,55222,4862,-3862,878,-287,-144,-220,-1151,1988,-4974,2191,390,3379,809,-66,625,4928,4237,100.0,8.5,35.7,1.0,42.5,19.7,3.5,17.6,11.0,3.4,5.1,12.9,0.9,82.4,88.2,17.6,11.8,252,16,16,13,64,35,44,48,36,21,21,15,4,184,150,23.1,37.5,32.7,50.8,22.8,36.6,32.2,49.7,(CONTRACTS OF EUR 125,000),099741,CME ,099 ,F10,FutOnly
EURO FX - CHICAGO MERCANTILE EXCHANGE,170822,2017-08-22,099741,CME,00,099,464445,43591,166707,5187,199440,92815,17719,80501,56657,13653,23446,57349,3373,386910,413460,77535,50985,2297,-4469,5265,683,-2563,1877,83,10307,-4177,-2851,-207,1551,-348,635,2083,1662,214,100.0,9.4,35.9,1.1,42.9,20.0,3.8,17.3,12.2,2.9,5.0,12.3,0.7,83.3,89.0,16.7,11.0,258,17,17,11,64,36,43,45,40,23,22,16,6,185,156,22.9,37.2,32.9,50.6,22.5,36.5,32.4,49.8,(CONTRACTS OF EUR 125,000),099741,CME ,099 ,F10,FutOnly
EURO FX - CHICAGO MERCANTILE EXCHANGE,170815,2017-08-15,099741,CME,00,099,462148,48060,161442,4504,202003,90938,17636,70194,60834,16504,23653,55798,3721,386275,411377,75873,50771,996,1162,-5045,740,17968,4515,-15,-13274,2699,-700,-901,-217,-378,4602,1599,-3606,-603,100.0,10.4,34.9,1.0,43.7,19.7,3.8,15.2,13.2,3.6,5.1,12.1,0.8,83.6,89.0,16.4,11.0,255,17,17,11,63,36,43,44,41,23,22,14,8,183,157,22.5,36.0,32.8,49.2,22.1,35.2,32.3,48.3,(CONTRACTS OF EUR 125,000),099741,CME ,099 ,F10,FutOnly
EURO FX - CHICAGO MERCANTILE EXCHANGE,170808,2017-08-08,099741,CME,00,099,461152,46898,166487,3764,184035,86423,17651,83468,58135,17204,24554,56015,4099,381673,409778,79479,51374,3898,1582,14786,558,-5136,2950,-161,10475,-8161,-2568,-637,-1110,609,4722,6903,-824,-3005,100.0,10.2,36.1,0.8,39.9,18.7,3.8,18.1,12.6,3.7,5.3,12.1,0.9,82.8,88.9,17.2,11.1,261,19,17,11,64,36,44,43,40,24,25,16,6,186,160,20.5,36.0,30.3,48.5,20.1,35.3,29.8,47.7,(CONTRACTS OF EUR 125,000),099741,CME ,099 ,F10,FutOnly
EURO FX - CHICAGO MERCANTILE EXCHANGE,170801,2017-08-01,099741,CME,00,099,457254,45316,151701,3206,189171,83473,17812,72993,66296,19772,25191,57125,3490,376951,402875,80303,54379,8168,89,3507,307,415,2277,992,4705,-1640,5508,-5041,-2745,555,7530,8761,638,-593,100.0,9.9,33.2,0.7,41.4,18.3,3.9,16.0,14.5,4.3,5.5,12.5,0.8,82.4,88.1,17.6,11.9,260,17,18,12,64,35,44,47,40,24,24,14,5,187,158,18.7,34.0,28.5,47.2,18.3,33.3,28.0,46.0,(CONTRACTS OF EUR 125,000),099741,CME ,099 ,F10,FutOnly
EURO FX - CHICAGO MERCANTILE EXCHANGE,170725,2017-07-25,099741,CME,00,099,449086,45227,148194,2899,188756,81196,16820,68288,67936,14264,30232,59870,2935,369421,394114,79665,54972,2827,9782,2073,-189,-83,2110,1781,-9366,-3259,1269,190,-2839,823,4207,1769,-1380,1058,100.0,10.1,33.0,0.6,42.0,18.1,3.7,15.2,15.1,3.2,6.7,13.3,0.7,82.3,87.8,17.7,12.2,259,15,18,12,60,34,40,48,40,19,29,14,.,183,150,20.6,34.3,30.5,47.6,20.2,33.6,30.0,46.5,(CONTRACTS OF EUR 125,000),099741,CME ,099 ,F10,FutOnly
EURO FX - CHICAGO MERCANTILE EXCHANGE,170718,2017-07-18,099741,CME,00,099,446259,35445,146121,3088,188839,79086,15039,77654,71195,12995,30042,62709,2112,365214,392345,81045,53914,9360,-4167,6936,1169,6807,1896,-88,4981,-1188,-2,-1493,1398,939,8146,11060,1214,-1700,100.0,7.9,32.7,0.7,42.3,17.7,3.4,17.4,16.0,2.9,6.7,14.1,0.5,81.8,87.9,18.2,12.1,247,13,18,11,55,33,38,45,34,21,33,15,6,177,146,22.7,33.8,33.4,47.3,22.4,33.4,33.0,46.6,(CONTRACTS OF EUR 125,000),099741,CME ,099 ,F10,FutOnly
EURO FX - CHICAGO MERCANTILE EXCHANGE,170711,2017-07-11,099741,CME,00,099,436899,39612,139185,1919,182032,77190,15127,72673,72383,12997,31535,61311,1173,357068,381285,79831,55614,14403,1142,11995,501,3849,6697,2769,4356,-2547,-243,-1177,-6335,11,11208,12848,3195,1555,100.0,9.1,31.9,0.4,41.7,17.7,3.5,16.6,16.6,3.0,7.2,14.0,0.3,81.7,87.3,18.3,12.7,248,14,17,10,52,33,38,41,39,28,35,16,5,181,148,21.6,33.0,31.5,45.9,21.3,32.9,31.2,45.3,(CONTRACTS OF EUR 125,000),099741,CME ,099 ,F10,FutOnly
EURO FX - CHICAGO MERCANTILE EXCHANGE,170703,2017-07-03,099741,CME,00,099,422496,38470,127190,1418,178183,70493,12358,68317,74930,13240,32712,67646,1162,345860,368437,76636,54059,21936,4942,28421,-149,5213,2274,1047,1361,-173,2178,1027,-12212,16,15635,21402,6301,534,100.0,9.1,30.1,0.3,42.2,16.7,2.9,16.2,17.7,3.1,7.7,16.0,0.3,81.9,87.2,18.1,12.8,250,14,18,9,54,31,35,42,36,21,35,19,5,175,145,22.8,31.3,31.8,44.1,22.5,31.3,31.4,43.7,(CONTRACTS OF EUR 125,000),099741,CME ,099 ,F10,FutOnly
EURO FX - CHICAGO MERCANTILE EXCHANGE,170627,2017-06-27,099741,CME,00,099,400560,33528,98769,1567,172970,68219,11311,66956,75103,11062,31685,79858,1146,330225,347035,70335,53525,21291,358,14301,82,6286,-2150,661,7501,673,1320,956,3784,-37,17127,18634,4164,2657,100.0,8.4,24.7,0.4,43.2,17.0,2.8,16.7,18.7,2.8,7.9,19.9,0.3,82.4,86.6,17.6,13.4,247,13,16,10,54,30,35,42,39,24,32,20,5,171,150,24.5,28.0,32.9,41.1,24.2,28.0,32.5,40.9,(CONTRACTS OF EUR 125,000),099741,CME ,099 ,F10,FutOnly
EURO FX - CHICAGO MERCANTILE EXCHANGE,170620,2017-06-20,099741,CME,00,099,379269,33170,84468,1485,166684,70369,10650,59455,74430,9742,30729,76074,1183,313098,328401,66171,50868,-95031,-47233,-82115,-18589,-1978,984,-292,-2241,22735,-13640,506,11878,-3405,-86872,-82444,-8159,-12587,100.0,8.7,22.3,0.4,43.9,18.6,2.8,15.7,19.6,2.6,8.1,20.1,0.3,82.6,86.6,17.4,13.4,242,13,15,9,52,31,38,38,41,22,34,18,5,167,149,25.4,27.8,34.4,38.9,25.1,27.8,33.9,38.6,(CONTRACTS OF EUR 125,000),099741,CME ,099 ,F10,FutOnly
EURO FX - CHICAGO MERCANTILE EXCHANGE,170613,2017-06-13,099741,CME,00,099,474300,80403,166583,20074,168662,69385,10942,61696,51695,23382,30223,64196,4588,399970,410845,74330,63455,27122,8100,-1975,16719,-4181,461,524,-3003,-2894,3703,305,-492,1548,23715,17594,3407,9528,100.0,17.0,35.1,4.2,35.6,14.6,2.3,13.0,10.9,4.9,6.4,13.5,1.0,84.3,86.6,15.7,13.4,236,15,15,16,51,33,36,38,38,31,28,15,6,175,150,25.0,45.0,35.0,52.2,23.7,42.1,32.9,48.6,(CONTRACTS OF EUR 125,000),099741,CME ,099 ,F10,FutOnly
EURO FX - CHICAGO MERCANTILE EXCHANGE,170606,2017-06-06,099741,CME,00,099,447178,72303,168558,3355,172843,68924,10418,64699,54589,19679,29918,64688,3040,376255,393251,70923,53927,-6102,-129,1161,791,-1580,-2562,-327,-6791,-11255,5425,224,605,-597,-2984,-6759,-3118,657,100.0,16.2,37.7,0.8,38.7,15.4,2.3,14.5,12.2,4.4,6.7,14.5,0.7,84.1,87.9,15.9,12.1,250,13,22,13,54,31,36,38,38,32,34,19,7,179,159,25.0,44.9,34.9,51.8,24.8,44.4,34.7,51.0,(CONTRACTS OF EUR 125,000),099741,CME ,099 ,F10,FutOnly
EURO FX - CHICAGO MERCANTILE EXCHANGE,170530,2017-05-30,099741,CME,00,099,453280,72432,167397,2564,174423,71486,10745,71490,65844,14254,29694,64083,3637,379239,400010,74041,53270,3920,-4028,7990,-19,609,-3746,106,2008,-8980,2134,-1589,5782,-419,-1198,2848,5118,1072,100.0,16.0,36.9,0.6,38.5,15.8,2.4,15.8,14.5,3.1,6.6,14.1,0.8,83.7,88.2,16.3,11.8,254,13,22,13,53,30,34,41,39,29,35,20,8,177,161,24.7,43.1,34.2,50.6,24.4,42.6,33.9,49.7,(CONTRACTS OF EUR 125,000),099741,CME ,099 ,F10,FutOnly
EURO FX - CHICAGO MERCANTILE EXCHANGE,170523,2017-05-23,099741,CME,00,099,449360,76460,159407,2583,173814,75232,10639,69482,74824,12120,31283,58301,4056,380437,397162,68923,52198,17701,-297,27790,279,2169,844,-1429,14320,-13776,1349,-1331,4381,415,15475,19853,2226,-2152,100.0,17.0,35.5,0.6,38.7,16.7,2.4,15.5,16.7,2.7,7.0,13.0,0.9,84.7,88.4,15.3,11.6,266,14,21,12,54,30,34,45,45,28,35,22,10,183,167,25.4,41.1,34.7,49.4,25.1,40.6,34.4,48.7,(CONTRACTS OF EUR 125,000),099741,CME ,099 ,F10,FutOnly
EURO FX - CHICAGO MERCANTILE EXCHANGE,170516,2017-05-16,099741,CME,00,099,431659,76757,131617,2304,171645,74388,12068,55162,88600,10771,32614,53920,3641,364962,377309,66697,54350,13358,-3110,21526,-888,4686,-3972,3500,5254,-12149,228,3090,6062,-518,12242,13789,1116,-431,100.0,17.8,30.5,0.5,39.8,17.2,2.8,12.8,20.5,2.5,7.6,12.5,0.8,84.5,87.4,15.5,12.6,257,14,19,11,53,28,33,39,48,27,32,24,9,170,167,28.2,37.6,38.1,47.3,27.9,37.1,37.7,46.7,(CONTRACTS OF EUR 125,000),099741,CME ,099 ,F10,FutOnly
EURO FX - CHICAGO MERCANTILE EXCHANGE,170509,2017-05-09,099741,CME,00,099,418301,79867,110091,3192,166959,78360,8568,49908,100749,10543,29524,47858,4159,352720,363520,65581,54781,8365,1944,20168,610,779,-7089,764,-2187,-4350,-141,-2895,-1113,1200,74,10049,8291,-1684,100.0,19.1,26.3,0.8,39.9,18.7,2.0,11.9,24.1,2.5,7.1,11.4,1.0,84.3,86.9,15.7,13.1,250,16,18,11,50,30,31,31,54,22,29,22,10,155,169,29.4,36.5,39.4,46.0,29.1,36.0,39.0,45.5,(CONTRACTS OF EUR 125,000),099741,CME ,099 ,F10,FutOnly
EURO FX - CHICAGO MERCANTILE EXCHANGE,170502,2017-05-02,099741,CME,00,099,409936,77923,89923,2582,166180,85449,7804,52095,105099,10684,32419,48971,2959,352646,353471,57290,56465,-1070,-2396,26168,-461,-381,-9510,-63,1752,-26549,2945,1289,3874,77,2762,-3519,-3832,2449,100.0,19.0,21.9,0.6,40.5,20.8,1.9,12.7,25.6,2.6,7.9,11.9,0.7,86.0,86.2,14.0,13.8,261,15,18,11,53,30,31,38,48,21,34,25,11,165,170,30.9,33.7,40.7,45.0,30.6,33.5,40.3,44.8,(CONTRACTS OF EUR 125,000),099741,CME ,099 ,F10,FutOnly
EURO FX - CHICAGO MERCANTILE EXCHANGE,170425,2017-04-25,099741,CME,00,099,411006,80319,63755,3043,166561,94959,7867,50343,131648,7739,31130,45097,2882,349884,356990,61122,54016,-19583,-24993,8795,537,1995,-13309,426,-4005,-19020,1052,25,2361,559,-24404,-18599,4821,-984,100.0,19.5,15.5,0.7,40.5,23.1,1.9,12.2,32.0,1.9,7.6,11.0,0.7,85.1,86.9,14.9,13.1,258,15,17,11,52,36,33,31,52,20,31,24,12,157,177,31.4,33.5,41.2,44.6,31.1,33.3,40.8,44.3,(CONTRACTS OF EUR 125,000),099741,CME ,099 ,F10,FutOnly
EURO FX - CHICAGO MERCANTILE EXCHANGE,170418,2017-04-18,099741,CME,00,099,430589,105312,54960,2506,164566,108268,7441,54348,150668,6687,31105,42736,2323,374288,375589,56301,55000,10257,7008,-6449,-73,-74,842,38,5691,13864,197,156,2945,99,13042,11463,-2785,-1206,100.0,24.5,12.8,0.6,38.2,25.1,1.7,12.6,35.0,1.6,7.2,9.9,0.5,86.9,87.2,13.1,12.8,250,18,14,12,49,37,31,28,54,21,28,22,8,153,169,30.8,33.4,42.6,45.8,30.5,33.2,42.2,45.6,(CONTRACTS OF EUR 125,000),099741,CME ,099 ,F10,FutOnly
EURO FX - CHICAGO MERCANTILE EXCHANGE,170411,2017-04-11,099741,CME,00,099,420332,98304,61409,2579,164640,107426,7403,48657,136804,6490,30949,39791,2224,361246,364126,59086,56206,22738,20593,-10058,33,2641,10743,-872,-1496,19298,38,2041,2368,-427,22551,21123,187,1615,100.0,23.4,14.6,0.6,39.2,25.6,1.8,11.6,32.5,1.5,7.4,9.5,0.5,85.9,86.6,14.1,13.4,245,19,13,11,50,36,30,24,54,22,29,20,7,149,166,30.4,32.9,41.8,45.3,30.1,32.6,41.5,45.0,(CONTRACTS OF EUR 125,000),099741,CME ,099 ,F10,FutOnly
EURO FX - CHICAGO MERCANTILE EXCHANGE,170404,2017-04-04,099741,CME,00,099,397594,77711,71467,2546,161999,96683,8275,50153,117506,6452,28908,37423,2651,338695,343003,58899,54591,-11259,-2859,-10826,500,266,6061,-2104,-5596,1838,-73,-1445,-4390,73,-11238,-8921,-21,-2338,100.0,19.5,18.0,0.6,40.7,24.3,2.1,12.6,29.6,1.6,7.3,9.4,0.7,85.2,86.3,14.8,13.7,236,15,18,10,50,33,34,27,49,21,27,17,7,148,160,31.9,33.6,42.2,44.6,31.6,33.2,41.7,44.2,(CONTRACTS OF EUR 125,000),099741,CME ,099 ,F10,FutOnly
EURO FX - CHICAGO MERCANTILE EXCHANGE,170328,2017-03-28,099741,CME,00,099,408853,80570,82293,2046,161733,90622,10379,55749,115668,6525,30353,41813,2578,349933,351924,58920,56929,2136,1340,16491,276,-2047,-5945,937,2816,-6168,-352,-52,-3898,775,3693,2116,-1557,20,100.0,19.7,20.1,0.5,39.6,22.2,2.5,13.6,28.3,1.6,7.4,10.2,0.6,85.6,86.1,14.4,13.9,241,14,18,10,50,32,34,30,47,21,29,21,9,154,161,32.1,30.8,42.1,42.9,31.9,30.4,41.7,42.5,(CONTRACTS OF EUR 125,000),099741,CME ,099 ,F10,FutOnly
EURO FX - CHICAGO MERCANTILE EXCHANGE,170321,2017-03-21,099741,CME,00,099,406717,79230,65802,1770,163780,96567,9442,52933,121836,6877,30405,45711,1803,346240,349808,60477,56909,25243,423,32029,639,8705,-8811,785,9293,-9538,923,1315,6210,155,22238,22392,3005,2851,100.0,19.5,16.2,0.4,40.3,23.7,2.3,13.0,30.0,1.7,7.5,11.2,0.4,85.1,86.0,14.9,14.0,246,13,17,8,51,34,34,31,48,20,29,23,8,152,164,32.7,28.3,42.8,40.8,32.4,28.1,42.4,40.6,(CONTRACTS OF EUR 125,000),099741,CME ,099 ,F10,FutOnly
EURO FX - CHICAGO MERCANTILE EXCHANGE,170314,2017-03-14,099741,CME,00,099,381474,78807,33773,1131,155075,105378,8657,43640,131374,5954,29090,39501,1648,324002,327416,57472,54058,-53835,-32223,-42600,-4005,4581,1982,-184,3207,-9649,-4098,-20767,15749,207,-53282,-42598,-553,-11237,100.0,20.7,8.9,0.3,40.7,27.6,2.3,11.4,34.4,1.6,7.6,10.4,0.4,84.9,85.8,15.1,14.2,238,14,14,6,48,34,31,25,53,17,29,21,9,140,161,35.1,27.3,45.8,39.1,34.9,27.2,45.4,38.9,(CONTRACTS OF EUR 125,000),099741,CME ,099 ,F10,FutOnly
EURO FX - CHICAGO MERCANTILE EXCHANGE,170307,2017-03-07,099741,CME,00,099,435309,111030,76373,5136,150494,103396,8841,40433,141023,10052,49857,23752,1441,377284,370014,58025,65295,3674,1184,-4374,3080,2971,-756,-1236,-6993,1741,1729,1090,1731,-49,1776,1866,1898,1808,100.0,25.5,17.5,1.2,34.6,23.8,2.0,9.3,32.4,2.3,11.5,5.5,0.3,86.7,85.0,13.3,15.0,241,16,16,14,46,34,31,25,54,24,28,22,10,150,170,39.3,28.6,50.7,41.5,39.1,28.3,50.4,41.0,(CONTRACTS OF EUR 125,000),099741,CME ,099 ,F10,FutOnly
EURO FX - CHICAGO MERCANTILE EXCHANGE,170228,2017-02-28,099741,CME,00,099,431635,109846,80747,2056,147523,104152,10077,47426,139282,8323,48767,22021,1490,375508,368148,56127,63487,14506,-4922,11246,137,9956,6751,-914,5744,-5999,1804,2008,-574,3,13816,12454,690,2052,100.0,25.4,18.7,0.5,34.2,24.1,2.3,11.0,32.3,1.9,11.3,5.1,0.3,87.0,85.3,13.0,14.7,247,17,13,12,50,35,31,31,53,25,27,20,10,155,170,38.8,28.6,50.3,41.4,38.5,28.6,49.9,41.3,(CONTRACTS OF EUR 125,000),099741,CME ,099 ,F10,FutOnly
EURO FX - CHICAGO MERCANTILE EXCHANGE,170221,2017-02-21,099741,CME,00,099,417129,114768,69501,1919,137567,97401,10991,41682,145281,6519,46759,22595,1487,361692,355694,55437,61435,10779,3996,-2819,134,7167,5511,-1732,-771,12792,-5,562,147,-247,9104,13781,1675,-3002,100.0,27.5,16.7,0.5,33.0,23.4,2.6,10.0,34.8,1.6,11.2,5.4,0.4,86.7,85.3,13.3,14.7,247,20,11,11,48,35,32,26,61,21,26,19,10,147,174,38.6,27.8,50.5,40.2,38.2,27.7,50.0,40.1,(CONTRACTS OF EUR 125,000),099741,CME ,099 ,F10,FutOnly
EURO FX - CHICAGO MERCANTILE EXCHANGE,170214,2017-02-14,099741,CME,00,099,406350,110772,72320,1785,130400,91890,12723,42453,132489,6524,46197,22448,1734,352588,341913,53762,64437,-2828,1557,-19561,-87,-8623,3656,-445,23,3477,1107,2851,1465,679,-2938,-9709,110,6881,100.0,27.3,17.8,0.4,32.1,22.6,3.1,10.4,32.6,1.6,11.4,5.5,0.4,86.8,84.1,13.2,15.9,235,19,11,11,45,34,33,25,57,16,26,17,8,139,164,39.3,29.1,51.5,40.5,38.8,29.1,51.0,40.5,(CONTRACTS OF EUR 125,000),099741,CME ,099 ,F10,FutOnly
EURO FX - CHICAGO MERCANTILE EXCHANGE,170207,2017-02-07,099741,CME,00,099,409178,109215,91881,1872,139023,88234,13168,42430,129012,5417,43346,20983,1055,355526,351622,53652,57556,3637,2870,3222,300,-72,3922,-684,-2857,-235,221,3375,68,-673,2480,6141,1157,-2504,100.0,26.7,22.5,0.5,34.0,21.6,3.2,10.4,31.5,1.3,10.6,5.1,0.3,86.9,85.9,13.1,14.1,234,18,12,9,44,34,29,24,59,20,25,17,8,136,164,38.8,31.5,51.2,43.2,38.5,31.5,50.6,43.2,(CONTRACTS OF EUR 125,000),099741,CME ,099 ,F10,FutOnly
EURO FX - CHICAGO MERCANTILE EXCHANGE,170131,2017-01-31,099741,CME,00,099,405541,106345,88659,1572,139095,84312,13852,45287,129247,5196,39971,20915,1728,353046,345481,52495,60060,-8906,-1012,3382,-38,-9807,-2556,99,5647,-9045,-79,-5704,-2303,773,-10121,-9767,1215,861,100.0,26.2,21.9,0.4,34.3,20.8,3.4,11.2,31.9,1.3,9.9,5.2,0.4,87.1,85.2,12.9,14.8,234,15,15,7,45,33,32,28,56,18,22,19,10,133,168,39.2,30.9,51.4,42.4,38.8,30.8,50.7,42.4,(CONTRACTS OF EUR 125,000),099741,CME ,099 ,F10,FutOnly
EURO FX - CHICAGO MERCANTILE EXCHANGE,170124,2017-01-24,099741,CME,00,099,414447,107357,85277,1610,148902,86868,13753,39640,138292,5275,45675,23218,955,363167,355248,51280,59199,-643,-1484,17260,699,-1155,-2649,-1520,-470,-12842,-60,4211,-509,-100,121,279,-764,-922,100.0,25.9,20.6,0.4,35.9,21.0,3.3,9.6,33.4,1.3,11.0,5.6,0.2,87.6,85.7,12.4,14.3,243,16,14,6,45,31,30,23,64,16,27,22,8,130,173,38.5,31.5,50.4,42.2,38.1,31.4,49.8,41.8,(CONTRACTS OF EUR 125,000),099741,CME ,099 ,F10,FutOnly
EURO FX - CHICAGO MERCANTILE EXCHANGE,170117,2017-01-17,099741,CME,00,099,415090,108841,68017,911,150057,89517,15273,40110,151134,5335,41464,23727,1055,363046,354969,52044,60121,-122,-9747,10309,-562,3941,-6153,2652,-548,-5245,161,5206,-1129,105,1208,138,-1330,-260,100.0,26.2,16.4,0.2,36.2,21.6,3.7,9.7,36.4,1.3,10.0,5.7,0.3,87.5,85.5,12.5,14.5,248,16,13,7,46,32,32,26,64,16,26,24,9,132,180,38.4,30.0,50.9,41.4,37.9,30.0,50.1,41.2,(CONTRACTS OF EUR 125,000),099741,CME ,099 ,F10,FutOnly
EURO FX - CHICAGO MERCANTILE EXCHANGE,170110,2017-01-10,099741,CME,00,099,415212,118588,57708,1473,146116,95670,12621,40658,156379,5174,36258,24856,950,361838,354831,53374,60381,-1027,-6240,4838,505,3869,-5099,-838,1573,67,-1175,4894,932,-1786,802,-2556,-1829,1529,100.0,28.6,13.9,0.4,35.2,23.0,3.0,9.8,37.7,1.2,8.7,6.0,0.2,87.1,85.5,12.9,14.5,241,16,11,10,44,33,30,23,64,15,27,22,8,131,173,36.5,28.5,48.4,41.4,36.1,28.4,47.7,41.4,(CONTRACTS OF EUR 125,000),099741,CME ,099 ,F10,FutOnly
EURO FX - CHICAGO MERCANTILE EXCHANGE,170103,2017-01-03,099741,CME,00,099,416239,124828,52870,968,142247,100769,13459,39085,156312,6349,31364,23924,2736,361036,357387,55203,58852,10558,4951,4910,65,3570,801,-267,-1660,10379,-325,1350,-1980,-169,7515,13414,3043,-2856,100.0,30.0,12.7,0.2,34.2,24.2,3.2,9.4,37.6,1.5,7.5,5.7,0.7,86.7,85.9,13.3,14.1,241,18,11,9,44,34,28,18,69,14,25,20,10,128,174,36.3,26.1,47.5,39.0,36.0,26.1,46.9,39.0,(CONTRACTS OF EUR 125,000),099741,CME ,099 ,F10,FutOnly
EURO FX/BRITISH POUND XRATE - CHICAGO MERCANTILE EXCHANGE,171226,2017-12-26,299741,CME,00,099,37853,626,23690,10,21272,4574,1555,448,3768,676,538,419,10,25135,34702,12718,3151,78,0,1,0,-222,503,38,0,241,12,0,-503,0,-172,292,250,-214,100.0,1.7,62.6,0.0,56.2,12.1,4.1,1.2,10.0,1.8,1.4,1.1,0.0,66.4,91.7,33.6,8.3,31,.,.,.,17,4,9,.,4,.,.,.,.,25,18,35.0,76.8,44.9,86.0,33.4,74.7,43.3,83.1,(CONTRACTS OF EUR 125,000),299741,CME ,099 ,F10,FutOnly
EURO FX/BRITISH POUND XRATE - CHICAGO MERCANTILE EXCHANGE,171219,2017-12-19,299741,CME,00,099,37775,626,23689,10,21494,4071,1517,448,3527,664,538,922,10,25307,34410,12468,3365,-8043,-1026,-1414,-5316,80,-90,44,-169,137,-420,0,0,-347,-7154,-7406,-889,-637,100.0,1.7,62.7,0.0,56.9,10.8,4.0,1.2,9.3,1.8,1.4,2.4,0.0,67.0,91.1,33.0,8.9,31,.,.,.,17,.,9,.,4,.,.,.,.,25,18,35.2,76.3,45.1,85.5,33.8,74.2,43.6,82.7,(CONTRACTS OF EUR 125,000),299741,CME ,099 ,F10,FutOnly
EURO FX/BRITISH POUND XRATE - CHICAGO MERCANTILE EXCHANGE,171212,2017-12-12,299741,CME,00,099,45818,1652,25103,5326,21414,4161,1473,617,3390,1084,538,922,357,32461,41816,13357,4002,5579,-276,0,5326,-342,580,-102,617,-562,177,0,-352,352,5752,5419,-173,160,100.0,3.6,54.8,11.6,46.7,9.1,3.2,1.3,7.4,2.4,1.2,2.0,0.8,70.8,91.3,29.2,8.7,31,.,.,.,17,.,9,.,.,.,.,.,.,28,17,39.6,80.0,49.7,86.6,27.9,68.8,36.7,73.1,(CONTRACTS OF EUR 125,000),299741,CME ,099 ,F10,FutOnly
EURO FX/BRITISH POUND XRATE - CHICAGO MERCANTILE EXCHANGE,171205,2017-12-05,299741,CME,00,099,40239,1928,25103,0,21756,3581,1575,0,3952,907,538,1274,5,26709,36397,13530,3842,1551,0,201,0,1410,2284,-385,-560,-1276,174,118,0,0,757,998,794,553,100.0,4.8,62.4,0.0,54.1,8.9,3.9,0.0,9.8,2.3,1.3,3.2,0.0,66.4,90.5,33.6,9.5,29,.,.,0,17,.,8,0,4,.,.,.,.,26,15,32.9,80.4,44.7,87.3,31.5,77.9,43.2,84.1,(CONTRACTS OF EUR 125,000),299741,CME ,099 ,F10,FutOnly
EURO FX/BRITISH POUND XRATE - CHICAGO MERCANTILE EXCHANGE,171128,2017-11-28,299741,CME,00,099,38688,1928,24902,0,20346,1297,1960,560,5228,733,420,1274,5,25952,35399,12736,3289,1971,-833,667,0,1864,0,-1,98,1144,95,420,0,0,1643,1905,328,66,100.0,5.0,64.4,0.0,52.6,3.4,5.1,1.4,13.5,1.9,1.1,3.3,0.0,67.1,91.5,32.9,8.5,29,.,.,0,16,.,7,.,5,.,.,.,.,24,15,33.5,80.4,46.1,88.3,32.1,77.0,43.6,84.2,(CONTRACTS OF EUR 125,000),299741,CME ,099 ,F10,FutOnly
EURO FX/BRITISH POUND XRATE - CHICAGO MERCANTILE EXCHANGE,171121,2017-11-21,299741,CME,00,099,36717,2761,24235,0,18482,1297,1961,462,4084,638,0,1274,5,24309,33494,12408,3223,1022,0,225,0,1660,44,-50,-274,451,-10,0,0,0,1326,660,-304,362,100.0,7.5,66.0,0.0,50.3,3.5,5.3,1.3,11.1,1.7,0.0,3.5,0.0,66.2,91.2,33.8,8.8,28,.,.,0,16,.,7,.,5,.,0,.,.,23,15,32.7,80.3,45.9,87.8,31.7,76.9,43.1,83.8,(CONTRACTS OF EUR 125,000),299741,CME ,099 ,F10,FutOnly
EURO FX/BRITISH POUND XRATE - CHICAGO MERCANTILE EXCHANGE,171114,2017-11-14,299741,CME,00,099,35695,2761,24010,0,16822,1253,2011,736,3633,648,0,1274,5,22983,32834,12712,2861,695,0,331,0,30,-324,334,-475,595,29,0,503,0,-82,1468,777,-773,100.0,7.7,67.3,0.0,47.1,3.5,5.6,2.1,10.2,1.8,0.0,3.6,0.0,64.4,92.0,35.6,8.0,26,.,.,0,14,.,7,.,5,.,0,.,.,21,15,32.5,80.9,46.7,88.5,31.5,77.3,43.7,84.2,(CONTRACTS OF EUR 125,000),299741,CME ,099 ,F10,FutOnly
EURO FX/BRITISH POUND XRATE - CHICAGO MERCANTILE EXCHANGE,171107,2017-11-07,299741,CME,00,099,35000,2761,23679,0,16792,1577,1677,1211,3038,619,0,771,5,23065,31366,11935,3634,31,78,653,0,344,-408,-31,-218,-727,10,0,0,0,183,-503,-152,534,100.0,7.9,67.7,0.0,48.0,4.5,4.8,3.5,8.7,1.8,0.0,2.2,0.0,65.9,89.6,34.1,10.4,25,.,.,0,14,.,7,.,4,.,0,.,.,21,13,33.3,81.0,46.8,88.4,32.3,78.4,44.6,83.0,(CONTRACTS OF EUR 125,000),299741,CME ,099 ,F10,FutOnly
EURO FX/BRITISH POUND XRATE - CHICAGO MERCANTILE EXCHANGE,171031,2017-10-31,299741,CME,00,099,34969,2683,23026,0,16448,1985,1708,1429,3765,609,0,771,5,22882,31869,12087,3100,-855,481,-956,0,-949,0,42,212,-207,19,0,771,5,-190,-326,-665,-529,100.0,7.7,65.8,0.0,47.0,5.7,4.9,4.1,10.8,1.7,0.0,2.2,0.0,65.4,91.1,34.6,8.9,27,.,.,0,14,.,8,.,5,.,0,.,.,22,15,32.2,80.6,45.7,87.8,31.1,78.0,43.7,84.3,(CONTRACTS OF EUR 125,000),299741,CME ,099 ,F10,FutOnly
EURO FX/BRITISH POUND XRATE - CHICAGO MERCANTILE EXCHANGE,171024,2017-10-24,299741,CME,00,099,35824,2202,23982,0,17397,1985,1666,1217,3972,590,0,0,0,23072,32195,12752,3629,241,-274,107,0,40,-23,-40,71,182,13,0,0,0,-190,239,431,2,100.0,6.1,66.9,0.0,48.6,5.5,4.7,3.4,11.1,1.6,0.0,0.0,0.0,64.4,89.9,35.6,10.1,26,.,.,0,14,.,8,.,5,.,0,0,0,21,14,33.2,80.4,46.2,87.8,31.9,77.8,44.1,83.6,(CONTRACTS OF EUR 125,000),299741,CME ,099 ,F10,FutOnly
EURO FX/BRITISH POUND XRATE - CHICAGO MERCANTILE EXCHANGE,171017,2017-10-17,299741,CME,00,099,35583,2476,23875,0,17357,2008,1706,1146,3790,577,0,0,0,23262,31956,12321,3627,422,0,-771,0,-28,431,112,511,1136,-6,0,0,0,589,902,-167,-480,100.0,7.0,67.1,0.0,48.8,5.6,4.8,3.2,10.7,1.6,0.0,0.0,0.0,65.4,89.8,34.6,10.2,27,.,.,0,15,.,8,.,5,.,0,0,0,22,14,32.5,80.0,45.8,87.7,31.6,77.4,43.7,83.4,(CONTRACTS OF EUR 125,000),299741,CME ,099 ,F10,FutOnly
EURO FX/BRITISH POUND XRATE - CHICAGO MERCANTILE EXCHANGE,171010,2017-10-10,299741,CME,00,099,35161,2476,24646,0,17385,1577,1594,635,2654,583,0,0,0,22673,31054,12488,4107,1260,-65,964,0,1828,0,-307,146,728,5,0,-771,-5,1602,614,-342,646,100.0,7.0,70.1,0.0,49.4,4.5,4.5,1.8,7.5,1.7,0.0,0.0,0.0,64.5,88.3,35.5,11.7,24,.,.,0,15,.,7,.,4,.,0,0,0,20,12,32.9,82.8,46.5,87.6,32.1,80.2,44.5,82.1,(CONTRACTS OF EUR 125,000),299741,CME ,099 ,F10,FutOnly
EURO FX/BRITISH POUND XRATE - CHICAGO MERCANTILE EXCHANGE,171003,2017-10-03,299741,CME,00,099,33901,2541,23682,0,15557,1577,1901,489,1926,578,0,771,5,21071,30440,12830,3461,-334,0,10,0,957,-8,199,3,-152,0,-412,0,0,747,49,-1081,-383,100.0,7.5,69.9,0.0,45.9,4.7,5.6,1.4,5.7,1.7,0.0,2.3,0.0,62.2,89.8,37.8,10.2,23,.,.,0,14,.,6,.,.,.,0,.,.,20,11,32.0,82.8,45.8,88.5,30.5,80.0,43.0,82.5,(CONTRACTS OF EUR 125,000),299741,CME ,099 ,F10,FutOnly
EURO FX/BRITISH POUND XRATE - CHICAGO MERCANTILE EXCHANGE,170926,2017-09-26,299741,CME,00,099,34235,2541,23672,0,14600,1585,1702,486,2078,578,412,771,5,20324,30391,13911,3844,1130,0,-4,0,-478,-27,63,-487,1196,-1,0,0,0,-903,1227,2033,-97,100.0,7.4,69.1,0.0,42.6,4.6,5.0,1.4,6.1,1.7,1.2,2.3,0.0,59.4,88.8,40.6,11.2,21,.,.,0,11,.,5,.,.,.,.,.,.,18,10,31.9,82.4,45.9,88.1,30.4,79.7,43.1,82.1,(CONTRACTS OF EUR 125,000),299741,CME ,099 ,F10,FutOnly
EURO FX/BRITISH POUND XRATE - CHICAGO MERCANTILE EXCHANGE,170919,2017-09-19,299741,CME,00,099,33105,2541,23676,0,15078,1612,1639,973,882,579,412,771,5,21227,29164,11878,3941,-3415,391,-2141,-50,392,17,334,-1877,-16,-935,0,-65,5,-1740,-2851,-1675,-564,100.0,7.7,71.5,0.0,45.5,4.9,5.0,2.9,2.7,1.7,1.2,2.3,0.0,64.1,88.1,35.9,11.9,21,.,.,0,12,.,5,.,.,.,.,.,.,19,9,32.9,83.9,47.7,87.9,31.6,81.3,45.5,81.4,(CONTRACTS OF EUR 125,000),299741,CME ,099 ,F10,FutOnly
EURO FX/BRITISH POUND XRATE - CHICAGO MERCANTILE EXCHANGE,170912,2017-09-12,299741,CME,00,099,36520,2150,25817,50,14686,1595,1305,2850,898,1514,412,836,0,22967,32015,13553,4505,.,.,.,.,.,.,.,.,.,.,.,.,.,.,.,.,.,100.0,5.9,70.7,0.1,40.2,4.4,3.6,7.8,2.5,4.1,1.1,2.3,0.0,62.9,87.7,37.1,12.3,22,.,.,.,10,.,4,.,.,.,.,.,0,19,11,33.4,80.0,47.3,86.5,33.1,77.4,46.2,79.8,(CONTRACTS OF EUR 125,000),299741,CME ,099 ,F10,FutOnly
EURO FX/BRITISH POUND XRATE - CHICAGO MERCANTILE EXCHANGE,170829,2017-08-29,299741,CME,00,099,34904,2280,25722,35,14286,1595,1305,2553,591,560,412,836,0,21431,30644,13473,4260,171,0,165,0,-373,-278,185,-344,-33,18,0,0,0,-514,57,685,114,100.0,6.5,73.7,0.1,40.9,4.6,3.7,7.3,1.7,1.6,1.2,2.4,0.0,61.4,87.8,38.6,12.2,21,.,.,.,10,.,4,.,.,.,.,.,0,18,10,32.4,83.3,46.2,87.5,32.1,80.7,44.6,82.4,(CONTRACTS OF EUR 125,000),299741,CME ,099 ,F10,FutOnly
EURO FX/BRITISH POUND XRATE - CHICAGO MERCANTILE EXCHANGE,170822,2017-08-22,299741,CME,00,099,34733,2280,25557,35,14659,1873,1120,2897,624,542,412,836,0,21945,30587,12788,4146,.,.,.,.,.,.,.,.,.,.,.,.,.,.,.,.,.,100.0,6.6,73.6,0.1,42.2,5.4,3.2,8.3,1.8,1.6,1.2,2.4,0.0,63.2,88.1,36.8,11.9,22,.,.,.,11,.,4,.,.,.,.,.,0,19,9,32.9,83.5,47.0,87.8,32.6,81.4,45.7,83.2,(CONTRACTS OF EUR 125,000),299741,CME ,099 ,F10,FutOnly
EURO FX/BRITISH POUND XRATE - CHICAGO MERCANTILE EXCHANGE,170703,2017-07-03,299741,CME,00,099,33598,2110,24357,28,13826,0,299,3960,1008,350,0,2718,696,21269,29456,12329,4142,-1187,-68,180,0,-662,0,-1,-363,-1341,-39,0,-3,0,-1133,-1204,-54,17,100.0,6.3,72.5,0.1,41.2,0.0,0.9,11.8,3.0,1.0,0.0,8.1,2.1,63.3,87.7,36.7,12.3,20,.,.,.,10,0,4,.,.,.,0,.,.,17,10,38.0,82.7,51.2,87.6,37.6,80.6,50.3,83.6,(CONTRACTS OF EUR 125,000),299741,CME ,099 ,F10,FutOnly
EURO FX/BRITISH POUND XRATE - CHICAGO MERCANTILE EXCHANGE,170627,2017-06-27,299741,CME,00,099,34785,2178,24177,28,14488,0,300,4323,2349,389,0,2721,696,22402,30660,12383,4125,138,0,628,0,270,0,38,-711,-580,-65,0,-2,-30,-498,-11,636,149,100.0,6.3,69.5,0.1,41.7,0.0,0.9,12.4,6.8,1.1,0.0,7.8,2.0,64.4,88.1,35.6,11.9,22,.,.,.,11,0,4,.,.,.,0,.,.,19,11,37.2,80.8,50.4,87.7,36.7,78.5,49.5,84.1,(CONTRACTS OF EUR 125,000),299741,CME ,099 ,F10,FutOnly
EURO FX/BRITISH POUND XRATE - CHICAGO MERCANTILE EXCHANGE,170620,2017-06-20,299741,CME,00,099,34647,2178,23549,28,14218,0,262,5034,2929,454,0,2723,726,22900,30671,11747,3976,411,996,590,-32,-1960,0,0,1610,-1921,80,0,1887,726,1420,1330,-1009,-919,100.0,6.3,68.0,0.1,41.0,0.0,0.8,14.5,8.5,1.3,0.0,7.9,2.1,66.1,88.5,33.9,11.5,22,.,.,.,10,0,4,.,.,.,0,.,.,19,12,37.4,81.1,51.7,87.9,36.9,78.8,50.7,84.3,(CONTRACTS OF EUR 125,000),299741,CME ,099 ,F10,FutOnly
EURO FX/BRITISH POUND XRATE - CHICAGO MERCANTILE EXCHANGE,170613,2017-06-13,299741,CME,00,099,34236,1182,22959,60,16178,0,262,3424,4850,374,0,836,0,21480,29341,12756,4895,397,-780,411,32,-578,0,19,180,-823,47,0,0,0,-1080,-314,1477,711,100.0,3.5,67.1,0.2,47.3,0.0,0.8,10.0,14.2,1.1,0.0,2.4,0.0,62.7,85.7,37.3,14.3,23,.,.,.,11,0,4,.,5,4,0,.,0,20,13,42.3,72.4,52.9,83.1,41.7,72.3,52.2,82.7,(CONTRACTS OF EUR 125,000),299741,CME ,099 ,F10,FutOnly
EURO FX/BRITISH POUND XRATE - CHICAGO MERCANTILE EXCHANGE,170606,2017-06-06,299741,CME,00,099,33839,1962,22548,28,16756,0,243,3244,5673,327,0,836,0,22560,29655,11279,4184,-1496,139,-815,0,-1069,0,-21,988,-430,40,0,0,0,77,-1226,-1573,-270,100.0,5.8,66.6,0.1,49.5,0.0,0.7,9.6,16.8,1.0,0.0,2.5,0.0,66.7,87.6,33.3,12.4,25,.,.,.,12,0,4,.,5,.,0,.,0,19,13,42.7,71.9,53.8,85.0,42.2,71.8,53.1,84.9,(CONTRACTS OF EUR 125,000),299741,CME ,099 ,F10,FutOnly
EURO FX/BRITISH POUND XRATE - CHICAGO MERCANTILE EXCHANGE,170530,2017-05-30,299741,CME,00,099,35335,1823,23363,28,17825,0,264,2256,6103,287,0,836,0,22483,30881,12852,4454,366,-92,-72,0,-341,0,29,161,1070,5,0,-700,0,-238,332,604,34,100.0,5.2,66.1,0.1,50.4,0.0,0.7,6.4,17.3,0.8,0.0,2.4,0.0,63.6,87.4,36.4,12.6,23,.,.,.,11,0,4,.,5,.,0,.,0,17,13,42.4,71.2,54.1,84.5,41.9,71.1,53.4,84.4,(CONTRACTS OF EUR 125,000),299741,CME ,099 ,F10,FutOnly
EURO FX/BRITISH POUND XRATE - CHICAGO MERCANTILE EXCHANGE,170523,2017-05-23,299741,CME,00,099,34969,1915,23435,28,18166,0,235,2095,5033,282,0,1536,0,22721,30549,12248,4420,2044,-437,360,0,772,0,-1,1420,2474,12,0,-815,0,1766,2030,278,14,100.0,5.5,67.0,0.1,51.9,0.0,0.7,6.0,14.4,0.8,0.0,4.4,0.0,65.0,87.4,35.0,12.6,25,.,.,.,12,0,4,.,5,.,0,.,0,17,14,42.1,71.8,54.2,82.7,41.7,71.7,53.5,82.5,(CONTRACTS OF EUR 125,000),299741,CME ,099 ,F10,FutOnly
EURO FX/BRITISH POUND XRATE - CHICAGO MERCANTILE EXCHANGE,170516,2017-05-16,299741,CME,00,099,32925,2352,23075,28,17394,0,236,675,2559,270,0,2351,0,20955,28519,11970,4406,338,33,119,0,140,0,35,675,328,15,0,0,0,898,497,-560,-159,100.0,7.1,70.1,0.1,52.8,0.0,0.7,2.1,7.8,0.8,0.0,7.1,0.0,63.6,86.6,36.4,13.4,22,.,.,.,11,0,4,.,.,.,0,.,0,16,12,42.2,74.8,53.4,85.9,41.8,74.7,52.7,85.0,(CONTRACTS OF EUR 125,000),299741,CME ,099 ,F10,FutOnly
EURO FX/BRITISH POUND XRATE - CHICAGO MERCANTILE EXCHANGE,170509,2017-05-09,299741,CME,00,099,32587,2319,22956,28,17254,0,201,0,2231,255,0,2351,0,20057,28022,12530,4565,-262,20,-8,0,1340,0,1,-769,276,10,-1142,-300,0,-540,-21,278,-241,100.0,7.1,70.4,0.1,52.9,0.0,0.6,0.0,6.8,0.8,0.0,7.2,0.0,61.5,86.0,38.5,14.0,21,.,.,.,11,0,4,0,.,.,0,.,0,15,12,42.2,75.2,53.6,85.4,41.9,75.1,53.0,84.5,(CONTRACTS OF EUR 125,000),299741,CME ,099 ,F10,FutOnly
EURO FX/BRITISH POUND XRATE - CHICAGO MERCANTILE EXCHANGE,170502,2017-05-02,299741,CME,00,099,32849,2299,22964,28,15914,0,200,769,1955,245,1142,2651,0,20597,28043,12252,4806,639,412,-181,0,-368,0,2,192,1322,14,0,0,0,252,1157,387,-518,100.0,7.0,69.9,0.1,48.4,0.0,0.6,2.3,6.0,0.7,3.5,8.1,0.0,62.7,85.4,37.3,14.6,22,.,.,.,10,0,4,.,.,.,.,.,0,16,12,41.2,75.5,52.7,84.8,40.9,75.4,52.1,83.9,(CONTRACTS OF EUR 125,000),299741,CME ,099 ,F10,FutOnly
EURO FX/BRITISH POUND XRATE - CHICAGO MERCANTILE EXCHANGE,170425,2017-04-25,299741,CME,00,099,32210,1887,23145,28,16282,0,198,577,633,231,1142,2651,0,20345,26886,11865,5324,-1938,1135,-1413,28,-970,0,4,-2203,-444,-1,0,-500,0,-2007,-2326,69,388,100.0,5.9,71.9,0.1,50.5,0.0,0.6,1.8,2.0,0.7,3.5,8.2,0.0,63.2,83.5,36.8,16.5,20,.,.,.,10,0,4,.,.,.,.,.,0,16,10,42.1,77.6,53.4,83.4,41.8,77.5,52.8,82.1,(CONTRACTS OF EUR 125,000),299741,CME ,099 ,F10,FutOnly
EURO FX/BRITISH POUND XRATE - CHICAGO MERCANTILE EXCHANGE,170418,2017-04-18,299741,CME,00,099,34148,752,24558,0,17252,0,194,2780,1077,232,1142,3151,0,22352,29212,11796,4936,432,0,-550,-1,-298,0,-175,1153,544,14,0,-200,0,693,-368,-261,800,100.0,2.2,71.9,0.0,50.5,0.0,0.6,8.1,3.2,0.7,3.3,9.2,0.0,65.5,85.5,34.5,14.5,24,.,4,0,11,0,4,.,.,.,.,.,0,17,12,42.4,76.3,53.3,85.0,42.1,76.3,52.7,84.3,(CONTRACTS OF EUR 125,000),299741,CME ,099 ,F10,FutOnly
EURO FX/BRITISH POUND XRATE - CHICAGO MERCANTILE EXCHANGE,170411,2017-04-11,299741,CME,00,099,33716,752,25108,1,17550,0,369,1627,533,218,1142,3351,0,21659,29580,12057,4136,-351,0,869,0,-696,0,-64,229,-919,-1,0,0,0,-532,-115,181,-236,100.0,2.2,74.5,0.0,52.1,0.0,1.1,4.8,1.6,0.6,3.4,9.9,0.0,64.2,87.7,35.8,12.3,22,.,5,.,11,0,5,.,.,.,.,.,0,16,13,43.3,77.9,54.8,86.6,43.0,77.9,53.7,86.0,(CONTRACTS OF EUR 125,000),299741,CME ,099 ,F10,FutOnly
EURO FX/BRITISH POUND XRATE - CHICAGO MERCANTILE EXCHANGE,170404,2017-04-04,299741,CME,00,099,34067,752,24239,1,18246,0,433,1398,1452,219,1142,3351,0,22191,29695,11876,4372,-1349,0,-711,0,-690,0,11,-573,-488,0,0,0,0,-1252,-1188,-97,-161,100.0,2.2,71.2,0.0,53.6,0.0,1.3,4.1,4.3,0.6,3.4,9.8,0.0,65.1,87.2,34.9,12.8,25,.,5,.,12,0,5,.,.,.,.,.,0,17,15,42.7,75.6,53.9,83.2,42.3,75.6,52.7,82.5,(CONTRACTS OF EUR 125,000),299741,CME ,099 ,F10,FutOnly
EURO FX/BRITISH POUND XRATE - CHICAGO MERCANTILE EXCHANGE,170328,2017-03-28,299741,CME,00,099,35416,752,24950,1,18936,0,422,1971,1940,219,1142,3351,0,23443,30883,11973,4533,691,0,1093,0,668,0,-22,175,88,5,0,0,0,826,1164,-135,-473,100.0,2.1,70.4,0.0,53.5,0.0,1.2,5.6,5.5,0.6,3.2,9.5,0.0,66.2,87.2,33.8,12.8,25,.,5,.,12,0,5,.,.,.,.,.,0,17,15,44.3,74.9,55.4,83.2,43.9,74.9,54.2,82.7,(CONTRACTS OF EUR 125,000),299741,CME ,099 ,F10,FutOnly
EURO FX/BRITISH POUND XRATE - CHICAGO MERCANTILE EXCHANGE,170321,2017-03-21,299741,CME,00,099,34725,752,23857,1,18268,0,444,1796,1852,214,1142,3351,0,22617,29719,12108,5006,931,0,853,0,48,0,-24,-362,-559,-43,1142,0,0,761,227,170,704,100.0,2.2,68.7,0.0,52.6,0.0,1.3,5.2,5.3,0.6,3.3,9.7,0.0,65.1,85.6,34.9,14.4,25,.,4,.,12,0,5,.,4,.,.,.,0,17,15,42.7,74.2,53.8,81.8,42.2,74.2,53.0,81.2,(CONTRACTS OF EUR 125,000),299741,CME ,099 ,F10,FutOnly
EURO FX/BRITISH POUND XRATE - CHICAGO MERCANTILE EXCHANGE,170314,2017-03-14,299741,CME,00,099,33794,752,23004,1,18220,0,468,2158,2411,257,0,3351,0,21856,29492,11938,4302,-3909,-12,1010,-569,953,0,10,440,1398,82,0,1075,0,904,3006,-4813,-6915,100.0,2.2,68.1,0.0,53.9,0.0,1.4,6.4,7.1,0.8,0.0,9.9,0.0,64.7,87.3,35.3,12.7,24,.,.,.,12,0,5,.,4,.,0,.,0,17,14,42.5,76.8,53.1,84.6,41.9,76.8,52.2,83.9,(CONTRACTS OF EUR 125,000),299741,CME ,099 ,F10,FutOnly
EURO FX/BRITISH POUND XRATE - CHICAGO MERCANTILE EXCHANGE,170307,2017-03-07,299741,CME,00,099,37703,764,21994,570,17267,0,458,1718,1013,175,0,2276,0,20952,26486,16751,11217,6755,0,692,43,16,0,-24,1262,-78,-458,0,540,0,839,715,5916,6040,100.0,2.0,58.3,1.5,45.8,0.0,1.2,4.6,2.7,0.5,0.0,6.0,0.0,55.6,70.2,44.4,29.8,22,.,4,.,11,0,5,.,.,.,0,.,0,18,13,37.0,62.2,45.4,69.0,36.3,61.0,44.6,67.1,(CONTRACTS OF EUR 125,000),299741,CME ,099 ,F10,FutOnly
EURO FX/BRITISH POUND XRATE - CHICAGO MERCANTILE EXCHANGE,170228,2017-02-28,299741,CME,00,099,30948,764,21302,527,17251,0,482,456,1091,633,0,1736,0,20113,25771,10835,5177,1801,0,-301,527,-344,0,28,-1,-431,465,0,900,0,675,1188,1126,613,100.0,2.5,68.8,1.7,55.7,0.0,1.6,1.5,3.5,2.0,0.0,5.6,0.0,65.0,83.3,35.0,16.7,22,.,4,.,11,0,5,.,.,.,0,.,0,17,14,44.5,71.6,53.3,80.4,43.6,69.9,51.9,77.6,(CONTRACTS OF EUR 125,000),299741,CME ,099 ,F10,FutOnly
EURO FX/BRITISH POUND XRATE - CHICAGO MERCANTILE EXCHANGE,170221,2017-02-21,299741,CME,00,099,29147,764,21603,0,17595,0,454,457,1522,168,0,836,0,19438,24583,9709,4564,105,0,227,0,-3,0,-23,-6,72,7,0,0,0,-25,283,130,-178,100.0,2.6,74.1,0.0,60.4,0.0,1.6,1.6,5.2,0.6,0.0,2.9,0.0,66.7,84.3,33.3,15.7,21,.,4,0,12,0,6,.,.,.,0,.,0,15,13,46.8,75.0,56.2,83.5,46.0,75.0,54.9,82.2,(CONTRACTS OF EUR 125,000),299741,CME ,099 ,F10,FutOnly
EURO FX/BRITISH POUND XRATE - CHICAGO MERCANTILE EXCHANGE,170214,2017-02-14,299741,CME,00,099,29042,764,21376,0,17598,0,477,463,1450,161,0,836,0,19463,24300,9579,4742,1784,0,833,0,1034,0,4,0,365,5,0,78,0,1043,1285,741,499,100.0,2.6,73.6,0.0,60.6,0.0,1.6,1.6,5.0,0.6,0.0,2.9,0.0,67.0,83.7,33.0,16.3,21,.,4,0,12,0,6,.,.,.,0,.,0,15,13,46.9,74.6,56.4,82.8,46.1,74.6,55.1,81.5,(CONTRACTS OF EUR 125,000),299741,CME ,099 ,F10,FutOnly
EURO FX/BRITISH POUND XRATE - CHICAGO MERCANTILE EXCHANGE,170207,2017-02-07,299741,CME,00,099,27258,764,20543,0,16564,0,473,463,1085,156,0,758,0,18420,23015,8838,4243,520,0,89,0,-77,0,-22,463,123,-41,0,0,0,323,149,197,371,100.0,2.8,75.4,0.0,60.8,0.0,1.7,1.7,4.0,0.6,0.0,2.8,0.0,67.6,84.4,32.4,15.6,21,.,4,0,12,0,6,.,.,.,0,.,0,15,13,46.1,75.7,56.1,83.6,45.2,75.7,54.9,82.1,(CONTRACTS OF EUR 125,000),299741,CME ,099 ,F10,FutOnly
EURO FX/BRITISH POUND XRATE - CHICAGO MERCANTILE EXCHANGE,170131,2017-01-31,299741,CME,00,099,26738,764,20454,0,16641,0,495,0,962,197,0,758,0,18097,22866,8641,3872,.,.,.,.,.,.,.,.,.,.,.,.,.,.,.,.,.,100.0,2.9,76.5,0.0,62.2,0.0,1.9,0.0,3.6,0.7,0.0,2.8,0.0,67.7,85.5,32.3,14.5,20,.,4,0,12,0,6,0,.,.,0,.,0,14,13,47.3,76.6,57.5,84.5,46.3,76.6,56.2,82.9,(CONTRACTS OF EUR 125,000),299741,CME ,099 ,F10,FutOnly
EURO FX/JAPANESE YEN XRATE - CHICAGO MERCANTILE EXCHANGE,170912,2017-09-12,399741,CME,00,099,23569,726,11785,370,9155,5279,1210,3857,1956,600,0,0,0,15918,21200,7651,2369,1664,0,393,370,516,-390,82,-335,451,600,0,0,0,1233,1506,431,158,100.0,3.1,50.0,1.6,38.8,22.4,5.1,16.4,8.3,2.5,0.0,0.0,0.0,67.5,89.9,32.5,10.1,20,.,4,.,5,4,5,5,.,.,0,0,0,15,13,41.9,65.8,56.4,85.5,40.8,60.7,53.0,79.0,(CONTRACTS OF EUR 125,000),399741,CME ,099 ,F10,FutOnly
EURO FX/JAPANESE YEN XRATE - CHICAGO MERCANTILE EXCHANGE,170905,2017-09-05,399741,CME,00,099,21905,726,11392,0,8639,5669,1128,4192,1505,0,0,0,0,14685,19694,7220,2211,.,.,.,.,.,.,.,.,.,.,.,.,.,.,.,.,.,100.0,3.3,52.0,0.0,39.4,25.9,5.1,19.1,6.9,0.0,0.0,0.0,0.0,67.0,89.9,33.0,10.1,21,.,4,0,5,4,5,6,.,0,0,0,0,15,11,42.3,65.2,56.1,86.9,42.1,61.5,54.3,82.0,(CONTRACTS OF EUR 125,000),399741,CME ,099 ,F10,FutOnly
EURO FX/JAPANESE YEN XRATE - CHICAGO MERCANTILE EXCHANGE,170822,2017-08-22,399741,CME,00,099,22455,726,11879,0,8687,6737,1018,4775,0,27,0,0,0,15233,19661,7222,2794,-901,-3,-61,0,764,-624,-565,-1025,0,27,0,0,0,-802,-1223,-99,322,100.0,3.2,52.9,0.0,38.7,30.0,4.5,21.3,0.0,0.1,0.0,0.0,0.0,67.8,87.6,32.2,12.4,21,.,4,0,5,5,5,6,0,.,0,0,0,15,12,43.4,66.6,56.4,84.4,42.9,63.6,55.3,80.3,(CONTRACTS OF EUR 125,000),399741,CME ,099 ,F10,FutOnly
EURO FX/JAPANESE YEN XRATE - CHICAGO MERCANTILE EXCHANGE,170815,2017-08-15,399741,CME,00,099,23356,729,11940,0,7923,7361,1583,5800,0,0,0,0,0,16035,20884,7321,2472,-1004,-13,-3060,0,-652,1704,497,-306,0,0,0,0,0,-474,-859,-530,-145,100.0,3.1,51.1,0.0,33.9,31.5,6.8,24.8,0.0,0.0,0.0,0.0,0.0,68.7,89.4,31.3,10.6,21,.,4,0,5,5,5,6,0,0,0,0,0,15,11,44.8,69.4,57.7,84.2,41.2,67.4,54.0,80.1,(CONTRACTS OF EUR 125,000),399741,CME ,099 ,F10,FutOnly
EURO FX/JAPANESE YEN XRATE - CHICAGO MERCANTILE EXCHANGE,170808,2017-08-08,399741,CME,00,099,24360,742,15000,0,8575,5657,1086,6106,0,0,0,0,0,16509,21743,7851,2617,-444,-4,-739,0,53,64,-66,20,0,0,0,0,0,3,-741,-447,297,100.0,3.0,61.6,0.0,35.2,23.2,4.5,25.1,0.0,0.0,0.0,0.0,0.0,67.8,89.3,32.2,10.7,20,.,4,0,5,4,5,6,0,0,0,0,0,15,10,42.7,75.7,56.4,88.9,42.4,72.7,55.5,84.8,(CONTRACTS OF EUR 125,000),399741,CME ,099 ,F10,FutOnly
EURO FX/JAPANESE YEN XRATE - CHICAGO MERCANTILE EXCHANGE,170801,2017-08-01,399741,CME,00,099,24804,746,15739,0,8522,5593,1152,6086,0,0,0,0,0,16506,22484,8298,2320,.,.,.,.,.,.,.,.,.,.,.,.,.,.,.,.,.,100.0,3.0,63.5,0.0,34.4,22.5,4.6,24.5,0.0,0.0,0.0,0.0,0.0,66.5,90.6,33.5,9.4,20,.,4,0,5,4,5,6,0,0,0,0,0,15,10,42.1,77.3,55.8,90.3,41.9,74.1,54.7,86.0,(CONTRACTS OF EUR 125,000),399741,CME ,099 ,F10,FutOnly
EURO FX - CHICAGO MERCANTILE EXCHANGE,181231,2018-12-31,099741,CME,00,099,505986,40539,110896,2252,299788,176416,19495,28805,112280,14493,18625,16835,144,424141,452811,81845,53175,-2267,429,2500,317,1341,-1723,-427,2117,-3262,1415,507,1037,61,5760,-82,-8027,-2185,100.0,8.0,21.9,0.4,59.2,34.9,3.9,5.7,22.2,2.9,3.7,3.3,0.0,83.8,89.5,16.2,10.5,271,17,9,10,93,39,44,30,47,24,20,15,.,191,161,20.4,30.9,31.4,44.5,19.8,30.9,30.2,44.5,(CONTRACTS OF EUR 125,000),099741,CME ,099 ,F10,FutOnly
EURO FX - CHICAGO MERCANTILE EXCHANGE,181224,2018-12-24,099741,CME,00,099,508253,40110,108396,1935,298447,178139,19922,26688,115542,13078,18118,15798,83,418381,452893,89872,55360,2542,-3102,9764,-114,4133,-4473,-1371,-1233,3033,-1973,-1087,-96,-207,-4954,4563,7496,-2021,100.0,7.9,21.3,0.4,58.7,35.0,3.9,5.3,22.7,2.6,3.6,3.1,0.0,82.3,89.1,17.7,10.9,270,15,11,9,91,40,45,26,53,20,20,13,.,182,164,20.9,30.9,31.9,44.7,20.3,30.8,30.8,44.7,(CONTRACTS OF EUR 125,000),099741,CME ,099 ,F10,FutOnly
EURO FX - CHICAGO MERCANTILE EXCHANGE,181218,2018-12-18,099741,CME,00,099,505711,43212,98632,2049,294314,182612,21293,27921,112509,15051,19205,15894,290,423335,448330,82376,57381,-108034,4782,3658,-82685,2366,11605,-1429,-3807,-11675,-1242,1879,-911,31,-80105,-82648,-27929,-25386,100.0,8.5,19.5,0.4,58.2,36.1,4.2,5.5,22.2,3.0,3.8,3.1,0.1,83.7,88.7,16.3,11.3,270,15,10,7,91,39,44,27,51,21,21,15,4,184,162,20.1,29.9,31.3,44.1,19.3,29.7,30.0,43.9,(CONTRACTS OF EUR 125,000),099741,CME ,099 ,F10,FutOnly
EURO FX - CHICAGO MERCANTILE EXCHANGE,181211,2018-12-11,099741,CME,00,099,613745,38430,94974,84734,291948,171007,22722,31728,124184,16293,17326,16805,259,503440,530978,110305,82767,68208,-2134,4369,54584,2633,3102,997,2366,-7257,-6293,-1648,-301,-346,50159,48855,18049,19353,100.0,6.3,15.5,13.8,47.6,27.9,3.7,5.2,20.2,2.7,2.8,2.7,0.0,82.0,86.5,18.0,13.5,274,15,11,13,91,38,46,29,57,23,19,14,4,184,176,24.2,33.1,34.9,44.2,15.6,22.0,23.8,32.6,(CONTRACTS OF EUR 125,000),099741,CME ,099 ,F10,FutOnly
EURO FX - CHICAGO MERCANTILE EXCHANGE,181204,2018-12-04,099741,CME,00,099,545537,40564,90605,30150,289315,167905,21725,29362,131441,22586,18974,17106,605,453281,482123,92256,63414,7083,3152,210,-1150,-2632,6297,-1228,2860,-6662,6844,-1463,686,378,6761,5375,322,1708,100.0,7.4,16.6,5.5,53.0,30.8,4.0,5.4,24.1,4.1,3.5,3.1,0.1,83.1,88.4,16.9,11.6,278,17,12,11,92,38,46,30,55,22,20,14,.,182,178,18.5,29.2,30.6,41.7,17.7,25.4,26.6,37.4,(CONTRACTS OF EUR 125,000),099741,CME ,099 ,F10,FutOnly
EURO FX - CHICAGO MERCANTILE EXCHANGE,181127,2018-11-27,099741,CME,00,099,538454,37412,90395,31300,291947,161608,22953,26502,138103,15742,20437,16420,227,446520,476748,91934,61706,2747,164,-1085,7002,526,1462,-1400,-10012,1329,-960,2112,-2326,19,-2549,4041,5296,-1294,100.0,6.9,16.8,5.8,54.2,30.0,4.3,4.9,25.6,2.9,3.8,3.0,0.0,82.9,88.5,17.1,11.5,277,17,11,10,94,37,45,26,56,20,22,14,.,183,172,18.9,30.8,31.0,42.9,17.9,26.7,27.2,38.2,(CONTRACTS OF EUR 125,000),099741,CME ,099 ,F10,FutOnly
EURO FX - CHICAGO MERCANTILE EXCHANGE,181120,2018-11-20,099741,CME,00,099,535707,37248,91480,24298,291421,160146,24353,36514,136774,16702,18325,18746,208,449069,472707,86638,63000,15467,-1629,-7641,13467,-5223,798,1178,-5343,5998,5811,47,-296,-11,8297,19304,7170,-3837,100.0,7.0,17.1,4.5,54.4,29.9,4.5,6.8,25.5,3.1,3.4,3.5,0.0,83.8,88.2,16.2,11.8,286,17,11,10,92,38,45,31,57,24,23,17,4,191,178,18.7,30.1,29.6,42.5,17.9,27.1,27.4,38.8,(CONTRACTS OF EUR 125,000),099741,CME ,099 ,F10,FutOnly
EURO FX - CHICAGO MERCANTILE EXCHANGE,181113,2018-11-13,099741,CME,00,099,520240,38877,99121,10831,296644,159348,23175,41857,130776,10891,18278,19042,219,440772,453403,79468,66837,10047,-705,6199,-1717,11906,271,727,12922,-409,2103,-4974,428,-775,19487,6827,-9440,3220,100.0,7.5,19.1,2.1,57.0,30.6,4.5,8.0,25.1,2.1,3.5,3.7,0.0,84.7,87.2,15.3,12.8,286,17,11,10,92,38,45,36,53,22,22,17,5,191,177,19.9,28.7,31.3,42.0,19.2,27.9,29.2,40.8,(CONTRACTS OF EUR 125,000),099741,CME ,099 ,F10,FutOnly
EURO FX - CHICAGO MERCANTILE EXCHANGE,181106,2018-11-06,099741,CME,00,099,510193,39582,92922,12548,284738,159077,22448,28935,131185,8788,23252,18614,994,421285,446576,88908,63617,5735,-5034,2477,5869,10624,2719,-995,-8111,993,-390,-2115,-3591,515,363,7597,5372,-1862,100.0,7.8,18.2,2.5,55.8,31.2,4.4,5.7,25.7,1.7,4.6,3.6,0.2,82.6,87.5,17.4,12.5,273,17,11,9,85,39,46,25,59,20,23,14,7,172,183,20.2,28.4,30.9,42.0,19.3,27.1,28.9,40.4,(CONTRACTS OF EUR 125,000),099741,CME ,099 ,F10,FutOnly
EURO FX - CHICAGO MERCANTILE EXCHANGE,181030,2018-10-30,099741,CME,00,099,504458,44616,90445,6679,274114,156358,23443,37046,130192,9178,25367,22205,479,420922,438979,83536,65479,14629,10380,-3440,-3791,-4418,6359,1353,6810,6798,917,-608,2045,11,10654,10252,3975,4377,100.0,8.8,17.9,1.3,54.3,31.0,4.6,7.3,25.8,1.8,5.0,4.4,0.1,83.4,87.0,16.6,13.0,287,18,9,9,85,39,47,27,65,21,25,19,5,182,187,20.1,26.3,30.6,38.9,19.2,25.8,28.3,38.2,(CONTRACTS OF EUR 125,000),099741,CME ,099 ,F10,FutOnly
EURO FX - CHICAGO MERCANTILE EXCHANGE,181023,2018-10-23,099741,CME,00,099,489829,34236,93885,10470,278532,149999,22090,30236,123394,8261,25975,20160,468,410268,428727,79561,61102,20530,7788,-4831,4248,1211,7509,-1362,3307,11238,-662,4734,4152,0,19264,20292,1266,238,100.0,7.0,19.2,2.1,56.9,30.6,4.5,6.2,25.2,1.7,5.3,4.1,0.1,83.8,87.5,16.2,12.5,287,18,10,9,88,38,44,30,58,23,28,17,5,189,179,21.1,25.9,31.0,40.3,20.2,25.1,29.2,39.3,(CONTRACTS OF EUR 125,000),099741,CME ,099 ,F10,FutOnly
EURO FX - CHICAGO MERCANTILE EXCHANGE,181016,2018-10-16,099741,CME,00,099,469299,26448,98716,6222,277321,142490,23452,26929,112156,8923,21241,16008,468,391004,408435,78295,60864,-14503,750,-3527,-2414,6149,-626,-2248,-9917,-6612,1423,-4003,-405,-442,-10702,-14851,-3801,348,100.0,5.6,21.0,1.3,59.1,30.4,5.0,5.7,23.9,1.9,4.5,3.4,0.1,83.3,87.0,16.7,13.0,282,16,12,10,86,38,46,29,57,24,28,16,5,189,178,22.1,25.5,32.4,40.3,21.1,25.3,30.5,40.1,(CONTRACTS OF EUR 125,000),099741,CME ,099 ,F10,FutOnly
EURO FX - CHICAGO MERCANTILE EXCHANGE,181009,2018-10-09,099741,CME,00,099,483802,25698,102243,8636,271172,143116,25700,36846,118768,7500,25244,16413,910,401706,423286,82096,60516,4158,-464,-8006,3419,406,9257,-1306,-769,-663,-1861,406,3970,-5,-174,4805,4332,-647,100.0,5.3,21.1,1.8,56.1,29.6,5.3,7.6,24.5,1.6,5.2,3.4,0.2,83.0,87.5,17.0,12.5,293,15,14,10,85,39,45,31,62,19,29,17,6,189,184,20.7,25.4,30.1,39.6,19.4,24.9,28.4,39.1,(CONTRACTS OF EUR 125,000),099741,CME ,099 ,F10,FutOnly
EURO FX - CHICAGO MERCANTILE EXCHANGE,181002,2018-10-02,099741,CME,00,099,479644,26162,110249,5217,270766,133859,27006,37615,119431,9361,24838,12443,915,401880,418481,77764,61163,1763,6107,-15130,2792,-5907,7033,-300,5594,716,-1665,4689,1431,30,11340,-5093,-9577,6856,100.0,5.5,23.0,1.1,56.5,27.9,5.6,7.8,24.9,2.0,5.2,2.6,0.2,83.8,87.2,16.2,12.8,291,16,13,10,86,38,45,29,63,20,30,15,8,193,181,20.8,26.3,30.4,40.6,19.4,26.0,28.3,40.2,(CONTRACTS OF EUR 125,000),099741,CME ,099 ,F10,FutOnly
EURO FX - CHICAGO MERCANTILE EXCHANGE,180925,2018-09-25,099741,CME,00,099,477881,20055,125379,2425,276673,126826,27306,32021,118715,11026,20149,11012,885,390540,423574,87341,54307,12751,-1976,20302,-773,8670,-1992,-2032,-1677,8354,3267,1042,-8893,-1,6520,18232,6231,-5481,100.0,4.2,26.2,0.5,57.9,26.5,5.7,6.7,24.8,2.3,4.2,2.3,0.2,81.7,88.6,18.3,11.4,281,14,15,10,88,37,46,29,57,23,25,15,8,189,179,21.1,27.3,30.7,42.5,20.2,26.9,29.0,41.9,(CONTRACTS OF EUR 125,000),099741,CME ,099 ,F10,FutOnly
EURO FX - CHICAGO MERCANTILE EXCHANGE,180918,2018-09-18,099741,CME,00,099,465130,22031,105077,3198,268003,128818,29338,33698,110361,7759,19107,19905,886,384020,405342,81110,59788,-85362,-37673,-37440,-36988,3970,5636,-1973,3750,4456,-8206,386,-3138,-40,-76774,-77693,-8588,-7669,100.0,4.7,22.6,0.7,57.6,27.7,6.3,7.2,23.7,1.7,4.1,4.3,0.2,82.6,87.1,17.4,12.9,278,15,13,8,86,37,46,35,53,18,22,15,7,182,175,21.1,27.4,31.0,42.8,20.1,27.0,29.2,41.9,(CONTRACTS OF EUR 125,000),099741,CME ,099 ,F10,FutOnly
EURO FX - CHICAGO MERCANTILE EXCHANGE,180911,2018-09-11,099741,CME,00,099,550492,59704,142517,40186,264033,123182,31311,29948,105905,15965,18721,23043,926,460794,483035,89698,67457,22913,-1451,-4392,28499,-9552,-3525,495,-3974,-22912,6257,365,16662,-902,19737,20182,3176,2731,100.0,10.8,25.9,7.3,48.0,22.4,5.7,5.4,19.2,2.9,3.4,4.2,0.2,83.7,87.7,16.3,12.3,268,16,8,13,86,36,48,25,57,20,22,17,6,179,176,20.0,40.0,31.0,52.0,17.1,33.6,26.6,44.6,(CONTRACTS OF EUR 125,000),099741,CME ,099 ,F10,FutOnly
EURO FX - CHICAGO MERCANTILE EXCHANGE,180904,2018-09-04,099741,CME,00,099,527579,61155,146909,11687,273585,126707,30816,33922,128817,9708,18356,6381,1828,441057,462853,86522,64726,-1545,-821,7461,-2370,2359,800,-500,881,-3954,-3879,374,-511,689,-3267,-2264,1722,719,100.0,11.6,27.8,2.2,51.9,24.0,5.8,6.4,24.4,1.8,3.5,1.2,0.3,83.6,87.7,16.4,12.3,272,19,10,13,85,37,43,25,62,21,24,9,8,180,177,19.0,36.5,29.4,49.1,18.0,36.3,27.8,47.4,(CONTRACTS OF EUR 125,000),099741,CME ,099 ,F10,FutOnly
EURO FX - CHICAGO MERCANTILE EXCHANGE,180828,2018-08-28,099741,CME,00,099,529124,61976,139448,14057,271226,125907,31316,33041,132771,13587,17982,6892,1139,444324,465117,84800,64007,-3013,-7013,7865,9151,-2397,-5054,377,-12287,-14831,5380,-3174,-650,-18,-9981,2220,6968,-5233,100.0,11.7,26.4,2.7,51.3,23.8,5.9,6.2,25.1,2.6,3.4,1.3,0.2,84.0,87.9,16.0,12.1,276,21,10,13,87,38,43,28,59,22,21,10,6,185,175,18.7,35.9,29.1,47.4,17.8,35.4,27.5,45.4,(CONTRACTS OF EUR 125,000),099741,CME ,099 ,F10,FutOnly
EURO FX - CHICAGO MERCANTILE EXCHANGE,180821,2018-08-21,099741,CME,00,099,532137,68989,131583,4906,273623,130961,30939,45328,147602,8207,21156,7542,1157,454305,462897,77832,69240,5566,9306,1490,-735,1904,332,263,196,4612,-267,-1776,-308,68,8959,5455,-3393,111,100.0,13.0,24.7,0.9,51.4,24.6,5.8,8.5,27.7,1.5,4.0,1.4,0.2,85.4,87.0,14.6,13.0,282,23,9,11,84,39,42,28,64,25,23,11,6,184,182,19.0,34.1,29.4,46.7,18.1,34.0,27.8,45.0,(CONTRACTS OF EUR 125,000),099741,CME ,099 ,F10,FutOnly
EURO FX - CHICAGO MERCANTILE EXCHANGE,180814,2018-08-14,099741,CME,00,099,526571,59683,130093,5641,271719,130629,30676,45132,142990,8474,22932,7850,1089,445346,457442,81225,69129,19385,7154,-16443,176,-1208,8426,-1534,9389,24723,906,4412,-392,15,19310,15877,75,3508,100.0,11.3,24.7,1.1,51.6,24.8,5.8,8.6,27.2,1.6,4.4,1.5,0.2,84.6,86.9,15.4,13.1,290,21,8,10,87,39,42,30,67,24,25,12,5,187,184,18.9,34.1,29.2,45.9,18.0,33.6,27.7,44.0,(CONTRACTS OF EUR 125,000),099741,CME ,099 ,F10,FutOnly
EURO FX - CHICAGO MERCANTILE EXCHANGE,180807,2018-08-07,099741,CME,00,099,507186,52529,146536,5465,272927,122203,32210,35743,118267,7568,18520,8242,1074,426036,441565,81150,65621,7465,5042,-22275,1211,961,6563,-694,1475,16907,889,824,-1133,197,9905,1665,-2440,5800,100.0,10.4,28.9,1.1,53.8,24.1,6.4,7.0,23.3,1.5,3.7,1.6,0.2,84.0,87.1,16.0,12.9,279,19,10,12,87,37,41,27,64,20,22,13,5,178,179,19.7,37.6,29.9,49.5,18.8,37.1,28.3,47.6,(CONTRACTS OF EUR 125,000),099741,CME ,099 ,F10,FutOnly
EURO FX - CHICAGO MERCANTILE EXCHANGE,180731,2018-07-31,099741,CME,00,099,499721,47487,168811,4254,271966,115640,32904,34268,101360,6679,17696,9375,877,416131,439900,83590,59821,3056,-9502,4833,773,4368,662,-1527,358,-543,-888,818,-574,122,-5478,2858,8534,198,100.0,9.5,33.8,0.9,54.4,23.1,6.6,6.9,20.3,1.3,3.5,1.9,0.2,83.3,88.0,16.7,12.0,273,17,13,12,87,37,39,30,52,19,21,15,5,180,168,20.2,41.5,30.4,53.3,19.4,41.0,28.9,51.4,(CONTRACTS OF EUR 125,000),099741,CME ,099 ,F10,FutOnly
EURO FX - CHICAGO MERCANTILE EXCHANGE,180724,2018-07-24,099741,CME,00,099,496665,56989,163978,3481,267598,114978,34431,33910,101903,7567,16878,9949,755,421609,437042,75056,59623,6601,-5580,8414,129,4208,-550,385,1594,-1366,620,-2069,-901,257,-456,6988,7057,-387,100.0,11.5,33.0,0.7,53.9,23.1,6.9,6.8,20.5,1.5,3.4,2.0,0.2,84.9,88.0,15.1,12.0,278,20,9,11,86,39,39,32,55,24,20,17,5,183,174,20.7,40.9,30.8,53.2,19.9,40.3,29.4,51.3,(CONTRACTS OF EUR 125,000),099741,CME ,099 ,F10,FutOnly
EURO FX - CHICAGO MERCANTILE EXCHANGE,180717,2018-07-17,099741,CME,00,099,490064,62569,155564,3352,263390,115528,34046,32316,103269,6947,18947,10850,498,422065,430054,67999,60010,12468,1489,15025,-301,16629,1470,-228,-3282,-1431,-1692,-294,2044,30,12351,14917,117,-2449,100.0,12.8,31.7,0.7,53.7,23.6,6.9,6.6,21.1,1.4,3.9,2.2,0.1,86.1,87.8,13.9,12.2,278,21,7,11,84,40,40,27,61,18,20,18,5,177,175,21.0,40.4,30.9,53.1,20.2,39.8,29.5,51.1,(CONTRACTS OF EUR 125,000),099741,CME ,099 ,F10,FutOnly
EURO FX - CHICAGO MERCANTILE EXCHANGE,180710,2018-07-10,099741,CME,00,099,477596,61080,140539,3653,246761,114058,34274,35598,104700,8639,19241,8806,468,409714,415137,67882,62459,-9535,10615,-14439,2304,-11835,-3617,622,-7426,4710,69,-178,-1247,-666,-6495,-12264,-3040,2729,100.0,12.8,29.4,0.8,51.7,23.9,7.2,7.5,21.9,1.8,4.0,1.8,0.1,85.8,86.9,14.2,13.1,275,23,6,12,85,39,42,32,56,22,21,13,5,186,170,19.0,38.2,28.8,51.3,18.5,37.6,27.1,49.3,(CONTRACTS OF EUR 125,000),099741,CME ,099 ,F10,FutOnly
EURO FX - CHICAGO MERCANTILE EXCHANGE,180703,2018-07-03,099741,CME,00,099,487131,50465,154978,1349,258596,117675,33652,43024,99990,8570,19419,10053,1134,416209,427401,70922,59730,5748,4011,2727,328,-6132,-791,1155,3754,662,480,-2158,133,89,1527,4783,4221,965,100.0,10.4,31.8,0.3,53.1,24.2,6.9,8.8,20.5,1.8,4.0,2.1,0.2,85.4,87.7,14.6,12.3,282,18,9,12,85,41,43,35,57,21,21,16,5,185,178,20.8,39.5,30.5,52.2,20.0,39.5,28.8,50.8,(CONTRACTS OF EUR 125,000),099741,CME ,099 ,F10,FutOnly
EURO FX - CHICAGO MERCANTILE EXCHANGE,180626,2018-06-26,099741,CME,00,099,481383,46454,152251,1021,264728,118466,32497,39270,99328,8090,21577,9920,1045,414682,422618,66701,58765,3183,2743,577,163,3280,2109,-998,-1491,3260,-554,-660,-923,-101,2382,3533,801,-350,100.0,9.7,31.6,0.2,55.0,24.6,6.8,8.2,20.6,1.7,4.5,2.1,0.2,86.1,87.8,13.9,12.2,286,20,10,11,89,41,44,34,53,24,24,15,4,191,178,21.2,38.4,31.0,50.6,20.3,38.4,29.3,49.1,(CONTRACTS OF EUR 125,000),099741,CME ,099 ,F10,FutOnly
EURO FX - CHICAGO MERCANTILE EXCHANGE,180619,2018-06-19,099741,CME,00,099,478200,43711,151674,858,261448,116357,33495,40761,96068,8644,22237,10843,1146,412300,419085,65900,59115,-121361,-44709,-74451,-42553,-9585,4054,-1293,-10141,3156,-7113,2178,2468,-68,-113284,-115800,-8077,-5561,100.0,9.1,31.7,0.2,54.7,24.3,7.0,8.5,20.1,1.8,4.7,2.3,0.2,86.2,87.6,13.8,12.4,286,21,9,10,85,43,44,34,53,21,25,16,4,188,177,21.4,38.1,31.1,48.9,20.5,38.1,29.4,47.4,(CONTRACTS OF EUR 125,000),099741,CME ,099 ,F10,FutOnly
EURO FX - CHICAGO MERCANTILE EXCHANGE,180612,2018-06-12,099741,CME,00,099,599561,88420,226125,43411,271033,112303,34788,50902,92912,15757,20059,8375,1214,525584,534885,73977,64676,23274,991,12045,17707,16659,1494,-1746,-16616,-8073,2978,-258,-755,-971,18744,22679,4530,595,100.0,14.7,37.7,7.2,45.2,18.7,5.8,8.5,15.5,2.6,3.3,1.4,0.2,87.7,89.2,12.3,10.8,273,21,8,15,86,37,38,33,50,36,22,15,4,192,174,18.2,42.7,30.4,52.2,17.7,36.8,27.4,46.0,(CONTRACTS OF EUR 125,000),099741,CME ,099 ,F10,FutOnly
EURO FX - CHICAGO MERCANTILE EXCHANGE,180605,2018-06-05,099741,CME,00,099,576287,87429,214080,25704,254374,110809,36534,67518,100985,12779,20317,9130,2185,506840,512206,69447,64081,24036,12084,-13796,14584,7053,6314,1471,-2916,12661,1719,223,-1365,323,34541,21911,-10505,2125,100.0,15.2,37.1,4.5,44.1,19.2,6.3,11.7,17.5,2.2,3.5,1.6,0.4,87.9,88.9,12.1,11.1,276,21,8,11,85,35,40,34,54,30,24,13,6,192,171,18.7,40.1,30.8,49.3,18.1,36.8,27.7,45.7,(CONTRACTS OF EUR 125,000),099741,CME ,099 ,F10,FutOnly
EURO FX - CHICAGO MERCANTILE EXCHANGE,180529,2018-05-29,099741,CME,00,099,552251,75345,227876,11120,247321,104495,35063,70434,88324,11060,20094,10495,1862,472299,490295,79952,61956,31603,10239,-9004,5110,-10557,7125,6341,9586,16788,-136,1833,210,793,23209,27227,8394,4376,100.0,13.6,41.3,2.0,44.8,18.9,6.3,12.8,16.0,2.0,3.6,1.9,0.3,85.5,88.8,14.5,11.2,275,21,8,13,85,37,44,32,54,28,26,10,6,193,173,17.9,41.7,28.6,50.8,17.3,40.7,27.1,49.6,(CONTRACTS OF EUR 125,000),099741,CME ,099 ,F10,FutOnly
EURO FX - CHICAGO MERCANTILE EXCHANGE,180522,2018-05-22,099741,CME,00,099,520648,65106,236880,6010,257878,97370,28722,60848,71536,11196,18261,10285,1069,449090,463068,71558,57580,15534,8765,-3782,2096,-96,4722,-657,3131,9735,2163,1448,2722,-720,16130,16279,-596,-745,100.0,12.5,45.5,1.2,49.5,18.7,5.5,11.7,13.7,2.2,3.5,2.0,0.2,86.3,88.9,13.7,11.1,274,19,10,13,87,36,44,38,50,26,21,12,5,189,173,19.3,44.4,28.8,53.1,18.6,44.2,27.3,52.5,(CONTRACTS OF EUR 125,000),099741,CME ,099 ,F10,FutOnly
EURO FX - CHICAGO MERCANTILE EXCHANGE,180515,2018-05-15,099741,CME,00,099,505114,56341,240662,3914,257974,92648,29379,57717,61801,9033,16813,7563,1789,432960,446789,72154,58325,-10018,6315,-17616,1709,-3046,2538,-578,-9952,-977,-312,-1009,1528,36,-6837,-13672,-3181,3654,100.0,11.2,47.6,0.8,51.1,18.3,5.8,11.4,12.2,1.8,3.3,1.5,0.4,85.7,88.5,14.3,11.5,260,19,10,11,86,36,44,37,43,22,16,11,5,181,161,19.6,46.2,29.0,54.8,18.8,46.0,27.6,54.3,(CONTRACTS OF EUR 125,000),099741,CME ,099 ,F10,FutOnly
EURO FX - CHICAGO MERCANTILE EXCHANGE,180508,2018-05-08,099741,CME,00,099,515132,50026,258278,2205,261020,90110,29957,67669,62778,9345,17822,6035,1753,439797,460461,75335,54671,5473,7059,-67,-499,-4242,3690,1214,3354,973,-2763,-894,-187,160,3389,2521,2084,2952,100.0,9.7,50.1,0.4,50.7,17.5,5.8,13.1,12.2,1.8,3.5,1.2,0.3,85.4,89.4,14.6,10.6,268,20,11,9,85,36,44,37,47,20,19,11,5,185,161,19.5,47.5,28.2,55.9,18.7,47.3,26.9,55.5,(CONTRACTS OF EUR 125,000),099741,CME ,099 ,F10,FutOnly
EURO FX - CHICAGO MERCANTILE EXCHANGE,180501,2018-05-01,099741,CME,00,099,509659,42967,258345,2704,265262,86420,28743,64315,61805,12108,18716,6222,1593,436408,457940,73251,51719,15505,4718,-7011,222,5643,6328,394,7945,13788,-620,886,1473,586,19774,15160,-4269,345,100.0,8.4,50.7,0.5,52.0,17.0,5.6,12.6,12.1,2.4,3.7,1.2,0.3,85.6,89.9,14.4,10.1,260,18,10,11,84,33,43,36,45,22,20,11,4,184,156,20.1,48.3,28.5,57.5,19.3,48.0,27.0,57.0,(CONTRACTS OF EUR 125,000),099741,CME ,099 ,F10,FutOnly
EURO FX - CHICAGO MERCANTILE EXCHANGE,180424,2018-04-24,099741,CME,00,099,494154,38249,265356,2482,259619,80092,28349,56370,48017,12728,17830,4749,1007,416634,442780,77520,51374,-14878,4680,-18105,40,4374,2107,714,-24009,-2384,2339,-1424,-1828,466,-12820,-16651,-2058,1773,100.0,7.7,53.7,0.5,52.5,16.2,5.7,11.4,9.7,2.6,3.6,1.0,0.2,84.3,89.6,15.7,10.4,255,18,11,9,85,32,41,36,43,22,20,9,7,186,148,21.6,51.5,29.7,61.2,20.8,51.4,28.2,61.0,(CONTRACTS OF EUR 125,000),099741,CME ,099 ,F10,FutOnly
EURO FX - CHICAGO MERCANTILE EXCHANGE,180417,2018-04-17,099741,CME,00,099,509032,33569,283461,2442,255245,77985,27635,80379,50401,10389,19254,6577,541,429454,459431,79578,49601,828,-962,1482,-263,4813,-880,448,2194,-2734,-1024,-4974,20,-7,225,-2958,603,3786,100.0,6.6,55.7,0.5,50.1,15.3,5.4,15.8,9.9,2.0,3.8,1.3,0.1,84.4,90.3,15.6,9.7,252,16,13,11,86,30,42,44,34,19,18,10,5,189,140,19.8,52.5,27.8,62.1,19.1,52.4,26.4,61.8,(CONTRACTS OF EUR 125,000),099741,CME ,099 ,F10,FutOnly
EURO FX - CHICAGO MERCANTILE EXCHANGE,180410,2018-04-10,099741,CME,00,099,508204,34531,281979,2705,250432,78865,27187,78185,53135,11413,24228,6557,548,429229,462389,78975,45815,14527,-6449,19655,431,10837,-3974,-92,9852,3946,-1758,-836,51,-223,11762,18036,2765,-3509,100.0,6.8,55.5,0.5,49.3,15.5,5.3,15.4,10.5,2.2,4.8,1.3,0.1,84.5,91.0,15.5,9.0,255,17,13,14,82,30,43,46,32,20,24,10,5,196,141,19.5,52.1,27.5,62.1,18.8,52.0,26.2,61.5,(CONTRACTS OF EUR 125,000),099741,CME ,099 ,F10,FutOnly
EURO FX - CHICAGO MERCANTILE EXCHANGE,180403,2018-04-03,099741,CME,00,099,493677,40980,262324,2274,239595,82839,27279,68333,49189,13171,25064,6506,771,417467,444353,76210,49324,-20372,2923,-14057,162,-3965,-515,1095,-18051,-9680,2945,719,392,0,-14172,-19658,-6200,-714,100.0,8.3,53.1,0.5,48.5,16.8,5.5,13.8,10.0,2.7,5.1,1.3,0.2,84.6,90.0,15.4,10.0,258,18,11,10,81,32,41,41,41,25,23,9,5,193,146,19.8,51.6,27.9,61.3,19.1,51.5,26.6,60.3,(CONTRACTS OF EUR 125,000),099741,CME ,099 ,F10,FutOnly
EURO FX - CHICAGO MERCANTILE EXCHANGE,180327,2018-03-27,099741,CME,00,099,514049,38057,276381,2112,243560,83354,26184,86384,58869,10226,24345,6114,771,431639,464011,82410,50038,17085,-808,14820,-164,7516,-6619,188,10844,8993,-1810,1566,-1505,10,17342,13913,-257,3172,100.0,7.4,53.8,0.4,47.4,16.2,5.1,16.8,11.5,2.0,4.7,1.2,0.1,84.0,90.3,16.0,9.7,260,19,11,10,86,30,40,52,30,20,23,8,5,203,132,19.1,51.3,26.7,62.0,18.5,51.2,25.5,61.3,(CONTRACTS OF EUR 125,000),099741,CME ,099 ,F10,FutOnly
EURO FX - CHICAGO MERCANTILE EXCHANGE,180320,2018-03-20,099741,CME,00,099,496964,38865,261561,2276,236044,89973,25996,75540,49876,12036,22779,7619,761,414297,450098,82667,46866,-87795,-38408,-45334,-3815,-10988,-10058,2613,-7164,4909,-14414,2328,369,-967,-70815,-66697,-16980,-21098,100.0,7.8,52.6,0.5,47.5,18.1,5.2,15.2,10.0,2.4,4.6,1.5,0.2,83.4,90.6,16.6,9.4,266,18,13,13,81,31,39,50,38,24,23,10,5,201,146,19.4,50.7,27.5,62.1,18.6,50.5,26.1,61.5,(CONTRACTS OF EUR 125,000),099741,CME ,099 ,F10,FutOnly
EURO FX - CHICAGO MERCANTILE EXCHANGE,180313,2018-03-13,099741,CME,00,099,584759,77273,306895,6091,247032,100031,23383,82704,44967,26450,20451,7250,1728,485112,516795,99647,67964,27229,-1943,-756,-2576,45,-4005,2233,4727,-2870,13163,-985,300,700,15364,6189,11865,21040,100.0,13.2,52.5,1.0,42.2,17.1,4.0,14.1,7.7,4.5,3.5,1.2,0.3,83.0,88.4,17.0,11.6,269,20,11,16,85,31,37,54,37,36,21,9,6,207,157,17.9,46.3,26.4,61.3,17.3,45.7,25.0,60.5,(CONTRACTS OF EUR 125,000),099741,CME ,099 ,F10,FutOnly
EURO FX - CHICAGO MERCANTILE EXCHANGE,180306,2018-03-06,099741,CME,00,099,557530,79216,307651,8667,246987,104036,21150,77977,47837,13287,21436,6950,1028,469748,510606,87782,46924,-9933,-3626,4415,-724,4800,-6453,185,-8630,-5209,-342,-975,1196,-214,-9526,-7146,-407,-2787,100.0,14.2,55.2,1.6,44.3,18.7,3.8,14.0,8.6,2.4,3.8,1.2,0.2,84.3,91.6,15.7,8.4,265,20,13,17,86,30,37,51,35,27,21,9,5,206,145,18.8,48.9,27.2,65.5,18.2,47.9,26.2,64.4,(CONTRACTS OF EUR 125,000),099741,CME ,099 ,F10,FutOnly
EURO FX - CHICAGO MERCANTILE EXCHANGE,180227,2018-02-27,099741,CME,00,099,567463,82842,303236,9391,242187,110489,20965,86607,53046,13629,22411,5754,1242,479274,517752,88189,49711,-71,2525,-6185,2547,-10851,-822,448,4289,10,643,324,-680,-227,-302,-4266,231,4195,100.0,14.6,53.4,1.7,42.7,19.5,3.7,15.3,9.3,2.4,3.9,1.0,0.2,84.5,91.2,15.5,8.8,257,21,11,13,84,29,41,43,39,23,23,7,5,198,141,18.4,48.6,27.2,64.6,17.8,47.4,26.5,63.4,(CONTRACTS OF EUR 125,000),099741,CME ,099 ,F10,FutOnly
EURO FX - CHICAGO MERCANTILE EXCHANGE,180220,2018-02-20,099741,CME,00,099,567534,80317,309421,6844,253038,111311,20517,82318,53036,12986,22087,6434,1469,479576,522018,87958,45516,3301,4606,-2411,-1339,-611,-3923,643,-4369,1135,-111,630,-797,163,-388,-6640,3689,9941,100.0,14.2,54.5,1.2,44.6,19.6,3.6,14.5,9.3,2.3,3.9,1.1,0.3,84.5,92.0,15.5,8.0,261,20,12,13,84,29,39,47,35,27,25,8,6,200,146,20.0,48.4,30.7,65.1,19.4,47.7,30.1,64.4,(CONTRACTS OF EUR 125,000),099741,CME ,099 ,F10,FutOnly
EURO FX - CHICAGO MERCANTILE EXCHANGE,180213,2018-02-13,099741,CME,00,099,564233,75711,311832,8183,253649,115234,19874,86687,51901,13097,21457,7231,1306,479964,528658,84269,35575,-32704,16887,-19459,951,-15271,-3312,903,-32250,-584,1322,-2382,420,-406,-30246,-20165,-2458,-12539,100.0,13.4,55.3,1.5,45.0,20.4,3.5,15.4,9.2,2.3,3.8,1.3,0.2,85.1,93.7,14.9,6.3,262,20,12,13,85,28,38,49,36,27,23,9,4,202,142,20.6,48.9,30.7,66.5,20.1,48.7,30.2,65.8,(CONTRACTS OF EUR 125,000),099741,CME ,099 ,F10,FutOnly
EURO FX - CHICAGO MERCANTILE EXCHANGE,180206,2018-02-06,099741,CME,00,099,596937,58824,331291,7232,268920,118546,18971,118937,52485,11775,23839,6811,1712,510210,548823,86727,48114,-6523,7935,-6253,463,1665,1243,-3316,-9160,1241,-840,-952,-575,395,-3810,-7642,-2713,1119,100.0,9.9,55.5,1.2,45.0,19.9,3.2,19.9,8.8,2.0,4.0,1.1,0.3,85.5,91.9,14.5,8.1,265,20,11,14,80,30,42,53,34,24,27,9,5,204,146,21.4,47.7,31.8,64.6,20.9,47.5,31.3,64.1,(CONTRACTS OF EUR 125,000),099741,CME ,099 ,F10,FutOnly
EURO FX - CHICAGO MERCANTILE EXCHANGE,180130,2018-01-30,099741,CME,00,099,603460,50889,337544,6769,267255,117303,22287,128097,51244,12615,24791,7386,1317,514020,556465,89440,46995,-5223,3348,9067,121,-6136,-298,1997,932,-16898,178,10,655,372,822,-4806,-6045,-417,100.0,8.4,55.9,1.1,44.3,19.4,3.7,21.2,8.5,2.1,4.1,1.2,0.2,85.2,92.2,14.8,7.8,270,19,14,13,79,30,42,58,33,20,27,10,5,206,144,21.4,47.5,31.4,64.4,21.0,47.3,30.9,63.9,(CONTRACTS OF EUR 125,000),099741,CME ,099 ,F10,FutOnly
EURO FX - CHICAGO MERCANTILE EXCHANGE,180123,2018-01-23,099741,CME,00,099,608683,47541,328477,6648,273391,117601,20290,127165,68142,12437,24781,6731,945,513198,561271,95485,47412,14645,855,22059,1144,972,902,-1544,10169,-3169,1372,1293,-787,129,14390,20106,255,-5461,100.0,7.8,54.0,1.1,44.9,19.3,3.3,20.9,11.2,2.0,4.1,1.1,0.2,84.3,92.2,15.7,7.8,269,19,12,12,80,29,40,58,34,21,28,9,4,207,139,21.7,46.7,31.2,63.1,21.3,46.6,30.8,62.7,(CONTRACTS OF EUR 125,000),099741,CME ,099 ,F10,FutOnly
EURO FX - CHICAGO MERCANTILE EXCHANGE,180116,2018-01-16,099741,CME,00,099,594038,46686,306418,5504,272419,116699,21834,116996,71311,11065,23488,7518,816,498808,541165,95230,52873,30638,1932,15201,-2785,12801,6196,-2477,15781,12138,-3482,-10,356,219,21979,25366,8659,5272,100.0,7.9,51.6,0.9,45.9,19.6,3.7,19.7,12.0,1.9,4.0,1.3,0.1,84.0,91.1,16.0,8.9,264,19,13,12,77,30,40,57,31,22,27,10,4,202,140,22.1,45.4,31.3,61.2,21.7,45.3,30.8,60.9,(CONTRACTS OF EUR 125,000),099741,CME ,099 ,F10,FutOnly
EURO FX - CHICAGO MERCANTILE EXCHANGE,180109,2018-01-09,099741,CME,00,099,563400,44754,291217,8289,259618,110503,24311,101215,59173,14547,23498,7162,597,476829,515799,86571,47601,20778,4770,28137,1628,18174,3730,-806,-2531,-10043,1149,108,-397,-23,22469,23375,-1691,-2597,100.0,7.9,51.7,1.5,46.1,19.6,4.3,18.0,10.5,2.6,4.2,1.3,0.1,84.6,91.6,15.4,8.4,269,20,13,13,78,28,42,52,41,27,28,9,.,202,152,22.9,46.8,32.3,62.6,22.4,46.7,31.8,61.9,(CONTRACTS OF EUR 125,000),099741,CME ,099 ,F10,FutOnly
EURO FX - CHICAGO MERCANTILE EXCHANGE,180102,2018-01-02,099741,CME,00,099,542622,39984,263080,6661,241444,106773,25117,103746,69216,13398,23390,7559,620,454360,492424,88262,50198,44878,-2093,43283,336,12014,1481,1244,26648,-7319,600,2074,-2,399,41222,40022,3656,4856,100.0,7.4,48.5,1.2,44.5,19.7,4.6,19.1,12.8,2.5,4.3,1.4,0.1,83.7,90.7,16.3,9.3,260,19,15,13,79,27,39,48,34,20,28,10,6,198,140,20.8,42.4,29.7,58.4,20.3,42.2,29.1,57.7,(CONTRACTS OF EUR 125,000),099741,CME ,099 ,F10,FutOnly
EURO FX/BRITISH POUND XRATE - CHICAGO MERCANTILE EXCHANGE,181231,2018-12-31,299741,CME,00,099,28260,602,13655,0,10578,6176,2372,1000,849,2,0,727,5,14559,23786,13701,4474,245,0,0,0,1024,-48,47,-511,104,0,0,0,0,560,103,-315,142,100.0,2.1,48.3,0.0,37.4,21.9,8.4,3.5,3.0,0.0,0.0,2.6,0.0,51.5,84.2,48.5,15.8,26,.,.,0,13,6,7,.,.,.,0,.,.,20,15,20.4,64.0,32.2,76.8,18.9,60.6,29.3,72.2,(CONTRACTS OF EUR 125,000),299741,CME ,099 ,F10,FutOnly
EURO FX/BRITISH POUND XRATE - CHICAGO MERCANTILE EXCHANGE,181224,2018-12-24,299741,CME,00,099,28015,602,13655,0,9554,6224,2325,1511,745,2,0,727,5,13999,23683,14016,4332,1498,602,412,0,1067,155,141,965,745,2,0,0,0,2777,1455,-1279,43,100.0,2.1,48.7,0.0,34.1,22.2,8.3,5.4,2.7,0.0,0.0,2.6,0.0,50.0,84.5,50.0,15.5,26,.,.,0,13,6,7,.,.,.,0,.,.,20,15,18.0,64.7,30.0,77.2,16.5,61.3,27.0,72.6,(CONTRACTS OF EUR 125,000),299741,CME ,099 ,F10,FutOnly
EURO FX/BRITISH POUND XRATE - CHICAGO MERCANTILE EXCHANGE,181218,2018-12-18,299741,CME,00,099,26517,0,13243,0,8487,6069,2184,546,0,0,0,727,5,11222,22228,15295,4289,-9336,0,-8458,0,-3774,790,35,-5514,0,-434,0,-47,0,-9687,-8114,351,-1222,100.0,0.0,49.9,0.0,32.0,22.9,8.2,2.1,0.0,0.0,0.0,2.7,0.0,42.3,83.8,57.7,16.2,22,0,.,0,12,6,6,.,0,0,0,.,.,17,12,18.8,66.3,29.3,79.4,16.6,62.6,25.7,73.9,(CONTRACTS OF EUR 125,000),299741,CME ,099 ,F10,FutOnly
EURO FX/BRITISH POUND XRATE - CHICAGO MERCANTILE EXCHANGE,181211,2018-12-11,299741,CME,00,099,35853,0,21701,0,12261,5279,2149,6060,0,434,0,774,5,20909,30342,14944,5511,-856,0,-604,-157,-1753,-1030,-73,-259,0,394,0,0,0,-1848,-1470,992,614,100.0,0.0,60.5,0.0,34.2,14.7,6.0,16.9,0.0,1.2,0.0,2.2,0.0,58.3,84.6,41.7,15.4,24,0,.,0,12,5,7,4,0,.,0,.,.,20,13,30.9,71.5,41.5,81.5,28.4,69.6,38.1,77.4,(CONTRACTS OF EUR 125,000),299741,CME ,099 ,F10,FutOnly
EURO FX/BRITISH POUND XRATE - CHICAGO MERCANTILE EXCHANGE,181204,2018-12-04,299741,CME,00,099,36709,0,22305,157,14014,6309,2222,6319,0,40,0,774,5,22757,31812,13952,4897,150,0,0,157,-116,28,-14,74,0,39,-402,0,0,-262,210,412,-60,100.0,0.0,60.8,0.4,38.2,17.2,6.1,17.2,0.0,0.1,0.0,2.1,0.0,62.0,86.7,38.0,13.3,28,0,.,.,13,7,8,5,0,.,0,.,.,24,16,28.1,71.2,40.1,81.8,26.8,69.0,38.6,77.4,(CONTRACTS OF EUR 125,000),299741,CME ,099 ,F10,FutOnly
EURO FX/BRITISH POUND XRATE - CHICAGO MERCANTILE EXCHANGE,181127,2018-11-27,299741,CME,00,099,36559,0,22305,0,14130,6281,2236,6245,0,1,402,774,5,23019,31602,13540,4957,-271,0,1,0,-42,-239,76,-337,0,0,0,0,0,-303,-162,32,-109,100.0,0.0,61.0,0.0,38.6,17.2,6.1,17.1,0.0,0.0,1.1,2.1,0.0,63.0,86.4,37.0,13.6,28,0,.,0,13,7,8,4,0,.,.,.,.,23,15,29.3,71.6,41.7,81.6,27.9,69.6,40.2,77.7,(CONTRACTS OF EUR 125,000),299741,CME ,099 ,F10,FutOnly
EURO FX/BRITISH POUND XRATE - CHICAGO MERCANTILE EXCHANGE,181120,2018-11-20,299741,CME,00,099,36830,0,22304,0,14172,6520,2160,6582,0,1,402,774,5,23322,31764,13508,5066,-794,0,262,0,-376,-151,-138,-460,0,-64,402,-4,0,-636,-95,-158,-699,100.0,0.0,60.6,0.0,38.5,17.7,5.9,17.9,0.0,0.0,1.1,2.1,0.0,63.3,86.2,36.7,13.8,28,0,.,0,13,7,7,4,0,.,.,.,.,22,15,29.2,71.0,42.5,81.1,27.9,69.1,41.0,77.2,(CONTRACTS OF EUR 125,000),299741,CME ,099 ,F10,FutOnly
EURO FX/BRITISH POUND XRATE - CHICAGO MERCANTILE EXCHANGE,181113,2018-11-13,299741,CME,00,099,37624,0,22042,0,14548,6671,2298,7042,0,65,0,778,5,23958,31859,13666,5765,385,0,-264,0,633,-632,617,1,0,0,0,0,0,1251,-279,-866,664,100.0,0.0,58.6,0.0,38.7,17.7,6.1,18.7,0.0,0.2,0.0,2.1,0.0,63.7,84.7,36.3,15.3,29,0,.,0,14,7,8,5,0,.,0,.,.,23,17,27.7,68.2,41.0,79.1,26.8,66.4,39.9,75.5,(CONTRACTS OF EUR 125,000),299741,CME ,099 ,F10,FutOnly
EURO FX/BRITISH POUND XRATE - CHICAGO MERCANTILE EXCHANGE,181106,2018-11-06,299741,CME,00,099,37239,0,22306,0,13915,7303,1681,7041,0,65,0,778,5,22707,32138,14532,5101,318,-472,454,0,-331,-221,-509,1573,0,65,-523,0,0,-197,-211,515,529,100.0,0.0,59.9,0.0,37.4,19.6,4.5,18.9,0.0,0.2,0.0,2.1,0.0,61.0,86.3,39.0,13.7,27,0,.,0,12,7,7,5,0,.,0,.,.,21,15,28.5,71.4,41.0,82.0,27.6,70.0,40.0,78.8,(CONTRACTS OF EUR 125,000),299741,CME ,099 ,F10,FutOnly
EURO FX/BRITISH POUND XRATE - CHICAGO MERCANTILE EXCHANGE,181030,2018-10-30,299741,CME,00,099,36921,472,21852,0,14246,7524,2190,5468,0,0,523,778,5,22904,32349,14017,4572,303,2,-102,0,-431,130,527,319,0,0,0,0,0,417,555,-114,-252,100.0,1.3,59.2,0.0,38.6,20.4,5.9,14.8,0.0,0.0,1.4,2.1,0.0,62.0,87.6,38.0,12.4,30,.,.,0,13,8,8,4,0,0,.,.,.,24,15,28.4,71.1,40.3,82.4,27.5,69.6,39.0,78.8,(CONTRACTS OF EUR 125,000),299741,CME ,099 ,F10,FutOnly
EURO FX/BRITISH POUND XRATE - CHICAGO MERCANTILE EXCHANGE,181023,2018-10-23,299741,CME,00,099,36618,470,21954,0,14677,7394,1663,5149,0,0,523,778,5,22487,31794,14131,4824,106,2,-2,0,-56,490,4,-5,0,0,0,0,0,-55,492,161,-386,100.0,1.3,60.0,0.0,40.1,20.2,4.5,14.1,0.0,0.0,1.4,2.1,0.0,61.4,86.8,38.6,13.2,29,.,.,0,13,7,7,4,0,0,.,.,.,23,14,27.8,71.8,39.8,83.1,27.0,70.4,38.8,79.6,(CONTRACTS OF EUR 125,000),299741,CME ,099 ,F10,FutOnly
EURO FX/BRITISH POUND XRATE - CHICAGO MERCANTILE EXCHANGE,181016,2018-10-16,299741,CME,00,099,36512,468,21956,0,14733,6904,1659,5154,0,0,523,778,5,22542,31302,13970,5210,-1284,-359,-749,0,-531,-1586,-205,331,0,0,-77,0,0,-841,-2540,-443,1256,100.0,1.3,60.1,0.0,40.4,18.9,4.5,14.1,0.0,0.0,1.4,2.1,0.0,61.7,85.7,38.3,14.3,28,.,.,0,13,6,7,4,0,0,.,.,.,23,13,28.0,72.0,39.9,83.3,27.1,70.6,38.9,79.8,(CONTRACTS OF EUR 125,000),299741,CME ,099 ,F10,FutOnly
EURO FX/BRITISH POUND XRATE - CHICAGO MERCANTILE EXCHANGE,181009,2018-10-09,299741,CME,00,099,37796,827,22705,0,15264,8490,1864,4823,0,0,600,778,5,23383,33842,14413,3954,618,205,-156,0,-821,181,-47,2203,0,-21,600,0,0,2119,-43,-1501,661,100.0,2.2,60.1,0.0,40.4,22.5,4.9,12.8,0.0,0.0,1.6,2.1,0.0,61.9,89.5,38.1,10.5,28,.,.,0,13,6,7,4,0,0,.,.,.,23,13,27.5,76.2,39.2,86.7,26.6,73.3,38.2,83.3,(CONTRACTS OF EUR 125,000),299741,CME ,099 ,F10,FutOnly
EURO FX/BRITISH POUND XRATE - CHICAGO MERCANTILE EXCHANGE,181002,2018-10-02,299741,CME,00,099,37178,622,22861,0,16085,8309,1911,2620,0,21,0,778,5,21264,33885,15914,3293,466,622,223,0,-997,242,-20,756,0,21,0,0,0,382,466,84,0,100.0,1.7,61.5,0.0,43.3,22.3,5.1,7.0,0.0,0.1,0.0,2.1,0.0,57.2,91.1,42.8,8.9,27,.,.,0,14,5,7,4,0,.,0,.,.,23,13,24.9,79.0,35.5,89.4,23.9,76.0,33.9,85.9,(CONTRACTS OF EUR 125,000),299741,CME ,099 ,F10,FutOnly
EURO FX/BRITISH POUND XRATE - CHICAGO MERCANTILE EXCHANGE,180925,2018-09-25,299741,CME,00,099,36712,0,22638,0,17082,8067,1931,1864,0,0,0,778,5,20882,33419,15830,3293,1033,0,1007,0,1245,678,-469,-416,0,0,0,0,0,360,1216,673,-183,100.0,0.0,61.7,0.0,46.5,22.0,5.3,5.1,0.0,0.0,0.0,2.1,0.0,56.9,91.0,43.1,9.0,25,0,.,0,14,5,7,.,0,0,0,.,.,21,12,26.4,78.4,38.1,89.3,25.0,75.7,36.3,85.8,(CONTRACTS OF EUR 125,000),299741,CME ,099 ,F10,FutOnly
EURO FX/BRITISH POUND XRATE - CHICAGO MERCANTILE EXCHANGE,180918,2018-09-18,299741,CME,00,099,35679,0,21631,0,15837,7389,2400,2280,0,0,0,778,5,20522,32203,15157,3476,-511,0,4957,0,533,116,157,1753,-3325,-994,0,7,0,1449,918,-1960,-1429,100.0,0.0,60.6,0.0,44.4,20.7,6.7,6.4,0.0,0.0,0.0,2.2,0.0,57.5,90.3,42.5,9.7,24,0,.,0,13,5,7,.,0,0,0,.,.,20,12,27.4,79.1,38.5,87.1,25.7,75.5,36.6,83.5,(CONTRACTS OF EUR 125,000),299741,CME ,099 ,F10,FutOnly
EURO FX/BRITISH POUND XRATE - CHICAGO MERCANTILE EXCHANGE,180911,2018-09-11,299741,CME,00,099,36190,0,16674,0,15304,7273,2243,527,3325,994,0,771,5,19073,31285,17117,4905,600,-476,-630,0,-986,1049,-60,0,-1706,962,0,0,0,-560,-385,1160,985,100.0,0.0,46.1,0.0,42.3,20.1,6.2,1.5,9.2,2.7,0.0,2.1,0.0,52.7,86.4,47.3,13.6,24,0,.,0,12,5,7,.,.,.,0,.,.,18,15,27.1,61.6,38.0,78.1,25.4,58.9,35.5,72.9,(CONTRACTS OF EUR 125,000),299741,CME ,099 ,F10,FutOnly
EURO FX/BRITISH POUND XRATE - CHICAGO MERCANTILE EXCHANGE,180904,2018-09-04,299741,CME,00,099,35590,476,17304,0,16290,6224,2303,527,5031,32,0,771,5,19633,31670,15957,3920,-494,-6,-4,0,65,-39,-33,-577,-1216,-52,0,0,0,-603,-1344,109,850,100.0,1.3,48.6,0.0,45.8,17.5,6.5,1.5,14.1,0.1,0.0,2.2,0.0,55.2,89.0,44.8,11.0,28,.,.,0,14,5,8,.,4,.,0,.,.,21,17,27.1,62.4,38.0,78.2,25.4,59.5,35.9,74.6,(CONTRACTS OF EUR 125,000),299741,CME ,099 ,F10,FutOnly
EURO FX/BRITISH POUND XRATE - CHICAGO MERCANTILE EXCHANGE,180828,2018-08-28,299741,CME,00,099,36084,482,17308,0,16225,6263,2336,1104,6247,84,0,771,5,20236,33014,15848,3070,27,-15,27,0,-116,-1,74,-40,-55,83,0,0,0,-14,128,41,-101,100.0,1.3,48.0,0.0,45.0,17.4,6.5,3.1,17.3,0.2,0.0,2.1,0.0,56.1,91.5,43.9,8.5,30,.,.,0,14,5,8,.,5,.,0,.,.,23,18,26.4,62.0,37.3,78.5,24.7,59.3,35.1,74.7,(CONTRACTS OF EUR 125,000),299741,CME ,099 ,F10,FutOnly
EURO FX/BRITISH POUND XRATE - CHICAGO MERCANTILE EXCHANGE,180821,2018-08-21,299741,CME,00,099,36057,497,17281,0,16341,6264,2262,1144,6302,1,0,771,5,20250,32886,15807,3171,-370,-7,9,0,-37,-25,-29,0,-361,1,0,0,0,-72,-405,-298,35,100.0,1.4,47.9,0.0,45.3,17.4,6.3,3.2,17.5,0.0,0.0,2.1,0.0,56.2,91.2,43.8,8.8,30,.,.,0,14,5,8,.,5,.,0,.,.,22,18,26.6,61.9,37.5,78.4,25.1,59.4,35.4,74.9,(CONTRACTS OF EUR 125,000),299741,CME ,099 ,F10,FutOnly
EURO FX/BRITISH POUND XRATE - CHICAGO MERCANTILE EXCHANGE,180814,2018-08-14,299741,CME,00,099,36427,504,17272,0,16378,6289,2291,1144,6663,0,0,771,5,20322,33291,16105,3136,1512,15,-68,0,-179,-645,-51,0,2576,0,0,0,0,-215,1812,1727,-300,100.0,1.4,47.4,0.0,45.0,17.3,6.3,3.1,18.3,0.0,0.0,2.1,0.0,55.8,91.4,44.2,8.6,30,.,.,0,14,5,8,.,5,0,0,.,.,21,18,26.7,61.9,37.3,78.2,25.3,59.5,35.2,74.7,(CONTRACTS OF EUR 125,000),299741,CME ,099 ,F10,FutOnly
EURO FX/BRITISH POUND XRATE - CHICAGO MERCANTILE EXCHANGE,180807,2018-08-07,299741,CME,00,099,34915,489,17340,0,16557,6934,2342,1144,4087,0,0,771,5,20537,31479,14378,3436,532,3,-402,0,-429,250,26,617,1157,0,0,0,0,217,1031,315,-499,100.0,1.4,49.7,0.0,47.4,19.9,6.7,3.3,11.7,0.0,0.0,2.2,0.0,58.8,90.2,41.2,9.8,32,.,.,0,15,6,8,.,5,0,0,.,.,22,19,27.8,63.3,38.3,76.8,26.1,60.2,35.7,73.1,(CONTRACTS OF EUR 125,000),299741,CME ,099 ,F10,FutOnly
EURO FX/BRITISH POUND XRATE - CHICAGO MERCANTILE EXCHANGE,180731,2018-07-31,299741,CME,00,099,34383,486,17742,0,16986,6684,2316,527,2930,0,0,771,5,20320,30448,14063,3935,306,486,0,0,607,0,3,17,-331,0,0,0,0,1113,-328,-807,634,100.0,1.4,51.6,0.0,49.4,19.4,6.7,1.5,8.5,0.0,0.0,2.2,0.0,59.1,88.6,40.9,11.4,29,.,.,0,15,6,8,.,.,0,0,.,.,21,17,29.9,65.4,40.7,78.3,27.4,62.3,38.1,74.5,(CONTRACTS OF EUR 125,000),299741,CME ,099 ,F10,FutOnly
EURO FX/BRITISH POUND XRATE - CHICAGO MERCANTILE EXCHANGE,180724,2018-07-24,299741,CME,00,099,34077,0,17742,0,16379,6684,2313,510,3261,0,0,771,5,19207,30776,14870,3301,1096,-407,-23,0,501,273,0,0,1708,0,0,0,0,94,1958,1002,-862,100.0,0.0,52.1,0.0,48.1,19.6,6.8,1.5,9.6,0.0,0.0,2.3,0.0,56.4,90.3,43.6,9.7,28,0,.,0,14,6,8,.,4,0,0,.,.,19,18,30.9,66.0,41.7,78.6,28.4,62.9,38.7,74.8,(CONTRACTS OF EUR 125,000),299741,CME ,099 ,F10,FutOnly
EURO FX/BRITISH POUND XRATE - CHICAGO MERCANTILE EXCHANGE,180717,2018-07-17,299741,CME,00,099,32981,407,17765,0,15878,6411,2313,510,1553,0,0,771,5,19113,28818,13868,4163,-85,1,0,0,-104,-63,22,0,-550,0,0,0,0,-81,-591,-4,506,100.0,1.2,53.9,0.0,48.1,19.4,7.0,1.5,4.7,0.0,0.0,2.3,0.0,58.0,87.4,42.0,12.6,27,.,.,0,13,7,8,.,.,0,0,.,.,19,17,32.0,68.2,43.2,77.9,29.4,65.0,40.1,74.6,(CONTRACTS OF EUR 125,000),299741,CME ,099 ,F10,FutOnly
EURO FX/BRITISH POUND XRATE - CHICAGO MERCANTILE EXCHANGE,180710,2018-07-10,299741,CME,00,099,33066,406,17765,0,15982,6474,2291,510,2103,0,0,771,5,19194,29409,13872,3657,-215,-8,-703,0,-1212,180,321,0,-98,0,0,0,0,-899,-300,684,85,100.0,1.2,53.7,0.0,48.3,19.6,6.9,1.5,6.4,0.0,0.0,2.3,0.0,58.0,88.9,42.0,11.1,28,.,.,0,13,7,8,.,.,0,0,.,.,19,18,32.0,67.9,43.2,77.5,29.4,64.7,40.1,74.3,(CONTRACTS OF EUR 125,000),299741,CME ,099 ,F10,FutOnly
EURO FX/BRITISH POUND XRATE - CHICAGO MERCANTILE EXCHANGE,180703,2018-07-03,299741,CME,00,099,33281,414,18468,0,17194,6294,1970,510,2201,0,0,771,5,20093,29709,13188,3572,13,-21,99,0,-9,-72,-4,-618,383,0,0,0,0,-652,406,665,-393,100.0,1.2,55.5,0.0,51.7,18.9,5.9,1.5,6.6,0.0,0.0,2.3,0.0,60.4,89.3,39.6,10.7,28,.,.,0,13,7,8,.,.,0,0,.,.,19,18,34.5,69.2,45.5,78.5,32.7,66.0,43.2,75.3,(CONTRACTS OF EUR 125,000),299741,CME ,099 ,F10,FutOnly
EURO FX/BRITISH POUND XRATE - CHICAGO MERCANTILE EXCHANGE,180626,2018-06-26,299741,CME,00,099,33268,435,18369,0,17203,6366,1974,1128,1818,0,0,771,5,20745,29303,12523,3965,-171,22,0,0,-59,172,-198,0,505,0,0,0,0,-235,479,64,-650,100.0,1.3,55.2,0.0,51.7,19.1,5.9,3.4,5.5,0.0,0.0,2.3,0.0,62.4,88.1,37.6,11.9,29,.,.,0,13,7,8,.,.,0,0,.,.,20,18,34.6,68.9,45.5,78.4,32.8,65.7,43.2,75.2,(CONTRACTS OF EUR 125,000),299741,CME ,099 ,F10,FutOnly
EURO FX/BRITISH POUND XRATE - CHICAGO MERCANTILE EXCHANGE,180619,2018-06-19,299741,CME,00,099,33439,413,18369,0,17262,6194,2172,1128,1313,0,0,771,5,20980,28824,12459,4615,-5869,6,-6107,-13,-123,-10,44,-3213,1145,-1378,0,0,0,-4677,-6319,-1192,450,100.0,1.2,54.9,0.0,51.6,18.5,6.5,3.4,3.9,0.0,0.0,2.3,0.0,62.7,86.2,37.3,13.8,28,.,.,0,13,7,8,.,.,0,0,.,.,20,17,34.5,68.5,46.0,78.1,32.7,64.7,43.1,74.3,(CONTRACTS OF EUR 125,000),299741,CME ,099 ,F10,FutOnly
EURO FX/BRITISH POUND XRATE - CHICAGO MERCANTILE EXCHANGE,180612,2018-06-12,299741,CME,00,099,39308,407,24476,13,17385,6204,2128,4341,168,1378,0,771,5,25657,35143,13651,4165,2280,407,-148,13,-251,1232,202,504,168,1329,0,0,0,2204,2796,76,-516,100.0,1.0,62.3,0.0,44.2,15.8,5.4,11.0,0.4,3.5,0.0,2.0,0.0,65.3,89.4,34.7,10.6,31,.,.,.,13,7,8,5,.,.,0,.,.,24,19,31.9,71.2,43.5,80.5,30.9,68.0,41.5,76.8,(CONTRACTS OF EUR 125,000),299741,CME ,099 ,F10,FutOnly
EURO FX/BRITISH POUND XRATE - CHICAGO MERCANTILE EXCHANGE,180605,2018-06-05,299741,CME,00,099,37028,0,24624,0,17636,4972,1926,3837,0,49,0,771,5,23453,32347,13575,4681,370,0,14,0,75,36,30,321,0,49,0,0,0,475,129,-105,241,100.0,0.0,66.5,0.0,47.6,13.4,5.2,10.4,0.0,0.1,0.0,2.1,0.0,63.3,87.4,36.7,12.6,28,0,.,0,13,7,8,4,0,.,0,.,.,21,17,33.8,71.8,45.7,81.3,32.6,69.4,43.9,78.4,(CONTRACTS OF EUR 125,000),299741,CME ,099 ,F10,FutOnly
EURO FX/BRITISH POUND XRATE - CHICAGO MERCANTILE EXCHANGE,180529,2018-05-29,299741,CME,00,099,36658,0,24610,0,17561,4936,1896,3516,0,0,0,771,5,22978,32218,13680,4440,1349,0,81,0,-379,1125,-69,1778,-419,0,0,0,0,1330,718,19,631,100.0,0.0,67.1,0.0,47.9,13.5,5.2,9.6,0.0,0.0,0.0,2.1,0.0,62.7,87.9,37.3,12.1,28,0,.,0,13,7,8,4,0,0,0,.,.,21,16,33.4,72.3,45.4,81.9,32.4,70.0,43.8,79.1,(CONTRACTS OF EUR 125,000),299741,CME ,099 ,F10,FutOnly
EURO FX/BRITISH POUND XRATE - CHICAGO MERCANTILE EXCHANGE,180522,2018-05-22,299741,CME,00,099,35309,0,24529,0,17940,3811,1965,1738,419,0,0,771,5,21648,31500,13661,3809,202,-433,7,0,-110,373,166,613,-653,-1,0,0,0,235,-108,-33,310,100.0,0.0,69.5,0.0,50.8,10.8,5.6,4.9,1.2,0.0,0.0,2.2,0.0,61.3,89.2,38.7,10.8,29,0,.,0,15,6,9,.,.,0,0,.,.,21,18,33.2,72.5,43.6,81.4,31.6,71.9,41.6,80.4,(CONTRACTS OF EUR 125,000),299741,CME ,099 ,F10,FutOnly
EURO FX/BRITISH POUND XRATE - CHICAGO MERCANTILE EXCHANGE,180515,2018-05-15,299741,CME,00,099,35107,433,24522,0,18050,3438,1799,1125,1072,1,0,771,5,21413,31608,13694,3499,8,-17,-168,0,-281,107,42,0,-109,1,0,0,0,-255,-127,263,135,100.0,1.2,69.8,0.0,51.4,9.8,5.1,3.2,3.1,0.0,0.0,2.2,0.0,61.0,90.0,39.0,10.0,30,.,.,0,15,6,9,.,.,.,0,.,.,22,19,33.2,72.6,43.7,80.7,31.6,72.2,41.6,80.0,(CONTRACTS OF EUR 125,000),299741,CME ,099 ,F10,FutOnly
EURO FX/BRITISH POUND XRATE - CHICAGO MERCANTILE EXCHANGE,180508,2018-05-08,299741,CME,00,099,35099,450,24690,0,18331,3331,1757,1125,1181,0,0,771,5,21668,31735,13431,3364,-1649,-10,-841,0,-1040,-302,-96,90,214,0,0,0,0,-1056,-1025,-593,-624,100.0,1.3,70.3,0.0,52.2,9.5,5.0,3.2,3.4,0.0,0.0,2.2,0.0,61.7,90.4,38.3,9.6,30,.,.,0,15,6,9,.,.,0,0,.,.,21,19,33.8,73.1,44.3,81.3,32.3,72.6,42.5,80.6,(CONTRACTS OF EUR 125,000),299741,CME ,099 ,F10,FutOnly
EURO FX/BRITISH POUND XRATE - CHICAGO MERCANTILE EXCHANGE,180501,2018-05-01,299741,CME,00,099,36748,460,25531,0,19371,3633,1853,1035,967,0,0,771,5,22724,32760,14024,3988,425,460,-6,0,-201,740,222,524,297,-252,0,0,0,753,1001,-328,-576,100.0,1.3,69.5,0.0,52.7,9.9,5.0,2.8,2.6,0.0,0.0,2.1,0.0,61.8,89.1,38.2,10.9,30,.,.,0,15,6,9,.,.,0,0,.,.,22,18,34.7,72.1,44.8,80.7,33.4,72.1,43.3,79.8,(CONTRACTS OF EUR 125,000),299741,CME ,099 ,F10,FutOnly
EURO FX/BRITISH POUND XRATE - CHICAGO MERCANTILE EXCHANGE,180424,2018-04-24,299741,CME,00,099,36323,0,25537,0,19572,2893,1631,511,670,252,0,771,5,21971,31759,14352,4564,-2040,0,-38,0,315,-719,279,-2779,-6,-20,0,0,0,-2205,-504,165,-1536,100.0,0.0,70.3,0.0,53.9,8.0,4.5,1.4,1.8,0.7,0.0,2.1,0.0,60.5,87.4,39.5,12.6,26,0,.,0,15,5,8,.,.,.,0,.,.,20,16,35.7,73.2,46.0,81.6,34.4,73.2,44.4,80.7,(CONTRACTS OF EUR 125,000),299741,CME ,099 ,F10,FutOnly
EURO FX/BRITISH POUND XRATE - CHICAGO MERCANTILE EXCHANGE,180417,2018-04-17,299741,CME,00,099,38363,0,25575,0,19257,3612,1352,3290,676,272,0,771,5,24176,32263,14187,6100,1561,0,145,0,259,825,-135,1146,-6,-23,0,0,0,1247,806,314,755,100.0,0.0,66.7,0.0,50.2,9.4,3.5,8.6,1.8,0.7,0.0,2.0,0.0,63.0,84.1,37.0,15.9,29,0,.,0,14,6,8,4,.,.,0,.,.,23,17,34.0,70.1,45.5,78.4,33.1,69.5,44.0,77.1,(CONTRACTS OF EUR 125,000),299741,CME ,099 ,F10,FutOnly
EURO FX/BRITISH POUND XRATE - CHICAGO MERCANTILE EXCHANGE,180410,2018-04-10,299741,CME,00,099,36802,0,25430,0,18998,2787,1487,2144,682,295,0,771,5,22929,31457,13873,5345,127,0,-401,-214,-627,1070,279,1187,-928,62,0,0,0,687,-132,-560,259,100.0,0.0,69.1,0.0,51.6,7.6,4.0,5.8,1.9,0.8,0.0,2.1,0.0,62.3,85.5,37.7,14.5,29,0,.,0,14,6,8,4,.,.,0,.,.,23,17,34.4,71.6,44.7,79.6,32.9,71.3,43.1,78.5,(CONTRACTS OF EUR 125,000),299741,CME ,099 ,F10,FutOnly
EURO FX/BRITISH POUND XRATE - CHICAGO MERCANTILE EXCHANGE,180403,2018-04-03,299741,CME,00,099,36675,0,25831,214,19625,1717,1208,957,1610,233,0,771,5,22242,31589,14433,5086,127,0,27,0,-136,-9,0,48,-169,-40,0,0,0,-128,-191,255,318,100.0,0.0,70.4,0.6,53.5,4.7,3.3,2.6,4.4,0.6,0.0,2.1,0.0,60.6,86.1,39.4,13.9,27,0,4,.,15,.,6,.,.,.,0,.,.,21,16,35.5,72.3,45.6,80.6,34.0,72.3,44.0,79.8,(CONTRACTS OF EUR 125,000),299741,CME ,099 ,F10,FutOnly
EURO FX/BRITISH POUND XRATE - CHICAGO MERCANTILE EXCHANGE,180327,2018-03-27,299741,CME,00,099,36548,0,25804,214,19761,1726,1208,909,1779,273,0,771,5,22370,31780,14178,4768,2037,0,1817,214,2077,416,-73,470,-1911,48,0,0,0,2736,511,-699,1526,100.0,0.0,70.6,0.6,54.1,4.7,3.3,2.5,4.9,0.7,0.0,2.1,0.0,61.2,87.0,38.8,13.0,27,0,4,.,15,.,6,.,.,.,0,.,.,21,17,35.9,72.9,46.1,81.3,34.4,72.9,44.5,80.5,(CONTRACTS OF EUR 125,000),299741,CME ,099 ,F10,FutOnly
EURO FX/BRITISH POUND XRATE - CHICAGO MERCANTILE EXCHANGE,180320,2018-03-20,299741,CME,00,099,34511,0,23987,0,17684,1310,1281,439,3690,225,0,771,5,19634,31269,14877,3242,-5184,0,2339,0,-1120,0,-517,4,-4172,-1216,0,0,0,-2849,-3566,-2335,-1618,100.0,0.0,69.5,0.0,51.2,3.8,3.7,1.3,10.7,0.7,0.0,2.2,0.0,56.9,90.6,43.1,9.4,25,0,.,0,15,.,6,.,.,.,0,.,.,19,15,32.3,77.2,43.0,86.0,30.7,77.1,41.3,85.0,(CONTRACTS OF EUR 125,000),299741,CME ,099 ,F10,FutOnly
EURO FX/BRITISH POUND XRATE - CHICAGO MERCANTILE EXCHANGE,180313,2018-03-13,299741,CME,00,099,39695,0,21648,0,18804,1310,1798,435,7862,1441,0,771,5,22483,34835,17212,4860,3610,0,-229,0,-119,0,496,0,1027,1206,0,0,0,1583,2500,2027,1110,100.0,0.0,54.5,0.0,47.4,3.3,4.5,1.1,19.8,3.6,0.0,1.9,0.0,56.6,87.8,43.4,12.2,28,0,.,0,15,.,7,.,6,5,0,.,.,21,20,30.5,68.3,41.0,77.8,29.2,68.3,38.4,77.2,(CONTRACTS OF EUR 125,000),299741,CME ,099 ,F10,FutOnly
EURO FX/BRITISH POUND XRATE - CHICAGO MERCANTILE EXCHANGE,180306,2018-03-06,299741,CME,00,099,36085,0,21877,0,18923,1310,1302,435,6835,235,0,771,5,20900,32335,15185,3750,917,0,152,0,582,0,0,0,922,-21,0,0,0,561,1053,356,-136,100.0,0.0,60.6,0.0,52.4,3.6,3.6,1.2,18.9,0.7,0.0,2.1,0.0,57.9,89.6,42.1,10.4,27,0,.,0,16,.,6,.,5,.,0,.,.,20,16,33.2,72.8,43.4,83.0,31.7,72.8,41.5,82.3,(CONTRACTS OF EUR 125,000),299741,CME ,099 ,F10,FutOnly
EURO FX/BRITISH POUND XRATE - CHICAGO MERCANTILE EXCHANGE,180227,2018-02-27,299741,CME,00,099,35168,0,21725,0,18341,1310,1302,435,5913,256,0,771,5,20339,31282,14829,3886,-257,0,-274,0,-240,267,0,0,110,-65,0,0,0,-305,38,48,-295,100.0,0.0,61.8,0.0,52.2,3.7,3.7,1.2,16.8,0.7,0.0,2.2,0.0,57.8,89.0,42.2,11.0,26,0,.,0,16,.,6,.,4,.,0,.,.,19,15,32.6,73.4,42.8,83.8,31.0,73.4,41.1,83.1,(CONTRACTS OF EUR 125,000),299741,CME ,099 ,F10,FutOnly
EURO FX/BRITISH POUND XRATE - CHICAGO MERCANTILE EXCHANGE,180220,2018-02-20,299741,CME,00,099,35425,0,21999,0,18581,1043,1302,435,5803,321,0,771,5,20644,31244,14781,4181,-4,0,296,0,309,90,4,435,-34,-352,0,0,0,396,4,-400,-8,100.0,0.0,62.1,0.0,52.5,2.9,3.7,1.2,16.4,0.9,0.0,2.2,0.0,58.3,88.2,41.7,11.8,27,0,.,0,16,.,6,.,5,.,0,.,.,20,16,33.1,72.9,43.3,82.1,31.6,72.9,41.4,81.0,(CONTRACTS OF EUR 125,000),299741,CME ,099 ,F10,FutOnly
EURO FX/BRITISH POUND XRATE - CHICAGO MERCANTILE EXCHANGE,180213,2018-02-13,299741,CME,00,099,35429,0,21703,0,18272,953,1298,0,5837,673,0,771,5,20248,31240,15181,4189,-780,0,-941,0,-944,-1269,-359,0,1659,-23,0,0,0,-1326,-933,546,153,100.0,0.0,61.3,0.0,51.6,2.7,3.7,0.0,16.5,1.9,0.0,2.2,0.0,57.2,88.2,42.8,11.8,27,0,.,0,16,.,6,0,6,.,0,.,.,19,17,32.3,71.5,42.4,80.3,30.7,71.5,40.6,79.6,(CONTRACTS OF EUR 125,000),299741,CME ,099 ,F10,FutOnly
EURO FX/BRITISH POUND XRATE - CHICAGO MERCANTILE EXCHANGE,180206,2018-02-06,299741,CME,00,099,36209,0,22644,0,19216,2222,1657,0,4178,696,0,771,5,21574,32173,14635,4036,-1780,-626,-776,-10,-1389,0,100,-691,-1143,9,0,0,0,-2607,-1820,827,40,100.0,0.0,62.5,0.0,53.1,6.1,4.6,0.0,11.5,1.9,0.0,2.1,0.0,59.6,88.9,40.4,11.1,26,0,.,0,16,.,6,0,4,.,0,.,.,19,15,33.6,74.1,43.6,83.8,31.7,71.9,41.3,80.7,(CONTRACTS OF EUR 125,000),299741,CME ,099 ,F10,FutOnly
EURO FX/BRITISH POUND XRATE - CHICAGO MERCANTILE EXCHANGE,180130,2018-01-30,299741,CME,00,099,37989,626,23420,10,20605,2222,1557,691,5321,687,0,771,5,24181,33993,13808,3996,-186,0,-77,0,-600,-30,50,10,226,-25,0,352,-5,-570,491,384,-677,100.0,1.6,61.6,0.0,54.2,5.8,4.1,1.8,14.0,1.8,0.0,2.0,0.0,63.7,89.5,36.3,10.5,28,.,.,.,16,.,6,.,4,.,0,.,.,21,16,34.6,75.4,44.5,84.9,32.8,73.4,42.4,82.0,(CONTRACTS OF EUR 125,000),299741,CME ,099 ,F10,FutOnly
EURO FX/BRITISH POUND XRATE - CHICAGO MERCANTILE EXCHANGE,180123,2018-01-23,299741,CME,00,099,38175,626,23497,10,21205,2252,1507,681,5095,712,0,419,10,24751,33502,13424,4673,-909,0,-374,0,119,-7,-256,0,-802,18,0,0,0,-119,-1421,-790,512,100.0,1.6,61.6,0.0,55.5,5.9,3.9,1.8,13.3,1.9,0.0,1.1,0.0,64.8,87.8,35.2,12.2,29,.,.,.,17,.,6,.,4,.,0,.,.,22,16,34.1,74.7,43.9,83.5,32.4,72.7,41.9,80.5,(CONTRACTS OF EUR 125,000),299741,CME ,099 ,F10,FutOnly
EURO FX/BRITISH POUND XRATE - CHICAGO MERCANTILE EXCHANGE,180116,2018-01-16,299741,CME,00,099,39084,626,23871,10,21086,2259,1763,681,5897,694,0,419,10,24870,34923,14214,4161,275,0,-184,0,-540,-1457,131,0,1539,12,-538,0,0,-935,41,1210,234,100.0,1.6,61.1,0.0,54.0,5.8,4.5,1.7,15.1,1.8,0.0,1.1,0.0,63.6,89.4,36.4,10.6,30,.,.,.,17,.,8,.,5,.,0,.,.,23,18,34.2,74.1,43.8,83.3,32.6,72.1,41.6,80.5,(CONTRACTS OF EUR 125,000),299741,CME ,099 ,F10,FutOnly
EURO FX/BRITISH POUND XRATE - CHICAGO MERCANTILE EXCHANGE,180109,2018-01-09,299741,CME,00,099,38809,626,24055,10,21626,3716,1632,681,4358,682,538,419,10,25805,34882,13004,3927,-107,0,363,0,378,26,72,-448,-1115,6,0,0,0,8,-648,-115,541,100.0,1.6,62.0,0.0,55.7,9.6,4.2,1.8,11.2,1.8,1.4,1.1,0.0,66.5,89.9,33.5,10.1,30,.,.,.,17,.,8,.,4,.,.,.,.,24,17,35.0,78.3,44.7,85.5,33.4,76.3,43.0,82.4,(CONTRACTS OF EUR 125,000),299741,CME ,099 ,F10,FutOnly
EURO FX/BRITISH POUND XRATE - CHICAGO MERCANTILE EXCHANGE,180102,2018-01-02,299741,CME,00,099,38916,626,23692,10,21248,3690,1560,1129,5473,676,538,419,10,25797,35530,13119,3386,1063,0,2,0,-24,-884,5,681,1705,0,0,0,0,662,828,401,235,100.0,1.6,60.9,0.0,54.6,9.5,4.0,2.9,14.1,1.7,1.4,1.1,0.0,66.3,91.3,33.7,8.7,32,.,.,.,17,.,8,.,5,.,.,.,.,25,18,34.0,77.4,43.5,85.8,32.4,75.4,41.9,83.0,(CONTRACTS OF EUR 125,000),299741,CME ,099 ,F10,FutOnly
EURO FX/JAPANESE YEN XRATE - CHICAGO MERCANTILE EXCHANGE,181231,2018-12-31,399741,CME,00,099,28352,5618,6456,627,10924,12247,2111,3001,1252,0,0,0,0,22281,22693,6071,5659,-655,17,-5,5,-39,-423,-203,-880,1,0,0,0,0,-1100,-625,445,-30,100.0,19.8,22.8,2.2,38.5,43.2,7.4,10.6,4.4,0.0,0.0,0.0,0.0,78.6,80.0,21.4,20.0,21,.,.,.,7,7,7,.,.,0,0,0,0,17,12,52.4,60.4,65.8,74.9,50.5,57.6,63.9,68.6,(CONTRACTS OF EUR 125,000),399741,CME ,099 ,F10,FutOnly
EURO FX/JAPANESE YEN XRATE - CHICAGO MERCANTILE EXCHANGE,181224,2018-12-24,399741,CME,00,099,29007,5601,6461,622,10963,12670,2314,3881,1251,0,0,0,0,23381,23318,5626,5689,-10026,5601,-5792,-5669,-149,23,-37,-4417,1251,0,0,0,0,-4671,-10224,-5355,198,100.0,19.3,22.3,2.1,37.8,43.7,8.0,13.4,4.3,0.0,0.0,0.0,0.0,80.6,80.4,19.4,19.6,22,.,.,.,7,8,8,.,.,0,0,0,0,18,13,53.4,59.0,67.3,73.2,51.6,56.3,65.5,67.5,(CONTRACTS OF EUR 125,000),399741,CME ,099 ,F10,FutOnly
EURO FX/JAPANESE YEN XRATE - CHICAGO MERCANTILE EXCHANGE,181218,2018-12-18,399741,CME,00,099,39033,0,12253,6291,11112,12647,2351,8298,0,0,0,0,0,28052,33542,10981,5491,-5590,0,5122,-7296,-50,-17,31,37,0,-3064,0,-570,0,-10342,-5794,4752,204,100.0,0.0,31.4,16.1,28.5,32.4,6.0,21.3,0.0,0.0,0.0,0.0,0.0,71.9,85.9,28.1,14.1,22,0,.,.,7,8,8,4,0,0,0,0,0,19,13,46.5,68.7,59.5,80.6,34.2,52.3,45.9,62.3,(CONTRACTS OF EUR 125,000),399741,CME ,099 ,F10,FutOnly
EURO FX/JAPANESE YEN XRATE - CHICAGO MERCANTILE EXCHANGE,181211,2018-12-11,399741,CME,00,099,44623,0,7131,13587,11162,12664,2320,8261,0,3064,0,570,0,38394,39336,6229,5287,15726,0,303,12870,300,533,-132,-456,0,3060,0,0,0,15642,16634,84,-908,100.0,0.0,16.0,30.4,25.0,28.4,5.2,18.5,0.0,6.9,0.0,1.3,0.0,86.0,88.2,14.0,11.8,24,0,.,.,7,8,8,5,0,.,0,.,0,21,15,54.9,67.0,70.9,80.5,31.0,36.0,40.0,43.4,(CONTRACTS OF EUR 125,000),399741,CME ,099 ,F10,FutOnly
EURO FX/JAPANESE YEN XRATE - CHICAGO MERCANTILE EXCHANGE,181204,2018-12-04,399741,CME,00,099,28897,0,6828,717,10862,12131,2452,8717,0,4,0,570,0,22752,22702,6145,6195,1068,0,2,-2,420,29,17,1241,0,1,0,570,0,1677,617,-609,451,100.0,0.0,23.6,2.5,37.6,42.0,8.5,30.2,0.0,0.0,0.0,2.0,0.0,78.7,78.6,21.3,21.4,23,0,.,.,7,8,8,4,0,.,0,.,0,18,15,50.2,55.9,65.2,68.9,47.9,53.1,62.9,64.2,(CONTRACTS OF EUR 125,000),399741,CME ,099 ,F10,FutOnly
EURO FX/JAPANESE YEN XRATE - CHICAGO MERCANTILE EXCHANGE,181127,2018-11-27,399741,CME,00,099,27829,0,6826,719,10442,12102,2435,7476,0,3,0,0,0,21075,22085,6754,5744,-812,0,120,0,-298,-362,-6,-725,0,-3,0,-505,0,-1032,-756,220,-56,100.0,0.0,24.5,2.6,37.5,43.5,8.7,26.9,0.0,0.0,0.0,0.0,0.0,75.7,79.4,24.3,20.6,21,0,.,.,6,8,8,4,0,.,0,0,0,17,15,52.6,58.0,65.2,71.6,50.3,55.1,61.4,66.0,(CONTRACTS OF EUR 125,000),399741,CME ,099 ,F10,FutOnly
EURO FX/JAPANESE YEN XRATE - CHICAGO MERCANTILE EXCHANGE,181120,2018-11-20,399741,CME,00,099,28641,0,6706,719,10740,12464,2441,8201,0,6,0,505,0,22107,22841,6534,5800,436,0,320,7,303,-20,-14,-61,0,6,0,0,0,241,299,195,137,100.0,0.0,23.4,2.5,37.5,43.5,8.5,28.6,0.0,0.0,0.0,1.8,0.0,77.2,79.7,22.8,20.3,23,0,.,.,7,8,8,4,0,.,0,.,0,18,15,50.9,57.5,63.7,70.3,48.6,54.7,61.3,65.3,(CONTRACTS OF EUR 125,000),399741,CME ,099 ,F10,FutOnly
EURO FX/JAPANESE YEN XRATE - CHICAGO MERCANTILE EXCHANGE,181113,2018-11-13,399741,CME,00,099,28205,0,6386,712,10437,12484,2455,8262,0,0,0,505,0,21866,22542,6339,5663,615,0,-343,-6,595,286,-2,386,0,0,0,505,0,973,440,-358,175,100.0,0.0,22.6,2.5,37.0,44.3,8.7,29.3,0.0,0.0,0.0,1.8,0.0,77.5,79.9,22.5,20.1,24,0,.,.,7,8,8,5,0,0,0,.,0,19,14,50.8,57.3,63.2,70.4,48.5,54.4,59.7,65.2,(CONTRACTS OF EUR 125,000),399741,CME ,099 ,F10,FutOnly
EURO FX/JAPANESE YEN XRATE - CHICAGO MERCANTILE EXCHANGE,181106,2018-11-06,399741,CME,00,099,27590,0,6729,718,9842,12198,2457,7876,0,0,0,0,0,20893,22102,6697,5488,1137,0,665,40,888,729,-27,935,0,0,0,0,0,1836,1407,-699,-270,100.0,0.0,24.4,2.6,35.7,44.2,8.9,28.5,0.0,0.0,0.0,0.0,0.0,75.7,80.1,24.3,19.9,23,0,4,.,6,8,8,5,0,0,0,0,0,18,14,50.0,57.9,62.5,70.7,47.6,55.0,59.3,65.2,(CONTRACTS OF EUR 125,000),399741,CME ,099 ,F10,FutOnly
EURO FX/JAPANESE YEN XRATE - CHICAGO MERCANTILE EXCHANGE,181030,2018-10-30,399741,CME,00,099,26453,0,6064,678,8954,11469,2484,6941,0,0,0,0,0,19057,20695,7396,5758,837,0,67,-48,-851,-297,-107,785,0,0,0,-419,0,-221,-804,1058,1641,100.0,0.0,22.9,2.6,33.8,43.4,9.4,26.2,0.0,0.0,0.0,0.0,0.0,72.0,78.2,28.0,21.8,22,0,4,.,6,8,8,4,0,0,0,0,0,17,14,47.3,57.6,60.2,68.7,44.9,53.5,56.7,62.7,(CONTRACTS OF EUR 125,000),399741,CME ,099 ,F10,FutOnly
EURO FX/JAPANESE YEN XRATE - CHICAGO MERCANTILE EXCHANGE,181023,2018-10-23,399741,CME,00,099,25616,0,5997,726,9805,11766,2591,6156,0,0,0,419,0,19278,21499,6338,4117,286,-5,501,-8,-97,735,-4,849,0,0,0,-460,0,735,764,-449,-478,100.0,0.0,23.4,2.8,38.3,45.9,10.1,24.0,0.0,0.0,0.0,1.6,0.0,75.3,83.9,24.7,16.1,26,0,4,.,8,9,10,4,0,0,0,.,0,20,17,47.8,59.4,60.0,70.5,45.3,55.0,55.4,64.4,(CONTRACTS OF EUR 125,000),399741,CME ,099 ,F10,FutOnly
EURO FX/JAPANESE YEN XRATE - CHICAGO MERCANTILE EXCHANGE,181016,2018-10-16,399741,CME,00,099,25330,5,5496,734,9902,11031,2595,5307,0,0,0,879,0,18543,20735,6787,4595,65,-21,39,0,-8,-1138,-2,848,0,0,0,250,0,817,-851,-752,916,100.0,0.0,21.7,2.9,39.1,43.5,10.2,21.0,0.0,0.0,0.0,3.5,0.0,73.2,81.9,26.8,18.1,23,.,.,.,8,8,10,.,0,0,0,.,0,19,15,48.3,59.8,60.1,71.7,45.9,55.6,55.1,65.6,(CONTRACTS OF EUR 125,000),399741,CME ,099 ,F10,FutOnly
EURO FX/JAPANESE YEN XRATE - CHICAGO MERCANTILE EXCHANGE,181009,2018-10-09,399741,CME,00,099,25265,26,5457,734,9910,12169,2597,4459,0,0,0,629,0,17726,21586,7539,3679,.,.,.,.,.,.,.,.,.,.,.,.,.,.,.,.,.,100.0,0.1,21.6,2.9,39.2,48.2,10.3,17.6,0.0,0.0,0.0,2.5,0.0,70.2,85.4,29.8,14.6,21,.,.,.,8,8,10,.,0,0,0,.,0,17,15,48.7,64.1,60.6,75.2,46.3,59.7,55.3,69.1,(CONTRACTS OF EUR 125,000),399741,CME ,099 ,F10,FutOnly
EURO FX/JAPANESE YEN XRATE - CHICAGO MERCANTILE EXCHANGE,180918,2018-09-18,399741,CME,00,099,29914,6317,0,596,5313,14786,2327,5298,0,2185,0,0,0,22036,19894,7878,10020,-5034,844,-4897,-7430,-1586,-191,284,-541,0,1788,0,0,0,-6641,-10446,1607,5412,100.0,21.1,0.0,2.0,17.8,49.4,7.8,17.7,0.0,7.3,0.0,0.0,0.0,73.7,66.5,26.3,33.5,20,.,0,.,5,9,9,.,0,.,0,0,0,18,14,48.1,49.0,62.0,59.7,40.0,42.5,53.2,48.8,(CONTRACTS OF EUR 125,000),399741,CME ,099 ,F10,FutOnly
EURO FX/JAPANESE YEN XRATE - CHICAGO MERCANTILE EXCHANGE,180911,2018-09-11,399741,CME,00,099,34948,5473,4897,8026,6899,14977,2043,5839,0,397,0,0,0,28677,30340,6271,4608,7048,66,-1315,7447,-1295,934,-26,771,0,380,0,0,0,7343,7420,-295,-372,100.0,15.7,14.0,23.0,19.7,42.9,5.8,16.7,0.0,1.1,0.0,0.0,0.0,82.1,86.8,17.9,13.2,21,.,.,.,5,9,8,4,0,.,0,0,0,19,16,55.8,65.2,69.9,79.2,36.8,47.7,49.2,55.2,(CONTRACTS OF EUR 125,000),399741,CME ,099 ,F10,FutOnly
EURO FX/JAPANESE YEN XRATE - CHICAGO MERCANTILE EXCHANGE,180904,2018-09-04,399741,CME,00,099,27900,5407,6212,579,8194,14043,2069,5068,0,17,0,0,0,21334,22920,6566,4980,.,.,.,.,.,.,.,.,.,.,.,.,.,.,.,.,.,100.0,19.4,22.3,2.1,29.4,50.3,7.4,18.2,0.0,0.1,0.0,0.0,0.0,76.5,82.2,23.5,17.8,20,.,.,.,5,9,8,.,0,.,0,0,0,17,14,51.7,64.4,67.3,76.0,50.6,61.3,64.8,70.5,(CONTRACTS OF EUR 125,000),399741,CME ,099 ,F10,FutOnly
EURO FX/JAPANESE YEN XRATE - CHICAGO MERCANTILE EXCHANGE,180821,2018-08-21,399741,CME,00,099,29084,4811,6212,545,8243,13061,2016,7240,0,0,0,0,0,22855,21834,6229,7250,1098,925,0,0,43,1257,-143,392,-650,0,0,0,0,1217,464,-119,634,100.0,16.5,21.4,1.9,28.3,44.9,6.9,24.9,0.0,0.0,0.0,0.0,0.0,78.6,75.1,21.4,24.9,20,.,.,.,5,8,8,4,0,0,0,0,0,18,11,49.7,59.9,67.1,70.9,48.7,57.1,66.2,65.4,(CONTRACTS OF EUR 125,000),399741,CME ,099 ,F10,FutOnly
EURO FX/JAPANESE YEN XRATE - CHICAGO MERCANTILE EXCHANGE,180814,2018-08-14,399741,CME,00,099,27986,3886,6212,545,8200,11804,2159,6848,650,0,0,0,0,21638,21370,6348,6616,2088,93,0,0,-414,-38,3,2005,650,0,0,0,0,1687,615,401,1473,100.0,13.9,22.2,1.9,29.3,42.2,7.7,24.5,2.3,0.0,0.0,0.0,0.0,77.3,76.4,22.7,23.6,21,.,.,.,5,8,8,4,.,0,0,0,0,18,12,48.4,60.2,64.8,70.2,47.5,55.8,63.9,64.6,(CONTRACTS OF EUR 125,000),399741,CME ,099 ,F10,FutOnly
EURO FX/JAPANESE YEN XRATE - CHICAGO MERCANTILE EXCHANGE,180807,2018-08-07,399741,CME,00,099,25898,3793,6212,545,8614,11842,2156,4843,0,0,0,0,0,19951,20755,5947,5143,203,-18,0,17,-8,-133,135,794,0,0,0,0,0,920,19,-717,184,100.0,14.6,24.0,2.1,33.3,45.7,8.3,18.7,0.0,0.0,0.0,0.0,0.0,77.0,80.1,23.0,19.9,21,.,.,.,6,8,8,4,0,0,0,0,0,19,11,48.8,65.2,63.5,75.5,47.8,60.5,60.8,68.7,(CONTRACTS OF EUR 125,000),399741,CME ,099 ,F10,FutOnly
EURO FX/JAPANESE YEN XRATE - CHICAGO MERCANTILE EXCHANGE,180731,2018-07-31,399741,CME,00,099,25695,3811,6212,528,8622,11975,2021,4049,0,0,0,0,0,19031,20736,6664,4959,-1317,54,0,-55,413,-570,89,-1509,-553,0,0,0,0,-1008,-1089,-309,-228,100.0,14.8,24.2,2.1,33.6,46.6,7.9,15.8,0.0,0.0,0.0,0.0,0.0,74.1,80.7,25.9,19.3,20,.,.,.,6,8,8,.,0,0,0,0,0,18,11,49.1,65.7,63.3,76.2,48.0,61.5,60.0,69.9,(CONTRACTS OF EUR 125,000),399741,CME ,099 ,F10,FutOnly
EURO FX/JAPANESE YEN XRATE - CHICAGO MERCANTILE EXCHANGE,180724,2018-07-24,399741,CME,00,099,27012,3757,6212,583,8209,12545,1932,5558,553,0,0,0,0,20039,21825,6973,5187,-468,-203,0,21,40,-35,24,67,-791,0,0,0,0,-51,-781,-417,313,100.0,13.9,23.0,2.2,30.4,46.4,7.2,20.6,2.0,0.0,0.0,0.0,0.0,74.2,80.8,25.8,19.2,20,.,.,.,5,8,9,.,.,0,0,0,0,17,13,52.3,62.5,65.8,74.5,51.4,58.9,62.7,69.4,(CONTRACTS OF EUR 125,000),399741,CME ,099 ,F10,FutOnly
EURO FX/JAPANESE YEN XRATE - CHICAGO MERCANTILE EXCHANGE,180717,2018-07-17,399741,CME,00,099,27480,3960,6212,562,8169,12580,1908,5491,1344,0,0,0,0,20090,22606,7390,4874,.,.,.,.,.,.,.,.,.,.,.,.,.,.,.,.,.,100.0,14.4,22.6,2.0,29.7,45.8,6.9,20.0,4.9,0.0,0.0,0.0,0.0,73.1,82.3,26.9,17.7,21,.,.,.,5,8,9,.,.,0,0,0,0,17,14,51.9,61.3,65.1,73.5,50.9,58.1,61.9,68.9,(CONTRACTS OF EUR 125,000),399741,CME ,099 ,F10,FutOnly
EURO FX/JAPANESE YEN XRATE - CHICAGO MERCANTILE EXCHANGE,180529,2018-05-29,399741,CME,00,099,24721,689,3042,496,8353,10860,2194,6904,1129,3,0,0,0,18639,17724,6082,6997,.,.,.,.,.,.,.,.,.,.,.,.,.,.,.,.,.,100.0,2.8,12.3,2.0,33.8,43.9,8.9,27.9,4.6,0.0,0.0,0.0,0.0,75.4,71.7,24.6,28.3,20,.,.,.,5,7,8,4,.,.,0,0,0,17,13,51.9,52.8,63.8,65.6,51.3,50.0,60.8,59.4,(CONTRACTS OF EUR 125,000),399741,CME ,099 ,F10,FutOnly
EURO FX/JAPANESE YEN XRATE - CHICAGO MERCANTILE EXCHANGE,180227,2018-02-27,399741,CME,00,099,25281,1668,8340,417,9973,7419,2511,3768,1601,11,0,0,0,18348,20299,6933,4982,-672,-11,-166,0,-1266,1904,70,1167,-3023,0,0,0,0,-40,-1215,-632,543,100.0,6.6,33.0,1.6,39.4,29.3,9.9,14.9,6.3,0.0,0.0,0.0,0.0,72.6,80.3,27.4,19.7,20,.,.,.,7,5,9,.,.,.,0,0,0,16,15,50.2,65.6,63.4,75.6,49.9,62.6,58.9,68.6,(CONTRACTS OF EUR 125,000),399741,CME ,099 ,F10,FutOnly
EURO FX/JAPANESE YEN XRATE - CHICAGO MERCANTILE EXCHANGE,180220,2018-02-20,399741,CME,00,099,25953,1679,8506,417,11239,5515,2441,2601,4624,11,0,0,0,18388,21514,7565,4439,-103,-328,326,3,-1284,21,317,1398,-1111,0,0,0,0,106,-444,-209,341,100.0,6.5,32.8,1.6,43.3,21.2,9.4,10.0,17.8,0.0,0.0,0.0,0.0,70.9,82.9,29.1,17.1,21,.,.,.,8,.,8,.,4,.,0,0,0,16,15,44.8,66.6,59.3,76.8,44.5,63.8,56.0,71.7,(CONTRACTS OF EUR 125,000),399741,CME ,099 ,F10,FutOnly
EURO FX/JAPANESE YEN XRATE - CHICAGO MERCANTILE EXCHANGE,180213,2018-02-13,399741,CME,00,099,26056,2007,8180,414,12523,5494,2124,1203,5735,11,0,0,0,18282,21958,7774,4098,-945,2,-80,0,-149,279,152,1203,-1856,-1,0,0,0,1207,-1506,-2152,561,100.0,7.7,31.4,1.6,48.1,21.1,8.2,4.6,22.0,0.0,0.0,0.0,0.0,70.2,84.3,29.8,15.7,22,.,.,.,8,4,8,.,4,.,0,0,0,16,16,46.3,66.6,58.8,77.7,46.0,63.7,55.6,73.3,(CONTRACTS OF EUR 125,000),399741,CME ,099 ,F10,FutOnly
EURO FX/JAPANESE YEN XRATE - CHICAGO MERCANTILE EXCHANGE,180206,2018-02-06,399741,CME,00,099,27001,2005,8260,414,12672,5215,1972,0,7591,12,0,0,0,17075,23464,9926,3537,-2103,-42,208,0,101,-1268,12,-3116,-1454,0,0,0,0,-3045,-2502,942,399,100.0,7.4,30.6,1.5,46.9,19.3,7.3,0.0,28.1,0.0,0.0,0.0,0.0,63.2,86.9,36.8,13.1,19,.,.,.,8,4,8,0,.,.,0,0,0,15,15,44.5,73.2,56.7,82.2,44.2,70.4,52.2,77.9,(CONTRACTS OF EUR 125,000),399741,CME ,099 ,F10,FutOnly
EURO FX/JAPANESE YEN XRATE - CHICAGO MERCANTILE EXCHANGE,180130,2018-01-30,399741,CME,00,099,29104,2047,8052,414,12571,6483,1960,3116,9045,12,0,0,0,20120,25966,8984,3138,371,-416,-660,414,212,-267,-109,562,1667,0,0,0,0,663,1045,-292,-674,100.0,7.0,27.7,1.4,43.2,22.3,6.7,10.7,31.1,0.0,0.0,0.0,0.0,69.1,89.2,30.9,10.8,22,.,.,.,8,4,8,.,4,.,0,0,0,17,16,42.2,69.9,57.6,82.4,42.0,67.3,55.8,79.1,(CONTRACTS OF EUR 125,000),399741,CME ,099 ,F10,FutOnly
EURO FX/JAPANESE YEN XRATE - CHICAGO MERCANTILE EXCHANGE,180123,2018-01-23,399741,CME,00,099,28733,2463,8712,0,12359,6750,2069,2554,7378,12,0,0,0,19457,24921,9276,3812,182,0,-352,0,855,22,281,-323,679,0,0,0,0,813,630,-631,-448,100.0,8.6,30.3,0.0,43.0,23.5,7.2,8.9,25.7,0.0,0.0,0.0,0.0,67.7,86.7,32.3,13.3,21,.,.,0,8,4,7,.,.,.,0,0,0,17,13,42.1,70.1,56.2,83.5,41.8,67.1,55.3,79.4,(CONTRACTS OF EUR 125,000),399741,CME ,099 ,F10,FutOnly
EURO FX/JAPANESE YEN XRATE - CHICAGO MERCANTILE EXCHANGE,180116,2018-01-16,399741,CME,00,099,28551,2463,9064,0,11504,6728,1788,2877,6699,12,0,0,0,18644,24291,9907,4260,.,.,.,.,.,.,.,.,.,.,.,.,.,.,.,.,.,100.0,8.6,31.7,0.0,40.3,23.6,6.3,10.1,23.5,0.0,0.0,0.0,0.0,65.3,85.1,34.7,14.9,19,.,.,0,6,4,6,.,.,.,0,0,0,16,11,41.9,71.1,56.1,84.5,41.5,68.0,55.1,78.8,(CONTRACTS OF EUR 125,000),399741,CME ,099 ,F10,FutOnly
EURO FX - CHICAGO MERCANTILE EXCHANGE,191231,2019-12-31,099741,CME,00,099,557585,25642,144791,1398,338307,139559,27984,44827,172022,5414,24209,11008,84,467865,502260,89720,55325,17190,-257,9367,341,7624,-13365,350,2243,16531,846,970,836,-47,12070,14859,5120,2331,100.0,4.6,26.0,0.3,60.7,25.0,5.0,8.0,30.9,1.0,4.3,2.0,0.0,83.9,90.1,16.1,9.9,282,13,14,10,90,40,43,38,46,17,26,15,4,190,166,16.6,34.6,27.3,48.5,15.9,34.5,25.9,48.4,(CONTRACTS OF EUR 125,000),099741,CME ,099 ,F10,FutOnly
EURO FX - CHICAGO MERCANTILE EXCHANGE,191224,2019-12-24,099741,CME,00,099,540395,25899,135424,1057,330683,152924,27634,42584,155491,4568,23239,10172,131,455795,487401,84600,52994,-2528,-1048,-2508,-142,-7412,-5018,1415,-1681,7434,-601,124,25,-13,-9358,592,6830,-3120,100.0,4.8,25.1,0.2,61.2,28.3,5.1,7.9,28.8,0.8,4.3,1.9,0.0,84.3,90.2,15.7,9.8,277,12,14,10,88,44,43,32,46,18,25,16,4,182,170,17.0,36.8,27.9,50.2,16.3,36.7,26.6,50.2,(CONTRACTS OF EUR 125,000),099741,CME ,099 ,F10,FutOnly
EURO FX - CHICAGO MERCANTILE EXCHANGE,191217,2019-12-17,099741,CME,00,099,542923,26947,137932,1199,338095,157942,26219,44265,148057,5169,23115,10147,144,465153,486809,77770,56114,-103494,-5176,-6429,-68222,-4413,-12373,-3575,-769,1785,-5785,2633,1474,-116,-85423,-93241,-18071,-10253,100.0,5.0,25.4,0.2,62.3,29.1,4.8,8.2,27.3,1.0,4.3,1.9,0.0,85.7,89.7,14.3,10.3,277,14,13,11,90,42,45,39,40,19,23,16,4,186,170,17.7,35.9,28.5,50.4,17.0,35.9,27.5,50.3,(CONTRACTS OF EUR 125,000),099741,CME ,099 ,F10,FutOnly
EURO FX - CHICAGO MERCANTILE EXCHANGE,191210,2019-12-10,099741,CME,00,099,646417,32123,144361,69421,342508,170315,29794,45034,146272,10954,20482,8673,260,550576,580050,95841,66367,56293,-6439,-6462,53908,-1943,-10907,-624,1477,8354,2332,246,-1767,63,49020,44897,7273,11396,100.0,5.0,22.3,10.7,53.0,26.3,4.6,7.0,22.6,1.7,3.2,1.3,0.0,85.2,89.7,14.8,10.3,279,18,10,18,86,43,49,40,45,23,23,13,5,193,181,20.3,33.4,31.1,49.0,14.4,28.5,23.9,42.1,(CONTRACTS OF EUR 125,000),099741,CME ,099 ,F10,FutOnly
EURO FX - CHICAGO MERCANTILE EXCHANGE,191203,2019-12-03,099741,CME,00,099,590124,38562,150823,15513,344451,181222,30418,43557,137918,8622,20236,10440,197,501556,535153,88568,54971,11674,-2364,1104,9327,109,2235,1375,2096,-950,2630,-1400,-396,-33,11740,15292,-66,-3618,100.0,6.5,25.6,2.6,58.4,30.7,5.2,7.4,23.4,1.5,3.4,1.8,0.0,85.0,90.7,15.0,9.3,284,18,10,13,89,45,48,37,48,21,23,14,6,193,179,16.5,33.8,27.6,49.2,16.0,31.6,26.6,47.0,(CONTRACTS OF EUR 125,000),099741,CME ,099 ,F10,FutOnly
EURO FX - CHICAGO MERCANTILE EXCHANGE,191126,2019-11-26,099741,CME,00,099,578450,40926,149719,6186,344342,178987,29043,41461,138868,5992,21636,10836,230,489816,519861,88634,58589,761,-1074,-5040,1625,-2021,2091,513,-1635,6915,105,6800,-2145,-4706,-393,-642,1154,1403,100.0,7.1,25.9,1.1,59.5,30.9,5.0,7.2,24.0,1.0,3.7,1.9,0.0,84.7,89.9,15.3,10.1,283,17,9,13,87,44,45,38,48,19,26,14,5,193,172,17.1,32.9,28.5,48.2,16.6,32.0,27.5,47.3,(CONTRACTS OF EUR 125,000),099741,CME ,099 ,F10,FutOnly
EURO FX - CHICAGO MERCANTILE EXCHANGE,191119,2019-11-19,099741,CME,00,099,577689,42000,154759,4561,346363,176896,28530,43096,131953,5887,14836,12981,4936,490209,520503,87480,57186,8162,4675,-2088,-189,-514,7007,1397,3519,-5140,248,-5257,1939,4709,8588,7883,-426,279,100.0,7.3,26.8,0.8,60.0,30.6,4.9,7.5,22.8,1.0,2.6,2.2,0.9,84.9,90.1,15.1,9.9,284,18,8,13,87,45,45,41,43,21,23,18,6,195,174,17.3,33.1,28.5,48.3,16.7,32.7,27.5,47.9,(CONTRACTS OF EUR 125,000),099741,CME ,099 ,F10,FutOnly
EURO FX - CHICAGO MERCANTILE EXCHANGE,191112,2019-11-12,099741,CME,00,099,569527,37325,156847,4750,346877,169889,27133,39577,137093,5639,20093,11042,227,481621,512620,87906,56907,6191,790,3648,312,5791,14591,-903,-2534,-6088,90,4258,-1526,-5069,2735,5055,3456,1136,100.0,6.6,27.5,0.8,60.9,29.8,4.8,6.9,24.1,1.0,3.5,1.9,0.0,84.6,90.0,15.4,10.0,278,17,8,12,87,45,45,38,45,20,24,14,4,191,168,17.1,34.4,28.4,49.3,16.5,33.9,27.5,48.7,(CONTRACTS OF EUR 125,000),099741,CME ,099 ,F10,FutOnly
EURO FX - CHICAGO MERCANTILE EXCHANGE,191105,2019-11-05,099741,CME,00,099,563336,36535,153199,4438,341086,155298,28036,42111,143181,5549,15835,12568,5296,478886,507565,84450,55771,24489,113,10453,589,20421,-1044,-114,1182,8756,435,-4719,-10,5072,22979,24137,1510,352,100.0,6.5,27.2,0.8,60.5,27.6,5.0,7.5,25.4,1.0,2.8,2.2,0.9,85.0,90.1,15.0,9.9,285,17,10,10,88,46,47,37,47,17,22,18,4,190,173,17.4,34.7,28.5,48.9,16.7,34.1,27.6,48.4,(CONTRACTS OF EUR 125,000),099741,CME ,099 ,F10,FutOnly
EURO FX - CHICAGO MERCANTILE EXCHANGE,191029,2019-10-29,099741,CME,00,099,538847,36422,142746,3849,320665,156342,28150,40929,134425,5114,20554,12578,224,455907,483428,82940,55419,10302,-2009,6752,1401,11007,934,-1405,2468,1414,-537,-1001,-154,-3,9921,8402,381,1900,100.0,6.8,26.5,0.7,59.5,29.0,5.2,7.6,24.9,0.9,3.8,2.3,0.0,84.6,89.7,15.4,10.3,281,17,11,10,88,46,46,39,41,17,23,16,4,190,168,16.9,35.6,27.9,50.3,16.3,35.0,26.9,49.7,(CONTRACTS OF EUR 125,000),099741,CME ,099 ,F10,FutOnly
EURO FX - CHICAGO MERCANTILE EXCHANGE,191022,2019-10-22,099741,CME,00,099,528545,38431,135994,2448,309658,155408,29555,38461,133011,5651,21555,12732,227,445986,475026,82559,53519,11363,-5091,32019,857,9100,-12790,-72,5323,-1954,453,5332,50,-5061,10841,13502,522,-2139,100.0,7.3,25.7,0.5,58.6,29.4,5.6,7.3,25.2,1.1,4.1,2.4,0.0,84.4,89.9,15.6,10.1,284,18,10,9,89,46,47,37,43,22,24,17,4,195,171,16.5,34.4,27.2,48.9,15.6,34.2,25.8,48.6,(CONTRACTS OF EUR 125,000),099741,CME ,099 ,F10,FutOnly
EURO FX - CHICAGO MERCANTILE EXCHANGE,191015,2019-10-15,099741,CME,00,099,517182,43522,103975,1591,300558,168198,29627,33138,134965,5198,16223,12682,5288,435145,461524,82037,55658,2544,2279,13573,-1849,6085,-4508,939,-5853,-7016,1064,-6271,-252,3600,-6,5551,2550,-3007,100.0,8.4,20.1,0.3,58.1,32.5,5.7,6.4,26.1,1.0,3.1,2.5,1.0,84.1,89.2,15.9,10.8,278,20,9,10,85,45,46,35,46,20,22,16,4,185,173,16.8,34.4,27.2,47.5,15.9,34.4,25.6,47.5,(CONTRACTS OF EUR 125,000),099741,CME ,099 ,F10,FutOnly
EURO FX - CHICAGO MERCANTILE EXCHANGE,191008,2019-10-08,099741,CME,00,099,514638,41243,90402,3440,294473,172706,28688,38991,141981,4134,22494,12934,1688,435151,455973,79487,58665,2704,5100,2068,1624,7145,-9466,-3515,-5930,7575,-397,-272,1384,1481,5236,754,-2532,1950,100.0,8.0,17.6,0.7,57.2,33.6,5.6,7.6,27.6,0.8,4.4,2.5,0.3,84.6,88.6,15.4,11.4,278,19,10,12,82,46,46,35,44,19,26,16,4,185,174,16.9,32.8,27.4,45.9,16.0,32.6,25.8,45.7,(CONTRACTS OF EUR 125,000),099741,CME ,099 ,F10,FutOnly
EURO FX - CHICAGO MERCANTILE EXCHANGE,191001,2019-10-01,099741,CME,00,099,511934,36143,88334,1816,287328,182172,32203,44921,134406,4531,22766,11550,207,429915,455219,82019,56715,9322,-2517,-8558,-265,-3471,12831,-94,15191,13387,-2055,212,-4703,-57,6944,10486,2378,-1164,100.0,7.1,17.3,0.4,56.1,35.6,6.3,8.8,26.3,0.9,4.4,2.3,0.0,84.0,88.9,16.0,11.1,284,19,11,12,81,46,42,38,47,21,28,14,4,190,173,17.1,32.7,28.1,45.5,16.2,32.5,26.3,45.3,(CONTRACTS OF EUR 125,000),099741,CME ,099 ,F10,FutOnly
EURO FX - CHICAGO MERCANTILE EXCHANGE,190924,2019-09-24,099741,CME,00,099,502612,38660,96892,2081,290799,169341,32297,29730,121019,6586,22554,16253,264,422971,444733,79641,57879,-660,-3303,4011,-1958,1649,1890,3240,-787,-16159,2251,-4679,1847,-36,-3623,-4914,2963,4254,100.0,7.7,19.3,0.4,57.9,33.7,6.4,5.9,24.1,1.3,4.5,3.2,0.1,84.2,88.5,15.8,11.5,278,20,9,11,84,46,45,30,46,20,26,17,5,185,174,17.4,32.6,28.7,45.4,16.6,32.4,27.0,45.2,(CONTRACTS OF EUR 125,000),099741,CME ,099 ,F10,FutOnly
EURO FX - CHICAGO MERCANTILE EXCHANGE,190917,2019-09-17,099741,CME,00,099,503272,41963,92881,4039,289150,167451,29057,30517,137178,4335,27233,14406,300,426594,449647,76678,53625,-81845,-8916,-13228,-48546,-5370,47,-4202,-6248,3684,-11721,6382,1516,-22,-78643,-72472,-3202,-9373,100.0,8.3,18.5,0.8,57.5,33.3,5.8,6.1,27.3,0.9,5.4,2.9,0.1,84.8,89.3,15.2,10.7,278,20,9,12,81,46,43,35,45,15,25,17,5,183,170,17.4,33.6,28.4,46.5,16.6,33.5,26.9,46.3,(CONTRACTS OF EUR 125,000),099741,CME ,099 ,F10,FutOnly
EURO FX - CHICAGO MERCANTILE EXCHANGE,190910,2019-09-10,099741,CME,00,099,585117,50879,106109,52585,294520,167404,33259,36765,133494,16056,20851,12890,322,505237,522119,79880,62998,38163,841,-10312,47765,-5998,-7562,1628,-11460,-4749,7495,1396,2613,6,41673,36884,-3510,1279,100.0,8.7,18.1,9.0,50.3,28.6,5.7,6.3,22.8,2.7,3.6,2.2,0.1,86.3,89.2,13.7,10.8,284,19,11,16,84,44,43,34,48,24,24,17,5,189,183,18.2,29.3,28.5,44.4,14.3,23.3,23.3,36.4,(CONTRACTS OF EUR 125,000),099741,CME ,099 ,F10,FutOnly
EURO FX - CHICAGO MERCANTILE EXCHANGE,190903,2019-09-03,099741,CME,00,099,546954,50038,116421,4820,300518,174966,31631,48225,138243,8561,19455,10277,316,463564,485235,83390,61719,21889,8940,-7320,1599,-6886,6988,3166,14295,16418,313,434,-379,72,21933,20857,-44,1032,100.0,9.1,21.3,0.9,54.9,32.0,5.8,8.8,25.3,1.6,3.6,1.9,0.1,84.8,88.7,15.2,11.3,289,20,12,14,78,47,42,41,52,19,24,14,4,187,181,16.7,25.5,26.7,40.3,15.9,25.3,25.4,39.8,(CONTRACTS OF EUR 125,000),099741,CME ,099 ,F10,FutOnly
EURO FX - CHICAGO MERCANTILE EXCHANGE,190827,2019-08-27,099741,CME,00,099,525065,41098,123741,3221,307404,167978,28465,33930,121825,8248,19021,10656,244,441631,464378,83434,60687,-17741,2929,-11175,11,-24030,-1737,1351,3287,-4290,-1216,-417,-52,-12,-18097,-17120,356,-621,100.0,7.8,23.6,0.6,58.5,32.0,5.4,6.5,23.2,1.6,3.6,2.0,0.0,84.1,88.4,15.9,11.6,267,19,12,13,80,43,40,34,44,17,21,13,.,175,165,17.4,26.5,28.0,41.5,16.7,26.4,26.4,41.2,(CONTRACTS OF EUR 125,000),099741,CME ,099 ,F10,FutOnly
EURO FX - CHICAGO MERCANTILE EXCHANGE,190820,2019-08-20,099741,CME,00,099,542806,38169,134916,3210,331434,169715,27114,30643,126115,9464,19438,10708,256,459728,481498,83078,61308,-7801,-311,3467,-947,-6373,4304,-2375,1923,-11136,-246,264,1095,28,-8037,-5810,236,-1991,100.0,7.0,24.9,0.6,61.1,31.3,5.0,5.6,23.2,1.7,3.6,2.0,0.0,84.7,88.7,15.3,11.3,278,18,14,12,80,44,42,30,55,20,22,14,.,176,179,19.6,26.5,30.3,41.6,19.1,26.3,29.3,41.2,(CONTRACTS OF EUR 125,000),099741,CME ,099 ,F10,FutOnly
EURO FX - CHICAGO MERCANTILE EXCHANGE,190813,2019-08-13,099741,CME,00,099,550607,38480,131449,4157,337807,165411,29489,28720,137251,9710,19174,9613,228,467765,487308,82842,63299,5154,-9464,17897,263,26582,-23806,279,-13570,9617,641,350,-1012,-78,5003,3801,151,1353,100.0,7.0,23.9,0.8,61.4,30.0,5.4,5.2,24.9,1.8,3.5,1.7,0.0,85.0,88.5,15.0,11.5,269,18,14,12,81,44,44,28,50,21,21,12,.,176,172,19.3,26.5,30.4,41.2,18.7,26.3,29.5,40.8,(CONTRACTS OF EUR 125,000),099741,CME ,099 ,F10,FutOnly
EURO FX - CHICAGO MERCANTILE EXCHANGE,190806,2019-08-06,099741,CME,00,099,545453,47944,113552,3894,311225,189217,29210,42290,127634,9069,18824,10625,306,462762,483507,82691,61946,-17571,4585,-7629,-1773,-18074,7438,-497,4060,-13860,538,-1972,382,55,-13078,-15346,-4493,-2225,100.0,8.8,20.8,0.7,57.1,34.7,5.4,7.8,23.4,1.7,3.5,1.9,0.1,84.8,88.6,15.2,11.4,276,21,11,12,82,45,44,34,48,19,20,14,4,181,174,16.4,26.9,27.2,42.7,15.7,26.8,26.0,42.5,(CONTRACTS OF EUR 125,000),099741,CME ,099 ,F10,FutOnly
EURO FX - CHICAGO MERCANTILE EXCHANGE,190730,2019-07-30,099741,CME,00,099,563024,43359,121181,5667,329299,181779,29707,38230,141494,8531,20796,10243,251,475840,498853,87184,64171,21922,3538,-4982,1933,15126,15168,140,704,7716,1488,-92,280,11,22848,21754,-926,168,100.0,7.7,21.5,1.0,58.5,32.3,5.3,6.8,25.1,1.5,3.7,1.8,0.0,84.5,88.6,15.5,11.4,277,21,10,13,82,41,42,34,54,18,23,12,.,180,173,18.8,26.8,29.5,41.9,18.2,26.7,28.6,41.7,(CONTRACTS OF EUR 125,000),099741,CME ,099 ,F10,FutOnly
EURO FX - CHICAGO MERCANTILE EXCHANGE,190723,2019-07-23,099741,CME,00,099,541102,39821,126163,3734,314173,166611,29567,37526,133778,7043,20888,9963,240,452992,477099,88110,64003,5254,3041,-12488,1575,3425,5300,-1382,71,7221,443,-4086,-673,96,3183,92,2071,5162,100.0,7.4,23.3,0.7,58.1,30.8,5.5,6.9,24.7,1.3,3.9,1.8,0.0,83.7,88.2,16.3,11.8,273,20,11,12,85,39,43,34,49,15,21,14,4,182,165,17.3,27.7,27.6,43.3,16.7,27.5,26.6,43.1,(CONTRACTS OF EUR 125,000),099741,CME ,099 ,F10,FutOnly
EURO FX - CHICAGO MERCANTILE EXCHANGE,190716,2019-07-16,099741,CME,00,099,535848,36780,138651,2159,310748,161311,30949,37455,126557,6600,24974,10636,144,449809,477007,86039,58841,14469,441,2290,-469,3689,5907,-522,5634,3105,-310,5427,1186,-106,13784,11081,685,3388,100.0,6.9,25.9,0.4,58.0,30.1,5.8,7.0,23.6,1.2,4.7,2.0,0.0,83.9,89.0,16.1,11.0,275,18,13,11,88,36,44,34,49,16,21,16,.,184,165,17.4,28.3,27.8,43.8,16.8,28.1,26.8,43.4,(CONTRACTS OF EUR 125,000),099741,CME ,099 ,F10,FutOnly
EURO FX - CHICAGO MERCANTILE EXCHANGE,190709,2019-07-09,099741,CME,00,099,521379,36339,136361,2628,307059,155404,31471,31821,123452,6910,19547,9450,250,436025,465926,85354,55453,409,2404,-6756,83,-1739,12346,-203,-4369,907,805,2366,-2351,110,-543,4941,952,-4532,100.0,7.0,26.2,0.5,58.9,29.8,6.0,6.1,23.7,1.3,3.7,1.8,0.0,83.6,89.4,16.4,10.6,276,19,12,12,88,38,44,33,49,17,22,15,4,186,167,17.9,29.2,28.4,44.1,17.3,29.0,27.2,43.9,(CONTRACTS OF EUR 125,000),099741,CME ,099 ,F10,FutOnly
EURO FX - CHICAGO MERCANTILE EXCHANGE,190702,2019-07-02,099741,CME,00,099,520970,33935,143117,2545,308798,143058,31674,36190,122545,6105,17181,11801,140,436568,460985,84402,59985,-937,1879,3416,-402,3851,1886,-1792,-1674,-8268,-160,531,-716,-138,2095,-6174,-3032,5237,100.0,6.5,27.5,0.5,59.3,27.5,6.1,6.9,23.5,1.2,3.3,2.3,0.0,83.8,88.5,16.2,11.5,270,19,12,12,89,37,44,31,48,16,18,16,.,181,164,18.5,29.7,28.8,44.1,18.0,29.5,27.6,43.9,(CONTRACTS OF EUR 125,000),099741,CME ,099 ,F10,FutOnly
EURO FX - CHICAGO MERCANTILE EXCHANGE,190625,2019-06-25,099741,CME,00,099,521907,32056,139701,2947,304947,141172,33466,37864,130813,6265,16650,12517,278,434473,467159,87434,54748,18082,-1594,16865,904,12998,-10850,4063,2724,6829,979,-7480,1299,135,12729,20224,5353,-2142,100.0,6.1,26.8,0.6,58.4,27.0,6.4,7.3,25.1,1.2,3.2,2.4,0.1,83.2,89.5,16.8,10.5,269,18,12,12,89,37,44,34,47,19,16,16,.,184,163,18.4,29.5,28.6,43.7,18.0,29.2,27.5,43.5,(CONTRACTS OF EUR 125,000),099741,CME ,099 ,F10,FutOnly
EURO FX - CHICAGO MERCANTILE EXCHANGE,190618,2019-06-18,099741,CME,00,099,503825,33650,122836,2043,291949,152022,29403,35140,123984,5286,24130,11218,143,421744,446935,82081,56890,-38985,-1412,10378,-24111,-5273,3118,-4246,3974,-10581,-4992,4134,-947,-2,-31928,-31383,-7057,-7602,100.0,6.7,24.4,0.4,57.9,30.2,5.8,7.0,24.6,1.0,4.8,2.2,0.0,83.7,88.7,16.3,11.3,272,17,13,9,86,40,41,28,54,13,17,17,.,168,170,18.1,29.4,28.2,44.6,17.6,29.4,27.1,44.4,(CONTRACTS OF EUR 125,000),099741,CME ,099 ,F10,FutOnly
EURO FX - CHICAGO MERCANTILE EXCHANGE,190611,2019-06-11,099741,CME,00,099,542810,35062,112458,26154,297222,148904,33649,31166,134565,10278,19996,12165,145,453672,478318,89138,64492,25382,3571,11203,18732,1460,-14584,4409,-11817,-400,2324,2490,-2864,2,21171,18822,4211,6560,100.0,6.5,20.7,4.8,54.8,27.4,6.2,5.7,24.8,1.9,3.7,2.2,0.0,83.6,88.1,16.4,11.9,273,19,10,13,87,41,48,30,52,18,18,16,.,181,174,16.8,25.6,27.5,38.5,16.2,22.6,25.4,34.7,(CONTRACTS OF EUR 125,000),099741,CME ,099 ,F10,FutOnly
EURO FX - CHICAGO MERCANTILE EXCHANGE,190604,2019-06-04,099741,CME,00,099,517428,31491,101255,7422,295762,163488,29240,42983,134965,7954,17506,15029,143,432501,459496,84927,57932,-19370,-4178,11449,-13207,-726,-1852,-179,6449,-5532,-6576,1027,-2511,-189,-17579,-18597,-1791,-773,100.0,6.1,19.6,1.4,57.2,31.6,5.7,8.3,26.1,1.5,3.4,2.9,0.0,83.6,88.8,16.4,11.2,288,19,13,10,85,42,43,43,53,20,15,18,.,186,178,17.6,24.6,28.0,37.3,17.0,23.5,26.5,36.2,(CONTRACTS OF EUR 125,000),099741,CME ,099 ,F10,FutOnly
EURO FX - CHICAGO MERCANTILE EXCHANGE,190528,2019-05-28,099741,CME,00,099,536798,35669,89806,20629,296488,165340,29419,36534,140497,14530,16479,17540,332,450080,478093,86718,58705,20676,513,2324,12506,-4078,1952,759,1124,-2323,7474,-376,344,141,18063,23177,2613,-2501,100.0,6.6,16.7,3.8,55.2,30.8,5.5,6.8,26.2,2.7,3.1,3.3,0.1,83.8,89.1,16.2,10.9,286,18,13,11,87,41,42,34,58,20,15,19,4,182,181,17.5,27.4,28.2,39.4,16.5,23.8,25.3,35.7,(CONTRACTS OF EUR 125,000),099741,CME ,099 ,F10,FutOnly
EURO FX - CHICAGO MERCANTILE EXCHANGE,190521,2019-05-21,099741,CME,00,099,516122,35156,87482,8123,300566,163388,28660,35410,142820,7056,16855,17196,191,432017,454916,84105,61206,11662,-283,3500,1376,4655,7159,-2202,4972,689,725,339,1717,-46,9536,12918,2126,-1256,100.0,6.8,16.9,1.6,58.2,31.7,5.6,6.9,27.7,1.4,3.3,3.3,0.0,83.7,88.1,16.3,11.9,286,18,13,11,90,39,40,34,58,17,16,18,.,181,176,17.7,25.6,27.9,38.1,17.1,24.3,26.3,36.7,(CONTRACTS OF EUR 125,000),099741,CME ,099 ,F10,FutOnly
EURO FX - CHICAGO MERCANTILE EXCHANGE,190514,2019-05-14,099741,CME,00,099,504460,35439,83982,6747,295911,156229,30862,30438,142131,6331,16516,15479,237,422481,441998,81979,62462,-11822,-3069,5228,93,-3943,-8271,504,-1814,-4713,-899,-293,-3207,-1,-9422,-11266,-2400,-556,100.0,7.0,16.6,1.3,58.7,31.0,6.1,6.0,28.2,1.3,3.3,3.1,0.0,83.7,87.6,16.3,12.4,284,18,14,10,91,38,40,32,58,18,16,17,4,178,178,17.1,26.1,27.3,39.0,16.4,25.0,25.7,37.8,(CONTRACTS OF EUR 125,000),099741,CME ,099 ,F10,FutOnly
EURO FX - CHICAGO MERCANTILE EXCHANGE,190507,2019-05-07,099741,CME,00,099,516282,38508,78754,6654,299854,164500,30358,32252,146844,7230,16809,18686,238,431903,453264,84379,63018,-1653,2848,5641,-150,1632,-8276,-337,-3396,1671,-188,-71,414,-77,261,-1302,-1914,-351,100.0,7.5,15.3,1.3,58.1,31.9,5.9,6.2,28.4,1.4,3.3,3.6,0.0,83.7,87.8,16.3,12.2,284,19,12,10,91,40,39,34,56,17,16,16,4,181,173,17.0,26.9,26.9,39.7,16.3,25.8,25.4,38.6,(CONTRACTS OF EUR 125,000),099741,CME ,099 ,F10,FutOnly
EURO FX - CHICAGO MERCANTILE EXCHANGE,190430,2019-04-30,099741,CME,00,099,517935,35660,73113,6804,298222,172776,30695,35648,145173,7418,16880,18272,315,431642,454566,86293,63369,10213,-1662,-1741,2066,5088,1924,2350,-65,5640,1599,-1614,-618,96,7858,11316,2355,-1103,100.0,6.9,14.1,1.3,57.6,33.4,5.9,6.9,28.0,1.4,3.3,3.5,0.1,83.3,87.8,16.7,12.2,288,17,13,11,91,42,39,37,54,18,18,16,5,187,174,17.4,26.4,27.4,39.3,16.6,25.4,25.9,38.3,(CONTRACTS OF EUR 125,000),099741,CME ,099 ,F10,FutOnly
EURO FX - CHICAGO MERCANTILE EXCHANGE,190423,2019-04-23,099741,CME,00,099,507722,37322,74854,4738,293134,170852,28345,35713,139533,5819,18494,18890,219,423784,443250,83938,64472,8442,1987,-7922,1096,1658,5375,-572,2432,6871,835,537,-1781,-19,7954,3883,488,4559,100.0,7.4,14.7,0.9,57.7,33.7,5.6,7.0,27.5,1.1,3.6,3.7,0.0,83.5,87.3,16.5,12.7,289,20,10,11,91,42,39,36,53,17,20,16,5,190,171,18.1,27.2,28.3,40.3,17.4,26.6,26.8,39.7,(CONTRACTS OF EUR 125,000),099741,CME ,099 ,F10,FutOnly
EURO FX - CHICAGO MERCANTILE EXCHANGE,190416,2019-04-16,099741,CME,00,099,499280,35335,82776,3642,291476,165477,28917,33281,132662,4984,17957,20671,238,415830,439367,83450,59913,4476,-1252,9079,831,4516,-5498,936,4275,-26,-1236,-1227,1413,-47,6796,5452,-2320,-976,100.0,7.1,16.6,0.7,58.4,33.1,5.8,6.7,26.6,1.0,3.6,4.1,0.0,83.3,88.0,16.7,12.0,281,18,12,10,91,41,42,38,44,15,19,17,5,190,163,18.5,27.6,28.9,40.8,17.7,27.0,27.3,40.3,(CONTRACTS OF EUR 125,000),099741,CME ,099 ,F10,FutOnly
EURO FX - CHICAGO MERCANTILE EXCHANGE,190409,2019-04-09,099741,CME,00,099,494804,36587,73697,2811,286960,170975,27981,29006,132688,6220,19184,19258,285,409034,433915,85770,60889,-2913,-1172,7520,199,-2148,-10164,-186,-977,-1013,-76,162,429,-49,-4247,-3340,1334,427,100.0,7.4,14.9,0.6,58.0,34.6,5.7,5.9,26.8,1.3,3.9,3.9,0.1,82.7,87.7,17.3,12.3,277,18,11,9,89,42,39,34,46,17,22,15,4,186,160,18.6,27.5,29.0,40.9,17.7,27.1,27.4,40.5,(CONTRACTS OF EUR 125,000),099741,CME ,099 ,F10,FutOnly
EURO FX - CHICAGO MERCANTILE EXCHANGE,190402,2019-04-02,099741,CME,00,099,497717,37759,66177,2612,289108,181139,28167,29983,133701,6296,19022,18829,334,413281,437255,84436,60462,10913,6384,-13757,611,-782,11949,158,2919,18124,611,1270,-2030,119,11290,15785,-377,-4872,100.0,7.6,13.3,0.5,58.1,36.4,5.7,6.0,26.9,1.3,3.8,3.8,0.1,83.0,87.9,17.0,12.1,278,18,10,10,90,42,38,30,50,16,22,16,5,178,169,18.4,26.7,29.0,40.5,17.6,26.5,27.5,40.0,(CONTRACTS OF EUR 125,000),099741,CME ,099 ,F10,FutOnly
EURO FX - CHICAGO MERCANTILE EXCHANGE,190326,2019-03-26,099741,CME,00,099,486804,31375,79934,2001,289890,169190,28009,27064,115577,5685,17752,20859,215,401991,421470,84813,65334,3632,-1193,2277,1017,-1000,-3071,-393,312,1984,-3018,-425,-1489,-57,-4757,-2750,8389,6382,100.0,6.4,16.4,0.4,59.5,34.8,5.8,5.6,23.7,1.2,3.6,4.3,0.0,82.6,86.6,17.4,13.4,273,16,12,9,91,41,40,33,44,18,20,16,5,182,163,18.6,26.9,29.5,41.3,17.8,26.8,28.0,40.5,(CONTRACTS OF EUR 125,000),099741,CME ,099 ,F10,FutOnly
EURO FX - CHICAGO MERCANTILE EXCHANGE,190319,2019-03-19,099741,CME,00,099,483172,32568,77657,984,290890,172261,28402,26752,113593,8703,18177,22348,272,406748,424220,76424,58952,-53552,-21045,-16663,-3331,836,-8135,-1048,-8735,-5068,-7155,448,91,140,-39890,-41169,-13662,-12383,100.0,6.7,16.1,0.2,60.2,35.7,5.9,5.5,23.5,1.8,3.8,4.6,0.1,84.2,87.8,15.8,12.2,274,17,11,9,90,40,43,34,46,21,20,16,4,184,167,19.0,26.1,30.0,40.7,18.2,26.1,28.6,40.1,(CONTRACTS OF EUR 125,000),099741,CME ,099 ,F10,FutOnly
EURO FX - CHICAGO MERCANTILE EXCHANGE,190312,2019-03-12,099741,CME,00,099,536724,53613,94320,4315,290054,180396,29450,35487,118661,15858,17729,22257,132,446638,465389,90086,71335,-5029,-166,-12000,-277,-4122,-297,5213,-8558,-6459,6137,-670,481,-103,-2546,-7305,-2483,2276,100.0,10.0,17.6,0.8,54.0,33.6,5.5,6.6,22.1,3.0,3.3,4.1,0.0,83.2,86.7,16.8,13.3,272,19,11,13,94,38,48,32,44,24,19,13,.,191,169,17.1,26.6,27.3,40.1,16.5,26.6,26.1,39.6,(CONTRACTS OF EUR 125,000),099741,CME ,099 ,F10,FutOnly
EURO FX - CHICAGO MERCANTILE EXCHANGE,190305,2019-03-05,099741,CME,00,099,541753,53779,106320,4592,294176,180693,24237,44045,125120,9721,18399,21776,235,449184,472694,92569,69059,13377,4858,-9967,-183,-2563,6935,-1455,13179,12074,-1414,-901,427,-26,11495,6391,1882,6986,100.0,9.9,19.6,0.8,54.3,33.4,4.5,8.1,23.1,1.8,3.4,4.0,0.0,82.9,87.3,17.1,12.7,276,19,9,10,93,38,41,30,51,20,21,14,.,183,167,17.3,28.4,27.5,41.1,16.7,28.4,26.1,40.7,(CONTRACTS OF EUR 125,000),099741,CME ,099 ,F10,FutOnly
EURO FX - CHICAGO MERCANTILE EXCHANGE,190226,2019-02-26,099741,CME,00,099,528376,48921,116287,4775,296739,173758,25692,30866,113046,11135,19300,21349,261,437689,466303,90687,62073,-9020,1928,-3752,-186,-8436,3335,-700,-154,-8616,-15,-111,1254,-6,-7680,-8686,-1340,-334,100.0,9.3,22.0,0.9,56.2,32.9,4.9,5.8,21.4,2.1,3.7,4.0,0.0,82.8,88.3,17.2,11.7,276,18,9,11,94,38,44,31,49,21,21,15,4,184,172,17.8,29.1,28.1,43.3,17.2,29.1,26.9,42.8,(CONTRACTS OF EUR 125,000),099741,CME ,099 ,F10,FutOnly
EURO FX - CHICAGO MERCANTILE EXCHANGE,190219,2019-02-19,099741,CME,00,099,537396,46993,120039,4961,305175,170423,26392,31020,121662,11150,19411,20095,267,445369,474989,92027,62407,-1231,2661,-5222,1227,-2042,536,1947,-6898,-497,1661,-1728,412,-176,-3348,-112,2117,-1119,100.0,8.7,22.3,0.9,56.8,31.7,4.9,5.8,22.6,2.1,3.6,3.7,0.0,82.9,88.4,17.1,11.6,273,18,8,12,94,39,44,28,52,18,20,13,4,183,168,18.6,28.4,29.0,42.7,18.0,28.3,27.9,42.1,(CONTRACTS OF EUR 125,000),099741,CME ,099 ,F10,FutOnly
EURO FX - CHICAGO MERCANTILE EXCHANGE,190212,2019-02-12,099741,CME,00,099,538627,44332,125261,3734,307217,169887,24445,37918,122159,9489,21139,19683,443,448717,475101,89910,63526,14759,9397,-19462,-945,-5017,12149,370,7828,15116,-722,2887,1011,192,13990,7709,769,7050,100.0,8.2,23.3,0.7,57.0,31.5,4.5,7.0,22.7,1.8,3.9,3.7,0.1,83.3,88.2,16.7,11.8,277,18,8,11,92,40,43,32,50,20,24,12,5,192,164,18.9,28.3,29.2,42.4,18.3,28.2,28.1,41.9,(CONTRACTS OF EUR 125,000),099741,CME ,099 ,F10,FutOnly
EURO FX - CHICAGO MERCANTILE EXCHANGE,190205,2019-02-05,099741,CME,00,099,523868,34935,144723,4679,312234,157738,24075,30090,107043,10211,18252,18672,251,434727,467392,89141,56476,-3653,-4218,7250,-64,2056,-1915,1448,1714,-5065,-4708,444,1110,29,-3299,-1915,-354,-1738,100.0,6.7,27.6,0.9,59.6,30.1,4.6,5.7,20.4,1.9,3.5,3.6,0.0,83.0,89.2,17.0,10.8,268,17,10,14,92,39,44,28,46,20,18,17,.,184,165,20.3,31.5,31.6,45.9,19.7,31.4,30.3,45.2,(CONTRACTS OF EUR 125,000),099741,CME ,099 ,F10,FutOnly
EURO FX - CHICAGO MERCANTILE EXCHANGE,190129,2019-01-29,099741,CME,00,099,527521,39153,137473,4743,310178,159653,22627,28376,112108,14919,17808,17562,222,438026,469307,89495,58214,345,-78,-450,-285,-365,-3090,-219,473,-700,2137,-655,25,57,1065,-2525,-720,2870,100.0,7.4,26.1,0.9,58.8,30.3,4.3,5.4,21.3,2.8,3.4,3.3,0.0,83.0,89.0,17.0,11.0,268,18,9,14,92,38,43,30,48,23,17,15,.,188,163,20.4,30.6,31.0,45.0,19.9,30.4,29.9,44.2,(CONTRACTS OF EUR 125,000),099741,CME ,099 ,F10,FutOnly
EURO FX - CHICAGO MERCANTILE EXCHANGE,190122,2019-01-22,099741,CME,00,099,527176,39231,137923,5028,310543,162743,22846,27903,112808,12782,18463,17537,165,436961,471832,90215,55344,2124,456,-1895,58,3024,1239,901,-4187,832,-851,-1473,374,41,-2031,699,4155,1425,100.0,7.4,26.2,1.0,58.9,30.9,4.3,5.3,21.4,2.4,3.5,3.3,0.0,82.9,89.5,17.1,10.5,273,17,10,13,92,39,43,27,55,23,20,13,.,188,166,20.5,31.2,31.0,45.5,19.8,30.6,29.9,44.8,(CONTRACTS OF EUR 125,000),099741,CME ,099 ,F10,FutOnly
EURO FX - CHICAGO MERCANTILE EXCHANGE,190115,2019-01-15,099741,CME,00,099,525052,38775,139818,4970,307519,161504,21945,32090,111976,13633,19936,17163,124,438992,471133,86060,53919,10507,-2374,11049,1847,2666,-5881,4212,2520,60,-190,2558,-725,41,11280,10413,-773,94,100.0,7.4,26.6,0.9,58.6,30.8,4.2,6.1,21.3,2.6,3.8,3.3,0.0,83.6,89.7,16.4,10.3,278,17,9,13,93,40,43,31,54,24,22,12,.,195,165,19.8,31.2,30.4,45.2,19.2,30.7,29.3,44.5,(CONTRACTS OF EUR 125,000),099741,CME ,099 ,F10,FutOnly
EURO FX - CHICAGO MERCANTILE EXCHANGE,190108,2019-01-08,099741,CME,00,099,514545,41149,128769,3123,304853,167385,17733,29570,111916,13823,17378,17888,83,427712,460720,86833,53825,8559,610,17873,871,5065,-9031,-1762,765,-364,-670,-1247,1053,-61,3571,7909,4988,650,100.0,8.0,25.0,0.6,59.2,32.5,3.4,5.7,21.8,2.7,3.4,3.5,0.0,83.1,89.5,16.9,10.5,273,18,8,13,92,39,45,28,53,21,18,16,.,185,169,20.1,31.8,31.2,45.2,19.5,31.6,30.1,45.1,(CONTRACTS OF EUR 125,000),099741,CME ,099 ,F10,FutOnly
EURO FX/BRITISH POUND XRATE - CHICAGO MERCANTILE EXCHANGE,191231,2019-12-31,299741,CME,00,099,23490,0,3548,100,8555,6192,2959,845,3745,0,0,0,0,12459,16544,11031,6946,-90,0,0,0,10,-80,0,0,-254,0,0,0,0,10,-334,-100,244,100.0,0.0,15.1,0.4,36.4,26.4,12.6,3.6,15.9,0.0,0.0,0.0,0.0,53.0,70.4,47.0,29.6,24,0,.,.,11,6,8,.,.,0,0,0,0,18,15,20.6,38.4,35.3,56.5,19.7,33.9,31.1,51.5,(CONTRACTS OF EUR 125,000),299741,CME ,099 ,F10,FutOnly
EURO FX/BRITISH POUND XRATE - CHICAGO MERCANTILE EXCHANGE,191224,2019-12-24,299741,CME,00,099,23580,0,3548,100,8545,6272,2959,845,3999,0,0,0,0,12449,16878,11131,6702,-224,0,-22,0,82,-479,-70,-510,281,0,0,0,0,-498,-290,274,66,100.0,0.0,15.0,0.4,36.2,26.6,12.5,3.6,17.0,0.0,0.0,0.0,0.0,52.8,71.6,47.2,28.4,24,0,.,.,11,6,8,.,.,0,0,0,0,18,15,20.5,38.2,35.1,58.9,19.6,33.9,30.9,53.9,(CONTRACTS OF EUR 125,000),299741,CME ,099 ,F10,FutOnly
EURO FX/BRITISH POUND XRATE - CHICAGO MERCANTILE EXCHANGE,191217,2019-12-17,299741,CME,00,099,23804,0,3570,100,8463,6751,3029,1355,3718,0,0,0,0,12947,17168,10857,6636,-6540,-2200,-3030,0,293,-1783,71,-1995,1096,-839,0,0,0,-4670,-4485,-1870,-2055,100.0,0.0,15.0,0.4,35.6,28.4,12.7,5.7,15.6,0.0,0.0,0.0,0.0,54.4,72.1,45.6,27.9,25,0,.,.,11,6,8,.,.,0,0,0,0,19,15,20.2,38.1,34.8,58.9,19.0,34.0,30.3,54.2,(CONTRACTS OF EUR 125,000),299741,CME ,099 ,F10,FutOnly
EURO FX/BRITISH POUND XRATE - CHICAGO MERCANTILE EXCHANGE,191210,2019-12-10,299741,CME,00,099,30344,2200,6600,100,8170,8534,2958,3350,2622,839,0,0,0,17617,21653,12727,8691,2769,0,-585,100,-253,361,619,9,0,661,0,0,0,1136,1156,1633,1613,100.0,7.3,21.8,0.3,26.9,28.1,9.7,11.0,8.6,2.8,0.0,0.0,0.0,58.1,71.4,41.9,28.6,28,.,.,.,10,9,9,5,.,.,0,0,0,23,18,22.1,42.6,36.0,57.2,20.3,38.8,31.8,52.3,(CONTRACTS OF EUR 125,000),299741,CME ,099 ,F10,FutOnly
EURO FX/BRITISH POUND XRATE - CHICAGO MERCANTILE EXCHANGE,191203,2019-12-03,299741,CME,00,099,27575,2200,7185,0,8423,8173,2339,3341,2622,178,0,0,0,16481,20497,11094,7078,770,0,-77,0,92,293,11,711,85,178,0,0,0,992,490,-222,280,100.0,8.0,26.1,0.0,30.5,29.6,8.5,12.1,9.5,0.6,0.0,0.0,0.0,59.8,74.3,40.2,25.7,27,.,.,0,11,7,9,5,.,.,0,0,0,22,16,21.3,48.6,35.8,65.5,20.8,45.4,34.0,60.5,(CONTRACTS OF EUR 125,000),299741,CME ,099 ,F10,FutOnly
EURO FX/BRITISH POUND XRATE - CHICAGO MERCANTILE EXCHANGE,191126,2019-11-26,299741,CME,00,099,26805,2200,7262,0,8331,7880,2328,2630,2537,0,0,0,0,15489,20007,11316,6798,675,1444,-678,0,-678,907,-350,265,732,0,0,0,0,681,611,-6,64,100.0,8.2,27.1,0.0,31.1,29.4,8.7,9.8,9.5,0.0,0.0,0.0,0.0,57.8,74.6,42.2,25.4,26,.,.,0,11,7,9,4,.,0,0,0,0,21,14,22.1,50.0,36.6,66.5,21.6,46.1,34.8,61.0,(CONTRACTS OF EUR 125,000),299741,CME ,099 ,F10,FutOnly
EURO FX/BRITISH POUND XRATE - CHICAGO MERCANTILE EXCHANGE,191119,2019-11-19,299741,CME,00,099,26130,756,7940,0,9009,6973,2678,2365,1805,0,0,0,0,14808,19396,11322,6734,-601,0,26,0,-245,49,0,-422,0,0,0,-410,-2,-669,-337,68,-264,100.0,2.9,30.4,0.0,34.5,26.7,10.2,9.1,6.9,0.0,0.0,0.0,0.0,56.7,74.2,43.3,25.8,26,.,.,0,12,6,9,4,.,0,0,0,0,21,14,19.6,53.3,33.9,66.0,17.1,49.3,29.7,61.5,(CONTRACTS OF EUR 125,000),299741,CME ,099 ,F10,FutOnly
EURO FX/BRITISH POUND XRATE - CHICAGO MERCANTILE EXCHANGE,191112,2019-11-12,299741,CME,00,099,26731,756,7914,0,9254,6924,2678,2787,1805,0,0,410,2,15477,19733,11254,6998,-469,0,51,0,117,-251,24,-417,0,0,0,0,0,-276,-176,-193,-293,100.0,2.8,29.6,0.0,34.6,25.9,10.0,10.4,6.8,0.0,0.0,1.5,0.0,57.9,73.8,42.1,26.2,27,.,.,0,12,6,9,4,.,0,0,.,.,22,15,20.2,52.2,34.9,64.5,16.8,48.3,30.5,59.9,(CONTRACTS OF EUR 125,000),299741,CME ,099 ,F10,FutOnly
EURO FX/BRITISH POUND XRATE - CHICAGO MERCANTILE EXCHANGE,191105,2019-11-05,299741,CME,00,099,27200,756,7863,0,9137,7175,2654,3204,1805,0,0,410,2,15753,19909,11447,7291,359,52,37,0,179,11,-11,0,0,0,0,0,0,220,37,139,322,100.0,2.8,28.9,0.0,33.6,26.4,9.8,11.8,6.6,0.0,0.0,1.5,0.0,57.9,73.2,42.1,26.8,27,.,.,0,12,6,9,4,.,0,0,.,.,22,15,21.4,52.0,35.4,64.1,18.0,48.1,31.1,59.6,(CONTRACTS OF EUR 125,000),299741,CME ,099 ,F10,FutOnly
EURO FX/BRITISH POUND XRATE - CHICAGO MERCANTILE EXCHANGE,191029,2019-10-29,299741,CME,00,099,26841,704,7826,0,8958,7164,2665,3204,1805,0,0,410,2,15533,19872,11308,6969,-507,0,-535,0,-458,2,0,-396,-408,0,0,0,0,-854,-941,347,434,100.0,2.6,29.2,0.0,33.4,26.7,9.9,11.9,6.7,0.0,0.0,1.5,0.0,57.9,74.0,42.1,26.0,27,.,.,0,12,6,9,4,.,0,0,.,.,22,15,22.9,52.6,36.4,64.8,19.5,48.6,32.0,60.2,(CONTRACTS OF EUR 125,000),299741,CME ,099 ,F10,FutOnly
EURO FX/BRITISH POUND XRATE - CHICAGO MERCANTILE EXCHANGE,191022,2019-10-22,299741,CME,00,099,27348,704,8361,0,9416,7162,2665,3600,2213,0,0,410,2,16387,20813,10961,6535,356,147,-47,0,-468,251,-151,2089,-533,0,0,0,0,1617,-480,-1261,836,100.0,2.6,30.6,0.0,34.4,26.2,9.7,13.2,8.1,0.0,0.0,1.5,0.0,59.9,76.1,40.1,23.9,29,.,.,0,13,6,9,4,.,0,0,.,.,23,16,22.6,53.6,35.8,65.6,19.3,49.7,31.6,61.1,(CONTRACTS OF EUR 125,000),299741,CME ,099 ,F10,FutOnly
EURO FX/BRITISH POUND XRATE - CHICAGO MERCANTILE EXCHANGE,191015,2019-10-15,299741,CME,00,099,26992,557,8408,0,9884,6911,2816,1511,2746,0,0,410,2,14770,21293,12222,5699,1337,557,-6,0,258,1720,-74,572,-299,0,0,0,0,1313,1341,24,-4,100.0,2.1,31.1,0.0,36.6,25.6,10.4,5.6,10.2,0.0,0.0,1.5,0.0,54.7,78.9,45.3,21.1,30,.,.,0,14,6,9,.,4,0,0,.,.,23,17,19.7,54.7,32.5,66.7,16.0,50.2,27.2,61.6,(CONTRACTS OF EUR 125,000),299741,CME ,099 ,F10,FutOnly
EURO FX/BRITISH POUND XRATE - CHICAGO MERCANTILE EXCHANGE,191008,2019-10-08,299741,CME,00,099,25655,0,8414,0,9626,5191,2890,939,3045,0,0,410,2,13457,19952,12198,5703,-212,0,-295,0,-36,150,105,0,-295,0,0,0,0,69,-335,-281,123,100.0,0.0,32.8,0.0,37.5,20.2,11.3,3.7,11.9,0.0,0.0,1.6,0.0,52.5,77.8,47.5,22.2,25,0,.,0,13,4,8,.,4,0,0,.,.,19,15,21.0,56.1,35.1,69.2,17.1,52.0,28.9,63.3,(CONTRACTS OF EUR 125,000),299741,CME ,099 ,F10,FutOnly
EURO FX/BRITISH POUND XRATE - CHICAGO MERCANTILE EXCHANGE,191001,2019-10-01,299741,CME,00,099,25867,0,8709,0,9662,5041,2785,939,3340,0,0,410,2,13388,20287,12479,5580,220,0,0,0,322,-12,-49,0,781,0,0,0,0,273,720,-53,-500,100.0,0.0,33.7,0.0,37.4,19.5,10.8,3.6,12.9,0.0,0.0,1.6,0.0,51.8,78.4,48.2,21.6,25,0,.,0,13,4,8,.,4,0,0,.,.,19,15,20.9,55.8,34.6,69.6,17.2,52.2,28.9,64.2,(CONTRACTS OF EUR 125,000),299741,CME ,099 ,F10,FutOnly
EURO FX/BRITISH POUND XRATE - CHICAGO MERCANTILE EXCHANGE,190924,2019-09-24,299741,CME,00,099,25647,0,8709,0,9340,5053,2834,939,2559,0,0,410,2,13115,19567,12532,6080,585,-426,-17,0,92,-192,111,0,693,0,0,-177,0,-223,418,808,167,100.0,0.0,34.0,0.0,36.4,19.7,11.1,3.7,10.0,0.0,0.0,1.6,0.0,51.1,76.3,48.9,23.7,23,0,.,0,12,4,8,.,.,0,0,.,.,18,14,21.9,56.4,35.5,70.1,17.5,53.1,29.6,63.6,(CONTRACTS OF EUR 125,000),299741,CME ,099 ,F10,FutOnly
EURO FX/BRITISH POUND XRATE - CHICAGO MERCANTILE EXCHANGE,190917,2019-09-17,299741,CME,00,099,25062,426,8726,0,9248,5245,2723,939,1866,0,0,587,2,13338,19149,11724,5913,-2638,-46,-2550,-948,605,2050,13,410,-603,-493,0,-2,0,-459,-2533,-2179,-105,100.0,1.7,34.8,0.0,36.9,20.9,10.9,3.7,7.4,0.0,0.0,2.3,0.0,53.2,76.4,46.8,23.6,23,.,.,0,12,4,8,.,.,0,0,.,.,19,13,22.3,57.5,35.5,71.0,17.8,53.2,30.1,65.5,(CONTRACTS OF EUR 125,000),299741,CME ,099 ,F10,FutOnly
EURO FX/BRITISH POUND XRATE - CHICAGO MERCANTILE EXCHANGE,190910,2019-09-10,299741,CME,00,099,27700,472,11276,948,8643,3195,2710,529,2469,493,0,589,2,13797,21682,13903,6018,1084,-106,1314,948,-378,-472,168,-393,-1190,459,0,0,0,698,1227,386,-143,100.0,1.7,40.7,3.4,31.2,11.5,9.8,1.9,8.9,1.8,0.0,2.1,0.0,49.8,78.3,50.2,21.7,21,.,.,.,11,.,9,.,.,.,0,.,.,19,14,20.0,59.8,32.6,73.8,15.9,55.1,26.9,63.3,(CONTRACTS OF EUR 125,000),299741,CME ,099 ,F10,FutOnly
EURO FX/BRITISH POUND XRATE - CHICAGO MERCANTILE EXCHANGE,190903,2019-09-03,299741,CME,00,099,26616,578,9962,0,9021,3667,2542,922,3659,34,0,589,2,13099,20455,13517,6161,-616,-9,-1,0,-1086,-59,-109,400,-377,34,0,0,0,-770,-512,154,-104,100.0,2.2,37.4,0.0,33.9,13.8,9.6,3.5,13.7,0.1,0.0,2.2,0.0,49.2,76.9,50.8,23.1,24,.,.,0,12,4,9,.,.,.,0,.,.,21,14,18.2,56.1,31.2,70.8,16.1,54.8,27.4,66.3,(CONTRACTS OF EUR 125,000),299741,CME ,099 ,F10,FutOnly
EURO FX/BRITISH POUND XRATE - CHICAGO MERCANTILE EXCHANGE,190827,2019-08-27,299741,CME,00,099,27232,587,9963,0,10107,3726,2651,522,4036,0,0,589,2,13869,20967,13363,6265,-422,3,44,0,109,-18,32,5,-427,-7,0,0,0,142,-376,-564,-46,100.0,2.2,36.6,0.0,37.1,13.7,9.7,1.9,14.8,0.0,0.0,2.2,0.0,50.9,77.0,49.1,23.0,24,.,.,0,13,4,9,.,.,0,0,.,.,20,14,18.4,53.3,32.2,70.5,16.3,52.1,28.6,66.4,(CONTRACTS OF EUR 125,000),299741,CME ,099 ,F10,FutOnly
EURO FX/BRITISH POUND XRATE - CHICAGO MERCANTILE EXCHANGE,190820,2019-08-20,299741,CME,00,099,27654,584,9919,0,9998,3744,2619,517,4463,7,0,589,2,13727,21343,13927,6311,-538,-11,-60,0,-230,-1012,878,0,-604,3,0,0,0,640,-795,-1178,257,100.0,2.1,35.9,0.0,36.2,13.5,9.5,1.9,16.1,0.0,0.0,2.1,0.0,49.6,77.2,50.4,22.8,24,.,.,0,13,4,9,.,.,.,0,.,.,21,14,18.3,53.6,31.5,70.9,16.2,52.4,27.9,66.7,(CONTRACTS OF EUR 125,000),299741,CME ,099 ,F10,FutOnly
EURO FX/BRITISH POUND XRATE - CHICAGO MERCANTILE EXCHANGE,190813,2019-08-13,299741,CME,00,099,28192,595,9979,0,10228,4756,1741,517,5067,4,0,589,2,13087,22138,15105,6054,-472,10,-223,0,-530,767,-713,0,-784,4,0,0,0,-1229,-949,757,477,100.0,2.1,35.4,0.0,36.3,16.9,6.2,1.8,18.0,0.0,0.0,2.1,0.0,46.4,78.5,53.6,21.5,24,.,.,0,13,4,9,.,.,.,0,.,.,21,14,18.7,55.7,31.2,72.4,16.7,54.6,28.2,70.2,(CONTRACTS OF EUR 125,000),299741,CME ,099 ,F10,FutOnly
EURO FX/BRITISH POUND XRATE - CHICAGO MERCANTILE EXCHANGE,190806,2019-08-06,299741,CME,00,099,28664,585,10202,0,10758,3989,2454,517,5851,0,0,589,2,14316,23087,14348,5577,307,-15,90,0,-112,-1671,5,0,2483,-3,0,0,0,-125,904,432,-597,100.0,2.0,35.6,0.0,37.5,13.9,8.6,1.8,20.4,0.0,0.0,2.1,0.0,49.9,80.5,50.1,19.5,25,.,.,0,13,4,9,.,.,0,0,.,.,20,15,19.9,55.3,32.7,72.9,18.0,54.2,29.7,69.1,(CONTRACTS OF EUR 125,000),299741,CME ,099 ,F10,FutOnly
EURO FX/BRITISH POUND XRATE - CHICAGO MERCANTILE EXCHANGE,190730,2019-07-30,299741,CME,00,099,28357,600,10112,0,10870,5660,2449,517,3368,3,0,589,2,14441,22183,13916,6174,652,76,2,0,-152,-57,58,-4,702,3,0,0,0,-19,708,671,-56,100.0,2.1,35.7,0.0,38.3,20.0,8.6,1.8,11.9,0.0,0.0,2.1,0.0,50.9,78.2,49.1,21.8,24,.,.,0,13,4,9,.,.,.,0,.,.,21,14,20.8,56.4,33.6,73.1,18.7,53.4,30.6,68.0,(CONTRACTS OF EUR 125,000),299741,CME ,099 ,F10,FutOnly
EURO FX/BRITISH POUND XRATE - CHICAGO MERCANTILE EXCHANGE,190723,2019-07-23,299741,CME,00,099,27705,524,10110,0,11022,5717,2391,521,2666,0,0,589,2,14460,21475,13245,6230,788,58,10,0,1314,269,-23,3,582,0,0,0,0,1352,838,-564,-50,100.0,1.9,36.5,0.0,39.8,20.6,8.6,1.9,9.6,0.0,0.0,2.1,0.0,52.2,77.5,47.8,22.5,23,.,.,0,13,4,9,.,.,0,0,.,.,20,13,21.9,56.8,34.9,73.9,19.6,53.7,31.9,68.9,(CONTRACTS OF EUR 125,000),299741,CME ,099 ,F10,FutOnly
EURO FX/BRITISH POUND XRATE - CHICAGO MERCANTILE EXCHANGE,190716,2019-07-16,299741,CME,00,099,26917,466,10100,0,9708,5448,2414,518,2084,0,0,589,2,13108,20637,13809,6280,671,466,381,0,16,-279,33,0,-116,0,0,0,0,515,19,156,652,100.0,1.7,37.5,0.0,36.1,20.2,9.0,1.9,7.7,0.0,0.0,2.2,0.0,48.7,76.7,51.3,23.3,23,.,.,0,13,4,9,.,.,0,0,.,.,20,13,19.2,56.2,31.2,72.9,16.6,53.0,28.1,67.7,(CONTRACTS OF EUR 125,000),299741,CME ,099 ,F10,FutOnly
EURO FX/BRITISH POUND XRATE - CHICAGO MERCANTILE EXCHANGE,190709,2019-07-09,299741,CME,00,099,26246,0,9719,0,9692,5727,2381,518,2200,0,0,589,2,12593,20618,13653,5628,547,0,0,0,565,-155,-20,0,428,0,0,0,0,545,253,2,294,100.0,0.0,37.0,0.0,36.9,21.8,9.1,2.0,8.4,0.0,0.0,2.2,0.0,48.0,78.6,52.0,21.4,23,0,.,0,13,4,9,.,.,0,0,.,.,19,14,19.4,54.9,31.9,73.2,16.8,51.6,28.7,67.9,(CONTRACTS OF EUR 125,000),299741,CME ,099 ,F10,FutOnly
EURO FX/BRITISH POUND XRATE - CHICAGO MERCANTILE EXCHANGE,190702,2019-07-02,299741,CME,00,099,25699,0,9719,0,9127,5882,2401,518,1772,0,0,589,2,12048,20365,13651,5334,379,0,132,0,230,107,59,-481,307,0,0,0,0,-192,605,571,-226,100.0,0.0,37.8,0.0,35.5,22.9,9.3,2.0,6.9,0.0,0.0,2.3,0.0,46.9,79.2,53.1,20.8,21,0,.,0,12,4,9,.,.,0,0,.,.,18,13,19.7,57.1,32.5,75.4,17.0,53.7,29.2,69.9,(CONTRACTS OF EUR 125,000),299741,CME ,099 ,F10,FutOnly
EURO FX/BRITISH POUND XRATE - CHICAGO MERCANTILE EXCHANGE,190625,2019-06-25,299741,CME,00,099,25320,0,9587,0,8897,5775,2342,999,1465,0,0,589,2,12240,19760,13080,5560,245,0,0,0,-118,12,-1,-25,-141,0,0,0,0,-144,-130,389,375,100.0,0.0,37.9,0.0,35.1,22.8,9.2,3.9,5.8,0.0,0.0,2.3,0.0,48.3,78.0,51.7,22.0,21,0,.,0,11,4,8,.,.,0,0,.,.,18,12,21.0,56.6,34.1,74.3,18.3,52.8,30.7,68.8,(CONTRACTS OF EUR 125,000),299741,CME ,099 ,F10,FutOnly
EURO FX/BRITISH POUND XRATE - CHICAGO MERCANTILE EXCHANGE,190618,2019-06-18,299741,CME,00,099,25075,0,9587,0,9015,5763,2343,1024,1606,0,0,589,2,12384,19890,12691,5185,-1579,0,2041,-54,-298,186,-163,494,-2322,-476,0,1,-1,-498,-788,-1081,-791,100.0,0.0,38.2,0.0,36.0,23.0,9.3,4.1,6.4,0.0,0.0,2.3,0.0,49.4,79.3,50.6,20.7,21,0,.,0,11,4,8,.,.,0,0,.,.,18,12,21.6,57.3,34.8,75.6,18.8,53.9,31.4,70.0,(CONTRACTS OF EUR 125,000),299741,CME ,099 ,F10,FutOnly
EURO FX/BRITISH POUND XRATE - CHICAGO MERCANTILE EXCHANGE,190611,2019-06-11,299741,CME,00,099,26654,0,7546,54,9313,5577,2506,530,3928,476,0,588,3,12882,20678,13772,5976,52,0,124,-29,685,-360,-689,0,-363,476,0,5,-5,438,-841,-386,893,100.0,0.0,28.3,0.2,34.9,20.9,9.4,2.0,14.7,1.8,0.0,2.2,0.0,48.3,77.6,51.7,22.4,22,0,.,.,11,4,8,.,.,.,0,.,.,20,14,21.8,49.6,34.4,69.0,19.2,45.0,30.7,61.7,(CONTRACTS OF EUR 125,000),299741,CME ,099 ,F10,FutOnly
EURO FX/BRITISH POUND XRATE - CHICAGO MERCANTILE EXCHANGE,190604,2019-06-04,299741,CME,00,099,26602,0,7422,83,8628,5937,3195,530,4291,0,0,583,8,12444,21519,14158,5083,137,0,975,83,302,-1658,-333,0,1670,-2,0,0,0,50,735,87,-598,100.0,0.0,27.9,0.3,32.4,22.3,12.0,2.0,16.1,0.0,0.0,2.2,0.0,46.8,80.9,53.2,19.1,22,0,.,.,10,5,8,.,.,0,0,.,.,18,14,22.1,47.8,34.4,68.6,19.5,44.3,30.1,61.7,(CONTRACTS OF EUR 125,000),299741,CME ,099 ,F10,FutOnly
EURO FX/BRITISH POUND XRATE - CHICAGO MERCANTILE EXCHANGE,190528,2019-05-28,299741,CME,00,099,26465,0,6447,0,8326,7595,3528,530,2621,2,0,583,8,12394,20784,14071,5681,-230,0,17,0,-386,-813,48,0,1149,2,0,0,0,-336,403,106,-633,100.0,0.0,24.4,0.0,31.5,28.7,13.3,2.0,9.9,0.0,0.0,2.2,0.0,46.8,78.5,53.2,21.5,22,0,.,0,9,7,8,.,.,.,0,.,.,18,14,22.3,44.6,34.8,65.9,19.5,38.2,30.3,57.6,(CONTRACTS OF EUR 125,000),299741,CME ,099 ,F10,FutOnly
EURO FX/BRITISH POUND XRATE - CHICAGO MERCANTILE EXCHANGE,190521,2019-05-21,299741,CME,00,099,26695,0,6430,0,8712,8408,3480,530,1472,0,0,583,8,12730,20381,13965,6314,-1095,0,-586,0,-989,-1268,-25,-801,1472,0,0,0,0,-1815,-407,720,-688,100.0,0.0,24.1,0.0,32.6,31.5,13.0,2.0,5.5,0.0,0.0,2.2,0.0,47.7,76.3,52.3,23.7,24,0,.,0,10,8,8,.,.,0,0,.,.,18,15,21.8,44.5,34.3,62.3,19.0,38.2,29.9,53.8,(CONTRACTS OF EUR 125,000),299741,CME ,099 ,F10,FutOnly
EURO FX/BRITISH POUND XRATE - CHICAGO MERCANTILE EXCHANGE,190514,2019-05-14,299741,CME,00,099,27790,0,7016,0,9701,9676,3505,1331,0,0,0,583,8,14545,20788,13245,7002,-434,0,-448,0,-1111,-5,-33,-139,0,-4,0,0,0,-1287,-490,853,56,100.0,0.0,25.2,0.0,34.9,34.8,12.6,4.8,0.0,0.0,0.0,2.1,0.0,52.3,74.8,47.7,25.2,24,0,.,0,11,8,8,.,0,0,0,.,.,20,13,22.7,45.6,34.9,65.8,20.2,39.8,31.7,57.4,(CONTRACTS OF EUR 125,000),299741,CME ,099 ,F10,FutOnly
EURO FX/BRITISH POUND XRATE - CHICAGO MERCANTILE EXCHANGE,190507,2019-05-07,299741,CME,00,099,28224,0,7464,0,10812,9681,3538,1470,0,4,0,583,8,15832,21278,12392,6946,732,0,0,0,-92,631,2,284,0,3,0,0,0,197,636,535,96,100.0,0.0,26.4,0.0,38.3,34.3,12.5,5.2,0.0,0.0,0.0,2.1,0.0,56.1,75.4,43.9,24.6,24,0,.,0,11,8,8,.,0,.,0,.,.,20,14,26.5,46.4,39.0,66.4,24.0,40.7,35.7,58.1,(CONTRACTS OF EUR 125,000),299741,CME ,099 ,F10,FutOnly
EURO FX/BRITISH POUND XRATE - CHICAGO MERCANTILE EXCHANGE,190430,2019-04-30,299741,CME,00,099,27492,0,7464,0,10904,9050,3536,1186,0,1,0,583,8,15635,20642,11857,6850,-477,0,-80,0,295,-270,0,-672,-472,0,0,0,0,-377,-822,-100,345,100.0,0.0,27.1,0.0,39.7,32.9,12.9,4.3,0.0,0.0,0.0,2.1,0.0,56.9,75.1,43.1,24.9,23,0,.,0,11,7,8,.,0,.,0,.,.,20,13,27.1,47.6,39.5,67.9,24.6,41.6,35.9,59.3,(CONTRACTS OF EUR 125,000),299741,CME ,099 ,F10,FutOnly
EURO FX/BRITISH POUND XRATE - CHICAGO MERCANTILE EXCHANGE,190423,2019-04-23,299741,CME,00,099,27969,0,7544,0,10609,9320,3536,1858,472,1,0,583,8,16012,21464,11957,6505,-425,0,0,0,27,-76,256,-345,39,0,0,0,0,-62,219,-363,-644,100.0,0.0,27.0,0.0,37.9,33.3,12.6,6.6,1.7,0.0,0.0,2.1,0.0,57.2,76.7,42.8,23.3,24,0,.,0,10,7,8,.,.,.,0,.,.,20,14,27.1,47.2,39.3,68.0,24.5,42.1,36.0,59.6,(CONTRACTS OF EUR 125,000),299741,CME ,099 ,F10,FutOnly
EURO FX/BRITISH POUND XRATE - CHICAGO MERCANTILE EXCHANGE,190416,2019-04-16,299741,CME,00,099,28394,0,7544,0,10582,9396,3280,2203,433,1,0,583,8,16074,21245,12320,7149,597,0,-139,0,-560,41,415,503,-178,1,0,0,0,359,140,238,457,100.0,0.0,26.6,0.0,37.3,33.1,11.6,7.8,1.5,0.0,0.0,2.1,0.0,56.6,74.8,43.4,25.2,24,0,.,0,10,7,8,.,.,.,0,.,.,20,14,26.6,44.9,39.4,66.3,24.1,41.0,36.6,58.9,(CONTRACTS OF EUR 125,000),299741,CME ,099 ,F10,FutOnly
EURO FX/BRITISH POUND XRATE - CHICAGO MERCANTILE EXCHANGE,190409,2019-04-09,299741,CME,00,099,27797,0,7683,0,11142,9355,2865,1700,611,0,0,583,8,15715,21105,12082,6692,29,0,80,0,-185,374,79,92,-430,0,0,0,0,-14,103,43,-74,100.0,0.0,27.6,0.0,40.1,33.7,10.3,6.1,2.2,0.0,0.0,2.1,0.0,56.5,75.9,43.5,24.1,24,0,.,0,11,6,8,.,.,0,0,.,.,20,13,27.2,46.1,38.8,68.7,24.7,42.8,35.7,61.3,(CONTRACTS OF EUR 125,000),299741,CME ,099 ,F10,FutOnly
EURO FX/BRITISH POUND XRATE - CHICAGO MERCANTILE EXCHANGE,190402,2019-04-02,299741,CME,00,099,27768,0,7603,0,11327,8981,2786,1608,1041,0,0,583,8,15729,21002,12039,6766,1057,0,1582,0,969,-356,-96,1072,0,0,0,0,0,1945,1130,-888,-73,100.0,0.0,27.4,0.0,40.8,32.3,10.0,5.8,3.7,0.0,0.0,2.1,0.0,56.6,75.6,43.4,24.4,24,0,.,0,11,6,8,.,.,0,0,.,.,20,13,27.4,45.2,39.3,67.8,25.5,41.8,36.4,60.3,(CONTRACTS OF EUR 125,000),299741,CME ,099 ,F10,FutOnly
EURO FX/BRITISH POUND XRATE - CHICAGO MERCANTILE EXCHANGE,190326,2019-03-26,299741,CME,00,099,26711,0,6021,0,10358,9337,2882,536,1041,0,0,583,8,13784,19872,12927,6839,-306,0,-544,0,-529,1085,57,1,-448,0,0,0,0,-471,150,165,-456,100.0,0.0,22.5,0.0,38.8,35.0,10.8,2.0,3.9,0.0,0.0,2.2,0.0,51.6,74.4,48.4,25.6,22,0,.,0,11,6,8,.,.,0,0,.,.,18,13,24.7,40.5,37.5,66.3,22.7,38.4,33.9,58.0,(CONTRACTS OF EUR 125,000),299741,CME ,099 ,F10,FutOnly
EURO FX/BRITISH POUND XRATE - CHICAGO MERCANTILE EXCHANGE,190319,2019-03-19,299741,CME,00,099,27017,0,6565,0,10887,8252,2825,535,1489,0,0,583,8,14255,19722,12762,7295,-6254,0,-5189,-66,522,-653,10,-3959,1489,-1371,0,0,0,-4864,-5780,-1390,-474,100.0,0.0,24.3,0.0,40.3,30.5,10.5,2.0,5.5,0.0,0.0,2.2,0.0,52.8,73.0,47.2,27.0,24,0,.,0,11,6,8,.,.,0,0,.,.,18,15,25.7,40.2,38.3,61.4,23.7,36.7,35.3,53.6,(CONTRACTS OF EUR 125,000),299741,CME ,099 ,F10,FutOnly
EURO FX/BRITISH POUND XRATE - CHICAGO MERCANTILE EXCHANGE,190312,2019-03-12,299741,CME,00,099,33271,0,11754,66,10365,8905,2815,4494,0,1371,0,583,8,19119,25502,14152,7769,1891,0,-281,66,40,946,-5,-311,0,1270,0,-144,3,1063,1855,828,36,100.0,0.0,35.3,0.2,31.2,26.8,8.5,13.5,0.0,4.1,0.0,1.8,0.0,57.5,76.6,42.5,23.4,23,0,.,.,10,7,8,.,0,.,0,.,.,20,15,28.4,50.0,42.2,68.2,23.0,46.9,36.4,60.3,(CONTRACTS OF EUR 125,000),299741,CME ,099 ,F10,FutOnly
EURO FX/BRITISH POUND XRATE - CHICAGO MERCANTILE EXCHANGE,190305,2019-03-05,299741,CME,00,099,31380,0,12035,0,10325,7959,2820,4805,0,101,0,727,5,18056,23647,13324,7733,30,0,-1741,0,-2321,1163,234,1377,0,70,0,0,0,-640,-274,670,304,100.0,0.0,38.4,0.0,32.9,25.4,9.0,15.3,0.0,0.3,0.0,2.3,0.0,57.5,75.4,42.5,24.6,24,0,.,0,10,7,8,4,0,.,0,.,.,20,16,24.7,54.3,38.9,68.6,22.7,51.0,36.8,62.4,(CONTRACTS OF EUR 125,000),299741,CME ,099 ,F10,FutOnly
EURO FX/BRITISH POUND XRATE - CHICAGO MERCANTILE EXCHANGE,190226,2019-02-26,299741,CME,00,099,31350,0,13776,0,12646,6796,2586,3428,0,31,0,727,5,18696,23921,12654,7429,926,0,-21,0,-458,-70,-17,1686,0,21,0,0,0,1232,-87,-306,1013,100.0,0.0,43.9,0.0,40.3,21.7,8.2,10.9,0.0,0.1,0.0,2.3,0.0,59.6,76.3,40.4,23.7,24,0,.,0,12,5,8,4,0,.,0,.,.,21,14,25.5,59.9,40.1,72.4,22.2,56.7,36.6,67.9,(CONTRACTS OF EUR 125,000),299741,CME ,099 ,F10,FutOnly
EURO FX/BRITISH POUND XRATE - CHICAGO MERCANTILE EXCHANGE,190219,2019-02-19,299741,CME,00,099,30424,0,13797,0,13104,6866,2603,1742,0,10,0,727,5,17464,24008,12960,6416,772,0,10,0,-372,335,-9,1214,0,10,0,0,0,843,346,-71,426,100.0,0.0,45.3,0.0,43.1,22.6,8.6,5.7,0.0,0.0,0.0,2.4,0.0,57.4,78.9,42.6,21.1,23,0,.,0,13,5,8,.,0,.,0,.,.,19,14,26.2,61.8,40.6,74.8,23.2,58.5,37.2,70.3,(CONTRACTS OF EUR 125,000),299741,CME ,099 ,F10,FutOnly
EURO FX/BRITISH POUND XRATE - CHICAGO MERCANTILE EXCHANGE,190212,2019-02-12,299741,CME,00,099,29652,0,13787,0,13476,6531,2612,528,0,0,0,727,5,16621,23662,13031,5990,-102,0,-354,0,1123,494,7,-1063,0,-7,0,0,0,60,140,-162,-242,100.0,0.0,46.5,0.0,45.4,22.0,8.8,1.8,0.0,0.0,0.0,2.5,0.0,56.1,79.8,43.9,20.2,23,0,.,0,14,5,9,.,0,0,0,.,.,19,14,25.9,63.3,39.7,75.6,22.8,59.9,35.9,71.0,(CONTRACTS OF EUR 125,000),299741,CME ,099 ,F10,FutOnly
EURO FX/BRITISH POUND XRATE - CHICAGO MERCANTILE EXCHANGE,190205,2019-02-05,299741,CME,00,099,29754,0,14141,0,12353,6037,2605,1591,0,7,0,727,5,16561,23522,13193,6232,800,0,649,0,801,1297,-156,-319,-747,7,0,0,0,333,1050,467,-250,100.0,0.0,47.5,0.0,41.5,20.3,8.8,5.3,0.0,0.0,0.0,2.4,0.0,55.7,79.1,44.3,20.9,23,0,.,0,13,4,8,.,0,.,0,.,.,20,13,25.8,64.3,38.1,76.2,22.7,60.9,34.0,70.3,(CONTRACTS OF EUR 125,000),299741,CME ,099 ,F10,FutOnly
EURO FX/BRITISH POUND XRATE - CHICAGO MERCANTILE EXCHANGE,190129,2019-01-29,299741,CME,00,099,28954,0,13492,0,11552,4740,2761,1910,747,0,0,727,5,16228,22472,12726,6482,1,-423,-125,0,-609,33,178,779,-1132,0,0,0,0,-75,-1046,76,1047,100.0,0.0,46.6,0.0,39.9,16.4,9.5,6.6,2.6,0.0,0.0,2.5,0.0,56.0,77.6,44.0,22.4,24,0,.,0,13,4,8,.,.,0,0,.,.,20,13,25.6,61.2,37.2,72.9,23.3,59.0,33.5,68.1,(CONTRACTS OF EUR 125,000),299741,CME ,099 ,F10,FutOnly
EURO FX/BRITISH POUND XRATE - CHICAGO MERCANTILE EXCHANGE,190122,2019-01-22,299741,CME,00,099,28953,423,13617,0,12161,4707,2583,1131,1879,0,0,727,5,16303,23518,12650,5435,-1765,-63,-140,0,-2227,-549,877,0,-2949,0,0,0,0,-1413,-2761,-352,996,100.0,1.5,47.0,0.0,42.0,16.3,8.9,3.9,6.5,0.0,0.0,2.5,0.0,56.3,81.2,43.7,18.8,24,.,.,0,13,4,7,.,.,0,0,.,.,20,12,25.1,63.9,37.7,77.2,22.9,62.1,34.2,72.3,(CONTRACTS OF EUR 125,000),299741,CME ,099 ,F10,FutOnly
EURO FX/BRITISH POUND XRATE - CHICAGO MERCANTILE EXCHANGE,190115,2019-01-15,299741,CME,00,099,30718,486,13757,0,14388,5256,1706,1131,4828,0,0,727,5,17716,26279,13002,4439,258,-119,-121,0,488,-402,-105,0,436,0,0,0,0,264,-192,-6,450,100.0,1.6,44.8,0.0,46.8,17.1,5.6,3.7,15.7,0.0,0.0,2.4,0.0,57.7,85.5,42.3,14.5,27,.,.,0,14,4,7,.,.,0,0,.,.,20,15,27.6,64.0,39.8,77.9,25.5,63.4,37.2,76.2,(CONTRACTS OF EUR 125,000),299741,CME ,099 ,F10,FutOnly
EURO FX/BRITISH POUND XRATE - CHICAGO MERCANTILE EXCHANGE,190108,2019-01-08,299741,CME,00,099,30460,605,13878,0,13900,5658,1811,1131,4392,0,0,727,5,17452,26471,13008,3989,2200,3,223,0,3322,-518,-561,131,3543,-2,0,0,0,2893,2685,-693,-485,100.0,2.0,45.6,0.0,45.6,18.6,5.9,3.7,14.4,0.0,0.0,2.4,0.0,57.3,86.9,42.7,13.1,29,.,.,0,15,5,7,.,.,0,0,.,.,21,16,26.5,62.9,37.6,76.8,24.1,62.3,34.6,75.1,(CONTRACTS OF EUR 125,000),299741,CME ,099 ,F10,FutOnly
EURO FX/JAPANESE YEN XRATE - CHICAGO MERCANTILE EXCHANGE,191231,2019-12-31,399741,CME,00,099,22832,3709,3606,624,5844,12948,2132,2293,0,0,0,0,0,14602,19310,8230,3522,.,.,.,.,.,.,.,.,.,.,.,.,.,.,.,.,.,100.0,16.2,15.8,2.7,25.6,56.7,9.3,10.0,0.0,0.0,0.0,0.0,0.0,64.0,84.6,36.0,15.4,22,.,.,.,5,10,9,.,0,0,0,0,0,19,14,34.9,58.5,48.9,74.2,34.3,52.4,48.1,65.0,(CONTRACTS OF EUR 125,000),399741,CME ,099 ,F10,FutOnly
EURO FX/JAPANESE YEN XRATE - CHICAGO MERCANTILE EXCHANGE,191217,2019-12-17,399741,CME,00,099,28753,5354,1272,5185,7044,11145,2093,0,5237,159,0,0,0,19835,25091,8918,3662,811,-10,-476,1938,-58,12,59,0,1364,-1654,0,0,0,275,1243,536,-432,100.0,18.6,4.4,18.0,24.5,38.8,7.3,0.0,18.2,0.6,0.0,0.0,0.0,69.0,87.3,31.0,12.7,24,.,.,.,6,9,8,0,5,.,0,0,0,17,19,43.0,41.1,60.0,61.0,29.9,33.4,41.6,46.9,(CONTRACTS OF EUR 125,000),399741,CME ,099 ,F10,FutOnly
EURO FX/JAPANESE YEN XRATE - CHICAGO MERCANTILE EXCHANGE,191210,2019-12-10,399741,CME,00,099,27942,5364,1748,3247,7102,11133,2034,0,3873,1813,0,0,0,19560,23848,8382,4094,4208,26,-4,2050,-178,531,-5,-448,-118,1750,0,0,0,3195,4204,1013,4,100.0,19.2,6.3,11.6,25.4,39.8,7.3,0.0,13.9,6.5,0.0,0.0,0.0,70.0,85.3,30.0,14.7,24,.,.,.,6,9,8,0,4,4,0,0,0,20,19,40.7,42.5,55.6,62.7,31.0,32.8,42.8,46.4,(CONTRACTS OF EUR 125,000),399741,CME ,099 ,F10,FutOnly
EURO FX/JAPANESE YEN XRATE - CHICAGO MERCANTILE EXCHANGE,191203,2019-12-03,399741,CME,00,099,23734,5338,1752,1197,7280,10602,2039,448,3991,63,0,0,0,16365,19644,7369,4090,1172,-121,-2,584,721,21,7,0,2288,63,0,-881,-49,1205,2031,-33,-859,100.0,22.5,7.4,5.0,30.7,44.7,8.6,1.9,16.8,0.3,0.0,0.0,0.0,69.0,82.8,31.0,17.2,24,.,.,.,6,8,8,.,4,.,0,0,0,19,17,39.9,44.9,56.4,62.6,37.3,39.1,51.0,55.7,(CONTRACTS OF EUR 125,000),399741,CME ,099 ,F10,FutOnly
EURO FX/JAPANESE YEN XRATE - CHICAGO MERCANTILE EXCHANGE,191126,2019-11-26,399741,CME,00,099,22562,5459,1754,613,6559,10581,2032,448,1703,0,0,881,49,15160,17613,7402,4949,81,140,-149,0,-286,-21,9,0,-140,0,0,0,0,-137,-301,218,382,100.0,24.2,7.8,2.7,29.1,46.9,9.0,2.0,7.5,0.0,0.0,3.9,0.2,67.2,78.1,32.8,21.9,23,.,.,.,6,8,8,.,.,0,0,.,.,18,15,38.7,45.2,54.3,61.6,36.0,38.8,51.0,54.5,(CONTRACTS OF EUR 125,000),399741,CME ,099 ,F10,FutOnly
EURO FX/JAPANESE YEN XRATE - CHICAGO MERCANTILE EXCHANGE,191119,2019-11-19,399741,CME,00,099,22481,5319,1903,613,6845,10602,2023,448,1843,0,0,881,49,15297,17914,7184,4567,419,2,29,54,-186,262,-1,448,-77,0,0,350,0,317,617,102,-198,100.0,23.7,8.5,2.7,30.4,47.2,9.0,2.0,8.2,0.0,0.0,3.9,0.2,68.0,79.7,32.0,20.3,23,.,.,.,6,8,8,.,.,0,0,.,.,18,15,40.1,45.3,55.1,62.4,37.4,39.1,51.8,55.3,(CONTRACTS OF EUR 125,000),399741,CME ,099 ,F10,FutOnly
EURO FX/JAPANESE YEN XRATE - CHICAGO MERCANTILE EXCHANGE,191112,2019-11-12,399741,CME,00,099,22062,5317,1874,559,7031,10340,2024,0,1920,0,0,531,49,14980,17297,7082,4765,196,-24,92,0,82,92,-1,0,-171,0,0,20,0,57,32,139,164,100.0,24.1,8.5,2.5,31.9,46.9,9.2,0.0,8.7,0.0,0.0,2.4,0.2,67.9,78.4,32.1,21.6,22,.,.,.,6,8,8,0,.,0,0,.,.,17,15,41.7,46.0,56.9,62.2,38.9,40.2,53.5,55.0,(CONTRACTS OF EUR 125,000),399741,CME ,099 ,F10,FutOnly
EURO FX/JAPANESE YEN XRATE - CHICAGO MERCANTILE EXCHANGE,191105,2019-11-05,399741,CME,00,099,21866,5341,1782,559,6949,10248,2025,0,2091,0,0,511,49,14923,17265,6943,4601,-181,-818,0,0,1090,181,-118,0,536,0,0,110,0,154,709,-335,-890,100.0,24.4,8.1,2.6,31.8,46.9,9.3,0.0,9.6,0.0,0.0,2.3,0.2,68.2,79.0,31.8,21.0,23,.,.,.,6,8,8,0,.,0,0,.,.,17,16,41.9,46.4,57.3,60.8,39.1,40.1,53.7,53.5,(CONTRACTS OF EUR 125,000),399741,CME ,099 ,F10,FutOnly
EURO FX/JAPANESE YEN XRATE - CHICAGO MERCANTILE EXCHANGE,191029,2019-10-29,399741,CME,00,099,22047,6159,1782,559,5859,10067,2143,0,1555,0,0,401,49,14769,16556,7278,5491,-669,0,-17,17,-6,227,145,-528,-1769,0,0,401,49,-323,-947,-346,278,100.0,27.9,8.1,2.5,26.6,45.7,9.7,0.0,7.1,0.0,0.0,1.8,0.2,67.0,75.1,33.0,24.9,21,.,.,.,5,8,8,0,.,0,0,.,.,16,15,40.9,46.1,58.4,60.3,38.3,39.9,54.5,53.1,(CONTRACTS OF EUR 125,000),399741,CME ,099 ,F10,FutOnly
EURO FX/JAPANESE YEN XRATE - CHICAGO MERCANTILE EXCHANGE,191022,2019-10-22,399741,CME,00,099,22716,6159,1799,542,5865,9840,1998,528,3324,0,0,0,0,15092,17503,7624,5213,1013,-10,-6,6,-29,-359,5,528,1485,0,0,0,0,500,1131,513,-118,100.0,27.1,7.9,2.4,25.8,43.3,8.8,2.3,14.6,0.0,0.0,0.0,0.0,66.4,77.1,33.6,22.9,24,.,.,.,5,8,7,.,5,0,0,0,0,15,17,39.8,44.8,56.7,58.6,37.3,38.8,53.2,52.6,(CONTRACTS OF EUR 125,000),399741,CME ,099 ,F10,FutOnly
EURO FX/JAPANESE YEN XRATE - CHICAGO MERCANTILE EXCHANGE,191015,2019-10-15,399741,CME,00,099,21703,6169,1805,536,5894,10199,1993,0,1839,0,0,0,0,14592,16372,7111,5331,-1131,55,-30,8,-57,-1200,-18,-1124,949,0,0,0,0,-1136,-291,5,-840,100.0,28.4,8.3,2.5,27.2,47.0,9.2,0.0,8.5,0.0,0.0,0.0,0.0,67.2,75.4,32.8,24.6,21,.,.,.,5,8,7,0,.,0,0,0,0,14,15,41.7,47.2,59.6,61.3,39.2,40.9,55.6,53.5,(CONTRACTS OF EUR 125,000),399741,CME ,099 ,F10,FutOnly
EURO FX/JAPANESE YEN XRATE - CHICAGO MERCANTILE EXCHANGE,191008,2019-10-08,399741,CME,00,099,22834,6114,1835,528,5951,11399,2011,1124,890,0,0,0,0,15728,16663,7106,6171,-199,61,115,-2,-196,-102,-284,334,-100,0,0,0,0,-87,-373,-112,174,100.0,26.8,8.0,2.3,26.1,49.9,8.8,4.9,3.9,0.0,0.0,0.0,0.0,68.9,73.0,31.1,27.0,21,.,.,.,5,9,8,.,.,0,0,0,0,16,14,39.9,45.0,59.1,61.0,37.2,39.0,55.8,54.1,(CONTRACTS OF EUR 125,000),399741,CME ,099 ,F10,FutOnly
EURO FX/JAPANESE YEN XRATE - CHICAGO MERCANTILE EXCHANGE,191001,2019-10-01,399741,CME,00,099,23033,6053,1720,530,6147,11501,2295,790,990,0,0,0,0,15815,17036,7218,5997,.,.,.,.,.,.,.,.,.,.,.,.,.,.,.,.,.,100.0,26.3,7.5,2.3,26.7,49.9,10.0,3.4,4.3,0.0,0.0,0.0,0.0,68.7,74.0,31.3,26.0,21,.,.,.,5,9,8,.,.,0,0,0,0,16,14,40.3,45.6,58.9,62.4,37.7,38.9,54.4,54.3,(CONTRACTS OF EUR 125,000),399741,CME ,099 ,F10,FutOnly
EURO FX/JAPANESE YEN XRATE - CHICAGO MERCANTILE EXCHANGE,190917,2019-09-17,399741,CME,00,099,28840,4008,2983,5315,6152,9815,2300,3287,1712,1016,0,0,0,22078,23141,6762,5699,339,67,-14,1144,1890,-1142,-1650,-1482,1712,371,0,0,0,340,421,-1,-82,100.0,13.9,10.3,18.4,21.3,34.0,8.0,11.4,5.9,3.5,0.0,0.0,0.0,76.6,80.2,23.4,19.8,22,.,.,.,5,8,8,.,.,.,0,0,0,18,17,41.7,46.2,61.5,63.9,33.7,30.6,46.3,44.0,(CONTRACTS OF EUR 125,000),399741,CME ,099 ,F10,FutOnly
EURO FX/JAPANESE YEN XRATE - CHICAGO MERCANTILE EXCHANGE,190910,2019-09-10,399741,CME,00,099,28501,3941,2997,4171,4262,10957,3950,4769,0,645,0,0,0,21738,22720,6763,5781,4530,-97,-23,3668,27,416,54,-353,0,641,0,0,0,3940,4756,590,-226,100.0,13.8,10.5,14.6,15.0,38.4,13.9,16.7,0.0,2.3,0.0,0.0,0.0,76.3,79.7,23.7,20.3,23,.,.,.,5,9,8,5,0,.,0,0,0,20,14,39.7,47.4,60.2,67.3,31.4,31.0,42.0,44.8,(CONTRACTS OF EUR 125,000),399741,CME ,099 ,F10,FutOnly
EURO FX/JAPANESE YEN XRATE - CHICAGO MERCANTILE EXCHANGE,190903,2019-09-03,399741,CME,00,099,23971,4038,3020,503,4235,10541,3896,5122,0,4,0,0,0,17798,17964,6173,6007,-484,3,-55,5,-88,-44,59,-476,0,-9,0,0,0,-506,-44,22,-440,100.0,16.8,12.6,2.1,17.7,44.0,16.3,21.4,0.0,0.0,0.0,0.0,0.0,74.2,74.9,25.8,25.1,21,.,.,.,5,9,8,4,0,.,0,0,0,18,13,39.7,47.2,60.7,65.2,37.7,33.7,52.1,50.6,(CONTRACTS OF EUR 125,000),399741,CME ,099 ,F10,FutOnly
EURO FX/JAPANESE YEN XRATE - CHICAGO MERCANTILE EXCHANGE,190827,2019-08-27,399741,CME,00,099,24455,4035,3075,498,4323,10585,3837,5598,0,13,0,0,0,18304,18008,6151,6447,-444,40,-97,1,3,-192,-117,-391,0,11,0,0,0,-453,-394,9,-50,100.0,16.5,12.6,2.0,17.7,43.3,15.7,22.9,0.0,0.1,0.0,0.0,0.0,74.8,73.6,25.2,26.4,21,.,.,.,5,9,8,4,0,.,0,0,0,18,13,41.1,46.3,61.6,64.3,39.3,33.1,53.4,50.0,(CONTRACTS OF EUR 125,000),399741,CME ,099 ,F10,FutOnly
EURO FX/JAPANESE YEN XRATE - CHICAGO MERCANTILE EXCHANGE,190820,2019-08-20,399741,CME,00,099,24899,3995,3172,497,4320,10777,3954,5989,0,2,0,0,0,18757,18402,6142,6497,-551,8,-71,-4,-32,-491,379,-237,-407,0,0,0,0,114,-594,-665,43,100.0,16.0,12.7,2.0,17.4,43.3,15.9,24.1,0.0,0.0,0.0,0.0,0.0,75.3,73.9,24.7,26.1,21,.,.,.,5,9,8,4,0,.,0,0,0,18,13,41.4,45.9,62.4,64.8,39.4,33.7,54.0,50.3,(CONTRACTS OF EUR 125,000),399741,CME ,099 ,F10,FutOnly
EURO FX/JAPANESE YEN XRATE - CHICAGO MERCANTILE EXCHANGE,190813,2019-08-13,399741,CME,00,099,25450,3987,3243,501,4352,11268,3575,6226,407,2,0,0,0,18643,18996,6807,6454,-929,10,-1156,0,-1121,1337,177,343,-573,0,0,-1462,-33,-624,-1710,-305,781,100.0,15.7,12.7,2.0,17.1,44.3,14.0,24.5,1.6,0.0,0.0,0.0,0.0,73.3,74.6,26.7,25.4,22,.,.,.,5,9,8,4,.,.,0,0,0,18,14,41.8,44.9,60.2,64.0,39.5,35.1,53.4,51.3,(CONTRACTS OF EUR 125,000),399741,CME ,099 ,F10,FutOnly
EURO FX/JAPANESE YEN XRATE - CHICAGO MERCANTILE EXCHANGE,190806,2019-08-06,399741,CME,00,099,26379,3977,4399,501,5473,9931,3398,5883,980,2,0,1462,33,19267,20706,7112,5673,-558,41,-110,-26,-899,-16,495,-803,43,0,0,-1100,0,-1192,-714,634,156,100.0,15.1,16.7,1.9,20.7,37.6,12.9,22.3,3.7,0.0,0.0,5.5,0.1,73.0,78.5,27.0,21.5,23,.,.,.,6,8,8,.,.,.,0,.,.,18,16,41.8,43.2,62.2,60.5,37.8,37.2,54.5,52.6,(CONTRACTS OF EUR 125,000),399741,CME ,099 ,F10,FutOnly
EURO FX/JAPANESE YEN XRATE - CHICAGO MERCANTILE EXCHANGE,190730,2019-07-30,399741,CME,00,099,26937,3936,4509,527,6372,9947,2903,6686,937,2,0,2562,33,20459,21420,6478,5517,-1125,0,0,0,-433,-1140,557,-1354,-3,0,0,-275,0,-1230,-861,105,-264,100.0,14.6,16.7,2.0,23.7,36.9,10.8,24.8,3.5,0.0,0.0,9.5,0.1,76.0,79.5,24.0,20.5,23,.,.,.,6,8,8,.,.,.,0,.,.,18,16,46.7,43.3,65.3,62.1,43.7,39.1,59.6,55.1,(CONTRACTS OF EUR 125,000),399741,CME ,099 ,F10,FutOnly
EURO FX/JAPANESE YEN XRATE - CHICAGO MERCANTILE EXCHANGE,190723,2019-07-23,399741,CME,00,099,28062,3936,4509,527,6805,11087,2346,8040,940,2,0,2837,33,21689,22281,6373,5781,409,0,37,-37,-77,19,50,812,0,0,0,140,0,748,209,-339,200,100.0,14.0,16.1,1.9,24.2,39.5,8.4,28.7,3.3,0.0,0.0,10.1,0.1,77.3,79.4,22.7,20.6,23,.,.,.,5,8,8,4,.,.,0,.,.,18,16,48.8,43.1,67.0,63.4,48.0,39.2,63.4,56.9,(CONTRACTS OF EUR 125,000),399741,CME ,099 ,F10,FutOnly
EURO FX/JAPANESE YEN XRATE - CHICAGO MERCANTILE EXCHANGE,190716,2019-07-16,399741,CME,00,099,27653,3936,4472,564,6882,11068,2296,7228,940,2,0,2697,33,20941,22072,6712,5581,797,-3,7,-7,-602,5,1,635,-10,2,0,160,0,26,158,771,639,100.0,14.2,16.2,2.0,24.9,40.0,8.3,26.1,3.4,0.0,0.0,9.8,0.1,75.7,79.8,24.3,20.2,22,.,.,.,5,8,8,.,.,.,0,.,.,17,16,49.1,43.7,66.8,64.3,48.7,39.8,63.4,57.4,(CONTRACTS OF EUR 125,000),399741,CME ,099 ,F10,FutOnly
EURO FX/JAPANESE YEN XRATE - CHICAGO MERCANTILE EXCHANGE,190709,2019-07-09,399741,CME,00,099,26856,3939,4465,571,7484,11063,2295,6593,950,0,0,2537,33,20915,21914,5941,4942,1519,-13,8,-8,2,372,-8,1529,15,0,0,687,33,1535,1099,-16,420,100.0,14.7,16.6,2.1,27.9,41.2,8.5,24.5,3.5,0.0,0.0,9.4,0.1,77.9,81.6,22.1,18.4,23,.,.,.,6,8,8,.,.,0,0,.,.,18,15,49.3,44.8,67.7,66.1,49.0,40.8,63.6,59.0,(CONTRACTS OF EUR 125,000),399741,CME ,099 ,F10,FutOnly
EURO FX/JAPANESE YEN XRATE - CHICAGO MERCANTILE EXCHANGE,190702,2019-07-02,399741,CME,00,099,25337,3952,4457,579,7482,10691,2303,5064,935,0,0,1850,0,19380,20815,5957,4522,35,14,-15,15,-95,35,1,-156,-22,0,0,0,0,-221,14,256,21,100.0,15.6,17.6,2.3,29.5,42.2,9.1,20.0,3.7,0.0,0.0,7.3,0.0,76.5,82.2,23.5,17.8,21,.,.,.,6,8,8,.,.,0,0,.,0,16,14,48.4,47.5,67.9,68.7,48.1,43.2,63.5,61.4,(CONTRACTS OF EUR 125,000),399741,CME ,099 ,F10,FutOnly
EURO FX/JAPANESE YEN XRATE - CHICAGO MERCANTILE EXCHANGE,190625,2019-06-25,399741,CME,00,099,25302,3938,4472,564,7577,10656,2302,5220,957,0,0,1850,0,19601,20801,5701,4501,-3346,-437,-56,-895,23,43,4,163,0,-1916,0,0,0,-3058,-2820,-288,-526,100.0,15.6,17.7,2.2,29.9,42.1,9.1,20.6,3.8,0.0,0.0,7.3,0.0,77.5,82.2,22.5,17.8,21,.,.,.,6,8,8,.,.,0,0,.,0,16,14,49.1,47.6,68.6,68.9,48.7,43.2,64.2,61.7,(CONTRACTS OF EUR 125,000),399741,CME ,099 ,F10,FutOnly
EURO FX/JAPANESE YEN XRATE - CHICAGO MERCANTILE EXCHANGE,190618,2019-06-18,399741,CME,00,099,28648,4375,4528,1459,7554,10613,2298,5057,957,1916,0,1850,0,22659,23621,5989,5027,1554,-24,542,886,-831,84,51,1318,10,115,0,300,0,1515,1988,39,-434,100.0,15.3,15.8,5.1,26.4,37.0,8.0,17.7,3.3,6.7,0.0,6.5,0.0,79.1,82.5,20.9,17.5,23,.,.,.,6,8,8,.,.,.,0,.,0,18,17,44.2,42.2,64.9,63.4,38.4,38.4,54.8,54.4,(CONTRACTS OF EUR 125,000),399741,CME ,099 ,F10,FutOnly
EURO FX/JAPANESE YEN XRATE - CHICAGO MERCANTILE EXCHANGE,190611,2019-06-11,399741,CME,00,099,27094,4399,3986,573,8385,10529,2247,3739,947,1801,0,1550,0,21144,21633,5950,5461,-290,-23,-21,21,418,-3217,83,-665,-10,1753,0,600,0,1587,-791,-1877,501,100.0,16.2,14.7,2.1,30.9,38.9,8.3,13.8,3.5,6.6,0.0,5.7,0.0,78.0,79.8,22.0,20.2,24,.,.,.,6,8,8,4,.,.,0,.,0,19,16,39.4,44.8,59.3,62.7,37.5,40.7,55.8,56.6,(CONTRACTS OF EUR 125,000),399741,CME ,099 ,F10,FutOnly
EURO FX/JAPANESE YEN XRATE - CHICAGO MERCANTILE EXCHANGE,190604,2019-06-04,399741,CME,00,099,27384,4422,4007,552,7967,13746,2164,4404,957,48,0,950,0,19557,22424,7827,4960,-43,92,-157,-17,-139,890,-145,-1684,0,45,0,950,0,-1848,1566,1805,-1609,100.0,16.1,14.6,2.0,29.1,50.2,7.9,16.1,3.5,0.2,0.0,3.5,0.0,71.4,81.9,28.6,18.1,24,.,.,.,6,9,8,.,.,.,0,.,0,18,17,40.9,53.1,58.1,68.2,39.0,49.4,55.3,63.8,(CONTRACTS OF EUR 125,000),399741,CME ,099 ,F10,FutOnly
EURO FX/JAPANESE YEN XRATE - CHICAGO MERCANTILE EXCHANGE,190528,2019-05-28,399741,CME,00,099,27427,4330,4164,569,8106,12856,2309,6088,957,3,0,0,0,21405,20858,6022,6569,643,-2,-640,-4,-507,630,-22,1034,-39,-9,0,0,0,490,-84,153,727,100.0,15.8,15.2,2.1,29.6,46.9,8.4,22.2,3.5,0.0,0.0,0.0,0.0,78.0,76.0,22.0,24.0,23,.,.,.,6,9,8,.,.,.,0,0,0,18,15,46.0,52.7,63.7,66.6,44.1,48.3,61.1,60.3,(CONTRACTS OF EUR 125,000),399741,CME ,099 ,F10,FutOnly
EURO FX/JAPANESE YEN XRATE - CHICAGO MERCANTILE EXCHANGE,190521,2019-05-21,399741,CME,00,099,26784,4332,4804,573,8613,12226,2331,5054,996,12,0,0,0,20915,20942,5869,5842,346,0,1,-1,-5,421,-110,203,0,9,0,0,0,96,320,250,26,100.0,16.2,17.9,2.1,32.2,45.6,8.7,18.9,3.7,0.0,0.0,0.0,0.0,78.1,78.2,21.9,21.8,23,.,.,.,6,9,8,.,.,.,0,0,0,18,15,48.1,53.9,65.2,68.5,46.2,49.5,61.9,62.0,(CONTRACTS OF EUR 125,000),399741,CME ,099 ,F10,FutOnly
EURO FX/JAPANESE YEN XRATE - CHICAGO MERCANTILE EXCHANGE,190514,2019-05-14,399741,CME,00,099,26438,4332,4803,574,8618,11805,2441,4851,996,3,0,0,0,20819,20622,5619,5816,1867,12,34,-34,413,922,-146,2108,996,3,0,0,0,2356,1775,-489,92,100.0,16.4,18.2,2.2,32.6,44.7,9.2,18.3,3.8,0.0,0.0,0.0,0.0,78.7,78.0,21.3,22.0,23,.,.,.,6,9,8,.,.,.,0,0,0,18,15,47.7,54.6,65.3,67.8,45.7,49.7,61.4,61.2,(CONTRACTS OF EUR 125,000),399741,CME ,099 ,F10,FutOnly
EURO FX/JAPANESE YEN XRATE - CHICAGO MERCANTILE EXCHANGE,190507,2019-05-07,399741,CME,00,099,24571,4320,4769,608,8205,10883,2587,2743,0,0,0,0,0,18463,18847,6108,5724,504,-20,13,-13,5,416,71,29,0,0,0,0,0,72,487,432,17,100.0,17.6,19.4,2.5,33.4,44.3,10.5,11.2,0.0,0.0,0.0,0.0,0.0,75.1,76.7,24.9,23.3,20,.,.,.,6,9,8,.,0,0,0,0,0,16,13,46.5,55.3,65.4,68.2,44.4,49.4,60.3,59.8,(CONTRACTS OF EUR 125,000),399741,CME ,099 ,F10,FutOnly
EURO FX/JAPANESE YEN XRATE - CHICAGO MERCANTILE EXCHANGE,190430,2019-04-30,399741,CME,00,099,24067,4340,4756,621,8200,10467,2516,2714,0,0,0,0,0,18391,18360,5676,5707,697,100,11,-11,70,-4,2,1090,0,0,0,0,0,1251,-2,-554,699,100.0,18.0,19.8,2.6,34.1,43.5,10.5,11.3,0.0,0.0,0.0,0.0,0.0,76.4,76.3,23.6,23.7,20,.,.,.,6,8,7,.,0,0,0,0,0,16,12,44.3,56.5,63.7,69.6,42.1,50.4,59.4,61.0,(CONTRACTS OF EUR 125,000),399741,CME ,099 ,F10,FutOnly
EURO FX/JAPANESE YEN XRATE - CHICAGO MERCANTILE EXCHANGE,190423,2019-04-23,399741,CME,00,099,23370,4240,4745,632,8130,10471,2514,1624,0,0,0,0,0,17140,18362,6230,5008,.,.,.,.,.,.,.,.,.,.,.,.,.,.,.,.,.,100.0,18.1,20.3,2.7,34.8,44.8,10.8,6.9,0.0,0.0,0.0,0.0,0.0,73.3,78.6,26.7,21.4,20,.,.,.,6,8,7,.,0,0,0,0,0,16,12,42.5,58.2,60.2,71.7,40.2,51.9,55.8,62.8,(CONTRACTS OF EUR 125,000),399741,CME ,099 ,F10,FutOnly
EURO FX/JAPANESE YEN XRATE - CHICAGO MERCANTILE EXCHANGE,190219,2019-02-19,399741,CME,00,099,26630,5957,6086,651,9453,11131,2192,1376,1230,1,0,0,0,19630,21291,7000,5339,235,77,-10,10,25,576,-9,627,-18,1,0,0,0,731,550,-496,-315,100.0,22.4,22.9,2.4,35.5,41.8,8.2,5.2,4.6,0.0,0.0,0.0,0.0,73.7,80.0,26.3,20.0,21,.,.,.,7,8,7,.,.,.,0,0,0,16,14,51.3,56.1,63.0,71.6,49.5,52.5,59.5,65.7,(CONTRACTS OF EUR 125,000),399741,CME ,099 ,F10,FutOnly
EURO FX/JAPANESE YEN XRATE - CHICAGO MERCANTILE EXCHANGE,190212,2019-02-12,399741,CME,00,099,26395,5880,6096,641,9428,10555,2201,749,1248,0,0,0,0,18899,20741,7496,5654,113,-219,-39,-10,-158,959,153,-166,-397,0,0,0,0,-400,666,513,-553,100.0,22.3,23.1,2.4,35.7,40.0,8.3,2.8,4.7,0.0,0.0,0.0,0.0,71.6,78.6,28.4,21.4,20,.,.,.,7,8,7,.,.,0,0,0,0,15,13,51.4,55.1,63.3,70.1,49.5,51.5,59.2,64.1,(CONTRACTS OF EUR 125,000),399741,CME ,099 ,F10,FutOnly
EURO FX/JAPANESE YEN XRATE - CHICAGO MERCANTILE EXCHANGE,190205,2019-02-05,399741,CME,00,099,26282,6099,6135,651,9586,9596,2048,915,1645,0,0,0,0,19299,20075,6983,6207,-1216,145,-181,5,-934,257,-36,-21,-1283,0,0,0,0,-841,-1238,-375,22,100.0,23.2,23.3,2.5,36.5,36.5,7.8,3.5,6.3,0.0,0.0,0.0,0.0,73.4,76.4,26.6,23.6,20,.,.,.,7,7,7,.,.,0,0,0,0,15,13,53.1,53.7,65.0,69.0,51.1,50.7,61.5,62.6,(CONTRACTS OF EUR 125,000),399741,CME ,099 ,F10,FutOnly
EURO FX/JAPANESE YEN XRATE - CHICAGO MERCANTILE EXCHANGE,190129,2019-01-29,399741,CME,00,099,27498,5954,6316,646,10520,9339,2084,936,2928,0,0,0,0,20140,21313,7358,6185,-176,-28,0,0,-31,-46,0,-521,134,0,0,0,0,-580,88,404,-264,100.0,21.7,23.0,2.3,38.3,34.0,7.6,3.4,10.6,0.0,0.0,0.0,0.0,73.2,77.5,26.8,22.5,21,.,.,.,8,7,7,.,.,0,0,0,0,16,13,51.7,53.2,63.2,69.0,49.9,50.4,60.1,64.8,(CONTRACTS OF EUR 125,000),399741,CME ,099 ,F10,FutOnly
EURO FX/JAPANESE YEN XRATE - CHICAGO MERCANTILE EXCHANGE,190122,2019-01-22,399741,CME,00,099,27674,5982,6316,646,10551,9385,2084,1457,2794,0,0,0,0,20720,21225,6954,6449,758,328,-4,4,-319,-379,3,-99,17,0,0,0,0,-83,-359,841,1117,100.0,21.6,22.8,2.3,38.1,33.9,7.5,5.3,10.1,0.0,0.0,0.0,0.0,74.9,76.7,25.1,23.3,22,.,.,.,8,7,7,.,.,0,0,0,0,17,13,51.5,52.6,63.4,68.3,49.7,49.8,60.3,64.1,(CONTRACTS OF EUR 125,000),399741,CME ,099 ,F10,FutOnly
EURO FX/JAPANESE YEN XRATE - CHICAGO MERCANTILE EXCHANGE,190115,2019-01-15,399741,CME,00,099,26916,5654,6320,642,10870,9764,2081,1556,2777,0,0,0,0,20803,21584,6113,5332,-647,107,-111,2,-68,-267,-25,-881,498,0,0,0,0,-865,97,218,-744,100.0,21.0,23.5,2.4,40.4,36.3,7.7,5.8,10.3,0.0,0.0,0.0,0.0,77.3,80.2,22.7,19.8,22,.,.,.,8,7,7,.,.,0,0,0,0,17,13,53.0,53.9,64.8,71.5,51.2,51.0,62.0,67.2,(CONTRACTS OF EUR 125,000),399741,CME ,099 ,F10,FutOnly
EURO FX/JAPANESE YEN XRATE - CHICAGO MERCANTILE EXCHANGE,190108,2019-01-08,399741,CME,00,099,27563,5547,6431,640,10938,10031,2106,2437,2279,0,0,0,0,21668,21487,5895,6076,-789,-71,-25,13,14,-2216,-5,-564,1027,0,0,0,0,-613,-1206,-176,417,100.0,20.1,23.3,2.3,39.7,36.4,7.6,8.8,8.3,0.0,0.0,0.0,0.0,78.6,78.0,21.4,22.0,21,.,.,.,7,7,7,.,.,0,0,0,0,16,13,54.4,54.1,68.1,69.4,52.5,51.2,65.5,65.2,(CONTRACTS OF EUR 125,000),399741,CME ,099 ,F10,FutOnly
EURO FX - CHICAGO MERCANTILE EXCHANGE,201229,2020-12-29,099741,CME,00,099,671643,32291,472333,6690,397781,69960,21293,68234,51624,4783,42536,5621,2456,576064,634760,95579,36883,12144,-2251,16993,-5352,17660,289,370,-538,1213,-758,27,-400,-7,9151,12348,2993,-204,100.0,4.8,70.3,1.0,59.2,10.4,3.2,10.2,7.7,0.7,6.3,0.8,0.4,85.8,94.5,14.2,5.5,292,13,13,9,112,27,40,56,29,21,34,8,5,233,134,15.6,67.4,25.0,76.5,15.0,66.9,23.9,75.8,(CONTRACTS OF EUR 125,000),099741,CME ,099 ,F10,FutOnly
EURO FX - CHICAGO MERCANTILE EXCHANGE,201221,2020-12-21,099741,CME,00,099,659499,34542,455340,12042,380121,69671,20923,68772,50411,5541,42509,6021,2463,566913,622412,92586,37087,2453,-1228,3487,-2087,2818,-2363,1733,2268,1964,1723,849,-311,8,6084,4154,-3631,-1701,100.0,5.2,69.0,1.8,57.6,10.6,3.2,10.4,7.6,0.8,6.4,0.9,0.4,86.0,94.4,14.0,5.6,292,13,13,8,110,28,42,55,29,17,35,9,6,226,139,14.3,67.4,23.1,76.4,13.7,66.0,22.1,74.9,(CONTRACTS OF EUR 125,000),099741,CME ,099 ,F10,FutOnly
EURO FX - CHICAGO MERCANTILE EXCHANGE,201215,2020-12-15,099741,CME,00,099,657046,35770,451853,14129,377303,72034,19190,66504,48447,3818,41660,6332,2455,560829,618258,96217,38788,-26305,-8358,3558,-10217,5705,790,-2066,-5908,-10426,-4210,2484,787,-390,-22960,-22174,-3345,-4131,100.0,5.4,68.8,2.2,57.4,11.0,2.9,10.1,7.4,0.6,6.3,1.0,0.4,85.4,94.1,14.6,5.9,281,13,13,9,110,28,41,50,24,17,32,11,4,221,131,14.5,67.3,23.3,76.7,13.8,65.5,22.3,74.7,(CONTRACTS OF EUR 125,000),099741,CME ,099 ,F10,FutOnly
EURO FX - CHICAGO MERCANTILE EXCHANGE,201208,2020-12-08,099741,CME,00,099,683351,44128,448295,24346,371598,71244,21256,72412,58873,8028,39176,5545,2845,583789,640432,99562,42919,29094,-2867,9021,16995,4411,3684,-1591,7741,-252,2480,-3569,-1108,468,24068,29697,5026,-603,100.0,6.5,65.6,3.6,54.4,10.4,3.1,10.6,8.6,1.2,5.7,0.8,0.4,85.4,93.7,14.6,6.3,297,17,13,15,109,29,47,52,33,22,32,11,5,233,153,13.0,66.0,21.5,73.8,12.4,64.3,20.4,71.8,(CONTRACTS OF EUR 125,000),099741,CME ,099 ,F10,FutOnly
EURO FX - CHICAGO MERCANTILE EXCHANGE,201201,2020-12-01,099741,CME,00,099,654257,46995,439274,7351,367187,67560,22847,64671,59125,5548,42745,6653,2377,559721,610735,94536,43522,9691,6348,1144,2379,-7632,1367,-649,6777,-303,-918,-3187,700,17,3135,3737,6556,5954,100.0,7.2,67.1,1.1,56.1,10.3,3.5,9.9,9.0,0.8,6.5,1.0,0.4,85.6,93.3,14.4,6.7,306,15,14,13,111,30,47,55,30,24,35,16,6,241,155,13.5,66.6,22.3,74.6,12.9,66.1,21.4,74.0,(CONTRACTS OF EUR 125,000),099741,CME ,099 ,F10,FutOnly
EURO FX - CHICAGO MERCANTILE EXCHANGE,201124,2020-11-24,099741,CME,00,099,644566,40647,438130,4972,374819,66193,23496,57894,59428,6466,45932,5953,2360,556586,606998,87980,37568,6620,-2135,10015,84,5555,-1603,161,2107,-1970,2571,230,-38,208,8781,9428,-2161,-2808,100.0,6.3,68.0,0.8,58.2,10.3,3.6,9.0,9.2,1.0,7.1,0.9,0.4,86.4,94.2,13.6,5.8,306,15,15,10,113,29,46,54,30,23,36,14,6,240,151,14.4,67.0,23.7,75.3,13.8,66.8,22.8,75.0,(CONTRACTS OF EUR 125,000),099741,CME ,099 ,F10,FutOnly
EURO FX - CHICAGO MERCANTILE EXCHANGE,201117,2020-11-17,099741,CME,00,099,637946,42782,428115,4888,369264,67796,23335,55787,61398,3895,45702,5991,2152,547805,597570,90141,40376,-1047,-722,1820,1120,1396,-6242,763,-804,1480,-541,355,645,112,1679,-843,-2726,-204,100.0,6.7,67.1,0.8,57.9,10.6,3.7,8.7,9.6,0.6,7.2,0.9,0.3,85.9,93.7,14.1,6.3,299,14,13,11,111,31,45,53,29,22,35,13,4,234,147,14.5,66.4,23.8,74.7,13.8,66.2,22.9,74.3,(CONTRACTS OF EUR 125,000),099741,CME ,099 ,F10,FutOnly
EURO FX - CHICAGO MERCANTILE EXCHANGE,201110,2020-11-10,099741,CME,00,099,638993,43504,426295,3768,367868,74038,22572,56591,59918,4436,45347,5346,2040,546126,598413,92867,40580,11239,-1312,8784,75,6808,-798,848,6950,154,697,-10237,3,25,3854,9788,7385,1451,100.0,6.8,66.7,0.6,57.6,11.6,3.5,8.9,9.4,0.7,7.1,0.8,0.3,85.5,93.6,14.5,6.4,293,14,12,8,111,31,45,52,28,24,33,12,4,231,143,14.5,66.2,23.9,74.6,13.9,65.9,23.1,74.1,(CONTRACTS OF EUR 125,000),099741,CME ,099 ,F10,FutOnly
EURO FX - CHICAGO MERCANTILE EXCHANGE,201103,2020-11-03,099741,CME,00,099,627754,44816,417511,3693,361060,74836,21724,49641,59764,3739,55584,5343,2015,542272,588625,85482,39129,-9024,9061,-15470,123,-721,6717,-303,-11200,3336,-1401,2176,-177,97,-2168,-7078,-6856,-1946,100.0,7.1,66.5,0.6,57.5,11.9,3.5,7.9,9.5,0.6,8.9,0.9,0.3,86.4,93.8,13.6,6.2,295,16,14,12,112,29,45,46,33,21,34,11,5,230,148,14.6,66.0,24.7,74.4,14.0,65.7,23.8,74.1,(CONTRACTS OF EUR 125,000),099741,CME ,099 ,F10,FutOnly
EURO FX - CHICAGO MERCANTILE EXCHANGE,201027,2020-10-27,099741,CME,00,099,636778,35755,432981,3570,361781,68119,22027,60841,56428,5140,53408,5520,1918,544440,595703,92338,41075,-7889,3454,-9641,352,-5598,-607,2350,-6852,-1451,1446,-1342,-944,-18,-6208,-8513,-1681,624,100.0,5.6,68.0,0.6,56.8,10.7,3.5,9.6,8.9,0.8,8.4,0.9,0.3,85.5,93.5,14.5,6.5,290,14,12,11,111,30,40,52,29,26,31,11,.,232,137,14.4,67.4,24.1,75.4,13.8,67.1,23.2,75.0,(CONTRACTS OF EUR 125,000),099741,CME ,099 ,F10,FutOnly
EURO FX - CHICAGO MERCANTILE EXCHANGE,201020,2020-10-20,099741,CME,00,099,644667,32301,442622,3218,367379,68726,19677,67693,57879,3694,54750,6464,1936,550648,604216,94019,40451,-1498,1445,-556,-128,-7201,-1561,-425,3868,4365,-980,357,-513,-17,-3081,185,1583,-1683,100.0,5.0,68.7,0.5,57.0,10.7,3.1,10.5,9.0,0.6,8.5,1.0,0.3,85.4,93.7,14.6,6.3,295,13,13,10,110,30,39,52,32,22,33,12,.,230,139,14.9,67.9,24.7,75.7,14.3,67.7,24.0,75.4,(CONTRACTS OF EUR 125,000),099741,CME ,099 ,F10,FutOnly
EURO FX - CHICAGO MERCANTILE EXCHANGE,201013,2020-10-13,099741,CME,00,099,646165,30856,443178,3346,374580,70287,20102,63825,53514,4674,54393,6977,1953,553729,604031,92436,42134,-5970,-1120,-9413,28,-3185,-3723,2986,-4326,2786,-239,266,325,-33,-5623,-7283,-347,1313,100.0,4.8,68.6,0.5,58.0,10.9,3.1,9.9,8.3,0.7,8.4,1.1,0.3,85.7,93.5,14.3,6.5,292,13,12,9,109,31,41,49,32,20,33,13,4,225,141,15.3,67.9,25.2,75.6,14.8,67.5,24.5,75.2,(CONTRACTS OF EUR 125,000),099741,CME ,099 ,F10,FutOnly
EURO FX - CHICAGO MERCANTILE EXCHANGE,201006,2020-10-06,099741,CME,00,099,652135,31976,452591,3318,377765,74010,17116,68151,50728,4913,54127,6652,1986,559352,611314,92783,40821,-3777,2372,9517,120,1022,-15571,-571,-9012,2691,-782,-1866,321,-12,-8729,-4287,4952,510,100.0,4.9,69.4,0.5,57.9,11.3,2.6,10.5,7.8,0.8,8.3,1.0,0.3,85.8,93.7,14.2,6.3,300,15,12,8,111,33,42,52,29,23,34,14,.,231,145,15.4,68.8,25.5,76.8,14.9,68.4,24.8,76.4,(CONTRACTS OF EUR 125,000),099741,CME ,099 ,F10,FutOnly
EURO FX - CHICAGO MERCANTILE EXCHANGE,200929,2020-09-29,099741,CME,00,099,655912,29604,443074,3198,376743,89581,17687,77163,48037,5695,55993,6331,1998,568081,615601,87831,40311,-10500,1438,-5323,138,-13792,-259,474,2182,-3939,432,-10,-1732,-21,-9159,-10230,-1341,-270,100.0,4.5,67.6,0.5,57.4,13.7,2.7,11.8,7.3,0.9,8.5,1.0,0.3,86.6,93.9,13.4,6.1,297,12,12,9,109,32,40,54,28,23,37,13,.,235,137,15.3,66.9,25.4,75.8,14.9,66.5,24.8,75.4,(CONTRACTS OF EUR 125,000),099741,CME ,099 ,F10,FutOnly
EURO FX - CHICAGO MERCANTILE EXCHANGE,200922,2020-09-22,099741,CME,00,099,666412,28166,448397,3060,390535,89840,17213,74981,51976,5263,56003,8063,2019,577240,625831,89172,40581,8238,-919,536,64,-4439,-397,735,7938,4011,-42,10236,674,22,13595,5603,-5357,2635,100.0,4.2,67.3,0.5,58.6,13.5,2.6,11.3,7.8,0.8,8.4,1.2,0.3,86.6,93.9,13.4,6.1,301,9,15,8,111,30,38,53,30,19,36,17,4,229,141,15.1,66.0,25.0,75.2,14.6,65.6,24.4,74.9,(CONTRACTS OF EUR 125,000),099741,CME ,099 ,F10,FutOnly
EURO FX - CHICAGO MERCANTILE EXCHANGE,200915,2020-09-15,099741,CME,00,099,658174,29085,447861,2996,394974,90237,16478,67043,47965,5305,45767,7389,1997,563645,620228,94529,37946,-32608,-301,-21223,-4480,-4971,4665,-515,-14054,-3203,-2951,-3040,1743,-155,-30467,-26119,-2141,-6489,100.0,4.4,68.0,0.5,60.0,13.7,2.5,10.2,7.3,0.8,7.0,1.1,0.3,85.6,94.2,14.4,5.8,289,13,13,9,111,30,34,47,26,19,33,16,.,225,129,15.0,67.2,24.8,76.6,14.6,66.8,24.1,76.3,(CONTRACTS OF EUR 125,000),099741,CME ,099 ,F10,FutOnly
EURO FX - CHICAGO MERCANTILE EXCHANGE,200908,2020-09-08,099741,CME,00,099,690782,29386,469084,7476,399945,85572,16993,81097,51168,8256,48807,5646,2152,594112,646347,96670,44435,-7429,-2290,-12824,302,-318,4730,-1221,-5072,-3193,3031,-1229,-225,93,-6704,-9307,-725,1878,100.0,4.3,67.9,1.1,57.9,12.4,2.5,11.7,7.4,1.2,7.1,0.8,0.3,86.0,93.6,14.0,6.4,287,12,15,12,106,29,38,52,26,27,34,12,6,228,142,15.3,63.2,25.0,72.5,14.8,62.8,24.4,72.0,(CONTRACTS OF EUR 125,000),099741,CME ,099 ,F10,FutOnly
EURO FX - CHICAGO MERCANTILE EXCHANGE,200901,2020-09-01,099741,CME,00,099,698211,31676,481908,7174,400263,80842,18214,86169,54361,5225,50036,5871,2059,600816,655654,97395,42557,-5866,2765,-15845,3614,-7030,5658,534,-2929,2358,-2469,1124,367,288,-4103,-5495,-1763,-371,100.0,4.5,69.0,1.0,57.3,11.6,2.6,12.3,7.8,0.7,7.2,0.8,0.3,86.1,93.9,13.9,6.1,286,12,15,13,109,29,35,48,25,21,33,13,6,227,134,15.3,65.2,25.0,74.2,14.8,64.8,24.4,73.8,(CONTRACTS OF EUR 125,000),099741,CME ,099 ,F10,FutOnly
EURO FX - CHICAGO MERCANTILE EXCHANGE,200825,2020-08-25,099741,CME,00,099,704077,28911,497753,3560,407293,75184,17680,89098,52003,7694,48912,5504,1771,604919,661149,99158,42928,27,306,1084,710,1058,6272,-891,-4795,-10321,450,6420,-237,-377,2881,-3310,-2854,3337,100.0,4.1,70.7,0.5,57.8,10.7,2.5,12.7,7.4,1.1,6.9,0.8,0.3,85.9,93.9,14.1,6.1,283,12,15,9,110,26,37,48,27,19,33,11,4,221,131,16.2,66.0,26.7,74.6,15.7,65.7,26.1,74.3,(CONTRACTS OF EUR 125,000),099741,CME ,099 ,F10,FutOnly
EURO FX - CHICAGO MERCANTILE EXCHANGE,200818,2020-08-18,099741,CME,00,099,704050,28605,496669,2850,406235,68912,18571,93893,62324,7244,42492,5741,2148,602038,664459,102012,39591,-2408,1043,3266,-202,5019,702,-966,-2887,-3997,-386,-9655,-540,274,-7760,-1849,5352,-559,100.0,4.1,70.5,0.4,57.7,9.8,2.6,13.3,8.9,1.0,6.0,0.8,0.3,85.5,94.4,14.5,5.6,287,11,16,10,110,26,38,53,26,21,33,11,5,229,132,16.6,65.8,27.2,74.2,16.2,65.7,26.5,74.0,(CONTRACTS OF EUR 125,000),099741,CME ,099 ,F10,FutOnly
EURO FX - CHICAGO MERCANTILE EXCHANGE,200811,2020-08-11,099741,CME,00,099,706458,27562,493403,3052,401216,68210,19537,96780,66321,7630,52147,6281,1874,609798,666308,96660,40150,1583,371,15229,336,-595,-896,484,4930,-13897,-678,-293,-223,-141,4414,214,-2831,1369,100.0,3.9,69.8,0.4,56.8,9.7,2.8,13.7,9.4,1.1,7.4,0.9,0.3,86.3,94.3,13.7,5.7,292,11,16,9,110,28,39,51,30,20,34,11,.,229,134,16.7,64.6,27.1,72.9,16.2,64.5,26.4,72.8,(CONTRACTS OF EUR 125,000),099741,CME ,099 ,F10,FutOnly
EURO FX - CHICAGO MERCANTILE EXCHANGE,200804,2020-08-04,099741,CME,00,099,704875,27191,478174,2716,401811,69106,19053,91850,80218,8308,52440,6504,2015,605384,666094,99491,38781,25910,139,29848,461,2332,-690,-510,13138,-4344,937,7656,-789,64,24217,24977,1693,933,100.0,3.9,67.8,0.4,57.0,9.8,2.7,13.0,11.4,1.2,7.4,0.9,0.3,85.9,94.5,14.1,5.5,288,11,16,8,107,28,39,48,32,24,35,10,4,225,138,16.7,63.6,27.1,71.4,16.3,63.5,26.5,71.2,(CONTRACTS OF EUR 125,000),099741,CME ,099 ,F10,FutOnly
EURO FX - CHICAGO MERCANTILE EXCHANGE,200728,2020-07-28,099741,CME,00,099,678965,27052,448326,2255,399479,69796,19563,78712,84562,7371,44784,7293,1951,581167,641117,97798,37848,42753,276,43400,-306,13820,-2246,-1151,19129,9984,1206,12862,-722,-4937,40899,45228,1854,-2475,100.0,4.0,66.0,0.3,58.8,10.3,2.9,11.6,12.5,1.1,6.6,1.1,0.3,85.6,94.4,14.4,5.6,287,12,14,8,107,26,38,49,33,25,33,12,.,222,139,16.5,62.6,26.9,70.3,16.0,62.5,26.3,70.2,(CONTRACTS OF EUR 125,000),099741,CME ,099 ,F10,FutOnly
EURO FX - CHICAGO MERCANTILE EXCHANGE,200721,2020-07-21,099741,CME,00,099,636212,26776,404926,2561,385659,72042,20714,59583,74578,6165,31922,8015,6888,540268,595889,95944,40323,31230,134,32220,1145,13458,-4999,2647,5591,-4733,546,-1036,128,4865,27350,31819,3880,-589,100.0,4.2,63.6,0.4,60.6,11.3,3.3,9.4,11.7,1.0,5.0,1.3,1.1,84.9,93.7,15.1,6.3,285,11,14,9,102,29,35,50,32,22,31,15,4,213,142,18.0,61.1,27.8,69.1,17.5,61.0,26.8,69.1,(CONTRACTS OF EUR 125,000),099741,CME ,099 ,F10,FutOnly
EURO FX - CHICAGO MERCANTILE EXCHANGE,200714,2020-07-14,099741,CME,00,099,604982,26642,372706,1416,372201,77041,18067,53992,79311,5619,32958,7887,2023,512918,564070,92064,40912,11641,-788,18139,-9508,19685,-7569,1357,4413,2810,1619,-8463,1086,6,8321,7940,3320,3701,100.0,4.4,61.6,0.2,61.5,12.7,3.0,8.9,13.1,0.9,5.4,1.3,0.3,84.8,93.2,15.2,6.8,271,11,13,10,99,30,36,47,29,19,26,15,.,201,138,19.1,58.8,29.7,67.6,18.7,58.8,28.6,67.5,(CONTRACTS OF EUR 125,000),099741,CME ,099 ,F10,FutOnly
EURO FX - CHICAGO MERCANTILE EXCHANGE,200707,2020-07-07,099741,CME,00,099,593341,27430,354567,10924,352516,84610,16710,49579,76501,4000,41421,6801,2017,504597,556130,88744,37211,13603,998,20162,281,1335,-7561,7,4497,12,912,2724,301,2,10756,14116,2847,-513,100.0,4.6,59.8,1.8,59.4,14.3,2.8,8.4,12.9,0.7,7.0,1.1,0.3,85.0,93.7,15.0,6.3,265,11,12,9,95,31,35,44,32,18,27,13,.,193,137,18.5,59.3,29.2,68.0,18.1,57.6,28.3,66.4,(CONTRACTS OF EUR 125,000),099741,CME ,099 ,F10,FutOnly
EURO FX - CHICAGO MERCANTILE EXCHANGE,200630,2020-06-30,099741,CME,00,099,579738,26432,334405,10643,351181,92171,16703,45082,76489,3088,38697,6500,2015,493841,542014,85897,37724,-5683,-798,-10667,271,5442,1324,-4143,-7271,9163,73,-2206,-572,197,-8435,-4354,2752,-1329,100.0,4.6,57.7,1.8,60.6,15.9,2.9,7.8,13.2,0.5,6.7,1.1,0.3,85.2,93.5,14.8,6.5,255,10,13,10,97,32,37,38,32,17,22,11,.,188,134,18.9,58.0,29.6,67.9,18.3,56.4,28.5,66.3,(CONTRACTS OF EUR 125,000),099741,CME ,099 ,F10,FutOnly
EURO FX - CHICAGO MERCANTILE EXCHANGE,200623,2020-06-23,099741,CME,00,099,585421,27230,345072,10372,345739,90847,20846,52353,67326,3015,40903,7072,1818,502276,546368,83145,39053,10482,1107,9463,-20,889,1434,169,4508,537,-249,-475,784,100,6029,12218,4453,-1736,100.0,4.7,58.9,1.8,59.1,15.5,3.6,8.9,11.5,0.5,7.0,1.2,0.3,85.8,93.3,14.2,6.7,256,11,12,9,96,32,37,39,28,18,26,12,.,191,131,18.6,58.8,29.2,68.5,18.0,57.2,28.1,66.9,(CONTRACTS OF EUR 125,000),099741,CME ,099 ,F10,FutOnly
EURO FX - CHICAGO MERCANTILE EXCHANGE,200616,2020-06-16,099741,CME,00,099,574939,26123,335609,10392,344850,89413,20677,47845,66789,3264,41378,6288,1718,496247,534150,78692,40789,-17976,-11906,5643,-768,4700,2622,-2289,-3503,-17588,-923,1749,197,-6,-12946,-13112,-5030,-4864,100.0,4.5,58.4,1.8,60.0,15.6,3.6,8.3,11.6,0.6,7.2,1.1,0.3,86.3,92.9,13.7,7.1,256,9,15,10,96,31,37,38,31,18,26,10,.,192,131,19.0,57.8,29.7,67.5,18.5,56.1,28.7,65.8,(CONTRACTS OF EUR 125,000),099741,CME ,099 ,F10,FutOnly
EURO FX - CHICAGO MERCANTILE EXCHANGE,200609,2020-06-09,099741,CME,00,099,592915,38029,329966,11160,340150,86791,22966,51348,84377,4187,39629,6091,1724,509193,547262,83722,45653,9531,1331,25771,-1260,7381,-11829,802,-718,1258,-2767,5799,704,-3405,7163,9274,2368,257,100.0,6.4,55.7,1.9,57.4,14.6,3.9,8.7,14.2,0.7,6.7,1.0,0.3,85.9,92.3,14.1,7.7,262,15,11,12,91,35,35,43,34,22,22,11,.,196,138,18.6,53.8,29.3,64.2,18.0,52.2,28.4,62.6,(CONTRACTS OF EUR 125,000),099741,CME ,099 ,F10,FutOnly
EURO FX - CHICAGO MERCANTILE EXCHANGE,200602,2020-06-02,099741,CME,00,099,583384,36698,304195,12420,332769,98620,22164,52066,83119,6954,33830,5387,5129,502030,537988,81354,45396,26635,-3386,15718,11237,5961,-8080,-725,-414,-183,3537,238,-132,4950,21398,26322,5237,313,100.0,6.3,52.1,2.1,57.0,16.9,3.8,8.9,14.2,1.2,5.8,0.9,0.9,86.1,92.2,13.9,7.8,268,14,11,11,88,37,35,45,36,19,26,11,4,193,144,18.1,50.4,28.8,61.3,17.5,48.4,27.6,59.4,(CONTRACTS OF EUR 125,000),099741,CME ,099 ,F10,FutOnly
EURO FX - CHICAGO MERCANTILE EXCHANGE,200526,2020-05-26,099741,CME,00,099,556749,40084,288477,1183,326808,106700,22889,52480,83302,3417,33592,5519,179,480632,511666,76117,45083,9543,-2606,7233,134,8346,1190,-506,4025,3340,311,1002,6,-17,10689,11691,-1146,-2148,100.0,7.2,51.8,0.2,58.7,19.2,4.1,9.4,15.0,0.6,6.0,1.0,0.0,86.3,91.9,13.7,8.1,266,14,11,9,88,40,39,40,37,20,24,12,4,190,148,19.0,48.2,30.2,59.4,18.5,48.1,29.1,59.4,(CONTRACTS OF EUR 125,000),099741,CME ,099 ,F10,FutOnly
EURO FX - CHICAGO MERCANTILE EXCHANGE,200519,2020-05-19,099741,CME,00,099,547206,42690,281244,1049,318462,105510,23395,48455,79962,3106,32590,5513,196,469943,499975,77263,47231,-123,-1992,-6096,-481,879,6854,213,-2858,1836,419,933,-3917,-8,-2895,-1180,2772,1057,100.0,7.8,51.4,0.2,58.2,19.3,4.3,8.9,14.6,0.6,6.0,1.0,0.0,85.9,91.4,14.1,8.6,263,14,11,8,87,40,38,43,33,20,23,12,4,189,144,18.8,47.7,30.1,59.4,18.3,47.6,29.0,59.3,(CONTRACTS OF EUR 125,000),099741,CME ,099 ,F10,FutOnly
EURO FX - CHICAGO MERCANTILE EXCHANGE,200512,2020-05-12,099741,CME,00,099,547329,44682,287340,1530,317583,98656,23182,51313,78126,2687,31657,9430,204,472838,501155,74491,46174,5705,6879,26,-102,1374,4661,1917,-3122,-478,-998,305,3233,47,6300,8306,-595,-2601,100.0,8.2,52.5,0.3,58.0,18.0,4.2,9.4,14.3,0.5,5.8,1.7,0.0,86.4,91.6,13.6,8.4,268,14,11,9,87,41,38,44,35,18,21,15,4,185,152,18.6,48.8,30.0,60.7,18.1,48.7,28.9,60.6,(CONTRACTS OF EUR 125,000),099741,CME ,099 ,F10,FutOnly
EURO FX - CHICAGO MERCANTILE EXCHANGE,200505,2020-05-05,099741,CME,00,099,541624,37803,287314,1632,316209,93995,21265,54435,78604,3685,31352,6197,157,466538,492849,75086,48775,-3458,1363,-7960,-97,-5002,2340,-239,-693,3971,654,5113,740,-4918,-3819,-5509,361,2051,100.0,7.0,53.0,0.3,58.4,17.4,3.9,10.1,14.5,0.7,5.8,1.1,0.0,86.1,91.0,13.9,9.0,256,14,11,9,83,40,36,41,34,17,21,12,4,177,145,18.8,49.2,30.3,61.2,18.4,49.1,29.3,61.1,(CONTRACTS OF EUR 125,000),099741,CME ,099 ,F10,FutOnly
EURO FX - CHICAGO MERCANTILE EXCHANGE,200428,2020-04-28,099741,CME,00,099,545082,36440,295274,1729,321211,91655,21504,55128,74633,3031,26239,5457,5075,470357,498358,74725,46724,-1579,5279,-11560,-3240,-8284,4569,-227,1911,2087,31,-4126,-470,4955,-3701,-3855,2122,2276,100.0,6.7,54.2,0.3,58.9,16.8,3.9,10.1,13.7,0.6,4.8,1.0,0.9,86.3,91.4,13.7,8.6,250,14,11,10,84,35,37,44,31,15,21,10,.,181,134,17.8,50.6,28.9,62.5,17.4,50.5,28.0,62.4,(CONTRACTS OF EUR 125,000),099741,CME ,099 ,F10,FutOnly
EURO FX - CHICAGO MERCANTILE EXCHANGE,200421,2020-04-21,099741,CME,00,099,546661,31161,306834,4969,329495,87086,21731,53217,72546,3000,30365,5927,120,474058,502213,72603,44448,3300,378,-2199,51,502,1049,876,2165,16,-77,2687,913,-5,6577,624,-3277,2676,100.0,5.7,56.1,0.9,60.3,15.9,4.0,9.7,13.3,0.5,5.6,1.1,0.0,86.7,91.9,13.3,8.1,250,14,11,12,86,34,38,43,30,13,21,11,.,180,136,19.0,52.7,30.4,64.4,18.5,52.6,29.4,64.3,(CONTRACTS OF EUR 125,000),099741,CME ,099 ,F10,FutOnly
EURO FX - CHICAGO MERCANTILE EXCHANGE,200414,2020-04-14,099741,CME,00,099,543361,30783,309033,4918,328993,86037,20855,51052,72530,3077,27678,5014,125,467481,501589,75880,41772,-11336,-22,-690,-2583,-6111,-2057,133,2552,-3489,-983,1641,429,59,-5314,-9181,-6022,-2155,100.0,5.7,56.9,0.9,60.5,15.8,3.8,9.4,13.3,0.6,5.1,0.9,0.0,86.0,92.3,14.0,7.7,248,13,12,12,85,35,37,42,31,13,21,9,.,178,134,18.4,53.3,30.1,64.9,18.0,53.2,29.3,64.8,(CONTRACTS OF EUR 125,000),099741,CME ,099 ,F10,FutOnly
EURO FX - CHICAGO MERCANTILE EXCHANGE,200407,2020-04-07,099741,CME,00,099,554697,30805,309723,7501,335104,88094,20722,48500,76019,4060,26037,4585,66,472795,510770,81902,43927,2945,-4853,9579,-615,-4373,3219,-2903,4788,-3702,-465,462,-1104,-20,-7979,3989,10924,-1044,100.0,5.6,55.8,1.4,60.4,15.9,3.7,8.7,13.7,0.7,4.7,0.8,0.0,85.2,92.1,14.8,7.9,246,14,10,12,83,36,37,42,32,12,21,8,.,175,134,18.4,52.6,30.6,64.1,17.9,52.1,29.7,63.5,(CONTRACTS OF EUR 125,000),099741,CME ,099 ,F10,FutOnly
EURO FX - CHICAGO MERCANTILE EXCHANGE,200331,2020-03-31,099741,CME,00,099,551752,35658,300144,8116,339477,84875,23625,43712,79721,4525,25575,5689,86,480774,506781,70978,44971,-19334,1238,5666,1004,-14184,-11307,1003,342,-5996,-930,2695,376,19,-8813,-10165,-10521,-9169,100.0,6.5,54.4,1.5,61.5,15.4,4.3,7.9,14.4,0.8,4.6,1.0,0.0,87.1,91.8,12.9,8.2,246,15,9,13,83,38,37,39,32,12,19,11,.,173,137,18.7,51.8,31.3,63.8,18.4,51.2,30.5,63.2,(CONTRACTS OF EUR 125,000),099741,CME ,099 ,F10,FutOnly
EURO FX - CHICAGO MERCANTILE EXCHANGE,200324,2020-03-24,099741,CME,00,099,571086,34420,294478,7112,353661,96182,22622,43370,85717,5455,22880,5313,67,489587,516946,81499,54140,-17030,-735,-12450,2999,-27700,-1330,-1139,4405,-16058,800,420,-735,-55,-21005,-27968,3975,10938,100.0,6.0,51.6,1.2,61.9,16.8,4.0,7.6,15.0,1.0,4.0,0.9,0.0,85.7,90.5,14.3,9.5,239,16,7,10,83,38,39,40,26,14,18,10,.,176,128,19.8,49.2,32.3,63.4,19.5,48.6,31.7,62.8,(CONTRACTS OF EUR 125,000),099741,CME ,099 ,F10,FutOnly
EURO FX - CHICAGO MERCANTILE EXCHANGE,200317,2020-03-17,099741,CME,00,099,588116,35155,306928,4113,381361,97512,23761,38965,101775,4655,22460,6048,122,510592,544914,77524,43202,-71035,4703,21978,-10644,-26003,-6434,-7174,671,-44130,-14267,-5669,-3185,-86,-58469,-63942,-12566,-7093,100.0,6.0,52.2,0.7,64.8,16.6,4.0,6.6,17.3,0.8,3.8,1.0,0.0,86.8,92.7,13.2,7.3,244,18,7,9,86,36,39,37,32,16,18,9,.,181,130,22.5,49.3,34.9,64.2,22.2,49.2,34.4,64.1,(CONTRACTS OF EUR 125,000),099741,CME ,099 ,F10,FutOnly
EURO FX - CHICAGO MERCANTILE EXCHANGE,200310,2020-03-10,099741,CME,00,099,659151,30452,284950,14757,407364,103946,30935,38294,145905,18922,28129,9233,208,569061,608856,90090,50295,18794,826,114298,-20759,30676,-38425,3044,-4460,-37228,3271,482,-2323,-384,12696,21494,6098,-2700,100.0,4.6,43.2,2.2,61.8,15.8,4.7,5.8,22.1,2.9,4.3,1.4,0.0,86.3,92.4,13.7,7.6,268,18,11,16,90,38,45,34,40,21,23,12,6,198,158,20.6,40.0,32.6,53.4,20.3,38.6,31.6,52.0,(CONTRACTS OF EUR 125,000),099741,CME ,099 ,F10,FutOnly
EURO FX - CHICAGO MERCANTILE EXCHANGE,200303,2020-03-03,099741,CME,00,099,640357,29626,170652,35516,376688,142371,27891,42754,183133,15651,27647,11556,592,556365,587362,83992,52995,14794,-2553,48427,28446,5099,-36060,-3261,-6997,-12151,5261,1808,-1338,-6583,21220,22741,-6426,-7947,100.0,4.6,26.6,5.5,58.8,22.2,4.4,6.7,28.6,2.4,4.3,1.8,0.1,86.9,91.7,13.1,8.3,294,17,13,14,86,43,41,39,58,24,21,14,5,200,178,19.4,30.8,30.9,42.6,18.8,28.5,28.6,39.3,(CONTRACTS OF EUR 125,000),099741,CME ,099 ,F10,FutOnly
EURO FX - CHICAGO MERCANTILE EXCHANGE,200225,2020-02-25,099741,CME,00,099,625563,32179,122225,7070,371589,178431,31152,49751,195284,10390,25839,12894,7175,535145,564621,90418,60942,8076,368,-13321,1440,7233,2192,-1066,1275,8601,1696,-7234,374,7014,10726,6930,-2650,1146,100.0,5.1,19.5,1.1,59.4,28.5,5.0,8.0,31.2,1.7,4.1,2.1,1.1,85.5,90.3,14.5,9.7,300,15,14,11,86,45,41,43,55,22,26,16,.,194,182,19.0,27.7,29.5,39.3,18.2,27.6,28.3,39.2,(CONTRACTS OF EUR 125,000),099741,CME ,099 ,F10,FutOnly
EURO FX - CHICAGO MERCANTILE EXCHANGE,200218,2020-02-18,099741,CME,00,099,617487,31811,135546,5630,364356,176239,32218,48476,186683,8694,33073,12520,161,524419,557691,93068,59796,5043,3961,-9976,2807,-10043,4510,1979,3955,8613,-309,179,-1066,31,2560,6589,2483,-1546,100.0,5.2,22.0,0.9,59.0,28.5,5.2,7.9,30.2,1.4,5.4,2.0,0.0,84.9,90.3,15.1,9.7,302,15,14,11,87,44,41,44,54,20,27,17,.,198,178,18.4,29.6,29.2,41.5,17.6,29.6,27.8,41.4,(CONTRACTS OF EUR 125,000),099741,CME ,099 ,F10,FutOnly
EURO FX - CHICAGO MERCANTILE EXCHANGE,200211,2020-02-11,099741,CME,00,099,612444,27850,145522,2823,374399,171729,30239,44521,178070,9003,32894,13586,130,521859,551102,90585,61342,17746,-2886,-2325,550,19569,-4279,1704,-2237,14140,2353,1341,403,29,20423,12575,-2677,5171,100.0,4.5,23.8,0.5,61.1,28.0,4.9,7.3,29.1,1.5,5.4,2.2,0.0,85.2,90.0,14.8,10.0,296,14,14,12,84,44,40,44,52,23,26,18,.,194,179,20.0,31.4,31.8,43.4,19.3,31.4,30.6,43.4,(CONTRACTS OF EUR 125,000),099741,CME ,099 ,F10,FutOnly
EURO FX - CHICAGO MERCANTILE EXCHANGE,200204,2020-02-04,099741,CME,00,099,594698,30736,147847,2273,354830,176008,28535,46758,163930,6650,31553,13183,101,501436,538527,93262,56171,-4095,-336,-10858,-756,5965,-1097,1380,-8968,4803,-261,-777,1416,-58,-3811,-5431,-284,1336,100.0,5.2,24.9,0.4,59.7,29.6,4.8,7.9,27.6,1.1,5.3,2.2,0.0,84.3,90.6,15.7,9.4,297,15,14,12,85,48,41,41,51,18,24,19,.,188,182,18.2,31.7,30.1,44.4,17.5,31.7,29.0,44.3,(CONTRACTS OF EUR 125,000),099741,CME ,099 ,F10,FutOnly
EURO FX - CHICAGO MERCANTILE EXCHANGE,200128,2020-01-28,099741,CME,00,099,598793,31072,158705,3029,348865,177105,27155,55726,159127,6911,32330,11767,159,505247,543958,93546,54835,16629,4160,-10587,-2163,3774,21000,452,9384,11996,432,5861,-436,-5197,16703,15497,-74,1132,100.0,5.2,26.5,0.5,58.3,29.6,4.5,9.3,26.6,1.2,5.4,2.0,0.0,84.4,90.8,15.6,9.2,303,15,14,13,87,47,38,47,48,22,27,18,.,200,179,16.4,32.5,27.6,45.9,15.6,32.4,26.5,45.9,(CONTRACTS OF EUR 125,000),099741,CME ,099 ,F10,FutOnly
EURO FX - CHICAGO MERCANTILE EXCHANGE,200121,2020-01-21,099741,CME,00,099,582164,26912,169292,5192,345091,156105,26703,46342,147131,6479,26469,12203,5356,488544,528461,93620,53703,10925,-459,4229,474,3531,7354,133,4765,-3821,-62,820,1195,-42,9160,9460,1765,1465,100.0,4.6,29.1,0.9,59.3,26.8,4.6,8.0,25.3,1.1,4.5,2.1,0.9,83.9,90.8,16.1,9.2,293,14,15,14,86,43,40,41,47,21,30,17,.,198,173,16.8,32.9,27.9,47.8,15.9,32.9,26.8,47.4,(CONTRACTS OF EUR 125,000),099741,CME ,099 ,F10,FutOnly
EURO FX - CHICAGO MERCANTILE EXCHANGE,200114,2020-01-14,099741,CME,00,099,571239,27371,165063,4718,341560,148751,26570,41577,150952,6541,25649,11008,5398,479384,519001,91855,52238,15299,2105,7337,2562,550,9202,-237,-574,-8751,922,2680,234,5353,13361,16622,1938,-1323,100.0,4.8,28.9,0.8,59.8,26.0,4.7,7.3,26.4,1.1,4.5,1.9,0.9,83.9,90.9,16.1,9.1,284,15,12,12,88,42,42,36,45,19,30,15,4,195,166,17.0,33.5,27.9,48.3,16.1,33.5,26.7,47.8,(CONTRACTS OF EUR 125,000),099741,CME ,099 ,F10,FutOnly
EURO FX - CHICAGO MERCANTILE EXCHANGE,200107,2020-01-07,099741,CME,00,099,555940,25266,157726,2156,341010,139549,26807,42151,159703,5619,22969,10774,45,466023,502379,89917,53561,-1645,-376,12935,758,2703,-10,-1177,-2676,-12319,205,-1240,-234,-39,-1842,119,197,-1764,100.0,4.5,28.4,0.4,61.3,25.1,4.8,7.6,28.7,1.0,4.1,1.9,0.0,83.8,90.4,16.2,9.6,279,13,13,10,91,40,42,33,50,20,23,16,.,186,168,17.2,34.0,28.2,47.8,16.4,33.8,27.1,47.7,(CONTRACTS OF EUR 125,000),099741,CME ,099 ,F10,FutOnly
EURO FX/BRITISH POUND XRATE - CHICAGO MERCANTILE EXCHANGE,201229,2020-12-29,299741,CME,00,099,25795,0,8764,0,11789,2652,2373,0,6209,0,800,449,0,14962,20447,10833,5348,-333,0,104,0,-1,-309,-101,0,-797,0,0,0,0,-102,-1103,-231,770,100.0,0.0,34.0,0.0,45.7,10.3,9.2,0.0,24.1,0.0,3.1,1.7,0.0,58.0,79.3,42.0,20.7,22,0,.,0,12,.,7,0,.,0,.,.,0,16,13,26.9,60.1,41.9,72.8,24.9,58.1,39.7,68.3,(CONTRACTS OF EUR 125,000),299741,CME ,099 ,F10,FutOnly
EURO FX/BRITISH POUND XRATE - CHICAGO MERCANTILE EXCHANGE,201221,2020-12-21,299741,CME,00,099,26128,0,8660,0,11790,2961,2474,0,7006,0,800,449,0,15064,21550,11064,4578,1005,0,539,0,401,-35,227,0,781,0,0,0,0,628,1512,377,-507,100.0,0.0,33.1,0.0,45.1,11.3,9.5,0.0,26.8,0.0,3.1,1.7,0.0,57.7,82.5,42.3,17.5,25,0,.,0,12,4,8,0,5,0,.,.,0,17,16,26.5,57.8,41.3,70.8,24.6,55.9,39.1,66.4,(CONTRACTS OF EUR 125,000),299741,CME ,099 ,F10,FutOnly
EURO FX/BRITISH POUND XRATE - CHICAGO MERCANTILE EXCHANGE,201215,2020-12-15,299741,CME,00,099,25123,0,8121,0,11389,2996,2247,0,6225,0,800,449,0,14436,20038,10687,5085,.,.,.,.,.,.,.,.,.,.,.,.,.,.,.,.,.,100.0,0.0,32.3,0.0,45.3,11.9,8.9,0.0,24.8,0.0,3.2,1.8,0.0,57.5,79.8,42.5,20.2,21,0,.,0,11,4,8,0,.,0,.,.,0,16,13,27.5,60.9,42.7,73.9,26.3,59.0,41.2,69.4,(CONTRACTS OF EUR 125,000),299741,CME ,099 ,F10,FutOnly
EURO FX/BRITISH POUND XRATE - CHICAGO MERCANTILE EXCHANGE,201201,2020-12-01,299741,CME,00,099,25476,0,8615,0,9910,3655,2096,944,5103,2,1250,449,0,14202,19920,11274,5556,718,0,0,0,341,958,299,522,-541,0,0,0,0,1162,716,-444,2,100.0,0.0,33.8,0.0,38.9,14.3,8.2,3.7,20.0,0.0,4.9,1.8,0.0,55.7,78.2,44.3,21.8,23,0,.,0,11,4,7,.,.,.,.,.,0,17,14,21.7,56.0,36.9,72.6,20.4,54.1,35.3,68.2,(CONTRACTS OF EUR 125,000),299741,CME ,099 ,F10,FutOnly
EURO FX/BRITISH POUND XRATE - CHICAGO MERCANTILE EXCHANGE,201124,2020-11-24,299741,CME,00,099,24758,0,8615,0,9569,2697,1797,422,5644,2,1250,449,0,13040,19204,11718,5554,334,0,0,0,60,157,-30,422,-240,2,400,0,0,854,-111,-520,445,100.0,0.0,34.8,0.0,38.7,10.9,7.3,1.7,22.8,0.0,5.0,1.8,0.0,52.7,77.6,47.3,22.4,22,0,.,0,11,.,7,.,.,.,.,.,0,17,13,20.7,59.7,35.3,74.4,20.1,57.8,34.3,70.3,(CONTRACTS OF EUR 125,000),299741,CME ,099 ,F10,FutOnly
EURO FX/BRITISH POUND XRATE - CHICAGO MERCANTILE EXCHANGE,201117,2020-11-17,299741,CME,00,099,24424,0,8615,0,9509,2540,1827,0,5884,0,850,449,0,12186,19315,12238,5109,-123,0,0,0,-139,-15,15,0,-318,0,450,0,0,326,-318,-449,195,100.0,0.0,35.3,0.0,38.9,10.4,7.5,0.0,24.1,0.0,3.5,1.8,0.0,49.9,79.1,50.1,20.9,21,0,.,0,11,.,7,0,.,0,.,.,0,16,12,20.7,61.5,35.4,75.8,20.2,59.5,33.5,71.6,(CONTRACTS OF EUR 125,000),299741,CME ,099 ,F10,FutOnly
EURO FX/BRITISH POUND XRATE - CHICAGO MERCANTILE EXCHANGE,201110,2020-11-10,299741,CME,00,099,24547,0,8615,0,9648,2555,1812,0,6202,0,400,449,0,11860,19633,12687,4914,57,0,-45,0,79,13,-13,0,-29,0,0,0,0,66,-74,-9,131,100.0,0.0,35.1,0.0,39.3,10.4,7.4,0.0,25.3,0.0,1.6,1.8,0.0,48.3,80.0,51.7,20.0,21,0,.,0,11,.,7,0,4,0,.,.,0,15,13,20.5,60.9,36.0,75.1,19.9,58.8,33.6,70.9,(CONTRACTS OF EUR 125,000),299741,CME ,099 ,F10,FutOnly
EURO FX/BRITISH POUND XRATE - CHICAGO MERCANTILE EXCHANGE,201103,2020-11-03,299741,CME,00,099,24490,0,8660,0,9569,2542,1825,0,6231,0,400,449,0,11794,19707,12696,4783,-228,0,13,0,14,-26,0,0,-77,0,0,0,0,14,-90,-242,-138,100.0,0.0,35.4,0.0,39.1,10.4,7.5,0.0,25.4,0.0,1.6,1.8,0.0,48.2,80.5,51.8,19.5,21,0,.,0,11,.,7,0,4,0,.,.,0,15,13,20.3,60.2,35.8,75.4,19.7,58.1,33.5,71.2,(CONTRACTS OF EUR 125,000),299741,CME ,099 ,F10,FutOnly
EURO FX/BRITISH POUND XRATE - CHICAGO MERCANTILE EXCHANGE,201027,2020-10-27,299741,CME,00,099,24718,0,8647,0,9555,2568,1825,0,6308,0,400,449,0,11780,19797,12938,4921,10,0,-78,0,-56,19,-19,0,-98,0,400,0,0,325,-176,-315,186,100.0,0.0,35.0,0.0,38.7,10.4,7.4,0.0,25.5,0.0,1.6,1.8,0.0,47.7,80.1,52.3,19.9,21,0,.,0,11,.,7,0,4,0,.,.,0,15,13,20.1,61.0,35.4,75.2,19.5,58.9,33.0,71.0,(CONTRACTS OF EUR 125,000),299741,CME ,099 ,F10,FutOnly
EURO FX/BRITISH POUND XRATE - CHICAGO MERCANTILE EXCHANGE,201020,2020-10-20,299741,CME,00,099,24708,0,8725,0,9611,2549,1844,0,6406,0,0,449,0,11455,19973,13253,4735,9,0,116,0,307,157,0,0,-215,0,0,0,0,307,58,-298,-49,100.0,0.0,35.3,0.0,38.9,10.3,7.5,0.0,25.9,0.0,0.0,1.8,0.0,46.4,80.8,53.6,19.2,20,0,.,0,11,.,7,0,4,0,0,.,0,14,13,20.2,60.7,35.7,75.8,19.6,58.5,33.4,71.6,(CONTRACTS OF EUR 125,000),299741,CME ,099 ,F10,FutOnly
EURO FX/BRITISH POUND XRATE - CHICAGO MERCANTILE EXCHANGE,201013,2020-10-13,299741,CME,00,099,24699,0,8609,0,9304,2392,1844,0,6621,0,0,449,0,11148,19915,13551,4784,-118,0,0,0,4,-37,-7,0,39,0,0,0,0,-3,-5,-115,-113,100.0,0.0,34.9,0.0,37.7,9.7,7.5,0.0,26.8,0.0,0.0,1.8,0.0,45.1,80.6,54.9,19.4,20,0,.,0,11,.,7,0,4,0,0,.,0,14,13,20.0,61.9,34.4,75.6,19.4,59.8,32.8,71.3,(CONTRACTS OF EUR 125,000),299741,CME ,099 ,F10,FutOnly
EURO FX/BRITISH POUND XRATE - CHICAGO MERCANTILE EXCHANGE,201006,2020-10-06,299741,CME,00,099,24817,0,8609,0,9300,2429,1851,0,6582,0,0,449,0,11151,19920,13666,4897,.,.,.,.,.,.,.,.,.,.,.,.,.,.,.,.,.,100.0,0.0,34.7,0.0,37.5,9.8,7.5,0.0,26.5,0.0,0.0,1.8,0.0,44.9,80.3,55.1,19.7,20,0,.,0,11,.,7,0,4,0,0,.,0,14,13,19.9,60.2,34.4,75.1,19.2,58.1,32.5,71.0,(CONTRACTS OF EUR 125,000),299741,CME ,099 ,F10,FutOnly
EURO FX/BRITISH POUND XRATE - CHICAGO MERCANTILE EXCHANGE,200922,2020-09-22,299741,CME,00,099,24504,0,8681,0,8675,1912,1703,0,6835,0,0,449,0,10378,19580,14126,4924,-119,0,37,0,267,-606,-310,-395,612,-16,0,0,0,-454,-283,335,164,100.0,0.0,35.4,0.0,35.4,7.8,6.9,0.0,27.9,0.0,0.0,1.8,0.0,42.4,79.9,57.6,20.1,20,0,.,0,11,.,6,0,4,0,0,.,0,14,12,19.0,61.1,32.1,75.3,18.9,61.0,30.3,71.1,(CONTRACTS OF EUR 125,000),299741,CME ,099 ,F10,FutOnly
EURO FX/BRITISH POUND XRATE - CHICAGO MERCANTILE EXCHANGE,200915,2020-09-15,299741,CME,00,099,24623,0,8644,0,8408,2518,2013,395,6223,16,0,449,0,10832,19863,13791,4760,-48,-440,-1118,0,437,96,-120,395,1606,16,-765,0,0,-477,480,429,-528,100.0,0.0,35.1,0.0,34.1,10.2,8.2,1.6,25.3,0.1,0.0,1.8,0.0,44.0,80.7,56.0,19.3,22,0,.,0,10,5,7,.,4,.,0,.,0,16,14,18.9,58.7,31.7,73.3,18.8,58.5,30.4,68.2,(CONTRACTS OF EUR 125,000),299741,CME ,099 ,F10,FutOnly
EURO FX/BRITISH POUND XRATE - CHICAGO MERCANTILE EXCHANGE,200908,2020-09-08,299741,CME,00,099,24671,440,9762,0,7971,2422,2133,0,4617,0,765,449,0,11309,19383,13362,5288,175,0,0,0,-1092,-252,202,0,-690,-30,0,0,0,-920,-770,1095,945,100.0,1.8,39.6,0.0,32.3,9.8,8.6,0.0,18.7,0.0,3.1,1.8,0.0,45.8,78.6,54.2,21.4,22,.,.,0,9,5,7,0,.,0,.,.,0,16,13,18.8,56.6,32.6,71.4,18.8,56.6,31.3,65.9,(CONTRACTS OF EUR 125,000),299741,CME ,099 ,F10,FutOnly
EURO FX/BRITISH POUND XRATE - CHICAGO MERCANTILE EXCHANGE,200901,2020-09-01,299741,CME,00,099,24496,440,9762,0,9063,2674,1931,0,5307,30,765,449,0,12229,20153,12267,4343,-254,0,8,0,-179,6,-8,0,-280,30,0,0,0,-157,-244,-97,-10,100.0,1.8,39.9,0.0,37.0,10.9,7.9,0.0,21.7,0.1,3.1,1.8,0.0,49.9,82.3,50.1,17.7,24,.,.,0,10,5,7,0,4,.,.,.,0,18,14,19.1,57.9,34.2,72.6,19.1,57.6,33.6,67.7,(CONTRACTS OF EUR 125,000),299741,CME ,099 ,F10,FutOnly
EURO FX/BRITISH POUND XRATE - CHICAGO MERCANTILE EXCHANGE,200825,2020-08-25,299741,CME,00,099,24750,440,9754,0,9242,2668,1939,0,5587,0,765,449,0,12386,20397,12364,4353,144,0,1,0,-340,56,0,0,235,0,0,0,0,-340,292,484,-148,100.0,1.8,39.4,0.0,37.3,10.8,7.8,0.0,22.6,0.0,3.1,1.8,0.0,50.0,82.4,50.0,17.6,25,.,.,0,10,5,8,0,5,0,.,.,0,17,16,19.9,57.2,34.7,71.2,19.8,56.5,34.0,66.4,(CONTRACTS OF EUR 125,000),299741,CME ,099 ,F10,FutOnly
EURO FX/BRITISH POUND XRATE - CHICAGO MERCANTILE EXCHANGE,200818,2020-08-18,299741,CME,00,099,24606,440,9753,0,9582,2612,1939,0,5352,0,765,449,0,12726,20105,11880,4501,319,0,123,-32,199,-11,0,0,316,0,0,0,0,167,396,152,-77,100.0,1.8,39.6,0.0,38.9,10.6,7.9,0.0,21.8,0.0,3.1,1.8,0.0,51.7,81.7,48.3,18.3,25,.,.,0,11,5,8,0,4,0,.,.,0,18,15,19.7,58.4,34.5,72.1,19.6,57.6,33.9,67.4,(CONTRACTS OF EUR 125,000),299741,CME ,099 ,F10,FutOnly
EURO FX/BRITISH POUND XRATE - CHICAGO MERCANTILE EXCHANGE,200811,2020-08-11,299741,CME,00,099,24287,440,9630,32,9383,2623,1939,0,5036,0,765,449,0,12559,19709,11728,4578,317,0,42,0,408,-1,1,0,-115,0,0,0,0,409,-73,-92,390,100.0,1.8,39.7,0.1,38.6,10.8,8.0,0.0,20.7,0.0,3.1,1.8,0.0,51.7,81.2,48.3,18.8,25,.,.,.,11,5,8,0,4,0,.,.,0,19,15,19.6,57.7,34.3,71.4,19.6,56.7,33.7,66.4,(CONTRACTS OF EUR 125,000),299741,CME ,099 ,F10,FutOnly
EURO FX/BRITISH POUND XRATE - CHICAGO MERCANTILE EXCHANGE,200804,2020-08-04,299741,CME,00,099,23970,440,9588,32,8975,2624,1938,0,5151,0,765,449,0,12150,19782,11820,4188,734,0,24,0,21,46,-42,0,1056,0,765,0,0,744,1084,-10,-350,100.0,1.8,40.0,0.1,37.4,10.9,8.1,0.0,21.5,0.0,3.2,1.9,0.0,50.7,82.5,49.3,17.5,26,.,.,.,11,5,8,0,5,0,.,.,0,19,16,18.8,56.7,33.2,70.6,18.7,55.6,32.5,65.5,(CONTRACTS OF EUR 125,000),299741,CME ,099 ,F10,FutOnly
EURO FX/BRITISH POUND XRATE - CHICAGO MERCANTILE EXCHANGE,200728,2020-07-28,299741,CME,00,099,23236,440,9564,32,8954,2578,1980,0,4095,0,0,449,0,11406,18698,11830,4538,-156,0,-33,0,709,-228,0,0,-159,0,0,0,0,709,-420,-865,264,100.0,1.9,41.2,0.1,38.5,11.1,8.5,0.0,17.6,0.0,0.0,1.9,0.0,49.1,80.5,50.9,19.5,24,.,.,.,11,5,8,0,4,0,0,.,0,18,15,19.0,56.4,34.1,70.2,18.9,55.3,32.5,65.0,(CONTRACTS OF EUR 125,000),299741,CME ,099 ,F10,FutOnly
EURO FX/BRITISH POUND XRATE - CHICAGO MERCANTILE EXCHANGE,200721,2020-07-21,299741,CME,00,099,23392,440,9597,32,8245,2806,1980,0,4254,0,0,449,0,10697,19118,12695,4274,-40,0,80,0,116,3,12,0,528,-428,0,0,0,-300,195,260,-235,100.0,1.9,41.0,0.1,35.2,12.0,8.5,0.0,18.2,0.0,0.0,1.9,0.0,45.7,81.7,54.3,18.3,23,.,.,.,10,5,8,0,4,0,0,.,0,17,15,19.0,57.2,32.6,71.6,18.9,56.1,31.1,66.4,(CONTRACTS OF EUR 125,000),299741,CME ,099 ,F10,FutOnly
EURO FX/BRITISH POUND XRATE - CHICAGO MERCANTILE EXCHANGE,200714,2020-07-14,299741,CME,00,099,23432,440,9517,32,8129,2803,1968,0,3726,428,0,449,0,10997,18923,12435,4509,-269,-445,0,0,-7,70,-6,0,-782,-8,0,449,0,-466,-277,197,8,100.0,1.9,40.6,0.1,34.7,12.0,8.4,0.0,15.9,1.8,0.0,1.9,0.0,46.9,80.8,53.1,19.2,23,.,.,.,10,5,8,0,4,.,0,.,0,18,15,19.1,56.6,32.1,70.8,18.9,55.5,30.5,65.0,(CONTRACTS OF EUR 125,000),299741,CME ,099 ,F10,FutOnly
EURO FX/BRITISH POUND XRATE - CHICAGO MERCANTILE EXCHANGE,200707,2020-07-07,299741,CME,00,099,23701,885,9517,32,8136,2733,1974,0,4508,436,0,0,0,11463,19200,12238,4501,-340,440,-134,0,-1448,394,333,0,-1377,436,0,0,0,-239,-348,-101,8,100.0,3.7,40.2,0.1,34.3,11.5,8.3,0.0,19.0,1.8,0.0,0.0,0.0,48.4,81.0,51.6,19.0,23,.,.,.,10,5,8,0,4,.,0,0,0,19,14,18.8,58.9,31.9,73.0,18.4,57.8,30.3,67.3,(CONTRACTS OF EUR 125,000),299741,CME ,099 ,F10,FutOnly
EURO FX/BRITISH POUND XRATE - CHICAGO MERCANTILE EXCHANGE,200630,2020-06-30,299741,CME,00,099,24041,445,9651,32,9584,2339,1641,0,5885,0,0,0,0,11702,19548,12339,4493,530,0,320,0,764,164,-37,0,-101,0,0,0,0,727,346,-197,184,100.0,1.9,40.1,0.1,39.9,9.7,6.8,0.0,24.5,0.0,0.0,0.0,0.0,48.7,81.3,51.3,18.7,24,.,.,.,12,4,8,0,5,0,0,0,0,18,15,18.8,60.5,33.5,73.2,18.3,59.5,31.8,69.8,(CONTRACTS OF EUR 125,000),299741,CME ,099 ,F10,FutOnly
EURO FX/BRITISH POUND XRATE - CHICAGO MERCANTILE EXCHANGE,200623,2020-06-23,299741,CME,00,099,23511,445,9331,32,8820,2175,1678,0,5986,0,0,0,0,10975,19202,12536,4309,275,0,0,0,181,-56,30,0,524,-400,0,0,0,-189,98,464,177,100.0,1.9,39.7,0.1,37.5,9.3,7.1,0.0,25.5,0.0,0.0,0.0,0.0,46.7,81.7,53.3,18.3,23,.,.,.,11,4,8,0,5,0,0,0,0,17,15,19.6,61.1,33.5,73.3,19.0,59.7,31.6,69.7,(CONTRACTS OF EUR 125,000),299741,CME ,099 ,F10,FutOnly
EURO FX/BRITISH POUND XRATE - CHICAGO MERCANTILE EXCHANGE,200616,2020-06-16,299741,CME,00,099,23236,445,9331,32,8639,2231,1648,0,5462,400,0,0,0,11164,19104,12072,4132,-1830,0,-907,0,516,6,15,0,331,-1257,0,0,0,-726,-1812,-1104,-18,100.0,1.9,40.2,0.1,37.2,9.6,7.1,0.0,23.5,1.7,0.0,0.0,0.0,48.0,82.2,52.0,17.8,23,.,.,.,11,4,8,0,5,.,0,0,0,18,15,19.5,59.6,33.2,73.7,18.8,59.5,31.2,69.5,(CONTRACTS OF EUR 125,000),299741,CME ,099 ,F10,FutOnly
EURO FX/BRITISH POUND XRATE - CHICAGO MERCANTILE EXCHANGE,200609,2020-06-09,299741,CME,00,099,25066,445,10238,32,8123,2225,1633,0,5131,1657,0,0,0,11890,20916,13176,4150,1854,-25,1017,-3,-335,-1042,0,0,609,1632,0,0,0,1269,2213,585,-359,100.0,1.8,40.8,0.1,32.4,8.9,6.5,0.0,20.5,6.6,0.0,0.0,0.0,47.4,83.4,52.6,16.6,23,.,.,.,10,4,7,0,6,.,0,0,0,19,15,17.7,58.3,32.3,72.1,16.9,55.9,28.7,65.7,(CONTRACTS OF EUR 125,000),299741,CME ,099 ,F10,FutOnly
EURO FX/BRITISH POUND XRATE - CHICAGO MERCANTILE EXCHANGE,200602,2020-06-02,299741,CME,00,099,23212,470,9221,35,8458,3267,1633,0,4522,25,0,0,0,10621,18703,12591,4509,341,0,174,35,466,-30,-8,0,50,25,0,0,0,518,246,-177,95,100.0,2.0,39.7,0.2,36.4,14.1,7.0,0.0,19.5,0.1,0.0,0.0,0.0,45.8,80.6,54.2,19.4,21,.,.,.,11,4,7,0,.,.,0,0,0,18,12,19.6,62.7,33.0,75.7,19.3,61.6,31.1,71.9,(CONTRACTS OF EUR 125,000),299741,CME ,099 ,F10,FutOnly
EURO FX/BRITISH POUND XRATE - CHICAGO MERCANTILE EXCHANGE,200526,2020-05-26,299741,CME,00,099,22871,470,9047,0,7992,3297,1641,0,4472,0,0,0,0,10103,18457,12768,4414,.,.,.,.,.,.,.,.,.,.,.,.,.,.,.,.,.,100.0,2.1,39.6,0.0,34.9,14.4,7.2,0.0,19.6,0.0,0.0,0.0,0.0,44.2,80.7,55.8,19.3,20,.,.,0,10,4,7,0,.,0,0,0,0,15,12,20.2,62.8,33.4,75.7,19.5,61.8,31.1,72.2,(CONTRACTS OF EUR 125,000),299741,CME ,099 ,F10,FutOnly
EURO FX/BRITISH POUND XRATE - CHICAGO MERCANTILE EXCHANGE,200428,2020-04-28,299741,CME,00,099,22091,470,9045,0,8261,3368,1626,0,3924,0,0,0,0,10357,17963,11734,4128,-80,470,0,0,136,9,0,0,-341,0,0,0,0,606,-332,-686,252,100.0,2.1,40.9,0.0,37.4,15.2,7.4,0.0,17.8,0.0,0.0,0.0,0.0,46.9,81.3,53.1,18.7,20,.,.,0,11,4,7,0,.,0,0,0,0,16,11,20.0,66.2,33.8,78.6,19.5,65.2,31.3,74.0,(CONTRACTS OF EUR 125,000),299741,CME ,099 ,F10,FutOnly
EURO FX/BRITISH POUND XRATE - CHICAGO MERCANTILE EXCHANGE,200421,2020-04-21,299741,CME,00,099,22171,0,9045,0,8125,3359,1626,0,4265,0,0,0,0,9751,18295,12420,3876,966,0,0,0,-11,0,-4,0,795,0,0,0,0,-15,791,981,175,100.0,0.0,40.8,0.0,36.6,15.2,7.3,0.0,19.2,0.0,0.0,0.0,0.0,44.0,82.5,56.0,17.5,21,0,.,0,11,4,7,0,4,0,0,0,0,15,13,19.7,62.5,32.8,75.0,18.9,61.5,30.4,71.5,(CONTRACTS OF EUR 125,000),299741,CME ,099 ,F10,FutOnly
EURO FX/BRITISH POUND XRATE - CHICAGO MERCANTILE EXCHANGE,200414,2020-04-14,299741,CME,00,099,21205,0,9045,0,8136,3359,1630,0,3470,0,0,0,0,9766,17504,11439,3701,-159,0,4,0,124,0,-9,0,-372,0,0,0,0,115,-377,-274,218,100.0,0.0,42.7,0.0,38.4,15.8,7.7,0.0,16.4,0.0,0.0,0.0,0.0,46.1,82.5,53.9,17.5,20,0,.,0,11,4,7,0,.,0,0,0,0,15,12,20.5,64.9,34.1,77.8,19.7,63.9,32.0,73.4,(CONTRACTS OF EUR 125,000),299741,CME ,099 ,F10,FutOnly
EURO FX/BRITISH POUND XRATE - CHICAGO MERCANTILE EXCHANGE,200407,2020-04-07,299741,CME,00,099,21364,0,9041,0,8012,3359,1639,0,3842,0,0,0,0,9651,17881,11713,3483,.,.,.,.,.,.,.,.,.,.,.,.,.,.,.,.,.,100.0,0.0,42.3,0.0,37.5,15.7,7.7,0.0,18.0,0.0,0.0,0.0,0.0,45.2,83.7,54.8,16.3,20,0,.,0,11,4,7,0,.,0,0,0,0,15,12,20.3,65.4,33.3,78.3,19.7,64.3,31.3,74.6,(CONTRACTS OF EUR 125,000),299741,CME ,099 ,F10,FutOnly
EURO FX/BRITISH POUND XRATE - CHICAGO MERCANTILE EXCHANGE,200310,2020-03-10,299741,CME,00,099,23628,0,4471,0,7267,5016,2117,788,5415,439,0,647,1,10612,18106,13016,5522,.,.,.,.,.,.,.,.,.,.,.,.,.,.,.,.,.,100.0,0.0,18.9,0.0,30.8,21.2,9.0,3.3,22.9,1.9,0.0,2.7,0.0,44.9,76.6,55.1,23.4,22,0,.,0,8,6,7,.,.,.,0,.,.,18,15,21.0,43.1,34.0,61.8,19.8,41.7,30.8,58.3,(CONTRACTS OF EUR 125,000),299741,CME ,099 ,F10,FutOnly
EURO FX/BRITISH POUND XRATE - CHICAGO MERCANTILE EXCHANGE,200225,2020-02-25,299741,CME,00,099,23419,0,4079,0,7377,6778,2735,420,2769,0,0,0,0,10532,16361,12887,7058,-441,0,-48,0,-542,168,-46,3,-327,0,0,0,0,-585,-253,144,-188,100.0,0.0,17.4,0.0,31.5,28.9,11.7,1.8,11.8,0.0,0.0,0.0,0.0,45.0,69.9,55.0,30.1,21,0,.,0,8,8,8,.,.,0,0,0,0,15,14,22.0,36.7,34.0,55.5,19.8,34.9,31.5,52.2,(CONTRACTS OF EUR 125,000),299741,CME ,099 ,F10,FutOnly
EURO FX/BRITISH POUND XRATE - CHICAGO MERCANTILE EXCHANGE,200218,2020-02-18,299741,CME,00,099,23860,0,4127,0,7919,6610,2781,417,3096,0,0,0,0,11117,16614,12743,7246,372,0,80,0,162,431,293,-439,-723,0,0,0,0,16,81,356,291,100.0,0.0,17.3,0.0,33.2,27.7,11.7,1.7,13.0,0.0,0.0,0.0,0.0,46.6,69.6,53.4,30.4,22,0,.,0,9,8,9,.,.,0,0,0,0,16,15,21.7,36.2,33.7,55.3,19.6,33.9,31.2,52.2,(CONTRACTS OF EUR 125,000),299741,CME ,099 ,F10,FutOnly
EURO FX/BRITISH POUND XRATE - CHICAGO MERCANTILE EXCHANGE,200211,2020-02-11,299741,CME,00,099,23488,0,4047,0,7757,6179,2488,856,3819,0,0,0,0,11101,16533,12387,6955,-353,0,-2,0,-279,88,-173,-3,-246,0,0,0,0,-455,-333,102,-20,100.0,0.0,17.2,0.0,33.0,26.3,10.6,3.6,16.3,0.0,0.0,0.0,0.0,47.3,70.4,52.7,29.6,22,0,.,0,9,7,8,.,.,0,0,0,0,16,14,21.7,37.5,33.5,58.8,19.9,36.5,31.0,55.6,(CONTRACTS OF EUR 125,000),299741,CME ,099 ,F10,FutOnly
EURO FX/BRITISH POUND XRATE - CHICAGO MERCANTILE EXCHANGE,200204,2020-02-04,299741,CME,00,099,23841,0,4049,0,8036,6091,2661,859,4065,0,0,0,0,11556,16866,12285,6975,272,0,128,0,-24,-64,33,0,72,0,0,0,0,9,169,263,103,100.0,0.0,17.0,0.0,33.7,25.5,11.2,3.6,17.1,0.0,0.0,0.0,0.0,48.5,70.7,51.5,29.3,22,0,.,0,10,6,8,.,.,0,0,0,0,16,14,21.3,38.0,34.9,59.0,19.6,37.1,30.5,55.7,(CONTRACTS OF EUR 125,000),299741,CME ,099 ,F10,FutOnly
EURO FX/BRITISH POUND XRATE - CHICAGO MERCANTILE EXCHANGE,200128,2020-01-28,299741,CME,00,099,23569,0,3921,0,8060,6155,2628,859,3993,0,0,0,0,11547,16697,12022,6872,421,0,80,0,57,1074,-134,0,-834,0,0,0,0,-77,186,498,235,100.0,0.0,16.6,0.0,34.2,26.1,11.2,3.6,16.9,0.0,0.0,0.0,0.0,49.0,70.8,51.0,29.2,23,0,.,0,10,6,8,.,.,0,0,0,0,16,15,21.6,35.7,35.2,56.8,19.8,34.3,30.8,53.4,(CONTRACTS OF EUR 125,000),299741,CME ,099 ,F10,FutOnly
EURO FX/BRITISH POUND XRATE - CHICAGO MERCANTILE EXCHANGE,200121,2020-01-21,299741,CME,00,099,23148,0,3841,0,8003,5081,2762,859,4827,0,0,0,0,11624,16511,11524,6637,563,0,97,0,354,-1186,-87,14,1908,0,0,0,0,281,732,282,-169,100.0,0.0,16.6,0.0,34.6,21.9,11.9,3.7,20.9,0.0,0.0,0.0,0.0,50.2,71.3,49.8,28.7,24,0,.,0,10,6,8,.,4,0,0,0,0,16,16,21.6,37.4,35.6,56.8,20.0,36.4,31.1,52.3,(CONTRACTS OF EUR 125,000),299741,CME ,099 ,F10,FutOnly
EURO FX/BRITISH POUND XRATE - CHICAGO MERCANTILE EXCHANGE,200114,2020-01-14,299741,CME,00,099,22585,0,3744,0,7649,6267,2849,845,2919,0,0,0,0,11343,15779,11242,6806,92,0,195,-100,259,60,-110,0,211,0,0,0,0,49,256,43,-164,100.0,0.0,16.6,0.0,33.9,27.7,12.6,3.7,12.9,0.0,0.0,0.0,0.0,50.2,69.9,49.8,30.1,22,0,.,0,10,6,8,.,.,0,0,0,0,16,14,21.6,40.4,35.3,57.3,19.6,36.6,30.7,53.1,(CONTRACTS OF EUR 125,000),299741,CME ,099 ,F10,FutOnly
EURO FX/BRITISH POUND XRATE - CHICAGO MERCANTILE EXCHANGE,200107,2020-01-07,299741,CME,00,099,22493,0,3549,100,7390,6207,2959,845,2708,0,0,0,0,11294,15523,11199,6970,-997,0,1,0,-1165,15,0,0,-1037,0,0,0,0,-1165,-1021,168,24,100.0,0.0,15.8,0.4,32.9,27.6,13.2,3.8,12.0,0.0,0.0,0.0,0.0,50.2,69.0,49.8,31.0,22,0,.,.,10,6,8,.,.,0,0,0,0,17,14,21.1,40.1,34.5,56.5,19.2,35.4,29.6,51.2,(CONTRACTS OF EUR 125,000),299741,CME ,099 ,F10,FutOnly
EURO FX/JAPANESE YEN XRATE - CHICAGO MERCANTILE EXCHANGE,201229,2020-12-29,399741,CME,00,099,16698,0,3552,433,6643,7228,1465,0,518,0,0,360,40,8581,13596,8117,3102,-59,0,-409,409,-62,-183,22,0,2,0,0,0,0,369,-159,-428,100,100.0,0.0,21.3,2.6,39.8,43.3,8.8,0.0,3.1,0.0,0.0,2.2,0.2,51.4,81.4,48.6,18.6,20,0,.,.,7,8,6,0,.,0,0,.,.,15,14,32.5,45.3,46.9,63.7,28.2,41.7,39.8,58.3,(CONTRACTS OF EUR 125,000),399741,CME ,099 ,F10,FutOnly
EURO FX/JAPANESE YEN XRATE - CHICAGO MERCANTILE EXCHANGE,201221,2020-12-21,399741,CME,00,099,16757,0,3961,24,6705,7411,1443,0,516,0,0,360,40,8212,13755,8545,3002,-1224,0,169,-681,203,28,13,0,437,-450,0,0,0,-915,-484,-309,-740,100.0,0.0,23.6,0.1,40.0,44.2,8.6,0.0,3.1,0.0,0.0,2.1,0.2,49.0,82.1,51.0,17.9,20,0,.,.,7,8,6,0,.,0,0,.,.,14,14,32.3,45.1,45.9,63.4,28.2,44.0,40.0,60.9,(CONTRACTS OF EUR 125,000),399741,CME ,099 ,F10,FutOnly
EURO FX/JAPANESE YEN XRATE - CHICAGO MERCANTILE EXCHANGE,201215,2020-12-15,399741,CME,00,099,17981,0,3792,705,6502,7383,1430,0,79,450,0,360,40,9127,14239,8854,3742,.,.,.,.,.,.,.,.,.,.,.,.,.,.,.,.,.,100.0,0.0,21.1,3.9,36.2,41.1,8.0,0.0,0.4,2.5,0.0,2.0,0.2,50.8,79.2,49.2,20.8,21,0,4,.,7,8,6,0,.,.,0,.,.,15,15,29.0,41.8,44.3,58.7,25.8,36.9,36.2,52.7,(CONTRACTS OF EUR 125,000),399741,CME ,099 ,F10,FutOnly
EURO FX/JAPANESE YEN XRATE - CHICAGO MERCANTILE EXCHANGE,201103,2020-11-03,399741,CME,00,099,19660,0,2526,30,5658,11242,2546,4097,0,0,0,0,0,12331,16344,7329,3316,41,0,-156,0,-392,157,18,775,0,0,0,0,0,401,19,-360,22,100.0,0.0,12.8,0.2,28.8,57.2,13.0,20.8,0.0,0.0,0.0,0.0,0.0,62.7,83.1,37.3,16.9,20,0,.,.,6,9,7,.,0,0,0,0,0,16,12,37.4,50.9,53.9,70.7,35.0,42.2,47.4,61.1,(CONTRACTS OF EUR 125,000),399741,CME ,099 ,F10,FutOnly
EURO FX/JAPANESE YEN XRATE - CHICAGO MERCANTILE EXCHANGE,201027,2020-10-27,399741,CME,00,099,19619,0,2682,30,6050,11085,2528,3322,0,0,0,0,0,11930,16325,7689,3294,.,.,.,.,.,.,.,.,.,.,.,.,.,.,.,.,.,100.0,0.0,13.7,0.2,30.8,56.5,12.9,16.9,0.0,0.0,0.0,0.0,0.0,60.8,83.2,39.2,16.8,20,0,.,.,6,9,7,.,0,0,0,0,0,16,12,34.7,48.2,52.8,71.1,31.8,40.1,45.6,60.9,(CONTRACTS OF EUR 125,000),399741,CME ,099 ,F10,FutOnly
EURO FX/JAPANESE YEN XRATE - CHICAGO MERCANTILE EXCHANGE,200310,2020-03-10,399741,CME,00,099,24540,4753,3818,763,4053,10559,2596,4148,0,0,0,628,130,16443,18494,8097,6046,2274,-37,46,80,-539,1679,26,2202,0,-151,-508,-97,130,1203,1713,1071,561,100.0,19.4,15.6,3.1,16.5,43.0,10.6,16.9,0.0,0.0,0.0,2.6,0.5,67.0,75.4,33.0,24.6,21,.,.,.,4,9,9,.,0,0,0,.,.,18,15,36.9,45.9,54.8,62.1,34.5,39.4,51.1,52.8,(CONTRACTS OF EUR 125,000),399741,CME ,099 ,F10,FutOnly
EURO FX/JAPANESE YEN XRATE - CHICAGO MERCANTILE EXCHANGE,200303,2020-03-03,399741,CME,00,099,22266,4790,3772,683,4592,8880,2570,1946,0,151,508,725,0,15240,16781,7026,5485,-735,53,-22,112,-158,-734,-23,-109,0,151,508,-240,-88,446,-844,-1181,109,100.0,21.5,16.9,3.1,20.6,39.9,11.5,8.7,0.0,0.7,2.3,3.3,0.0,68.4,75.4,31.6,24.6,20,.,.,.,4,8,8,.,0,.,.,.,0,17,14,38.5,47.4,55.9,64.2,36.0,39.9,51.2,54.5,(CONTRACTS OF EUR 125,000),399741,CME ,099 ,F10,FutOnly
EURO FX/JAPANESE YEN XRATE - CHICAGO MERCANTILE EXCHANGE,200225,2020-02-25,399741,CME,00,099,23001,4737,3794,571,4750,9614,2593,2055,0,0,0,965,88,14794,17625,8207,5376,-3198,-258,21,-21,-33,-4054,-25,-3820,0,0,0,965,88,-4069,-3026,871,-172,100.0,20.6,16.5,2.5,20.7,41.8,11.3,8.9,0.0,0.0,0.0,4.2,0.4,64.3,76.6,35.7,23.4,22,.,.,.,4,9,8,.,0,0,0,.,.,18,14,36.6,47.9,51.8,63.2,35.3,41.0,48.2,53.0,(CONTRACTS OF EUR 125,000),399741,CME ,099 ,F10,FutOnly
EURO FX/JAPANESE YEN XRATE - CHICAGO MERCANTILE EXCHANGE,200218,2020-02-18,399741,CME,00,099,26199,4995,3773,592,4783,13668,2618,5875,0,0,0,0,0,18863,20651,7336,5548,.,.,.,.,.,.,.,.,.,.,.,.,.,.,.,.,.,100.0,19.1,14.4,2.3,18.3,52.2,10.0,22.4,0.0,0.0,0.0,0.0,0.0,72.0,78.8,28.0,21.2,21,.,.,.,4,10,10,.,0,0,0,0,0,19,13,40.2,56.0,59.2,69.5,39.1,51.0,58.0,61.5,(CONTRACTS OF EUR 125,000),399741,CME ,099 ,F10,FutOnly
EURO FX/JAPANESE YEN XRATE - CHICAGO MERCANTILE EXCHANGE,200128,2020-01-28,399741,CME,00,099,25127,4561,4008,606,5877,13549,2113,3715,586,0,0,0,0,16872,20862,8255,4265,.,.,.,.,.,.,.,.,.,.,.,.,.,.,.,.,.,100.0,18.2,16.0,2.4,23.4,53.9,8.4,14.8,2.3,0.0,0.0,0.0,0.0,67.1,83.0,32.9,17.0,22,.,.,.,4,9,9,4,.,0,0,0,0,19,13,37.3,59.0,52.9,73.3,36.8,53.6,52.4,65.3,(CONTRACTS OF EUR 125,000),399741,CME ,099 ,F10,FutOnly
EURO FX/JAPANESE YEN XRATE - CHICAGO MERCANTILE EXCHANGE,200107,2020-01-07,399741,CME,00,099,23229,3759,3614,617,5848,12922,2157,2874,0,0,0,0,0,15255,19310,7974,3919,397,50,8,-7,4,-26,25,581,0,0,0,0,0,653,0,-256,397,100.0,16.2,15.6,2.7,25.2,55.6,9.3,12.4,0.0,0.0,0.0,0.0,0.0,65.7,83.1,34.3,16.9,22,.,.,.,5,10,9,.,0,0,0,0,0,19,14,37.0,57.5,50.9,73.0,36.5,51.5,49.9,63.9,(CONTRACTS OF EUR 125,000),399741,CME ,099 ,F10,FutOnly
EURO FX - CHICAGO MERCANTILE EXCHANGE,211228,2021-12-28,099741,CME,00,099,673273,31727,281161,6222,403923,167507,31491,57637,108038,13885,47681,9429,3968,596534,621701,76739,51572,1034,1040,6426,-936,1670,-1580,1164,1517,246,-1998,1297,-189,-358,3396,2775,-2362,-1741,100.0,4.7,41.8,0.9,60.0,24.9,4.7,8.6,16.0,2.1,7.1,1.4,0.6,88.6,92.3,11.4,7.7,340,18,15,8,110,45,45,50,51,29,36,15,5,246,181,16.1,38.2,25.0,50.1,14.4,37.4,22.6,49.2,(CONTRACTS OF EUR 125,000),099741,CME ,099 ,F10,FutOnly
EURO FX - CHICAGO MERCANTILE EXCHANGE,211221,2021-12-21,099741,CME,00,099,672239,30687,274735,7158,402253,169087,30327,56120,107792,15883,46384,9618,4326,593138,618926,79101,53313,10528,-106,2032,1641,4173,3091,-108,5093,3120,454,112,-1651,337,11596,8916,-1068,1612,100.0,4.6,40.9,1.1,59.8,25.2,4.5,8.3,16.0,2.4,6.9,1.4,0.6,88.2,92.1,11.8,7.9,333,19,15,8,109,44,43,45,50,24,36,15,5,237,176,16.1,38.2,25.0,49.4,14.5,37.3,22.8,48.4,(CONTRACTS OF EUR 125,000),099741,CME ,099 ,F10,FutOnly
EURO FX - CHICAGO MERCANTILE EXCHANGE,211214,2021-12-14,099741,CME,00,099,661711,30793,272703,5517,398080,165996,30435,51027,104672,15429,46272,11269,3989,581542,610010,80169,51701,-54502,-18574,-24435,-28579,7238,6265,-2313,-3294,2603,-1687,1,932,-1028,-48236,-48242,-6266,-6260,100.0,4.7,41.2,0.8,60.2,25.1,4.6,7.7,15.8,2.3,7.0,1.7,0.6,87.9,92.2,12.1,7.8,334,18,16,7,109,45,44,39,54,25,35,18,6,234,182,15.7,38.2,24.8,48.9,14.1,37.5,22.5,48.1,(CONTRACTS OF EUR 125,000),099741,CME ,099 ,F10,FutOnly
EURO FX - CHICAGO MERCANTILE EXCHANGE,211207,2021-12-07,099741,CME,00,099,716213,49367,297138,34096,390842,159731,32748,54321,102069,17116,46271,10337,5017,629778,658252,86435,57961,10804,-7531,8210,22472,5761,-16158,-331,-5094,-7794,2442,-1737,1504,1052,17034,11397,-6230,-593,100.0,6.9,41.5,4.8,54.6,22.3,4.6,7.6,14.3,2.4,6.5,1.4,0.7,87.9,91.9,12.1,8.1,344,16,18,13,109,45,47,46,55,31,38,17,6,248,193,16.1,35.7,24.9,49.1,13.1,34.9,20.8,47.1,(CONTRACTS OF EUR 125,000),099741,CME ,099 ,F10,FutOnly
EURO FX - CHICAGO MERCANTILE EXCHANGE,211130,2021-11-30,099741,CME,00,099,705409,56898,288928,11624,385081,175889,33079,59415,109863,14674,48008,8833,3965,612744,646855,92665,58554,-6276,-3972,-3004,3208,-6793,-2600,989,-2112,-1633,883,735,-4081,-1189,-8251,-7427,1975,1151,100.0,8.1,41.0,1.6,54.6,24.9,4.7,8.4,15.6,2.1,6.8,1.3,0.6,86.9,91.7,13.1,8.3,336,18,16,11,106,46,45,48,52,33,36,14,5,246,184,15.1,35.9,23.5,48.2,13.6,35.1,21.6,47.5,(CONTRACTS OF EUR 125,000),099741,CME ,099 ,F10,FutOnly
EURO FX - CHICAGO MERCANTILE EXCHANGE,211123,2021-11-23,099741,CME,00,099,711685,60870,291932,8416,391874,178489,32090,61527,111496,13791,47273,12914,5154,620995,654282,90690,57403,5987,1855,-19498,2338,-766,9477,-618,824,10376,1146,391,4425,388,5558,8034,429,-2047,100.0,8.6,41.0,1.2,55.1,25.1,4.5,8.6,15.7,1.9,6.6,1.8,0.7,87.3,91.9,12.7,8.1,339,17,15,11,109,44,44,47,57,30,37,13,5,246,183,14.6,36.2,23.2,48.3,13.6,35.5,21.7,47.5,(CONTRACTS OF EUR 125,000),099741,CME ,099 ,F10,FutOnly
EURO FX - CHICAGO MERCANTILE EXCHANGE,211116,2021-11-16,099741,CME,00,099,705698,59015,311430,6078,392640,169012,32708,60703,101120,12645,46882,8489,4766,615437,646248,90261,59450,27330,10199,-3886,1840,1170,12814,788,5478,10763,1710,565,264,-854,20896,23439,6434,3891,100.0,8.4,44.1,0.9,55.6,23.9,4.6,8.6,14.3,1.8,6.6,1.2,0.7,87.2,91.6,12.8,8.4,339,17,15,9,109,46,48,48,54,25,36,14,5,246,180,14.3,38.9,23.4,50.7,13.4,38.5,21.5,50.2,(CONTRACTS OF EUR 125,000),099741,CME ,099 ,F10,FutOnly
EURO FX - CHICAGO MERCANTILE EXCHANGE,211109,2021-11-09,099741,CME,00,099,678368,48816,315316,4238,391470,156198,31920,55225,90357,10935,46317,8225,5620,594541,622809,83827,55559,344,-6013,2187,398,-463,-1118,1920,-157,-6332,2911,2633,665,-552,677,79,-333,265,100.0,7.2,46.5,0.6,57.7,23.0,4.7,8.1,13.3,1.6,6.8,1.2,0.8,87.6,91.8,12.4,8.2,338,17,14,7,110,45,48,49,52,26,37,14,6,247,178,14.6,41.4,23.3,54.1,13.3,40.9,21.4,53.5,(CONTRACTS OF EUR 125,000),099741,CME ,099 ,F10,FutOnly
EURO FX - CHICAGO MERCANTILE EXCHANGE,211102,2021-11-02,099741,CME,00,099,678024,54829,313129,3840,391933,157316,30000,55382,96689,8024,43684,7560,6172,593864,622730,84160,55294,-2350,1863,4558,-23,-3184,4592,1613,-611,-9875,254,274,422,-13,173,1528,-2523,-3878,100.0,8.1,46.2,0.6,57.8,23.2,4.4,8.2,14.3,1.2,6.4,1.1,0.9,87.6,91.8,12.4,8.2,334,17,15,7,109,46,47,45,54,23,36,12,5,237,179,14.6,40.9,23.6,53.5,13.4,40.5,21.8,53.1,(CONTRACTS OF EUR 125,000),099741,CME ,099 ,F10,FutOnly
EURO FX - CHICAGO MERCANTILE EXCHANGE,211026,2021-10-26,099741,CME,00,099,680374,52966,308571,3863,395117,152724,28387,55993,106564,7770,43410,7138,6185,593691,621202,86683,59172,956,7248,-6831,1048,-11624,2013,311,6066,3446,-79,-1047,-154,113,2036,-133,-1080,1089,100.0,7.8,45.4,0.6,58.1,22.4,4.2,8.2,15.7,1.1,6.4,1.0,0.9,87.3,91.3,12.7,8.7,326,16,16,6,106,46,45,45,53,25,33,11,5,229,178,14.8,40.0,24.1,51.9,14.0,39.7,22.3,51.5,(CONTRACTS OF EUR 125,000),099741,CME ,099 ,F10,FutOnly
EURO FX - CHICAGO MERCANTILE EXCHANGE,211019,2021-10-19,099741,CME,00,099,679418,45718,315402,2815,406741,150711,28076,49927,103118,7849,44457,7292,6072,591655,621335,87763,58083,-15911,-9083,12,128,2719,5112,384,-8501,-18912,1010,-1722,-470,124,-14941,-12612,-970,-3299,100.0,6.7,46.4,0.4,59.9,22.2,4.1,7.3,15.2,1.2,6.5,1.1,0.9,87.1,91.5,12.9,8.5,322,14,17,6,108,45,45,43,49,25,34,12,4,230,172,14.8,40.7,24.3,53.0,14.1,40.5,22.6,52.8,(CONTRACTS OF EUR 125,000),099741,CME ,099 ,F10,FutOnly
EURO FX - CHICAGO MERCANTILE EXCHANGE,211012,2021-10-12,099741,CME,00,099,695329,54801,315390,2687,404022,145599,27692,58428,122030,6839,46179,7762,5948,606596,633947,88733,61382,1738,10301,-3177,696,-13809,2129,2552,6773,-1099,-2719,-425,1517,200,3569,99,-1831,1639,100.0,7.9,45.4,0.4,58.1,20.9,4.0,8.4,17.5,1.0,6.6,1.1,0.9,87.2,91.2,12.8,8.8,324,16,16,6,107,41,44,38,58,24,34,14,4,226,176,15.0,39.9,24.3,52.2,14.3,39.7,22.6,52.0,(CONTRACTS OF EUR 125,000),099741,CME ,099 ,F10,FutOnly
EURO FX - CHICAGO MERCANTILE EXCHANGE,211005,2021-10-05,099741,CME,00,099,693591,44500,318567,1991,417831,143470,25140,51655,123129,9558,46604,6245,5748,603027,633848,90564,59743,25524,16031,-7690,41,5000,3792,-983,-1548,24638,3892,-774,-762,451,22110,23379,3414,2145,100.0,6.4,45.9,0.3,60.2,20.7,3.6,7.4,17.8,1.4,6.7,0.9,0.8,86.9,91.4,13.1,8.6,327,15,15,7,109,41,40,37,63,25,35,11,4,227,176,15.3,40.0,25.4,53.4,14.0,39.8,23.5,53.3,(CONTRACTS OF EUR 125,000),099741,CME ,099 ,F10,FutOnly
EURO FX - CHICAGO MERCANTILE EXCHANGE,210928,2021-09-28,099741,CME,00,099,668067,28469,326257,1950,412831,139678,26123,53203,98491,5666,47378,7007,5297,580917,610469,87150,57598,4548,8008,-24460,550,-11874,5124,485,2305,17866,568,3589,896,-726,2905,303,1643,4245,100.0,4.3,48.8,0.3,61.8,20.9,3.9,8.0,14.7,0.8,7.1,1.0,0.8,87.0,91.4,13.0,8.6,324,13,17,9,107,43,41,39,56,19,36,12,4,222,175,15.9,41.9,25.2,55.3,14.7,41.7,23.3,55.2,(CONTRACTS OF EUR 125,000),099741,CME ,099 ,F10,FutOnly
EURO FX - CHICAGO MERCANTILE EXCHANGE,210921,2021-09-21,099741,CME,00,099,663519,20461,350717,1400,424705,134554,25638,50898,80625,5098,43789,6111,6023,578012,610166,85507,53353,10417,-403,-9448,154,14412,13991,-1672,2876,6459,-1582,385,-33,1010,15180,8879,-4763,1538,100.0,3.1,52.9,0.2,64.0,20.3,3.9,7.7,12.2,0.8,6.6,0.9,0.9,87.1,92.0,12.9,8.0,313,11,16,7,110,41,44,40,52,19,33,10,4,221,166,16.3,44.2,25.9,57.4,15.1,44.1,24.0,57.3,(CONTRACTS OF EUR 125,000),099741,CME ,099 ,F10,FutOnly
EURO FX - CHICAGO MERCANTILE EXCHANGE,210914,2021-09-14,099741,CME,00,099,653102,20864,360165,1246,410293,120563,27310,48022,74166,6680,43404,6144,5013,562832,601287,90270,51815,-43632,-21476,-16534,-13608,3599,-1592,-2009,-3043,-8174,-2056,2702,-471,241,-35650,-44203,-7982,571,100.0,3.2,55.1,0.2,62.8,18.5,4.2,7.4,11.4,1.0,6.6,0.9,0.8,86.2,92.1,13.8,7.9,304,13,14,7,108,40,44,37,49,25,33,10,4,223,161,15.8,44.9,25.3,58.0,14.4,44.9,23.3,57.9,(CONTRACTS OF EUR 125,000),099741,CME ,099 ,F10,FutOnly
EURO FX - CHICAGO MERCANTILE EXCHANGE,210907,2021-09-07,099741,CME,00,099,696734,42340,376699,14854,406694,122155,29319,51065,82340,8736,40702,6615,4772,598482,645490,98252,51244,-8376,-8152,17424,5833,4300,-10181,-1057,-5096,-11869,-6323,-560,390,-368,-11423,-6151,3047,-2225,100.0,6.1,54.1,2.1,58.4,17.5,4.2,7.3,11.8,1.3,5.8,0.9,0.7,85.9,92.6,14.1,7.4,308,17,12,14,109,42,44,40,43,25,33,11,4,231,164,14.6,49.4,23.1,59.4,13.2,49.3,21.1,59.2,(CONTRACTS OF EUR 125,000),099741,CME ,099 ,F10,FutOnly
EURO FX - CHICAGO MERCANTILE EXCHANGE,210831,2021-08-31,099741,CME,00,099,705110,50492,359275,9021,402394,132336,30376,56161,94209,15059,41262,6225,5140,609905,651641,95205,53469,6563,-914,-2248,-131,5218,-761,-66,-6371,10838,4511,571,-352,-89,2729,11702,3834,-5139,100.0,7.2,51.0,1.3,57.1,18.8,4.3,8.0,13.4,2.1,5.9,0.9,0.7,86.5,92.4,13.5,7.6,317,17,11,7,110,43,43,45,48,29,33,10,4,230,170,14.4,47.4,22.6,56.6,13.0,46.9,20.7,56.1,(CONTRACTS OF EUR 125,000),099741,CME ,099 ,F10,FutOnly
EURO FX - CHICAGO MERCANTILE EXCHANGE,210824,2021-08-24,099741,CME,00,099,698547,51406,361523,9152,397176,133097,30442,62532,83371,10548,40691,6577,5229,607176,639939,91371,58608,3755,872,-6576,5569,-3650,6767,365,3842,-8816,2930,-27456,-447,-41,-17569,-249,21324,4004,100.0,7.4,51.8,1.3,56.9,19.1,4.4,9.0,11.9,1.5,5.8,0.9,0.7,86.9,91.6,13.1,8.4,315,18,11,8,109,42,43,47,44,26,34,10,5,231,166,14.6,48.0,23.2,57.5,13.2,47.5,20.8,57.0,(CONTRACTS OF EUR 125,000),099741,CME ,099 ,F10,FutOnly
EURO FX - CHICAGO MERCANTILE EXCHANGE,210817,2021-08-17,099741,CME,00,099,694792,50534,368099,3583,400826,126330,30077,58690,92187,7618,68147,7024,5270,624745,640188,70047,54604,-7306,-3574,-7447,235,-7827,4027,2611,-836,-5362,335,24028,-186,26,14998,-5761,-22304,-1545,100.0,7.3,53.0,0.5,57.7,18.2,4.3,8.4,13.3,1.1,9.8,1.0,0.8,89.9,92.1,10.1,7.9,319,17,12,8,108,41,44,40,53,23,37,11,5,229,170,15.9,48.6,25.8,58.6,14.9,48.4,23.6,58.4,(CONTRACTS OF EUR 125,000),099741,CME ,099 ,F10,FutOnly
EURO FX - CHICAGO MERCANTILE EXCHANGE,210810,2021-08-10,099741,CME,00,099,702098,54108,375546,3348,408653,122303,27466,59526,97549,7283,44119,7210,5244,609747,645949,92351,56149,27607,8950,2150,-153,10738,13177,-1051,8344,8626,-590,1600,853,148,27986,23160,-379,4447,100.0,7.7,53.5,0.5,58.2,17.4,3.9,8.5,13.9,1.0,6.3,1.0,0.7,86.8,92.0,13.2,8.0,316,18,12,6,109,41,44,41,50,24,35,10,5,228,167,15.2,48.9,24.8,58.8,14.0,48.7,22.7,58.6,(CONTRACTS OF EUR 125,000),099741,CME ,099 ,F10,FutOnly
EURO FX - CHICAGO MERCANTILE EXCHANGE,210803,2021-08-03,099741,CME,00,099,674491,45158,373396,3501,397915,109126,28517,51182,88923,7873,42519,6357,5096,581761,622789,92730,51702,-3517,777,-1809,-159,-3495,-4058,-189,-2053,2504,-900,2196,93,62,-3761,-4456,244,939,100.0,6.7,55.4,0.5,59.0,16.2,4.2,7.6,13.2,1.2,6.3,0.9,0.8,86.3,92.3,13.7,7.7,308,16,12,9,109,38,44,44,43,27,36,10,4,235,157,14.6,51.1,23.3,60.9,13.5,51.0,21.5,60.7,(CONTRACTS OF EUR 125,000),099741,CME ,099 ,F10,FutOnly
EURO FX - CHICAGO MERCANTILE EXCHANGE,210727,2021-07-27,099741,CME,00,099,678008,44381,375205,3660,401410,113184,28706,53235,86419,8773,40323,6264,5034,585522,627245,92486,50763,-5067,834,-11672,28,-11683,4258,1764,-1487,-2039,2444,-1079,1182,660,-8519,-3375,3452,-1692,100.0,6.5,55.3,0.5,59.2,16.7,4.2,7.9,12.7,1.3,5.9,0.9,0.7,86.4,92.5,13.6,7.5,310,17,14,9,110,38,45,42,46,23,33,10,5,229,163,14.7,51.2,23.6,60.8,13.5,51.0,21.7,60.6,(CONTRACTS OF EUR 125,000),099741,CME ,099 ,F10,FutOnly
EURO FX - CHICAGO MERCANTILE EXCHANGE,210720,2021-07-20,099741,CME,00,099,683075,43547,386877,3632,413093,108926,26942,54722,88458,6329,41402,5082,4374,594041,630620,89034,52455,-5877,18265,-26663,-940,-13504,12577,353,-5000,6595,-21,-2191,-18,-36,-3074,-8153,-2803,2276,100.0,6.4,56.6,0.5,60.5,15.9,3.9,8.0,12.9,0.9,6.1,0.7,0.6,87.0,92.3,13.0,7.7,313,18,14,8,109,37,46,42,52,22,32,9,4,229,164,15.0,51.9,24.5,61.8,13.8,51.7,22.5,61.6,(CONTRACTS OF EUR 125,000),099741,CME ,099 ,F10,FutOnly
EURO FX - CHICAGO MERCANTILE EXCHANGE,210713,2021-07-13,099741,CME,00,099,688952,25282,413540,4572,426597,96349,26589,59722,81863,6350,43593,5100,4410,597115,638773,91837,50179,-10431,779,-28116,1263,-18734,2289,896,7020,13211,-1670,1791,-1838,688,-7967,-13277,-2464,2846,100.0,3.7,60.0,0.7,61.9,14.0,3.9,8.7,11.9,0.9,6.3,0.7,0.6,86.7,92.7,13.3,7.3,308,15,15,8,112,34,47,42,47,20,34,9,4,229,158,15.8,55.2,25.2,65.1,14.6,55.0,23.4,64.9,(CONTRACTS OF EUR 125,000),099741,CME ,099 ,F10,FutOnly
EURO FX - CHICAGO MERCANTILE EXCHANGE,210706,2021-07-06,099741,CME,00,099,699383,24503,441656,3309,445331,94060,25693,52702,68652,8020,41802,6938,3722,605082,652050,94301,47333,1958,3346,-13798,-393,-4711,7300,970,1357,4557,517,1058,503,0,2144,-344,-186,2302,100.0,3.5,63.1,0.5,63.7,13.4,3.7,7.5,9.8,1.1,6.0,1.0,0.5,86.5,93.2,13.5,6.8,305,15,14,7,112,35,46,41,48,22,30,10,4,223,161,16.9,56.6,26.5,67.2,15.6,56.5,25.0,67.0,(CONTRACTS OF EUR 125,000),099741,CME ,099 ,F10,FutOnly
EURO FX - CHICAGO MERCANTILE EXCHANGE,210629,2021-06-29,099741,CME,00,099,697425,21157,455454,3702,450042,86760,24723,51345,64095,7503,40744,6435,3722,602938,652394,94487,45031,2621,1672,-2474,68,1255,2471,827,-1037,-4412,53,1880,2119,-16,4702,-1364,-2081,3985,100.0,3.0,65.3,0.5,64.5,12.4,3.5,7.4,9.2,1.1,5.8,0.9,0.5,86.5,93.5,13.5,6.5,302,13,14,7,114,33,46,43,45,23,31,9,4,225,157,16.8,57.9,26.4,68.2,15.5,57.7,24.9,67.9,(CONTRACTS OF EUR 125,000),099741,CME ,099 ,F10,FutOnly
EURO FX - CHICAGO MERCANTILE EXCHANGE,210622,2021-06-22,099741,CME,00,099,694804,19485,457928,3634,448787,84289,23896,52382,68507,7450,38864,4316,3738,598236,653758,96568,41046,82,3015,-43590,1308,-5934,16091,1166,3303,16685,3049,-4082,-1267,1579,3404,-4979,-3322,5061,100.0,2.8,65.9,0.5,64.6,12.1,3.4,7.5,9.9,1.1,5.6,0.6,0.5,86.1,94.1,13.9,5.9,295,10,16,8,113,32,46,41,44,22,31,8,5,222,154,16.8,58.1,26.4,68.3,15.7,57.9,24.9,68.1,(CONTRACTS OF EUR 125,000),099741,CME ,099 ,F10,FutOnly
EURO FX - CHICAGO MERCANTILE EXCHANGE,210615,2021-06-15,099741,CME,00,099,694722,16470,501518,2326,454721,68198,22730,49079,51822,4401,42946,5583,2159,594832,658737,99890,35985,-48437,-7371,-16387,-7596,1424,1814,-461,-14479,-18738,-4510,28,1552,-1540,-34505,-45866,-13932,-2571,100.0,2.4,72.2,0.3,65.5,9.8,3.3,7.1,7.5,0.6,6.2,0.8,0.3,85.6,94.8,14.4,5.2,296,10,16,7,117,26,45,40,43,20,35,9,5,226,147,16.5,61.3,26.2,74.2,15.4,61.1,24.7,74.0,(CONTRACTS OF EUR 125,000),099741,CME ,099 ,F10,FutOnly
EURO FX - CHICAGO MERCANTILE EXCHANGE,210608,2021-06-08,099741,CME,00,099,743159,23841,517905,9922,453297,66384,23191,63558,70560,8911,42918,4031,3699,629337,704603,113822,38556,1080,-3531,-3718,7524,1219,-1491,-1698,-6002,837,-495,2299,-569,-1,-685,389,1765,691,100.0,3.2,69.7,1.3,61.0,8.9,3.1,8.6,9.5,1.2,5.8,0.5,0.5,84.7,94.8,15.3,5.2,302,12,18,11,116,25,45,45,41,24,36,7,5,239,148,15.6,58.3,24.7,70.3,14.5,58.1,23.3,70.1,(CONTRACTS OF EUR 125,000),099741,CME ,099 ,F10,FutOnly
EURO FX - CHICAGO MERCANTILE EXCHANGE,210601,2021-06-01,099741,CME,00,099,742079,27372,521623,2398,452078,67875,24889,69560,69723,9406,40619,4600,3700,630022,704214,112057,37865,3941,-304,5379,79,6295,468,-280,-1421,-3761,459,-1435,-625,-32,3361,1687,580,2254,100.0,3.7,70.3,0.3,60.9,9.1,3.4,9.4,9.4,1.3,5.5,0.6,0.5,84.9,94.9,15.1,5.1,307,15,14,9,116,28,44,52,37,24,36,8,5,243,146,15.0,58.2,24.2,70.8,13.9,58.1,22.7,70.6,(CONTRACTS OF EUR 125,000),099741,CME ,099 ,F10,FutOnly
EURO FX - CHICAGO MERCANTILE EXCHANGE,210525,2021-05-25,099741,CME,00,099,738138,27676,516244,2319,445783,67407,25169,70981,73484,8947,42054,5225,3732,626661,702527,111477,35611,10507,-147,9138,-64,5397,1217,79,562,-254,1361,1136,-333,-33,8291,11111,2216,-604,100.0,3.7,69.9,0.3,60.4,9.1,3.4,9.6,10.0,1.2,5.7,0.7,0.5,84.9,95.2,15.1,4.8,315,14,16,9,116,28,44,55,38,25,38,9,5,245,153,14.9,57.9,24.1,70.5,13.8,57.7,22.6,70.2,(CONTRACTS OF EUR 125,000),099741,CME ,099 ,F10,FutOnly
EURO FX - CHICAGO MERCANTILE EXCHANGE,210518,2021-05-18,099741,CME,00,099,727631,27823,507106,2383,440386,66190,25090,70419,73738,7586,40918,5558,3765,618370,691416,109261,36215,30420,-495,30339,194,33700,-1160,-4351,-1711,4035,186,10,338,-251,27282,29330,3138,1090,100.0,3.8,69.7,0.3,60.5,9.1,3.4,9.7,10.1,1.0,5.6,0.8,0.5,85.0,95.0,15.0,5.0,313,14,16,9,117,29,45,52,36,22,37,11,6,244,151,15.1,58.4,24.4,70.9,13.9,58.3,22.9,70.6,(CONTRACTS OF EUR 125,000),099741,CME ,099 ,F10,FutOnly
EURO FX - CHICAGO MERCANTILE EXCHANGE,210511,2021-05-11,099741,CME,00,099,697211,28318,476767,2189,406686,67350,29441,72130,69703,7400,40908,5220,4016,591088,662086,106123,35125,19814,-8710,16635,-328,8003,1402,1079,12149,5902,-39,-161,1011,-1383,10610,24279,9204,-4465,100.0,4.1,68.4,0.3,58.3,9.7,4.2,10.3,10.0,1.1,5.9,0.7,0.6,84.8,95.0,15.2,5.0,312,14,15,7,117,27,48,56,38,23,34,10,7,244,153,13.7,59.2,22.1,71.3,12.5,59.1,20.2,71.2,(CONTRACTS OF EUR 125,000),099741,CME ,099 ,F10,FutOnly
EURO FX - CHICAGO MERCANTILE EXCHANGE,210504,2021-05-04,099741,CME,00,099,677397,37028,460132,2517,398683,65948,28362,59981,63801,7439,41069,4209,5399,580478,637807,96919,39590,5325,-488,2955,178,2621,-169,276,-3341,441,2031,1970,-2,1118,4365,6828,960,-1503,100.0,5.5,67.9,0.4,58.9,9.7,4.2,8.9,9.4,1.1,6.1,0.6,0.8,85.7,94.2,14.3,5.8,305,13,15,7,115,27,45,46,46,23,35,7,7,233,154,14.1,59.2,22.5,71.9,12.9,59.0,20.6,71.7,(CONTRACTS OF EUR 125,000),099741,CME ,099 ,F10,FutOnly
EURO FX - CHICAGO MERCANTILE EXCHANGE,210427,2021-04-27,099741,CME,00,099,672072,37516,457177,2339,396062,66117,28086,63322,63360,5408,39099,4211,4281,576113,630979,95959,41093,10432,4113,8092,119,2302,2800,-643,1766,1820,-489,-1610,301,397,5955,12397,4477,-1965,100.0,5.6,68.0,0.3,58.9,9.8,4.2,9.4,9.4,0.8,5.8,0.6,0.6,85.7,93.9,14.3,6.1,302,15,14,7,115,28,48,49,39,24,35,7,7,237,151,14.2,59.6,22.4,72.1,13.0,59.4,20.8,71.9,(CONTRACTS OF EUR 125,000),099741,CME ,099 ,F10,FutOnly
EURO FX - CHICAGO MERCANTILE EXCHANGE,210420,2021-04-20,099741,CME,00,099,661640,33403,449085,2220,393760,63317,28729,61556,61540,5897,40709,3910,3884,570158,618582,91482,43058,12959,-571,27165,-162,282,-9568,2572,6282,-3949,-866,2588,574,59,10184,15825,2775,-2866,100.0,5.0,67.9,0.3,59.5,9.6,4.3,9.3,9.3,0.9,6.2,0.6,0.6,86.2,93.5,13.8,6.5,299,14,15,6,116,26,46,49,37,24,36,6,7,237,145,14.5,59.0,23.1,71.9,13.3,58.8,21.6,71.7,(CONTRACTS OF EUR 125,000),099741,CME ,099 ,F10,FutOnly
EURO FX - CHICAGO MERCANTILE EXCHANGE,210413,2021-04-13,099741,CME,00,099,648681,33974,421920,2382,393478,72885,26157,55274,65489,6763,38121,3336,3825,559974,602757,88707,45924,6010,-458,7493,810,2545,-3938,1202,2068,194,1061,-306,664,74,6996,7560,-986,-1550,100.0,5.2,65.0,0.4,60.7,11.2,4.0,8.5,10.1,1.0,5.9,0.5,0.6,86.3,92.9,13.7,7.1,292,13,12,6,110,32,46,46,41,24,33,5,6,225,149,14.6,57.2,24.2,70.5,13.5,57.0,22.4,70.3,(CONTRACTS OF EUR 125,000),099741,CME ,099 ,F10,FutOnly
EURO FX - CHICAGO MERCANTILE EXCHANGE,210406,2021-04-06,099741,CME,00,099,642671,34432,414427,1572,390933,76823,24955,53206,65295,5702,38427,2672,3751,552978,595197,89693,47474,-2450,-499,-2355,26,5893,-3059,-882,-3927,1382,-1046,-105,24,18,-522,-5892,-1928,3442,100.0,5.4,64.5,0.2,60.8,12.0,3.9,8.3,10.2,0.9,6.0,0.4,0.6,86.0,92.6,14.0,7.4,288,13,13,5,107,32,44,41,45,21,33,4,5,217,146,14.8,56.1,25.3,69.4,14.0,55.9,23.7,69.3,(CONTRACTS OF EUR 125,000),099741,CME ,099 ,F10,FutOnly
EURO FX - CHICAGO MERCANTILE EXCHANGE,210330,2021-03-30,099741,CME,00,099,645121,34931,416782,1546,385040,79882,25837,57133,63913,6748,38532,2648,3733,553500,601089,91621,44032,3693,7678,-14223,166,-13799,10558,641,5681,5799,503,-363,-59,-161,346,3224,3347,469,100.0,5.4,64.6,0.2,59.7,12.4,4.0,8.9,9.9,1.0,6.0,0.4,0.6,85.8,93.2,14.2,6.8,291,13,14,6,105,36,46,45,44,22,30,4,6,218,153,14.5,56.2,25.2,69.4,13.8,56.1,23.6,69.2,(CONTRACTS OF EUR 125,000),099741,CME ,099 ,F10,FutOnly
EURO FX - CHICAGO MERCANTILE EXCHANGE,210323,2021-03-23,099741,CME,00,099,641428,27253,431005,1380,398839,69324,25196,51452,58114,6245,38895,2707,3894,553154,597865,88274,43563,2451,542,457,-538,-5737,2403,2066,2540,-2621,1052,1514,-1672,-2,1437,1145,1014,1306,100.0,4.2,67.2,0.2,62.2,10.8,3.9,8.0,9.1,1.0,6.1,0.4,0.6,86.2,93.2,13.8,6.8,292,11,14,5,111,31,49,41,47,19,33,4,8,217,156,15.6,58.7,26.4,71.7,14.5,58.6,25.0,71.6,(CONTRACTS OF EUR 125,000),099741,CME ,099 ,F10,FutOnly
EURO FX - CHICAGO MERCANTILE EXCHANGE,210316,2021-03-16,099741,CME,00,099,638977,26711,430548,1918,404576,66921,23130,48912,60735,5193,37381,4379,3896,551717,596720,87260,42257,-83146,-6788,-13797,-51551,9649,-3807,357,-15335,-3438,-10770,1137,-770,-580,-73881,-84356,-9265,1210,100.0,4.2,67.4,0.3,63.3,10.5,3.6,7.7,9.5,0.8,5.9,0.7,0.6,86.3,93.4,13.7,6.6,286,12,12,6,111,29,47,42,44,21,30,6,6,216,150,15.5,59.0,26.6,72.1,14.6,58.9,25.3,71.9,(CONTRACTS OF EUR 125,000),099741,CME ,099 ,F10,FutOnly
EURO FX - CHICAGO MERCANTILE EXCHANGE,210309,2021-03-09,099741,CME,00,099,722123,33499,444345,53469,394927,70728,22773,64247,64173,15963,36244,5149,4476,625598,681076,96525,41047,23894,2476,-22876,29395,-7419,5431,-2916,-9175,8979,5490,322,208,67,18240,23778,5654,116,100.0,4.6,61.5,7.4,54.7,9.8,3.2,8.9,8.9,2.2,5.0,0.7,0.6,86.6,94.3,13.4,5.7,290,16,12,12,112,31,45,43,38,29,31,7,9,232,153,16.0,63.1,25.8,72.6,13.0,58.0,21.3,65.8,(CONTRACTS OF EUR 125,000),099741,CME ,099 ,F10,FutOnly
EURO FX - CHICAGO MERCANTILE EXCHANGE,210302,2021-03-02,099741,CME,00,099,698229,31023,467221,24074,402346,65297,25689,73422,55194,10473,35922,4941,4409,607358,657298,90871,40931,1313,2420,-16470,481,181,7807,2050,1330,1188,4718,-5360,-66,-100,5720,-392,-4407,1705,100.0,4.4,66.9,3.4,57.6,9.4,3.7,10.5,7.9,1.5,5.1,0.7,0.6,87.0,94.1,13.0,5.9,304,12,16,9,121,28,45,48,38,27,33,8,5,236,154,14.2,65.4,24.0,73.9,13.4,62.2,21.8,70.6,(CONTRACTS OF EUR 125,000),099741,CME ,099 ,F10,FutOnly
EURO FX - CHICAGO MERCANTILE EXCHANGE,210223,2021-02-23,099741,CME,00,099,696916,28603,483691,23593,402165,57490,23639,72092,54006,5755,41282,5007,4509,601638,657690,95278,39226,21155,472,4381,9867,6135,867,-129,3956,5298,160,-1936,383,238,18763,21065,2392,90,100.0,4.1,69.4,3.4,57.7,8.2,3.4,10.3,7.7,0.8,5.9,0.7,0.6,86.3,94.4,13.7,5.6,302,14,15,9,118,26,41,49,36,26,36,8,5,239,144,14.5,66.9,24.1,75.0,13.8,63.9,22.8,71.8,(CONTRACTS OF EUR 125,000),099741,CME ,099 ,F10,FutOnly
EURO FX - CHICAGO MERCANTILE EXCHANGE,210216,2021-02-16,099741,CME,00,099,675761,28131,479310,13726,396030,56623,23768,68136,48708,5595,43218,4624,4271,582875,636625,92886,39136,2645,-1508,2414,1842,9575,3244,-358,-2762,273,-744,-1307,52,-50,4688,6673,-2043,-4028,100.0,4.2,70.9,2.0,58.6,8.4,3.5,10.1,7.2,0.8,6.4,0.7,0.6,86.3,94.2,13.7,5.8,302,16,13,9,117,27,43,53,30,25,39,7,5,245,139,15.0,67.2,24.1,75.5,14.3,65.6,23.2,73.6,(CONTRACTS OF EUR 125,000),099741,CME ,099 ,F10,FutOnly
EURO FX - CHICAGO MERCANTILE EXCHANGE,210209,2021-02-09,099741,CME,00,099,673116,29639,476896,11884,386455,53379,24126,70898,48435,6339,44525,4572,4321,578187,629952,94929,43164,-2404,-5063,556,1759,5040,-1341,-762,-2632,-2974,-123,-384,680,70,-2095,-2135,-309,-269,100.0,4.4,70.8,1.8,57.4,7.9,3.6,10.5,7.2,0.9,6.6,0.7,0.6,85.9,93.6,14.1,6.4,298,14,12,9,117,27,44,52,31,27,38,7,5,240,143,15.0,67.4,24.0,75.7,14.3,65.9,23.1,74.0,(CONTRACTS OF EUR 125,000),099741,CME ,099 ,F10,FutOnly
EURO FX - CHICAGO MERCANTILE EXCHANGE,210202,2021-02-02,099741,CME,00,099,675520,34702,476340,10125,381415,54720,24888,73530,51409,6462,44909,3892,4251,580282,632087,95238,43433,-1912,-633,-18330,3852,-7622,-830,1928,-2927,4488,2600,684,695,185,-1933,-5412,21,3500,100.0,5.1,70.5,1.5,56.5,8.1,3.7,10.9,7.6,1.0,6.6,0.6,0.6,85.9,93.6,14.1,6.4,298,15,11,10,112,29,50,50,36,23,39,6,6,239,148,15.5,66.7,24.2,75.4,14.9,65.5,23.0,74.0,(CONTRACTS OF EUR 125,000),099741,CME ,099 ,F10,FutOnly
EURO FX - CHICAGO MERCANTILE EXCHANGE,210126,2021-01-26,099741,CME,00,099,677432,35335,494670,6273,389037,55550,22960,76457,46921,3862,44225,3197,4066,582215,637499,95217,39933,917,2791,2278,636,1033,-1345,594,-3640,-1932,97,1993,-452,204,3708,80,-2791,837,100.0,5.2,73.0,0.9,57.4,8.2,3.4,11.3,6.9,0.6,6.5,0.5,0.6,85.9,94.1,14.1,5.9,297,15,11,10,113,28,45,52,32,20,38,7,6,237,141,14.8,68.0,23.7,76.6,14.1,67.4,22.7,75.9,(CONTRACTS OF EUR 125,000),099741,CME ,099 ,F10,FutOnly
EURO FX - CHICAGO MERCANTILE EXCHANGE,210119,2021-01-19,099741,CME,00,099,676515,32544,492392,5637,388004,56895,22366,80097,48853,3765,42232,3649,3862,578507,637419,98008,39096,-1437,895,13044,-455,-9607,-12880,-679,7978,390,-1420,2160,-128,3,-1125,-2125,-312,688,100.0,4.8,72.8,0.8,57.4,8.4,3.3,11.8,7.2,0.6,6.2,0.5,0.6,85.5,94.2,14.5,5.8,290,13,12,10,112,27,44,51,31,16,36,8,6,229,137,14.8,67.8,23.7,76.5,14.1,67.3,22.5,75.8,(CONTRACTS OF EUR 125,000),099741,CME ,099 ,F10,FutOnly
EURO FX - CHICAGO MERCANTILE EXCHANGE,210112,2021-01-12,099741,CME,00,099,677952,31649,479348,6092,397611,69775,23045,72119,48463,5185,40072,3777,3859,579632,639544,98320,38408,4420,-2480,5519,-152,-956,2203,1008,4276,-6514,1304,-2054,-784,1,947,2585,3473,1835,100.0,4.7,70.7,0.9,58.6,10.3,3.4,10.6,7.1,0.8,5.9,0.6,0.6,85.5,94.3,14.5,5.7,284,12,12,9,110,30,42,52,27,20,33,8,6,224,137,15.5,67.8,24.8,76.3,14.8,67.3,23.7,75.6,(CONTRACTS OF EUR 125,000),099741,CME ,099 ,F10,FutOnly
EURO FX - CHICAGO MERCANTILE EXCHANGE,210105,2021-01-05,099741,CME,00,099,673532,34129,473829,6244,398567,67572,22037,67843,54977,3881,42126,4561,3858,578685,636959,94847,36573,1889,1838,1496,-446,786,-2388,744,-391,3353,-902,-410,-1060,1402,2621,2199,-732,-310,100.0,5.1,70.3,0.9,59.2,10.0,3.3,10.1,8.2,0.6,6.3,0.7,0.6,85.9,94.6,14.1,5.4,296,14,11,8,112,27,41,57,34,19,33,8,6,231,139,15.5,67.6,24.8,76.1,14.8,67.1,23.6,75.4,(CONTRACTS OF EUR 125,000),099741,CME ,099 ,F10,FutOnly
EURO FX/BRITISH POUND XRATE - CHICAGO MERCANTILE EXCHANGE,211228,2021-12-28,299741,CME,00,099,32372,1349,12364,0,14685,7421,2657,432,3740,0,0,0,0,19123,26182,13249,6190,420,0,0,0,2,141,0,0,-435,-6,0,0,0,-4,-300,424,720,100.0,4.2,38.2,0.0,45.4,22.9,8.2,1.3,11.6,0.0,0.0,0.0,0.0,59.1,80.9,40.9,19.1,25,.,.,0,16,5,9,.,.,0,0,0,0,20,14,18.9,64.7,35.4,78.3,18.9,64.5,33.8,72.7,(CONTRACTS OF EUR 125,000),299741,CME ,099 ,F10,FutOnly
EURO FX/BRITISH POUND XRATE - CHICAGO MERCANTILE EXCHANGE,211221,2021-12-21,299741,CME,00,099,31952,1349,12364,0,14683,7280,2657,432,4175,6,0,0,0,19127,26482,12825,5470,-660,32,-3,0,-140,-1059,9,0,-802,0,0,0,0,-99,-1855,-561,1195,100.0,4.2,38.7,0.0,46.0,22.8,8.3,1.4,13.1,0.0,0.0,0.0,0.0,59.9,82.9,40.1,17.1,26,.,.,0,16,5,9,.,.,.,0,0,0,21,15,19.2,65.2,35.9,78.9,19.2,65.0,34.3,74.5,(CONTRACTS OF EUR 125,000),299741,CME ,099 ,F10,FutOnly
EURO FX/BRITISH POUND XRATE - CHICAGO MERCANTILE EXCHANGE,211214,2021-12-14,299741,CME,00,099,32612,1317,12367,0,14823,8339,2648,432,4977,6,0,0,0,19226,28337,13386,4275,-4596,428,702,-1548,-62,-570,-1,-97,52,-1683,0,0,0,-2963,-3048,-1633,-1548,100.0,4.0,37.9,0.0,45.5,25.6,8.1,1.3,15.3,0.0,0.0,0.0,0.0,59.0,86.9,41.0,13.1,27,.,.,0,16,5,9,.,.,.,0,0,0,21,16,18.8,67.2,35.5,81.2,18.8,66.9,33.9,77.2,(CONTRACTS OF EUR 125,000),299741,CME ,099 ,F10,FutOnly
EURO FX/BRITISH POUND XRATE - CHICAGO MERCANTILE EXCHANGE,211207,2021-12-07,299741,CME,00,099,37208,889,11665,1548,14885,8909,2649,529,4925,1689,0,0,0,22189,31385,15019,5823,4281,-51,30,1548,541,-559,92,97,737,1689,0,0,0,3916,3537,365,744,100.0,2.4,31.4,4.2,40.0,23.9,7.1,1.4,13.2,4.5,0.0,0.0,0.0,59.6,84.4,40.4,15.6,30,.,.,.,16,5,10,.,.,.,0,0,0,26,20,16.6,57.1,31.8,73.5,16.5,55.0,28.8,65.7,(CONTRACTS OF EUR 125,000),299741,CME ,099 ,F10,FutOnly
EURO FX/BRITISH POUND XRATE - CHICAGO MERCANTILE EXCHANGE,211130,2021-11-30,299741,CME,00,099,32927,940,11635,0,14344,9468,2557,432,4188,0,0,0,0,18273,27848,14654,5079,133,-406,0,0,211,206,0,0,424,0,0,0,0,-195,630,328,-497,100.0,2.9,35.3,0.0,43.6,28.8,7.8,1.3,12.7,0.0,0.0,0.0,0.0,55.5,84.6,44.5,15.4,26,.,.,0,15,5,8,.,.,0,0,0,0,19,15,18.6,64.2,34.1,79.5,18.4,63.9,32.2,75.5,(CONTRACTS OF EUR 125,000),299741,CME ,099 ,F10,FutOnly
EURO FX/BRITISH POUND XRATE - CHICAGO MERCANTILE EXCHANGE,211123,2021-11-23,299741,CME,00,099,32794,1346,11635,0,14133,9262,2557,432,3764,0,0,0,0,18468,27218,14326,5576,437,4,16,0,519,-135,3,-534,-419,-4,0,0,0,-12,-539,449,976,100.0,4.1,35.5,0.0,43.1,28.2,7.8,1.3,11.5,0.0,0.0,0.0,0.0,56.3,83.0,43.7,17.0,26,.,.,0,15,5,8,.,.,0,0,0,0,20,14,18.7,63.7,34.3,79.2,18.6,63.4,32.4,75.2,(CONTRACTS OF EUR 125,000),299741,CME ,099 ,F10,FutOnly
EURO FX/BRITISH POUND XRATE - CHICAGO MERCANTILE EXCHANGE,211116,2021-11-16,299741,CME,00,099,32357,1342,11619,0,13614,9397,2554,966,4183,4,0,0,0,18480,27757,13877,4600,-1233,402,0,0,477,-698,-64,-1086,505,4,0,0,0,-267,-253,-966,-980,100.0,4.1,35.9,0.0,42.1,29.0,7.9,3.0,12.9,0.0,0.0,0.0,0.0,57.1,85.8,42.9,14.2,27,.,.,0,14,5,7,.,.,.,0,0,0,21,15,19.0,64.8,34.6,80.4,18.8,64.4,32.7,76.4,(CONTRACTS OF EUR 125,000),299741,CME ,099 ,F10,FutOnly
EURO FX/BRITISH POUND XRATE - CHICAGO MERCANTILE EXCHANGE,211109,2021-11-09,299741,CME,00,099,33590,940,11619,0,13137,10095,2618,2052,3678,0,0,0,0,18747,28010,14843,5580,205,-67,24,0,504,34,-13,-173,0,0,0,0,0,251,45,-46,160,100.0,2.8,34.6,0.0,39.1,30.1,7.8,6.1,10.9,0.0,0.0,0.0,0.0,55.8,83.4,44.2,16.6,24,.,.,0,13,5,8,.,.,0,0,0,0,18,14,18.7,64.5,35.2,79.5,18.6,64.2,33.4,75.6,(CONTRACTS OF EUR 125,000),299741,CME ,099 ,F10,FutOnly
EURO FX/BRITISH POUND XRATE - CHICAGO MERCANTILE EXCHANGE,211102,2021-11-02,299741,CME,00,099,33385,1007,11595,0,12633,10061,2631,2225,3678,0,0,0,0,18496,27965,14889,5420,643,137,-12,0,-211,969,32,212,7,0,0,0,0,170,996,473,-353,100.0,3.0,34.7,0.0,37.8,30.1,7.9,6.7,11.0,0.0,0.0,0.0,0.0,55.4,83.8,44.6,16.2,25,.,.,0,13,5,8,.,.,0,0,0,0,19,14,18.2,65.0,33.3,79.8,17.9,64.6,31.5,75.9,(CONTRACTS OF EUR 125,000),299741,CME ,099 ,F10,FutOnly
EURO FX/BRITISH POUND XRATE - CHICAGO MERCANTILE EXCHANGE,211026,2021-10-26,299741,CME,00,099,32742,870,11607,0,12844,9092,2599,2013,3671,0,0,0,0,18326,26969,14416,5773,1415,271,-24,0,16,1903,0,1609,0,0,-800,0,0,1096,1879,319,-464,100.0,2.7,35.4,0.0,39.2,27.8,7.9,6.1,11.2,0.0,0.0,0.0,0.0,56.0,82.4,44.0,17.6,25,.,.,0,13,5,8,.,.,0,0,0,0,19,14,19.2,63.1,33.4,78.4,19.1,62.9,31.3,74.4,(CONTRACTS OF EUR 125,000),299741,CME ,099 ,F10,FutOnly
EURO FX/BRITISH POUND XRATE - CHICAGO MERCANTILE EXCHANGE,211019,2021-10-19,299741,CME,00,099,31327,599,11631,0,12828,7189,2599,404,3671,0,800,0,0,17230,25090,14097,6237,335,599,0,0,135,-22,-37,404,-21,0,0,0,0,1101,-80,-766,415,100.0,1.9,37.1,0.0,40.9,22.9,8.3,1.3,11.7,0.0,2.6,0.0,0.0,55.0,80.1,45.0,19.9,24,.,.,0,13,5,8,.,.,0,.,0,0,18,14,20.4,60.0,34.9,75.9,20.3,59.7,32.7,71.8,(CONTRACTS OF EUR 125,000),299741,CME ,099 ,F10,FutOnly
EURO FX/BRITISH POUND XRATE - CHICAGO MERCANTILE EXCHANGE,211012,2021-10-12,299741,CME,00,099,30992,0,11631,0,12693,7211,2636,0,3692,0,800,0,0,16129,25170,14863,5822,945,0,0,0,33,458,0,0,-18,0,0,0,0,33,440,912,505,100.0,0.0,37.5,0.0,41.0,23.3,8.5,0.0,11.9,0.0,2.6,0.0,0.0,52.0,81.2,48.0,18.8,22,0,.,0,13,5,7,0,.,0,.,0,0,16,13,21.4,60.8,35.0,76.8,21.3,60.6,32.8,72.7,(CONTRACTS OF EUR 125,000),299741,CME ,099 ,F10,FutOnly
EURO FX/BRITISH POUND XRATE - CHICAGO MERCANTILE EXCHANGE,211005,2021-10-05,299741,CME,00,099,30047,0,11631,0,12660,6753,2636,0,3710,0,800,0,0,16096,24730,13951,5317,-103,0,0,0,-159,-81,0,0,0,0,0,0,0,-159,-81,56,-22,100.0,0.0,38.7,0.0,42.1,22.5,8.8,0.0,12.3,0.0,2.7,0.0,0.0,53.6,82.3,46.4,17.7,22,0,.,0,13,5,7,0,.,0,.,0,0,16,13,22.0,61.3,36.1,77.8,21.9,61.1,33.7,73.5,(CONTRACTS OF EUR 125,000),299741,CME ,099 ,F10,FutOnly
EURO FX/BRITISH POUND XRATE - CHICAGO MERCANTILE EXCHANGE,210928,2021-09-28,299741,CME,00,099,30150,0,11631,0,12819,6834,2636,0,3710,0,800,0,0,16255,24811,13895,5339,680,0,21,0,179,631,-48,0,0,0,0,0,0,131,604,549,76,100.0,0.0,38.6,0.0,42.5,22.7,8.7,0.0,12.3,0.0,2.7,0.0,0.0,53.9,82.3,46.1,17.7,22,0,.,0,13,5,7,0,.,0,.,0,0,16,13,21.3,61.3,36.3,77.8,21.2,61.1,34.3,73.5,(CONTRACTS OF EUR 125,000),299741,CME ,099 ,F10,FutOnly
EURO FX/BRITISH POUND XRATE - CHICAGO MERCANTILE EXCHANGE,210921,2021-09-21,299741,CME,00,099,29470,0,11610,0,12640,6203,2684,0,3710,0,800,0,0,16124,24207,13346,5263,917,0,119,0,82,371,23,0,46,0,0,0,0,105,559,812,358,100.0,0.0,39.4,0.0,42.9,21.0,9.1,0.0,12.6,0.0,2.7,0.0,0.0,54.7,82.1,45.3,17.9,22,0,.,0,13,5,7,0,.,0,.,0,0,16,13,21.5,60.6,37.1,77.5,21.4,60.3,35.2,73.0,(CONTRACTS OF EUR 125,000),299741,CME ,099 ,F10,FutOnly
EURO FX/BRITISH POUND XRATE - CHICAGO MERCANTILE EXCHANGE,210914,2021-09-14,299741,CME,00,099,28553,0,11491,0,12558,5832,2661,0,3664,0,800,0,0,16019,23648,12534,4905,-4243,-468,1861,-1263,427,1054,-1,-475,-3720,-1468,0,0,0,-3248,-3537,-995,-706,100.0,0.0,40.2,0.0,44.0,20.4,9.3,0.0,12.8,0.0,2.8,0.0,0.0,56.1,82.8,43.9,17.2,22,0,.,0,12,6,7,0,.,0,.,0,0,16,13,22.2,60.4,38.3,78.0,22.1,60.2,36.4,73.4,(CONTRACTS OF EUR 125,000),299741,CME ,099 ,F10,FutOnly
EURO FX/BRITISH POUND XRATE - CHICAGO MERCANTILE EXCHANGE,210907,2021-09-07,299741,CME,00,099,32796,468,9630,1263,12131,4778,2662,475,7384,1468,800,0,0,19267,27185,13529,5611,2171,0,4,1263,15,-1832,0,0,3586,266,0,0,0,1544,3287,627,-1116,100.0,1.4,29.4,3.9,37.0,14.6,8.1,1.4,22.5,4.5,2.4,0.0,0.0,58.7,82.9,41.3,17.1,28,.,.,.,12,5,7,.,6,.,.,0,0,22,17,19.4,54.3,34.3,69.3,19.3,47.3,30.4,59.3,(CONTRACTS OF EUR 125,000),299741,CME ,099 ,F10,FutOnly
EURO FX/BRITISH POUND XRATE - CHICAGO MERCANTILE EXCHANGE,210831,2021-08-31,299741,CME,00,099,30625,468,9626,0,12116,6610,2662,475,3798,1202,800,0,0,17723,23898,12902,6727,-37,468,0,0,-4,253,0,0,-76,6,0,0,0,470,183,-507,-220,100.0,1.5,31.4,0.0,39.6,21.6,8.7,1.6,12.4,3.9,2.6,0.0,0.0,57.9,78.0,42.1,22.0,24,.,.,0,12,5,7,.,.,.,.,0,0,19,13,20.7,54.9,35.4,72.3,20.6,54.7,32.5,65.3,(CONTRACTS OF EUR 125,000),299741,CME ,099 ,F10,FutOnly
EURO FX/BRITISH POUND XRATE - CHICAGO MERCANTILE EXCHANGE,210824,2021-08-24,299741,CME,00,099,30662,0,9626,0,12120,6357,2662,475,3874,1196,800,0,0,17253,23715,13409,6947,548,0,-1,0,11,418,55,2,36,0,0,0,0,68,508,480,40,100.0,0.0,31.4,0.0,39.5,20.7,8.7,1.5,12.6,3.9,2.6,0.0,0.0,56.3,77.3,43.7,22.7,23,0,.,0,12,5,7,.,.,.,.,0,0,18,13,20.7,53.9,35.4,71.6,20.6,53.7,32.4,64.7,(CONTRACTS OF EUR 125,000),299741,CME ,099 ,F10,FutOnly
EURO FX/BRITISH POUND XRATE - CHICAGO MERCANTILE EXCHANGE,210817,2021-08-17,299741,CME,00,099,30114,0,9627,0,12109,5939,2607,473,3838,1196,800,0,0,17185,23207,12929,6907,203,0,-1,0,56,487,43,-12,-369,12,0,0,0,99,172,104,31,100.0,0.0,32.0,0.0,40.2,19.7,8.7,1.6,12.7,4.0,2.7,0.0,0.0,57.1,77.1,42.9,22.9,23,0,.,0,12,5,7,.,.,.,.,0,0,18,13,21.1,53.9,36.0,71.3,21.0,53.6,33.0,64.4,(CONTRACTS OF EUR 125,000),299741,CME ,099 ,F10,FutOnly
EURO FX/BRITISH POUND XRATE - CHICAGO MERCANTILE EXCHANGE,210810,2021-08-10,299741,CME,00,099,29911,0,9628,0,12053,5452,2564,485,4207,1184,800,0,0,17086,23035,12825,6876,-236,0,14,0,-49,-38,13,12,-258,-12,0,0,0,-36,-281,-200,45,100.0,0.0,32.2,0.0,40.3,18.2,8.6,1.6,14.1,4.0,2.7,0.0,0.0,57.1,77.0,42.9,23.0,24,0,.,0,12,5,7,.,.,.,.,0,0,18,14,21.0,52.8,36.0,69.8,20.9,52.6,33.0,64.2,(CONTRACTS OF EUR 125,000),299741,CME ,099 ,F10,FutOnly
EURO FX/BRITISH POUND XRATE - CHICAGO MERCANTILE EXCHANGE,210803,2021-08-03,299741,CME,00,099,30147,0,9614,0,12102,5490,2551,473,4465,1196,800,0,0,17122,23316,13025,6831,367,0,1,0,-12,465,0,0,44,0,0,0,0,-12,510,379,-143,100.0,0.0,31.9,0.0,40.1,18.2,8.5,1.6,14.8,4.0,2.7,0.0,0.0,56.8,77.3,43.2,22.7,24,0,.,0,12,5,7,.,.,.,.,0,0,18,14,21.1,52.3,35.9,69.5,21.0,52.1,32.9,64.4,(CONTRACTS OF EUR 125,000),299741,CME ,099 ,F10,FutOnly
EURO FX/BRITISH POUND XRATE - CHICAGO MERCANTILE EXCHANGE,210727,2021-07-27,299741,CME,00,099,29780,0,9613,0,12114,5025,2551,473,4421,1196,800,0,0,17134,22806,12646,6974,-455,0,5,0,139,228,-268,-6,-123,0,0,0,0,-135,-158,-320,-297,100.0,0.0,32.3,0.0,40.7,16.9,8.6,1.6,14.8,4.0,2.7,0.0,0.0,57.5,76.6,42.5,23.4,24,0,.,0,12,5,7,.,.,.,.,0,0,18,14,21.4,52.9,36.4,68.5,21.3,52.6,33.4,63.6,(CONTRACTS OF EUR 125,000),299741,CME ,099 ,F10,FutOnly
EURO FX/BRITISH POUND XRATE - CHICAGO MERCANTILE EXCHANGE,210720,2021-07-20,299741,CME,00,099,30235,0,9608,0,11975,4797,2819,479,4544,1196,800,0,0,17269,22964,12966,7271,1066,0,25,0,796,108,-34,-28,489,28,0,0,0,762,616,304,450,100.0,0.0,31.8,0.0,39.6,15.9,9.3,1.6,15.0,4.0,2.6,0.0,0.0,57.1,76.0,42.9,24.0,24,0,.,0,12,5,7,.,.,.,.,0,0,18,14,20.9,52.0,35.6,68.2,20.6,51.0,32.5,61.6,(CONTRACTS OF EUR 125,000),299741,CME ,099 ,F10,FutOnly
EURO FX/BRITISH POUND XRATE - CHICAGO MERCANTILE EXCHANGE,210713,2021-07-13,299741,CME,00,099,29169,0,9583,0,11179,4689,2853,507,4055,1168,800,0,0,16507,22348,12662,6821,382,0,16,0,119,480,-6,28,-594,-28,0,0,0,113,-132,269,514,100.0,0.0,32.9,0.0,38.3,16.1,9.8,1.7,13.9,4.0,2.7,0.0,0.0,56.6,76.6,43.4,23.4,23,0,.,0,11,5,7,.,.,.,.,0,0,17,14,21.6,53.1,36.0,68.9,21.4,52.1,32.7,62.0,(CONTRACTS OF EUR 125,000),299741,CME ,099 ,F10,FutOnly
EURO FX/BRITISH POUND XRATE - CHICAGO MERCANTILE EXCHANGE,210706,2021-07-06,299741,CME,00,099,28787,0,9567,0,11060,4209,2859,479,4649,1196,800,0,0,16394,22480,12393,6307,21,0,0,0,103,12,175,0,-113,0,0,0,0,278,74,-257,-53,100.0,0.0,33.2,0.0,38.4,14.6,9.9,1.7,16.1,4.2,2.8,0.0,0.0,56.9,78.1,43.1,21.9,23,0,.,0,11,5,7,.,.,.,.,0,0,17,14,22.0,53.8,36.4,70.0,21.7,52.2,32.9,62.7,(CONTRACTS OF EUR 125,000),299741,CME ,099 ,F10,FutOnly
EURO FX/BRITISH POUND XRATE - CHICAGO MERCANTILE EXCHANGE,210629,2021-06-29,299741,CME,00,099,28766,0,9567,0,10957,4197,2684,479,4762,1196,800,0,0,16116,22406,12650,6360,272,0,0,0,-475,413,100,-6,107,0,0,0,0,-381,620,653,-348,100.0,0.0,33.3,0.0,38.1,14.6,9.3,1.7,16.6,4.2,2.8,0.0,0.0,56.0,77.9,44.0,22.1,23,0,.,0,11,5,7,.,.,.,.,0,0,17,14,21.9,53.6,36.3,70.2,21.6,52.0,32.8,62.9,(CONTRACTS OF EUR 125,000),299741,CME ,099 ,F10,FutOnly
EURO FX/BRITISH POUND XRATE - CHICAGO MERCANTILE EXCHANGE,210622,2021-06-22,299741,CME,00,099,28494,0,9567,0,11432,3784,2584,485,4655,1196,800,0,0,16497,21786,11997,6708,196,0,13,0,-42,837,0,0,-1233,0,0,0,0,-42,-383,238,579,100.0,0.0,33.6,0.0,40.1,13.3,9.1,1.7,16.3,4.2,2.8,0.0,0.0,57.9,76.5,42.1,23.5,22,0,.,0,11,4,7,.,.,.,.,0,0,17,13,23.7,54.5,38.3,70.2,23.4,52.8,34.8,63.1,(CONTRACTS OF EUR 125,000),299741,CME ,099 ,F10,FutOnly
EURO FX/BRITISH POUND XRATE - CHICAGO MERCANTILE EXCHANGE,210615,2021-06-15,299741,CME,00,099,28298,0,9554,0,11474,2947,2584,485,5888,1196,800,0,0,16539,22169,11759,6129,-320,0,3724,0,403,-413,1,356,-2531,-1033,0,0,0,-273,-252,-47,-68,100.0,0.0,33.8,0.0,40.5,10.4,9.1,1.7,20.8,4.2,2.8,0.0,0.0,58.4,78.3,41.6,21.7,23,0,.,0,11,4,7,.,4,.,.,0,0,17,14,24.1,54.3,38.8,71.0,23.8,53.2,35.3,62.6,(CONTRACTS OF EUR 125,000),299741,CME ,099 ,F10,FutOnly
EURO FX/BRITISH POUND XRATE - CHICAGO MERCANTILE EXCHANGE,210608,2021-06-08,299741,CME,00,099,28618,0,5830,0,11071,3360,2583,129,8419,2229,800,0,0,16812,22421,11806,6197,2597,0,119,0,428,-45,-23,129,497,2223,0,0,0,2757,2771,-160,-174,100.0,0.0,20.4,0.0,38.7,11.7,9.0,0.5,29.4,7.8,2.8,0.0,0.0,58.7,78.3,41.3,21.7,24,0,.,0,11,5,7,.,5,5,.,0,0,20,16,22.2,49.3,36.5,67.5,21.9,47.0,33.6,58.5,(CONTRACTS OF EUR 125,000),299741,CME ,099 ,F10,FutOnly
EURO FX/BRITISH POUND XRATE - CHICAGO MERCANTILE EXCHANGE,210601,2021-06-01,299741,CME,00,099,26021,0,5711,0,10643,3405,2606,0,7922,6,800,0,0,14055,19650,11966,6371,-562,0,101,0,-1023,-471,371,0,-374,6,0,0,0,-646,-367,84,-195,100.0,0.0,21.9,0.0,40.9,13.1,10.0,0.0,30.4,0.0,3.1,0.0,0.0,54.0,75.5,46.0,24.5,22,0,.,0,11,5,8,0,4,.,.,0,0,17,15,24.5,51.7,38.7,67.7,24.1,50.7,36.2,62.0,(CONTRACTS OF EUR 125,000),299741,CME ,099 ,F10,FutOnly
EURO FX/BRITISH POUND XRATE - CHICAGO MERCANTILE EXCHANGE,210525,2021-05-25,299741,CME,00,099,26583,0,5610,0,11666,3876,2235,0,8296,0,800,0,0,14701,20017,11882,6566,238,0,20,0,15,0,0,0,419,-1,0,0,0,14,438,224,-200,100.0,0.0,21.1,0.0,43.9,14.6,8.4,0.0,31.2,0.0,3.0,0.0,0.0,55.3,75.3,44.7,24.7,22,0,.,0,11,5,8,0,4,0,.,0,0,15,15,24.5,50.3,40.6,67.2,23.6,49.3,37.7,62.6,(CONTRACTS OF EUR 125,000),299741,CME ,099 ,F10,FutOnly
EURO FX/BRITISH POUND XRATE - CHICAGO MERCANTILE EXCHANGE,210518,2021-05-18,299741,CME,00,099,26345,0,5590,0,11651,3876,2235,0,7877,1,800,0,0,14687,19579,11658,6766,168,0,-5,0,410,-281,-100,0,684,0,0,0,0,310,298,-142,-130,100.0,0.0,21.2,0.0,44.2,14.7,8.5,0.0,29.9,0.0,3.0,0.0,0.0,55.7,74.3,44.3,25.7,22,0,.,0,11,5,8,0,4,.,.,0,0,16,15,24.8,49.7,40.9,66.2,23.9,48.7,38.0,61.5,(CONTRACTS OF EUR 125,000),299741,CME ,099 ,F10,FutOnly
EURO FX/BRITISH POUND XRATE - CHICAGO MERCANTILE EXCHANGE,210511,2021-05-11,299741,CME,00,099,26177,0,5595,0,11241,4157,2335,0,7193,1,800,0,0,14377,19281,11800,6896,7,0,-2,0,141,-2159,-117,0,1472,1,0,0,0,25,-805,-18,812,100.0,0.0,21.4,0.0,42.9,15.9,8.9,0.0,27.5,0.0,3.1,0.0,0.0,54.9,73.7,45.1,26.3,22,0,.,0,11,5,8,0,4,.,.,0,0,16,15,24.1,49.0,40.1,65.4,22.8,48.0,36.8,60.4,(CONTRACTS OF EUR 125,000),299741,CME ,099 ,F10,FutOnly
EURO FX/BRITISH POUND XRATE - CHICAGO MERCANTILE EXCHANGE,210504,2021-05-04,299741,CME,00,099,26170,0,5597,0,11100,6316,2452,0,5721,0,800,0,0,14352,20086,11818,6084,-222,0,14,0,-169,467,-11,0,-282,0,0,0,0,-180,188,-42,-410,100.0,0.0,21.4,0.0,42.4,24.1,9.4,0.0,21.9,0.0,3.1,0.0,0.0,54.8,76.8,45.2,23.2,24,0,.,0,11,8,9,0,.,0,.,0,0,16,17,23.6,47.1,39.7,65.4,22.3,46.3,36.3,60.0,(CONTRACTS OF EUR 125,000),299741,CME ,099 ,F10,FutOnly
EURO FX/BRITISH POUND XRATE - CHICAGO MERCANTILE EXCHANGE,210427,2021-04-27,299741,CME,00,099,26392,0,5583,0,11269,5849,2463,0,6003,0,800,0,0,14532,19898,11860,6494,184,0,-685,0,50,-78,-2,0,1115,0,0,0,0,48,350,136,-166,100.0,0.0,21.2,0.0,42.7,22.2,9.3,0.0,22.7,0.0,3.0,0.0,0.0,55.1,75.4,44.9,24.6,23,0,.,0,11,7,9,0,.,0,.,0,0,16,16,23.9,47.5,40.0,65.6,22.6,46.8,36.4,60.2,(CONTRACTS OF EUR 125,000),299741,CME ,099 ,F10,FutOnly
EURO FX/BRITISH POUND XRATE - CHICAGO MERCANTILE EXCHANGE,210420,2021-04-20,299741,CME,00,099,26208,0,6268,0,11219,5927,2465,0,4888,0,800,0,0,14484,19548,11724,6660,167,0,22,0,338,-16,-326,0,1169,0,0,0,0,12,849,155,-682,100.0,0.0,23.9,0.0,42.8,22.6,9.4,0.0,18.7,0.0,3.1,0.0,0.0,55.3,74.6,44.7,25.4,23,0,.,0,11,7,9,0,.,0,.,0,0,16,16,24.0,46.9,40.1,64.8,22.6,45.9,36.5,59.5,(CONTRACTS OF EUR 125,000),299741,CME ,099 ,F10,FutOnly
EURO FX/BRITISH POUND XRATE - CHICAGO MERCANTILE EXCHANGE,210413,2021-04-13,299741,CME,00,099,26041,0,6246,0,10881,5943,2791,0,3719,0,800,0,0,14472,18699,11569,7342,9,0,0,0,921,-1171,-328,0,278,0,0,0,0,593,-1221,-584,1230,100.0,0.0,24.0,0.0,41.8,22.8,10.7,0.0,14.3,0.0,3.1,0.0,0.0,55.6,71.8,44.4,28.2,22,0,.,0,11,7,9,0,.,0,.,0,0,16,15,24.1,47.1,40.4,62.5,21.8,45.4,35.6,57.2,(CONTRACTS OF EUR 125,000),299741,CME ,099 ,F10,FutOnly
EURO FX/BRITISH POUND XRATE - CHICAGO MERCANTILE EXCHANGE,210406,2021-04-06,299741,CME,00,099,26032,0,6246,0,9960,7114,3119,0,3441,0,800,0,0,13879,19920,12153,6112,-60,0,9,0,314,401,-214,0,-93,0,0,0,0,100,103,-160,-163,100.0,0.0,24.0,0.0,38.3,27.3,12.0,0.0,13.2,0.0,3.1,0.0,0.0,53.3,76.5,46.7,23.5,23,0,.,0,10,9,8,0,.,0,.,0,0,15,16,23.8,47.3,40.0,62.9,21.5,45.7,33.4,57.1,(CONTRACTS OF EUR 125,000),299741,CME ,099 ,F10,FutOnly
EURO FX/BRITISH POUND XRATE - CHICAGO MERCANTILE EXCHANGE,210330,2021-03-30,299741,CME,00,099,26092,0,6237,0,9646,6713,3333,0,3534,0,800,0,0,13779,19817,12313,6275,268,0,-216,0,-872,724,347,0,-22,0,0,0,0,-525,833,793,-565,100.0,0.0,23.9,0.0,37.0,25.7,12.8,0.0,13.5,0.0,3.1,0.0,0.0,52.8,76.0,47.2,24.0,23,0,.,0,10,9,9,0,.,0,.,0,0,16,16,23.6,47.0,39.4,62.2,20.6,45.4,32.6,56.0,(CONTRACTS OF EUR 125,000),299741,CME ,099 ,F10,FutOnly
EURO FX/BRITISH POUND XRATE - CHICAGO MERCANTILE EXCHANGE,210323,2021-03-23,299741,CME,00,099,25824,0,6453,0,10518,5989,2986,0,3556,0,800,0,0,14304,18984,11520,6840,145,0,7,0,-402,420,190,0,568,0,0,0,0,-212,1185,357,-1040,100.0,0.0,25.0,0.0,40.7,23.2,11.6,0.0,13.8,0.0,3.1,0.0,0.0,55.4,73.5,44.6,26.5,23,0,.,0,12,7,7,0,.,0,.,0,0,16,14,23.7,48.1,39.5,61.4,20.4,46.5,33.4,58.2,(CONTRACTS OF EUR 125,000),299741,CME ,099 ,F10,FutOnly
EURO FX/BRITISH POUND XRATE - CHICAGO MERCANTILE EXCHANGE,210316,2021-03-16,299741,CME,00,099,25679,0,6446,0,10920,5569,2796,0,2988,0,800,0,0,14516,17799,11163,7880,-3911,0,-2581,0,1932,-789,-644,-2323,25,-1285,0,0,0,-2320,-5274,-1591,1363,100.0,0.0,25.1,0.0,42.5,21.7,10.9,0.0,11.6,0.0,3.1,0.0,0.0,56.5,69.3,43.5,30.7,22,0,.,0,12,7,7,0,.,0,.,0,0,16,13,23.9,48.3,39.8,60.7,20.5,46.1,33.6,56.7,(CONTRACTS OF EUR 125,000),299741,CME ,099 ,F10,FutOnly
EURO FX/BRITISH POUND XRATE - CHICAGO MERCANTILE EXCHANGE,210309,2021-03-09,299741,CME,00,099,29590,0,9027,0,8988,6358,3440,2323,2963,1285,800,0,0,16836,23073,12754,6517,2469,0,-89,0,-1120,922,354,358,151,1245,0,0,0,837,2583,1632,-114,100.0,0.0,30.5,0.0,30.4,21.5,11.6,7.9,10.0,4.3,2.7,0.0,0.0,56.9,78.0,43.1,22.0,25,0,.,0,9,8,8,.,.,.,.,0,0,19,17,20.7,46.9,36.3,61.6,18.1,44.7,31.7,56.1,(CONTRACTS OF EUR 125,000),299741,CME ,099 ,F10,FutOnly
EURO FX/BRITISH POUND XRATE - CHICAGO MERCANTILE EXCHANGE,210302,2021-03-02,299741,CME,00,099,27121,0,9116,0,10108,5436,3086,1965,2812,40,800,0,0,15999,20490,11122,6631,-1563,0,-202,0,315,-1260,-67,-1386,0,40,0,0,0,-1098,-1489,-465,-74,100.0,0.0,33.6,0.0,37.3,20.0,11.4,7.2,10.4,0.1,2.9,0.0,0.0,59.0,75.6,41.0,24.4,24,0,.,0,11,6,7,.,.,.,.,0,0,19,14,22.3,51.3,37.1,67.3,19.3,49.0,31.9,62.4,(CONTRACTS OF EUR 125,000),299741,CME ,099 ,F10,FutOnly
EURO FX/BRITISH POUND XRATE - CHICAGO MERCANTILE EXCHANGE,210223,2021-02-23,299741,CME,00,099,28684,0,9318,0,9793,6696,3153,3351,2812,0,800,0,0,17097,21979,11587,6705,914,0,8,0,145,778,13,471,16,0,0,0,0,629,815,285,99,100.0,0.0,32.5,0.0,34.1,23.3,11.0,11.7,9.8,0.0,2.8,0.0,0.0,59.6,76.6,40.4,23.4,25,0,.,0,11,7,8,.,.,0,.,0,0,20,13,19.8,49.2,36.7,66.4,18.8,47.7,33.2,61.5,(CONTRACTS OF EUR 125,000),299741,CME ,099 ,F10,FutOnly
EURO FX/BRITISH POUND XRATE - CHICAGO MERCANTILE EXCHANGE,210216,2021-02-16,299741,CME,00,099,27770,0,9310,0,9648,5918,3140,2880,2796,0,800,0,0,16468,21164,11302,6606,894,0,-2,0,-167,345,-130,825,0,0,0,0,0,528,213,366,681,100.0,0.0,33.5,0.0,34.7,21.3,11.3,10.4,10.1,0.0,2.9,0.0,0.0,59.3,76.2,40.7,23.8,25,0,.,0,11,7,8,.,.,0,.,0,0,20,13,19.6,50.8,35.9,66.4,17.9,48.6,31.5,61.3,(CONTRACTS OF EUR 125,000),299741,CME ,099 ,F10,FutOnly
EURO FX/BRITISH POUND XRATE - CHICAGO MERCANTILE EXCHANGE,210209,2021-02-09,299741,CME,00,099,26876,0,9312,0,9815,5573,3270,2055,2796,0,800,0,0,15940,20951,10936,5925,1481,0,65,0,-17,2121,172,890,-570,-40,0,0,0,1005,1748,476,-267,100.0,0.0,34.6,0.0,36.5,20.7,12.2,7.6,10.4,0.0,3.0,0.0,0.0,59.3,78.0,40.7,22.0,25,0,.,0,12,7,8,.,.,0,.,0,0,19,14,20.1,52.4,36.2,68.6,18.3,50.2,32.5,62.6,(CONTRACTS OF EUR 125,000),299741,CME ,099 ,F10,FutOnly
EURO FX/BRITISH POUND XRATE - CHICAGO MERCANTILE EXCHANGE,210202,2021-02-02,299741,CME,00,099,25395,0,9247,0,9832,3452,3098,1165,3366,40,800,0,0,14935,19203,10460,6192,962,0,32,0,-514,490,644,699,-1071,40,0,0,0,869,135,93,827,100.0,0.0,36.4,0.0,38.7,13.6,12.2,4.6,13.3,0.2,3.2,0.0,0.0,58.8,75.6,41.2,24.4,23,0,.,0,12,4,7,.,.,.,.,0,0,18,13,21.6,55.1,36.8,69.2,18.9,51.6,31.8,63.3,(CONTRACTS OF EUR 125,000),299741,CME ,099 ,F10,FutOnly
EURO FX/BRITISH POUND XRATE - CHICAGO MERCANTILE EXCHANGE,210126,2021-01-26,299741,CME,00,099,24433,0,9215,0,10346,2962,2454,466,4437,0,800,0,0,14066,19068,10367,5365,-1967,0,1,0,-2647,-42,113,466,-1948,0,0,0,0,-2068,-1876,101,-91,100.0,0.0,37.7,0.0,42.3,12.1,10.0,1.9,18.2,0.0,3.3,0.0,0.0,57.6,78.0,42.4,22.0,21,0,.,0,12,.,7,.,.,0,.,0,0,17,11,22.4,57.9,37.8,75.2,20.3,55.9,35.5,68.0,(CONTRACTS OF EUR 125,000),299741,CME ,099 ,F10,FutOnly
EURO FX/BRITISH POUND XRATE - CHICAGO MERCANTILE EXCHANGE,210119,2021-01-19,299741,CME,00,099,26400,0,9214,0,12993,3004,2341,0,6385,0,800,0,0,16134,20944,10266,5456,-249,0,54,-54,70,-58,38,0,136,0,0,-410,-17,37,-311,-286,62,100.0,0.0,34.9,0.0,49.2,11.4,8.9,0.0,24.2,0.0,3.0,0.0,0.0,61.1,79.3,38.9,20.7,22,0,.,0,12,.,7,0,4,0,.,0,0,16,13,30.4,56.2,44.7,72.9,28.7,54.4,42.8,68.3,(CONTRACTS OF EUR 125,000),299741,CME ,099 ,F10,FutOnly
EURO FX/BRITISH POUND XRATE - CHICAGO MERCANTILE EXCHANGE,210112,2021-01-12,299741,CME,00,099,26649,0,9160,54,12923,3062,2303,0,6249,0,800,410,17,16097,21255,10552,5394,-464,0,-711,54,-661,429,-35,0,-576,0,0,0,0,-642,-839,178,375,100.0,0.0,34.4,0.2,48.5,11.5,8.6,0.0,23.4,0.0,3.0,1.5,0.1,60.4,79.8,39.6,20.2,22,0,.,.,12,.,8,0,.,0,.,.,.,18,14,30.2,57.6,44.4,73.8,28.5,55.6,42.5,69.3,(CONTRACTS OF EUR 125,000),299741,CME ,099 ,F10,FutOnly
EURO FX/BRITISH POUND XRATE - CHICAGO MERCANTILE EXCHANGE,210105,2021-01-05,299741,CME,00,099,27113,0,9871,0,13584,2633,2338,0,6825,0,800,410,17,16739,22094,10374,5019,1318,0,1107,0,1795,-19,-35,0,616,0,0,-39,17,1777,1647,-459,-329,100.0,0.0,36.4,0.0,50.1,9.7,8.6,0.0,25.2,0.0,3.0,1.5,0.1,61.7,81.5,38.3,18.5,25,0,.,0,13,.,8,0,4,0,.,.,.,18,16,29.6,57.3,44.2,71.7,27.9,55.6,42.3,67.4,(CONTRACTS OF EUR 125,000),299741,CME ,099 ,F10,FutOnly
EURO FX/JAPANESE YEN XRATE - CHICAGO MERCANTILE EXCHANGE,211228,2021-12-28,399741,CME,00,099,26698,9838,0,0,5017,17724,1412,2269,1545,421,0,0,0,18957,21102,7741,5596,-71,0,0,0,-36,94,0,-75,0,0,0,0,0,-111,94,40,-165,100.0,36.8,0.0,0.0,18.8,66.4,5.3,8.5,5.8,1.6,0.0,0.0,0.0,71.0,79.0,29.0,21.0,21,.,0,0,4,11,5,4,.,.,0,0,0,14,13,55.4,56.0,64.5,68.9,55.4,56.0,63.9,66.2,(CONTRACTS OF EUR 125,000),399741,CME ,099 ,F10,FutOnly
EURO FX/JAPANESE YEN XRATE - CHICAGO MERCANTILE EXCHANGE,211221,2021-12-21,399741,CME,00,099,26769,9838,0,0,5053,17630,1412,2344,1545,421,0,0,0,19068,21008,7701,5761,-7355,1912,0,-5842,-12,33,21,-3726,-740,0,0,0,0,-7647,-6528,292,-827,100.0,36.8,0.0,0.0,18.9,65.9,5.3,8.8,5.8,1.6,0.0,0.0,0.0,71.2,78.5,28.8,21.5,21,.,0,0,4,11,5,4,.,.,0,0,0,14,13,56.4,55.8,64.5,68.4,56.4,55.8,64.0,65.8,(CONTRACTS OF EUR 125,000),399741,CME ,099 ,F10,FutOnly
EURO FX/JAPANESE YEN XRATE - CHICAGO MERCANTILE EXCHANGE,211214,2021-12-14,399741,CME,00,099,34124,7926,0,5842,5065,17597,1391,6070,2285,421,0,0,0,26715,27536,7409,6588,5852,-514,0,5333,9,1660,1,844,0,50,0,0,0,5723,7044,129,-1192,100.0,23.2,0.0,17.1,14.8,51.6,4.1,17.8,6.7,1.2,0.0,0.0,0.0,78.3,80.7,21.7,19.3,23,.,0,.,4,10,5,5,.,.,0,0,0,16,14,57.1,57.1,70.0,69.9,38.8,44.4,51.7,52.7,(CONTRACTS OF EUR 125,000),399741,CME ,099 ,F10,FutOnly
EURO FX/JAPANESE YEN XRATE - CHICAGO MERCANTILE EXCHANGE,211207,2021-12-07,399741,CME,00,099,28272,8440,0,509,5056,15937,1390,5226,2285,371,0,0,0,20992,20492,7280,7780,1739,134,0,9,-78,395,-3,996,0,364,0,0,0,1422,765,317,974,100.0,29.9,0.0,1.8,17.9,56.4,4.9,18.5,8.1,1.3,0.0,0.0,0.0,74.3,72.5,25.7,27.5,23,.,0,.,4,10,5,4,.,4,0,0,0,16,17,49.3,47.1,64.0,60.2,47.3,47.1,61.3,57.9,(CONTRACTS OF EUR 125,000),399741,CME ,099 ,F10,FutOnly
EURO FX/JAPANESE YEN XRATE - CHICAGO MERCANTILE EXCHANGE,211130,2021-11-30,399741,CME,00,099,26533,8306,0,500,5134,15542,1393,4230,2285,7,0,0,0,19570,19727,6963,6806,1211,1682,0,500,-1387,8,-507,1231,0,3,0,0,0,1522,4,-311,1207,100.0,31.3,0.0,1.9,19.3,58.6,5.3,15.9,8.6,0.0,0.0,0.0,0.0,73.8,74.3,26.2,25.7,22,.,0,.,4,10,5,.,.,.,0,0,0,15,14,49.0,48.9,65.0,62.7,47.1,48.9,62.8,60.4,(CONTRACTS OF EUR 125,000),399741,CME ,099 ,F10,FutOnly
EURO FX/JAPANESE YEN XRATE - CHICAGO MERCANTILE EXCHANGE,211123,2021-11-23,399741,CME,00,099,25322,6624,0,0,6521,15534,1900,2999,2285,4,0,0,0,18048,19723,7274,5599,3292,1231,0,0,726,2270,513,2812,0,-575,0,0,0,4707,2208,-1415,1084,100.0,26.2,0.0,0.0,25.8,61.3,7.5,11.8,9.0,0.0,0.0,0.0,0.0,71.3,77.9,28.7,22.1,25,.,0,0,6,10,6,4,.,.,0,0,0,19,13,40.6,53.3,53.5,67.7,40.6,51.3,53.5,63.3,(CONTRACTS OF EUR 125,000),399741,CME ,099 ,F10,FutOnly
EURO FX/JAPANESE YEN XRATE - CHICAGO MERCANTILE EXCHANGE,211116,2021-11-16,399741,CME,00,099,22030,5393,0,0,5795,13264,1387,187,2285,579,0,0,0,13341,17515,8689,4515,-785,163,0,0,-872,46,0,187,-897,-187,0,0,0,-709,-1038,-76,253,100.0,24.5,0.0,0.0,26.3,60.2,6.3,0.8,10.4,2.6,0.0,0.0,0.0,60.6,79.5,39.4,20.5,21,.,0,0,6,9,5,.,.,.,0,0,0,15,12,37.9,53.7,49.9,68.5,37.9,52.7,48.6,65.3,(CONTRACTS OF EUR 125,000),399741,CME ,099 ,F10,FutOnly
EURO FX/JAPANESE YEN XRATE - CHICAGO MERCANTILE EXCHANGE,211109,2021-11-09,399741,CME,00,099,22815,5230,0,0,6667,13218,1387,0,3182,766,0,0,0,14050,18553,8765,4262,-271,45,0,0,77,68,15,0,-616,0,0,0,0,137,-533,-408,262,100.0,22.9,0.0,0.0,29.2,57.9,6.1,0.0,13.9,3.4,0.0,0.0,0.0,61.6,81.3,38.4,18.7,23,.,0,0,7,9,5,0,4,.,0,0,0,16,13,35.8,51.7,49.1,66.9,35.8,50.9,48.0,63.4,(CONTRACTS OF EUR 125,000),399741,CME ,099 ,F10,FutOnly
EURO FX/JAPANESE YEN XRATE - CHICAGO MERCANTILE EXCHANGE,211102,2021-11-02,399741,CME,00,099,23086,5185,0,0,6590,13150,1372,0,3798,766,0,0,0,13913,19086,9173,4000,-646,-42,0,0,22,-288,-13,-665,-208,0,0,0,0,-698,-509,52,-137,100.0,22.5,0.0,0.0,28.5,57.0,5.9,0.0,16.5,3.3,0.0,0.0,0.0,60.3,82.7,39.7,17.3,24,.,0,0,7,9,5,0,5,.,0,0,0,16,14,35.1,51.6,48.1,66.9,35.1,50.2,46.9,62.4,(CONTRACTS OF EUR 125,000),399741,CME ,099 ,F10,FutOnly
EURO FX/JAPANESE YEN XRATE - CHICAGO MERCANTILE EXCHANGE,211026,2021-10-26,399741,CME,00,099,23732,5227,0,0,6568,13438,1385,665,4006,766,0,0,0,14611,19595,9121,4137,-965,-1441,0,0,663,-1087,10,-634,-557,0,0,0,0,-1402,-1634,437,669,100.0,22.0,0.0,0.0,27.7,56.6,5.8,2.8,16.9,3.2,0.0,0.0,0.0,61.6,82.6,38.4,17.4,25,.,0,0,7,9,5,.,5,.,0,0,0,17,14,34.2,52.0,47.1,67.2,34.2,49.8,46.5,61.6,(CONTRACTS OF EUR 125,000),399741,CME ,099 ,F10,FutOnly
EURO FX/JAPANESE YEN XRATE - CHICAGO MERCANTILE EXCHANGE,211019,2021-10-19,399741,CME,00,099,24697,6668,0,0,5905,14525,1375,1299,4563,766,0,0,0,16013,21229,8684,3468,-3591,-1103,0,0,865,-6096,25,-5249,2254,765,0,0,0,-4697,-3052,1106,-539,100.0,27.0,0.0,0.0,23.9,58.8,5.6,5.3,18.5,3.1,0.0,0.0,0.0,64.8,86.0,35.2,14.0,24,4,0,0,6,9,5,.,4,.,0,0,0,17,13,37.1,55.1,51.8,72.5,37.1,51.1,50.7,65.9,(CONTRACTS OF EUR 125,000),399741,CME ,099 ,F10,FutOnly
EURO FX/JAPANESE YEN XRATE - CHICAGO MERCANTILE EXCHANGE,211012,2021-10-12,399741,CME,00,099,28288,7771,0,0,5040,20621,1350,6548,2309,1,0,0,0,20710,24281,7578,4007,174,195,0,0,-21,259,-232,-735,252,1,0,0,0,-792,280,966,-106,100.0,27.5,0.0,0.0,17.8,72.9,4.8,23.1,8.2,0.0,0.0,0.0,0.0,73.2,85.8,26.8,14.2,26,4,0,0,5,10,5,5,.,.,0,0,0,19,13,42.9,58.6,57.9,76.4,42.9,57.7,57.9,73.3,(CONTRACTS OF EUR 125,000),399741,CME ,099 ,F10,FutOnly
EURO FX/JAPANESE YEN XRATE - CHICAGO MERCANTILE EXCHANGE,211005,2021-10-05,399741,CME,00,099,28114,7576,0,0,5061,20362,1582,7283,2057,0,0,0,0,21502,24001,6612,4113,-22,-33,0,0,34,929,15,412,512,-459,0,-775,0,-31,222,9,-244,100.0,26.9,0.0,0.0,18.0,72.4,5.6,25.9,7.3,0.0,0.0,0.0,0.0,76.5,85.4,23.5,14.6,26,4,0,0,5,10,5,5,.,0,0,0,0,19,12,42.9,59.0,60.4,76.8,42.9,58.1,60.2,72.8,(CONTRACTS OF EUR 125,000),399741,CME ,099 ,F10,FutOnly
EURO FX/JAPANESE YEN XRATE - CHICAGO MERCANTILE EXCHANGE,210928,2021-09-28,399741,CME,00,099,28136,7609,0,0,5027,19433,1567,6871,1545,459,0,775,0,21533,23779,6603,4357,-852,425,-697,0,-665,33,-3,-852,-660,459,0,-100,0,-636,-968,-216,116,100.0,27.0,0.0,0.0,17.9,69.1,5.6,24.4,5.5,1.6,0.0,2.8,0.0,76.5,84.5,23.5,15.5,25,4,0,0,5,9,5,5,.,.,0,.,0,19,12,42.8,58.6,60.3,76.1,42.8,57.8,59.9,72.2,(CONTRACTS OF EUR 125,000),399741,CME ,099 ,F10,FutOnly
EURO FX/JAPANESE YEN XRATE - CHICAGO MERCANTILE EXCHANGE,210921,2021-09-21,399741,CME,00,099,28988,7184,697,0,5692,19400,1570,7723,2205,0,0,875,0,22169,24747,6819,4241,-5265,5499,-489,-3691,-19,60,0,-4049,660,-1771,0,-100,0,-4031,-5331,-1234,66,100.0,24.8,2.4,0.0,19.6,66.9,5.4,26.6,7.6,0.0,0.0,3.0,0.0,76.5,85.4,23.5,14.6,28,4,.,0,6,9,4,5,.,0,0,.,0,19,13,39.9,56.6,57.4,74.1,39.9,55.9,57.2,70.2,(CONTRACTS OF EUR 125,000),399741,CME ,099 ,F10,FutOnly
EURO FX/JAPANESE YEN XRATE - CHICAGO MERCANTILE EXCHANGE,210914,2021-09-14,399741,CME,00,099,34253,1685,1186,3691,5711,19340,1570,11772,1545,1771,0,975,0,26200,30078,8053,4175,1230,120,-14,272,95,-437,17,139,0,676,0,0,0,1319,514,-89,716,100.0,4.9,3.5,10.8,16.7,56.5,4.6,34.4,4.5,5.2,0.0,2.8,0.0,76.5,87.8,23.5,12.2,27,.,.,.,6,9,4,6,.,.,0,.,0,19,16,43.1,52.3,60.5,69.3,33.2,47.3,45.9,59.6,(CONTRACTS OF EUR 125,000),399741,CME ,099 ,F10,FutOnly
EURO FX/JAPANESE YEN XRATE - CHICAGO MERCANTILE EXCHANGE,210907,2021-09-07,399741,CME,00,099,33023,1565,1200,3419,5616,19777,1553,11633,1545,1095,0,975,0,24881,29564,8142,3459,4435,21,0,3419,1,-5,22,-1116,0,1042,0,0,0,3389,4478,1046,-43,100.0,4.7,3.6,10.4,17.0,59.9,4.7,35.2,4.7,3.3,0.0,3.0,0.0,75.3,89.5,24.7,10.5,28,.,.,.,6,10,4,6,.,.,0,.,0,19,18,41.8,52.4,58.1,70.5,36.0,49.0,47.4,61.9,(CONTRACTS OF EUR 125,000),399741,CME ,099 ,F10,FutOnly
EURO FX/JAPANESE YEN XRATE - CHICAGO MERCANTILE EXCHANGE,210831,2021-08-31,399741,CME,00,099,28588,1544,1200,0,5615,19782,1531,12749,1545,53,0,975,0,21492,25086,7096,3502,-677,-197,0,0,-42,-669,-23,-476,0,53,0,0,0,-685,-639,8,-38,100.0,5.4,4.2,0.0,19.6,69.2,5.4,44.6,5.4,0.2,0.0,3.4,0.0,75.2,87.8,24.8,12.2,28,.,.,0,6,10,4,6,.,.,0,.,0,18,16,44.2,57.2,58.8,75.2,44.0,56.6,58.5,71.5,(CONTRACTS OF EUR 125,000),399741,CME ,099 ,F10,FutOnly
EURO FX/JAPANESE YEN XRATE - CHICAGO MERCANTILE EXCHANGE,210824,2021-08-24,399741,CME,00,099,29265,1741,1200,0,5657,20451,1554,13225,1545,0,0,975,0,22177,25725,7088,3540,206,374,0,0,-24,-10,-1,-24,0,0,0,0,0,325,-11,-119,217,100.0,5.9,4.1,0.0,19.3,69.9,5.3,45.2,5.3,0.0,0.0,3.3,0.0,75.8,87.9,24.2,12.1,29,.,.,0,6,11,5,6,.,0,0,.,0,19,15,44.7,55.9,59.4,73.5,44.7,55.3,59.3,69.8,(CONTRACTS OF EUR 125,000),399741,CME ,099 ,F10,FutOnly
EURO FX/JAPANESE YEN XRATE - CHICAGO MERCANTILE EXCHANGE,210817,2021-08-17,399741,CME,00,099,29059,1367,1200,0,5681,20461,1555,13249,1545,0,0,975,0,21852,25736,7207,3323,1237,152,0,0,-11,841,231,1228,0,0,0,0,0,1600,1072,-363,165,100.0,4.7,4.1,0.0,19.5,70.4,5.4,45.6,5.3,0.0,0.0,3.4,0.0,75.2,88.6,24.8,11.4,29,.,.,0,6,11,5,6,.,0,0,.,0,19,15,43.9,56.3,58.5,74.0,43.9,55.7,58.4,70.3,(CONTRACTS OF EUR 125,000),399741,CME ,099 ,F10,FutOnly
EURO FX/JAPANESE YEN XRATE - CHICAGO MERCANTILE EXCHANGE,210810,2021-08-10,399741,CME,00,099,27822,1215,1200,0,5692,19620,1324,12021,1545,0,0,975,0,20252,24664,7570,3158,-189,-200,7,0,-12,30,7,-82,0,0,0,0,0,-287,44,98,-233,100.0,4.4,4.3,0.0,20.5,70.5,4.8,43.2,5.6,0.0,0.0,3.5,0.0,72.8,88.6,27.2,11.4,29,.,.,0,6,11,5,6,.,0,0,.,0,19,15,42.9,55.6,56.1,73.5,42.9,55.4,56.1,70.4,(CONTRACTS OF EUR 125,000),399741,CME ,099 ,F10,FutOnly
EURO FX/JAPANESE YEN XRATE - CHICAGO MERCANTILE EXCHANGE,210803,2021-08-03,399741,CME,00,099,28011,1415,1193,0,5704,19590,1317,12103,1545,0,0,975,0,20539,24620,7472,3391,52,409,4,0,-112,402,-368,67,0,0,0,0,0,-4,38,56,14,100.0,5.1,4.3,0.0,20.4,69.9,4.7,43.2,5.5,0.0,0.0,3.5,0.0,73.3,87.9,26.7,12.1,29,.,.,0,6,11,5,6,.,0,0,.,0,19,15,42.5,55.2,56.7,72.8,42.5,55.0,56.7,69.9,(CONTRACTS OF EUR 125,000),399741,CME ,099 ,F10,FutOnly
EURO FX/JAPANESE YEN XRATE - CHICAGO MERCANTILE EXCHANGE,210727,2021-07-27,399741,CME,00,099,27959,1006,1189,0,5816,19188,1685,12036,1545,0,0,975,0,20543,24582,7416,3377,2816,559,-4,0,-140,3187,-469,4291,0,0,0,0,0,4241,2714,-1425,102,100.0,3.6,4.3,0.0,20.8,68.6,6.0,43.0,5.5,0.0,0.0,3.5,0.0,73.5,87.9,26.5,12.1,29,.,.,0,6,11,5,6,.,0,0,.,0,19,15,42.1,55.3,56.7,72.9,42.1,55.1,55.7,69.7,(CONTRACTS OF EUR 125,000),399741,CME ,099 ,F10,FutOnly
EURO FX/JAPANESE YEN XRATE - CHICAGO MERCANTILE EXCHANGE,210720,2021-07-20,399741,CME,00,099,25143,447,1193,0,5956,16001,2154,7745,1545,0,0,975,0,16302,21868,8841,3275,-725,-437,0,0,-477,-713,-111,319,0,0,0,0,0,-706,-824,-19,99,100.0,1.8,4.7,0.0,23.7,63.6,8.6,30.8,6.1,0.0,0.0,3.9,0.0,64.8,87.0,35.2,13.0,26,.,.,0,7,10,5,4,.,0,0,.,0,16,15,37.4,52.4,53.0,70.2,36.3,52.2,49.7,66.3,(CONTRACTS OF EUR 125,000),399741,CME ,099 ,F10,FutOnly
EURO FX/JAPANESE YEN XRATE - CHICAGO MERCANTILE EXCHANGE,210713,2021-07-13,399741,CME,00,099,25868,884,1193,0,6433,16714,2265,7426,1545,0,0,975,0,17008,22692,8860,3176,-991,-560,-400,0,-628,-584,16,372,0,0,0,0,0,-800,-968,-191,-23,100.0,3.4,4.6,0.0,24.9,64.6,8.8,28.7,6.0,0.0,0.0,3.8,0.0,65.7,87.7,34.3,12.3,28,.,.,0,7,11,5,4,.,0,0,.,0,18,15,35.7,54.5,50.5,71.5,34.9,50.2,47.3,64.5,(CONTRACTS OF EUR 125,000),399741,CME ,099 ,F10,FutOnly
EURO FX/JAPANESE YEN XRATE - CHICAGO MERCANTILE EXCHANGE,210706,2021-07-06,399741,CME,00,099,26859,1444,1593,0,7061,17298,2249,7054,1545,0,0,975,0,17808,23660,9051,3199,3362,0,400,0,33,3201,-2,3487,0,0,0,0,0,3518,3599,-156,-237,100.0,5.4,5.9,0.0,26.3,64.4,8.4,26.3,5.8,0.0,0.0,3.6,0.0,66.3,88.1,33.7,11.9,29,.,.,0,7,11,5,4,.,0,0,.,0,18,16,32.5,55.9,48.2,70.8,31.8,50.0,45.9,64.2,(CONTRACTS OF EUR 125,000),399741,CME ,099 ,F10,FutOnly
EURO FX/JAPANESE YEN XRATE - CHICAGO MERCANTILE EXCHANGE,210629,2021-06-29,399741,CME,00,099,23497,1444,1193,0,7028,14097,2251,3567,1545,0,0,975,0,14290,20061,9207,3436,1352,431,-2,0,-12,1250,-18,1292,0,0,0,87,-87,1606,1230,-254,122,100.0,6.1,5.1,0.0,29.9,60.0,9.6,15.2,6.6,0.0,0.0,4.1,0.0,60.8,85.4,39.2,14.6,26,.,.,0,7,10,5,.,.,0,0,.,0,17,14,31.8,56.8,46.8,71.3,29.6,50.4,43.3,63.7,(CONTRACTS OF EUR 125,000),399741,CME ,099 ,F10,FutOnly
EURO FX/JAPANESE YEN XRATE - CHICAGO MERCANTILE EXCHANGE,210622,2021-06-22,399741,CME,00,099,22145,1013,1195,0,7040,12847,2269,2275,1545,0,0,888,87,12684,18831,9461,3314,-3726,-2114,-3443,-1199,318,1341,55,270,0,0,0,-22,22,-2648,-3246,-1078,-480,100.0,4.6,5.4,0.0,31.8,58.0,10.2,10.3,7.0,0.0,0.0,4.0,0.4,57.3,85.0,42.7,15.0,24,.,.,0,7,10,5,.,.,0,0,.,.,16,14,32.2,55.3,46.7,70.3,29.7,48.1,42.5,61.7,(CONTRACTS OF EUR 125,000),399741,CME ,099 ,F10,FutOnly
EURO FX/JAPANESE YEN XRATE - CHICAGO MERCANTILE EXCHANGE,210615,2021-06-15,399741,CME,00,099,25871,3127,4638,1199,6722,11506,2214,2005,1545,0,0,910,65,15332,22077,10539,3794,-50,427,7,876,129,459,224,-28,0,-655,0,-10,10,983,911,-1033,-961,100.0,12.1,17.9,4.6,26.0,44.5,8.6,7.7,6.0,0.0,0.0,3.5,0.3,59.3,85.3,40.7,14.7,23,4,.,.,6,9,4,.,.,0,0,.,.,17,14,30.3,59.8,46.1,72.5,29.5,55.4,42.6,65.5,(CONTRACTS OF EUR 125,000),399741,CME ,099 ,F10,FutOnly
EURO FX/JAPANESE YEN XRATE - CHICAGO MERCANTILE EXCHANGE,210608,2021-06-08,399741,CME,00,099,25921,2700,4631,323,6593,11047,1990,2033,1545,655,0,920,55,14349,21166,11572,4755,2568,286,-1,317,263,-4,64,-479,0,655,0,0,0,1106,1031,1462,1537,100.0,10.4,17.9,1.2,25.4,42.6,7.7,7.8,6.0,2.5,0.0,3.5,0.2,55.4,81.7,44.6,18.3,22,.,.,.,7,8,4,.,.,.,0,.,.,16,14,30.5,57.0,45.9,69.7,27.2,55.3,40.2,65.3,(CONTRACTS OF EUR 125,000),399741,CME ,099 ,F10,FutOnly
EURO FX/JAPANESE YEN XRATE - CHICAGO MERCANTILE EXCHANGE,210601,2021-06-01,399741,CME,00,099,23353,2414,4632,6,6330,11051,1926,2512,1545,0,0,920,55,13243,20135,10110,3218,141,3,18,0,406,24,-1,-150,0,0,0,0,0,258,41,-117,100,100.0,10.3,19.8,0.0,27.1,47.3,8.2,10.8,6.6,0.0,0.0,3.9,0.2,56.7,86.2,43.3,13.8,21,.,.,.,7,8,4,.,.,0,0,.,.,15,12,33.1,63.0,48.8,77.1,32.4,61.4,45.3,72.6,(CONTRACTS OF EUR 125,000),399741,CME ,099 ,F10,FutOnly
EURO FX/JAPANESE YEN XRATE - CHICAGO MERCANTILE EXCHANGE,210525,2021-05-25,399741,CME,00,099,23212,2411,4614,6,5924,11027,1927,2662,1545,0,0,920,55,12985,20094,10227,3118,-350,10,0,0,-39,-614,-36,50,0,0,0,0,0,-15,-650,-335,300,100.0,10.4,19.9,0.0,25.5,47.5,8.3,11.5,6.7,0.0,0.0,4.0,0.2,55.9,86.6,44.1,13.4,21,.,.,.,7,8,4,.,.,0,0,.,.,15,12,33.9,63.3,49.2,77.4,32.9,61.7,44.7,72.8,(CONTRACTS OF EUR 125,000),399741,CME ,099 ,F10,FutOnly
EURO FX/JAPANESE YEN XRATE - CHICAGO MERCANTILE EXCHANGE,210518,2021-05-18,399741,CME,00,099,23562,2401,4614,6,5963,11641,1963,2612,1545,0,0,920,55,13000,20744,10562,2818,470,0,10,-10,-290,516,55,123,0,0,0,0,0,-122,571,592,-101,100.0,10.2,19.6,0.0,25.3,49.4,8.3,11.1,6.6,0.0,0.0,3.9,0.2,55.2,88.0,44.8,12.0,22,.,.,.,7,9,5,.,.,0,0,.,.,16,13,33.2,63.0,48.3,76.8,32.2,61.5,43.8,72.3,(CONTRACTS OF EUR 125,000),399741,CME ,099 ,F10,FutOnly
EURO FX/JAPANESE YEN XRATE - CHICAGO MERCANTILE EXCHANGE,210511,2021-05-11,399741,CME,00,099,23092,2401,4604,16,6253,11125,1908,2489,1545,0,0,920,55,13122,20173,9970,2919,43,-3,4,-4,-29,4,25,20,0,0,0,0,0,9,29,34,14,100.0,10.4,19.9,0.1,27.1,48.2,8.3,10.8,6.7,0.0,0.0,4.0,0.2,56.8,87.4,43.2,12.6,22,.,.,.,7,9,5,.,.,0,0,.,.,16,13,33.8,61.8,49.8,75.8,32.9,60.4,45.2,71.4,(CONTRACTS OF EUR 125,000),399741,CME ,099 ,F10,FutOnly
EURO FX/JAPANESE YEN XRATE - CHICAGO MERCANTILE EXCHANGE,210504,2021-05-04,399741,CME,00,099,23049,2404,4600,20,6282,11121,1883,2469,1545,0,0,920,55,13113,20144,9936,2905,-646,0,0,0,-35,-622,90,-45,0,0,0,0,0,10,-532,-656,-114,100.0,10.4,20.0,0.1,27.3,48.2,8.2,10.7,6.7,0.0,0.0,4.0,0.2,56.9,87.4,43.1,12.6,22,.,.,.,7,9,5,.,.,0,0,.,.,16,13,33.9,61.8,49.8,75.9,32.8,60.5,45.2,71.5,(CONTRACTS OF EUR 125,000),399741,CME ,099 ,F10,FutOnly
EURO FX/JAPANESE YEN XRATE - CHICAGO MERCANTILE EXCHANGE,210427,2021-04-27,399741,CME,00,099,23695,2404,4600,20,6317,11743,1793,2514,1545,0,0,920,55,13103,20676,10592,3019,16,-2,-3,0,-73,-15,52,153,0,0,0,0,0,130,34,-114,-18,100.0,10.1,19.4,0.1,26.7,49.6,7.6,10.6,6.5,0.0,0.0,3.9,0.2,55.3,87.3,44.7,12.7,22,.,.,.,7,9,5,.,.,0,0,.,.,16,13,33.2,61.8,48.7,75.7,32.1,60.7,44.1,71.6,(CONTRACTS OF EUR 125,000),399741,CME ,099 ,F10,FutOnly
EURO FX/JAPANESE YEN XRATE - CHICAGO MERCANTILE EXCHANGE,210420,2021-04-20,399741,CME,00,099,23679,2406,4603,20,6390,11758,1741,2361,1545,0,0,920,55,12973,20642,10706,3037,2202,-8,0,0,-17,2280,-67,1052,0,0,0,0,0,960,2213,1242,-11,100.0,10.2,19.4,0.1,27.0,49.7,7.4,10.0,6.5,0.0,0.0,3.9,0.2,54.8,87.2,45.2,12.8,22,.,.,.,7,9,5,.,.,0,0,.,.,16,13,32.6,61.7,48.1,75.8,31.5,60.8,43.6,71.8,(CONTRACTS OF EUR 125,000),399741,CME ,099 ,F10,FutOnly
EURO FX/JAPANESE YEN XRATE - CHICAGO MERCANTILE EXCHANGE,210413,2021-04-13,399741,CME,00,099,21477,2414,4603,20,6407,9478,1808,1309,1545,0,0,920,55,12013,18429,9464,3048,364,0,0,0,-71,619,38,152,0,0,0,0,0,119,657,245,-293,100.0,11.2,21.4,0.1,29.8,44.1,8.4,6.1,7.2,0.0,0.0,4.3,0.3,55.9,85.8,44.1,14.2,22,.,.,.,7,9,6,.,.,0,0,.,.,17,13,31.1,57.8,48.1,73.2,29.7,56.5,43.1,68.6,(CONTRACTS OF EUR 125,000),399741,CME ,099 ,F10,FutOnly
EURO FX/JAPANESE YEN XRATE - CHICAGO MERCANTILE EXCHANGE,210406,2021-04-06,399741,CME,00,099,21113,2414,4603,20,6478,8859,1770,1157,1545,0,0,920,55,11894,17772,9219,3341,-44,0,94,0,53,96,30,63,0,0,0,7,-7,139,220,-183,-264,100.0,11.4,21.8,0.1,30.7,42.0,8.4,5.5,7.3,0.0,0.0,4.4,0.3,56.3,84.2,43.7,15.8,21,.,.,.,7,8,6,.,.,0,0,.,.,17,12,31.4,58.4,48.3,74.1,29.5,57.3,43.4,69.2,(CONTRACTS OF EUR 125,000),399741,CME ,099 ,F10,FutOnly
EURO FX/JAPANESE YEN XRATE - CHICAGO MERCANTILE EXCHANGE,210330,2021-03-30,399741,CME,00,099,21157,2414,4509,20,6425,8763,1740,1094,1545,0,0,913,62,11755,17552,9402,3605,.,.,.,.,.,.,.,.,.,.,.,.,.,.,.,.,.,100.0,11.4,21.3,0.1,30.4,41.4,8.2,5.2,7.3,0.0,0.0,4.3,0.3,55.6,83.0,44.4,17.0,21,.,.,.,7,8,6,.,.,0,0,.,.,17,12,31.3,57.7,47.4,73.1,29.1,56.7,42.7,68.6,(CONTRACTS OF EUR 125,000),399741,CME ,099 ,F10,FutOnly
EURO FX/JAPANESE YEN XRATE - CHICAGO MERCANTILE EXCHANGE,210316,2021-03-16,399741,CME,00,099,22707,455,1917,3465,6812,6440,1548,500,3738,0,0,913,62,12842,18083,9865,4624,2250,10,36,2656,415,45,223,0,827,-809,0,325,0,2495,3303,-245,-1053,100.0,2.0,8.4,15.3,30.0,28.4,6.8,2.2,16.5,0.0,0.0,4.0,0.3,56.6,79.6,43.4,20.4,22,.,.,.,7,7,5,.,.,0,0,.,.,15,14,35.6,48.9,49.5,64.4,21.8,33.2,32.2,47.4,(CONTRACTS OF EUR 125,000),399741,CME ,099 ,F10,FutOnly
EURO FX/JAPANESE YEN XRATE - CHICAGO MERCANTILE EXCHANGE,210309,2021-03-09,399741,CME,00,099,20457,445,1881,809,6397,6395,1325,500,2911,809,0,588,62,10347,14780,10110,5677,1973,16,0,785,-53,-76,-3,0,177,809,0,0,0,1554,1692,419,281,100.0,2.2,9.2,4.0,31.3,31.3,6.5,2.4,14.2,4.0,0.0,2.9,0.3,50.6,72.2,49.4,27.8,21,.,.,.,7,6,5,.,.,.,0,.,.,17,13,26.7,41.7,40.7,58.0,22.3,34.1,33.7,48.2,(CONTRACTS OF EUR 125,000),399741,CME ,099 ,F10,FutOnly
EURO FX/JAPANESE YEN XRATE - CHICAGO MERCANTILE EXCHANGE,210302,2021-03-02,399741,CME,00,099,18484,429,1881,24,6450,6471,1328,500,2734,0,0,588,62,8793,13088,9691,5396,-258,-8,-197,0,-87,-250,30,-500,-551,0,0,15,-15,-580,-968,322,710,100.0,2.3,10.2,0.1,34.9,35.0,7.2,2.7,14.8,0.0,0.0,3.2,0.3,47.6,70.8,52.4,29.2,20,.,.,.,7,6,5,.,.,0,0,.,.,15,12,29.8,39.7,42.6,57.7,25.1,39.0,37.6,54.6,(CONTRACTS OF EUR 125,000),399741,CME ,099 ,F10,FutOnly
EURO FX/JAPANESE YEN XRATE - CHICAGO MERCANTILE EXCHANGE,210223,2021-02-23,399741,CME,00,099,18742,437,2078,24,6537,6721,1298,1000,3285,0,0,573,77,9373,14056,9369,4686,1123,0,-83,0,23,-472,-79,1000,1299,0,0,0,0,944,665,179,458,100.0,2.3,11.1,0.1,34.9,35.9,6.9,5.3,17.5,0.0,0.0,3.1,0.4,50.0,75.0,50.0,25.0,21,.,.,.,7,6,5,.,.,0,0,.,.,15,13,30.0,40.2,45.0,59.2,25.8,39.6,40.2,56.1,(CONTRACTS OF EUR 125,000),399741,CME ,099 ,F10,FutOnly
EURO FX/JAPANESE YEN XRATE - CHICAGO MERCANTILE EXCHANGE,210216,2021-02-16,399741,CME,00,099,17619,437,2161,24,6514,7193,1377,0,1986,0,0,573,77,8429,13391,9190,4228,.,.,.,.,.,.,.,.,.,.,.,.,.,.,.,.,.,100.0,2.5,12.3,0.1,37.0,40.8,7.8,0.0,11.3,0.0,0.0,3.3,0.4,47.8,76.0,52.2,24.0,20,.,.,.,7,7,6,0,.,0,0,.,.,15,13,30.3,42.7,44.1,60.5,25.7,41.0,39.5,57.0,(CONTRACTS OF EUR 125,000),399741,CME ,099 ,F10,FutOnly
EURO FX/JAPANESE YEN XRATE - CHICAGO MERCANTILE EXCHANGE,210112,2021-01-12,399741,CME,00,099,17092,0,3602,448,6853,7238,1463,0,0,0,408,360,40,9212,13151,7880,3941,178,0,48,15,59,12,-2,0,-419,0,0,0,0,72,-346,106,524,100.0,0.0,21.1,2.6,40.1,42.3,8.6,0.0,0.0,0.0,2.4,2.1,0.2,53.9,76.9,46.1,23.1,20,0,.,.,7,8,6,0,0,0,.,.,.,16,13,32.0,44.8,47.1,62.8,28.8,41.0,42.5,57.3,(CONTRACTS OF EUR 125,000),399741,CME ,099 ,F10,FutOnly
EURO FX/JAPANESE YEN XRATE - CHICAGO MERCANTILE EXCHANGE,210105,2021-01-05,399741,CME,00,099,16914,0,3554,433,6794,7226,1465,0,419,0,408,360,40,9140,13497,7774,3417,216,0,2,0,151,-2,0,0,-99,0,408,0,0,559,-99,-343,315,100.0,0.0,21.0,2.6,40.2,42.7,8.7,0.0,2.5,0.0,2.4,2.1,0.2,54.0,79.8,46.0,20.2,21,0,.,.,7,8,6,0,.,0,.,.,.,16,14,32.1,44.7,47.2,62.9,28.7,41.2,42.6,57.5,(CONTRACTS OF EUR 125,000),399741,CME ,099 ,F10,FutOnly
EURO FX - CHICAGO MERCANTILE EXCHANGE,221227,2022-12-27,099741,CME,00,099,728387,32479,455413,1941,451326,85682,17576,81740,92874,14625,40360,12594,4514,644561,685219,83826,43168,2419,-910,7214,95,777,-4200,-120,3286,-2274,684,-443,-1114,91,3460,376,-1041,2043,100.0,4.5,62.5,0.3,62.0,11.8,2.4,11.2,12.8,2.0,5.5,1.7,0.6,88.5,94.1,11.5,5.9,301,15,15,6,111,24,47,51,38,21,32,15,8,233,150,15.8,56.6,27.2,67.0,15.1,56.6,26.1,66.8,(CONTRACTS OF EUR 125,000),099741,CME ,099 ,F10,FutOnly
EURO FX - CHICAGO MERCANTILE EXCHANGE,221220,2022-12-20,099741,CME,00,099,725968,33389,448199,1846,450549,89882,17696,78454,95148,13941,40803,13708,4423,641101,684843,84867,41125,-46832,-6999,8937,-15118,5261,-4883,-2054,10308,16045,-26277,-2742,-3191,-45,-37666,-26586,-9166,-20246,100.0,4.6,61.7,0.3,62.1,12.4,2.4,10.8,13.1,1.9,5.6,1.9,0.6,88.3,94.3,11.7,5.7,302,17,13,5,109,26,49,48,40,20,32,16,9,233,152,15.8,56.3,27.0,65.3,15.1,56.3,25.9,65.1,(CONTRACTS OF EUR 125,000),099741,CME ,099 ,F10,FutOnly
EURO FX - CHICAGO MERCANTILE EXCHANGE,221213,2022-12-13,099741,CME,00,099,772800,40388,439262,16964,445288,94765,19750,68146,79103,40218,43545,16899,4468,678767,711429,94033,61371,61263,-1243,27001,10606,30951,-3536,-746,-8548,-2498,20925,309,-1958,26,52280,49820,8983,11443,100.0,5.2,56.8,2.2,57.6,12.3,2.6,8.8,10.2,5.2,5.6,2.2,0.6,87.8,92.1,12.2,7.9,307,17,15,11,108,28,44,48,37,30,35,16,10,243,159,15.4,50.5,25.9,59.9,14.6,49.1,24.8,57.9,(CONTRACTS OF EUR 125,000),099741,CME ,099 ,F10,FutOnly
EURO FX - CHICAGO MERCANTILE EXCHANGE,221206,2022-12-06,099741,CME,00,099,711537,41631,412261,6358,414337,98301,20496,76694,81601,19293,43236,18857,4442,626487,661609,85050,49928,15761,9616,10918,-962,3318,1571,-42,234,1797,1397,-1052,614,69,12578,15362,3183,399,100.0,5.9,57.9,0.9,58.2,13.8,2.9,10.8,11.5,2.7,6.1,2.7,0.6,88.0,93.0,12.0,7.0,312,19,14,12,108,30,46,46,44,26,36,15,9,237,168,13.9,49.8,24.3,59.4,13.0,49.6,23.1,59.2,(CONTRACTS OF EUR 125,000),099741,CME ,099 ,F10,FutOnly
EURO FX - CHICAGO MERCANTILE EXCHANGE,221129,2022-11-29,099741,CME,00,099,695776,32015,401343,7320,411019,96730,20538,76460,79804,17896,44288,18243,4373,613909,646247,81867,49529,14903,3424,5219,3935,12156,-3302,147,-6959,2926,4058,-1016,268,37,15782,13288,-879,1615,100.0,4.6,57.7,1.1,59.1,13.9,3.0,11.0,11.5,2.6,6.4,2.6,0.6,88.2,92.9,11.8,7.1,314,16,16,9,107,32,48,48,43,27,37,15,10,239,169,14.2,50.9,24.7,60.0,13.3,50.3,23.4,59.3,(CONTRACTS OF EUR 125,000),099741,CME ,099 ,F10,FutOnly
EURO FX - CHICAGO MERCANTILE EXCHANGE,221122,2022-11-22,099741,CME,00,099,680873,28591,396124,3385,398863,100032,20391,83419,76878,13838,45304,17975,4336,598127,632959,82746,47914,-1702,-1362,13583,-1065,2114,-8148,-852,2856,-3712,-938,935,-1255,11,1699,-2376,-3401,674,100.0,4.2,58.2,0.5,58.6,14.7,3.0,12.3,11.3,2.0,6.7,2.6,0.6,87.8,93.0,12.2,7.0,315,16,16,8,107,33,47,50,40,26,39,14,9,239,166,14.0,51.4,24.0,60.8,13.1,51.2,22.7,60.5,(CONTRACTS OF EUR 125,000),099741,CME ,099 ,F10,FutOnly
EURO FX - CHICAGO MERCANTILE EXCHANGE,221115,2022-11-15,099741,CME,00,099,682575,29953,382541,4450,396749,108180,21243,80563,80590,14776,44369,19230,4325,596428,635335,86147,47240,14673,1565,31441,-354,10755,-15123,-24,-1287,5559,-3940,363,4262,-413,6665,21408,8008,-6735,100.0,4.4,56.0,0.7,58.1,15.8,3.1,11.8,11.8,2.2,6.5,2.8,0.6,87.4,93.1,12.6,6.9,320,16,15,8,109,35,46,47,41,28,40,17,10,242,170,14.4,49.8,23.5,59.9,13.4,49.7,22.5,59.6,(CONTRACTS OF EUR 125,000),099741,CME ,099 ,F10,FutOnly
EURO FX - CHICAGO MERCANTILE EXCHANGE,221108,2022-11-08,099741,CME,00,099,667902,28388,351100,4804,385994,123303,21267,81850,75031,18716,44006,14968,4738,589763,613927,78139,53975,-3827,1388,9221,-118,-2559,-7924,-882,-6516,-9124,3893,-393,882,283,-4904,-3769,1077,-58,100.0,4.3,52.6,0.7,57.8,18.5,3.2,12.3,11.2,2.8,6.6,2.2,0.7,88.3,91.9,11.7,8.1,321,16,15,7,108,36,46,57,36,30,38,15,10,247,167,14.3,46.3,23.3,57.3,13.3,46.2,22.2,57.0,(CONTRACTS OF EUR 125,000),099741,CME ,099 ,F10,FutOnly
EURO FX - CHICAGO MERCANTILE EXCHANGE,221101,2022-11-01,099741,CME,00,099,671729,27000,341879,4922,388553,131227,22149,88366,84155,14823,44399,14086,4455,594667,617696,77062,54033,5010,-1695,31490,486,2048,-15867,394,4673,-4742,-3411,1281,-468,62,3838,7944,1172,-2934,100.0,4.0,50.9,0.7,57.8,19.5,3.3,13.2,12.5,2.2,6.6,2.1,0.7,88.5,92.0,11.5,8.0,326,16,15,6,108,37,51,52,43,31,38,16,7,242,179,14.8,45.0,23.6,56.5,13.8,45.0,22.6,56.2,(CONTRACTS OF EUR 125,000),099741,CME ,099 ,F10,FutOnly
EURO FX - CHICAGO MERCANTILE EXCHANGE,221025,2022-10-25,099741,CME,00,099,666719,28695,310389,4436,386505,147094,21755,83693,88897,18234,43118,14554,4393,590829,609752,75890,56967,26250,-726,22417,2310,7706,-13711,-83,14464,8852,2919,-106,276,59,26543,23039,-293,3211,100.0,4.3,46.6,0.7,58.0,22.1,3.3,12.6,13.3,2.7,6.5,2.2,0.7,88.6,91.5,11.4,8.5,320,16,13,6,108,35,51,54,43,30,34,16,7,242,172,14.9,40.7,24.7,52.3,13.9,40.6,23.4,52.2,(CONTRACTS OF EUR 125,000),099741,CME ,099 ,F10,FutOnly
EURO FX - CHICAGO MERCANTILE EXCHANGE,221018,2022-10-18,099741,CME,00,099,640469,29421,287972,2126,378799,160805,21838,69229,80045,15315,43224,14278,4334,564286,586713,76183,53756,1121,-1508,14654,199,1392,-6895,-2484,4631,-3743,-1852,1142,1406,74,1594,1359,-473,-238,100.0,4.6,45.0,0.3,59.1,25.1,3.4,10.8,12.5,2.4,6.7,2.2,0.7,88.1,91.6,11.9,8.4,321,18,14,8,106,38,50,54,39,25,34,17,7,240,171,15.7,41.2,25.9,52.2,14.7,41.1,24.6,52.1,(CONTRACTS OF EUR 125,000),099741,CME ,099 ,F10,FutOnly
EURO FX - CHICAGO MERCANTILE EXCHANGE,221011,2022-10-11,099741,CME,00,099,639348,30929,273318,1927,377407,167700,24322,64598,83788,17167,42082,12872,4260,562692,585354,76656,53994,-1110,231,4302,179,1685,6095,-1483,-4315,-3436,937,-705,-569,-120,-3591,5905,2481,-7015,100.0,4.8,42.7,0.3,59.0,26.2,3.8,10.1,13.1,2.7,6.6,2.0,0.7,88.0,91.6,12.0,8.4,312,16,14,7,107,38,51,48,39,25,34,15,8,234,169,15.7,39.7,26.0,50.7,14.6,39.6,24.4,50.5,(CONTRACTS OF EUR 125,000),099741,CME ,099 ,F10,FutOnly
EURO FX - CHICAGO MERCANTILE EXCHANGE,221004,2022-10-04,099741,CME,00,099,640458,30698,269016,1748,375722,161605,25805,68913,87224,16230,42787,13441,4380,566283,579449,74175,61009,-13684,4867,-4959,-420,-1764,299,-1358,-6446,-15026,861,-4862,4,-190,-9312,-20789,-4372,7105,100.0,4.8,42.0,0.3,58.7,25.2,4.0,10.8,13.6,2.5,6.7,2.1,0.7,88.4,90.5,11.6,9.5,321,16,14,7,106,42,50,48,44,27,34,16,8,235,178,15.5,36.6,25.7,48.3,14.1,36.5,23.9,48.1,(CONTRACTS OF EUR 125,000),099741,CME ,099 ,F10,FutOnly
EURO FX - CHICAGO MERCANTILE EXCHANGE,220927,2022-09-27,099741,CME,00,099,654142,25831,273975,2168,377486,161306,27163,75359,102250,15369,47649,13437,4570,575595,600238,78547,53904,-3810,-896,-3666,1350,-12224,-530,1678,5784,4872,-3907,1423,-807,-19,-6811,-1029,3001,-2781,100.0,3.9,41.9,0.3,57.7,24.7,4.2,11.5,15.6,2.3,7.3,2.1,0.7,88.0,91.8,12.0,8.2,327,15,14,7,103,42,48,49,49,30,36,18,10,239,183,15.1,35.9,25.4,47.6,13.7,35.8,23.6,47.5,(CONTRACTS OF EUR 125,000),099741,CME ,099 ,F10,FutOnly
EURO FX - CHICAGO MERCANTILE EXCHANGE,220920,2022-09-20,099741,CME,00,099,657952,26727,277641,818,389710,161836,25485,69575,97378,19276,46226,14244,4589,582406,601267,75546,56685,-84292,-20597,-23952,-27143,-4355,-5082,-2486,1426,604,-15974,-1941,-1436,38,-71032,-75431,-13260,-8861,100.0,4.1,42.2,0.1,59.2,24.6,3.9,10.6,14.8,2.9,7.0,2.2,0.7,88.5,91.4,11.5,8.6,320,16,14,6,107,37,45,47,46,25,36,17,10,238,168,15.2,36.2,26.1,48.3,14.2,36.2,24.3,48.2,(CONTRACTS OF EUR 125,000),099741,CME ,099 ,F10,FutOnly
EURO FX - CHICAGO MERCANTILE EXCHANGE,220913,2022-09-13,099741,CME,00,099,742244,47324,301593,27961,394065,166918,27971,68149,96774,35250,48167,15680,4551,653438,676698,88806,65546,20566,-18518,19842,19463,9201,-28145,-1147,-6195,-1014,12690,-355,-29,114,15253,21774,5313,-1208,100.0,6.4,40.6,3.8,53.1,22.5,3.8,9.2,13.0,4.7,6.5,2.1,0.6,88.0,91.2,12.0,8.8,326,20,11,13,107,37,50,49,45,31,39,18,10,249,181,13.5,38.4,23.9,48.9,12.6,38.2,21.5,48.6,(CONTRACTS OF EUR 125,000),099741,CME ,099 ,F10,FutOnly
EURO FX - CHICAGO MERCANTILE EXCHANGE,220906,2022-09-06,099741,CME,00,099,721678,65842,281751,8498,384864,195063,29118,74344,97788,22560,48522,15709,4437,638185,654924,83493,66754,1597,-4830,4399,1064,5080,-3783,633,-1734,-3648,-2211,1153,624,-180,-1025,-3102,2622,4699,100.0,9.1,39.0,1.2,53.3,27.0,4.0,10.3,13.6,3.1,6.7,2.2,0.6,88.4,90.8,11.6,9.2,328,20,12,10,102,44,49,45,46,24,41,18,10,243,178,14.3,37.1,25.5,48.7,13.6,36.8,23.8,48.4,(CONTRACTS OF EUR 125,000),099741,CME ,099 ,F10,FutOnly
EURO FX - CHICAGO MERCANTILE EXCHANGE,220830,2022-08-30,099741,CME,00,099,720081,70672,277352,7434,379784,198846,28485,76078,101436,24771,47369,15085,4617,639210,658026,80871,62055,2160,4062,-11377,1104,-3031,6237,-956,-5937,539,7665,814,-477,-29,3692,2706,-1532,-546,100.0,9.8,38.5,1.0,52.7,27.6,4.0,10.6,14.1,3.4,6.6,2.1,0.6,88.8,91.4,11.2,8.6,335,20,11,10,102,44,48,50,50,25,39,18,11,252,177,14.8,37.4,24.9,49.3,14.2,37.2,23.2,49.0,(CONTRACTS OF EUR 125,000),099741,CME ,099 ,F10,FutOnly
EURO FX - CHICAGO MERCANTILE EXCHANGE,220823,2022-08-23,099741,CME,00,099,717921,66610,288729,6330,382815,192609,29441,82015,100897,17106,46555,15562,4646,635518,655320,82403,62601,19351,7160,-9107,1334,-1193,15124,593,11048,7760,-2622,708,1880,-491,16537,14471,2814,4880,100.0,9.3,40.2,0.9,53.3,26.8,4.1,11.4,14.1,2.4,6.5,2.2,0.6,88.5,91.3,11.5,8.7,335,20,11,9,103,44,49,48,52,22,38,18,10,247,178,14.1,37.9,24.2,49.8,13.3,37.7,22.4,49.6,(CONTRACTS OF EUR 125,000),099741,CME ,099 ,F10,FutOnly
EURO FX - CHICAGO MERCANTILE EXCHANGE,220816,2022-08-16,099741,CME,00,099,698570,59450,297836,4996,384008,177485,28848,70967,93137,19728,45847,13682,5137,618981,640849,79589,57721,6172,4486,-3367,-436,2775,7641,-631,-1812,3750,349,856,15,-60,5527,7261,645,-1089,100.0,8.5,42.6,0.7,55.0,25.4,4.1,10.2,13.3,2.8,6.6,2.0,0.7,88.6,91.7,11.4,8.3,331,19,11,9,103,46,47,43,54,24,38,17,11,244,178,14.6,40.1,24.5,52.2,13.4,39.9,22.6,52.0,(CONTRACTS OF EUR 125,000),099741,CME ,099 ,F10,FutOnly
EURO FX - CHICAGO MERCANTILE EXCHANGE,220809,2022-08-09,099741,CME,00,099,692398,54964,301203,5432,381233,169844,29479,72779,89387,19379,44991,13667,5197,613454,633588,78944,58810,8515,6438,4282,-739,-254,7102,690,2900,-3192,749,1222,-1043,1031,12037,8880,-3522,-365,100.0,7.9,43.5,0.8,55.1,24.5,4.3,10.5,12.9,2.8,6.5,2.0,0.8,88.6,91.5,11.4,8.5,334,19,11,8,104,47,47,45,52,25,38,18,10,246,178,14.7,40.9,24.0,52.2,13.5,40.7,22.2,51.9,(CONTRACTS OF EUR 125,000),099741,CME ,099 ,F10,FutOnly
EURO FX - CHICAGO MERCANTILE EXCHANGE,220802,2022-08-02,099741,CME,00,099,683883,48526,296921,6171,381487,162742,28789,69879,92579,18630,43769,14710,4166,601417,624708,82466,59175,-10216,-9032,6794,-806,7819,-2280,355,-3865,-12200,-2712,-1022,1949,-412,-9675,-9312,-541,-904,100.0,7.1,43.4,0.9,55.8,23.8,4.2,10.2,13.5,2.7,6.4,2.2,0.6,87.9,91.3,12.1,8.7,330,20,10,8,104,42,45,44,54,26,36,20,9,238,180,14.6,41.1,23.6,52.3,13.4,41.0,22.1,51.9,(CONTRACTS OF EUR 125,000),099741,CME ,099 ,F10,FutOnly
EURO FX - CHICAGO MERCANTILE EXCHANGE,220726,2022-07-26,099741,CME,00,099,694099,57558,290127,6977,373668,165022,28434,73744,104779,21342,44791,12761,4578,611092,634020,83007,60079,-7,-5921,-2433,572,4857,-6653,-4622,3601,11641,1778,-529,-2934,-74,-338,-2725,331,2718,100.0,8.3,41.8,1.0,53.8,23.8,4.1,10.6,15.1,3.1,6.5,1.8,0.7,88.0,91.3,12.0,8.7,337,21,9,9,104,43,46,44,62,27,38,16,10,244,185,14.3,39.6,22.7,49.8,13.0,39.4,21.3,49.4,(CONTRACTS OF EUR 125,000),099741,CME ,099 ,F10,FutOnly
EURO FX - CHICAGO MERCANTILE EXCHANGE,220719,2022-07-19,099741,CME,00,099,694106,63479,292560,6405,368811,171675,33056,70143,93138,19564,45320,15695,4652,611430,636745,82676,57361,12075,19485,1062,-340,-5817,4760,4921,-6961,8412,974,516,-1180,15,12793,18624,-718,-6549,100.0,9.1,42.1,0.9,53.1,24.7,4.8,10.1,13.4,2.8,6.5,2.3,0.7,88.1,91.7,11.9,8.3,336,21,9,9,103,45,46,49,53,29,39,17,10,248,182,14.3,39.9,23.5,50.7,13.5,39.7,21.6,50.5,(CONTRACTS OF EUR 125,000),099741,CME ,099 ,F10,FutOnly
EURO FX - CHICAGO MERCANTILE EXCHANGE,220712,2022-07-12,099741,CME,00,099,682031,43994,291498,6745,374628,166915,28135,77104,84726,18590,44804,16875,4637,598637,618121,83394,63910,8259,12617,-12041,3717,-10382,11931,-112,-1090,-3062,958,2171,484,-489,7390,1386,869,6873,100.0,6.5,42.7,1.0,54.9,24.5,4.1,11.3,12.4,2.7,6.6,2.5,0.7,87.8,90.6,12.2,9.4,331,20,9,9,101,45,45,48,52,28,39,17,9,243,179,15.1,39.9,23.5,49.9,13.8,39.7,21.9,49.6,(CONTRACTS OF EUR 125,000),099741,CME ,099 ,F10,FutOnly
EURO FX - CHICAGO MERCANTILE EXCHANGE,220705,2022-07-05,099741,CME,00,099,673772,31377,303539,3028,385010,154984,28247,78194,87788,17632,42633,16391,5126,591247,616735,82525,57037,2300,-5802,-21273,865,-586,1617,387,7642,14875,-301,2236,3351,-813,3628,-1292,-1328,3592,100.0,4.7,45.1,0.4,57.1,23.0,4.2,11.6,13.0,2.6,6.3,2.4,0.8,87.8,91.5,12.2,8.5,328,15,13,7,104,39,45,48,56,25,37,16,11,236,180,15.7,40.6,24.4,50.8,14.2,40.4,22.6,50.5,(CONTRACTS OF EUR 125,000),099741,CME ,099 ,F10,FutOnly
EURO FX - CHICAGO MERCANTILE EXCHANGE,220628,2022-06-28,099741,CME,00,099,671472,37179,324812,2163,385596,153367,27860,70552,72913,17933,40397,13040,5939,587619,618027,83853,53445,-246,907,12369,710,5201,-11439,-1397,-2714,-2949,298,-1708,326,-188,1109,-2270,-1355,2024,100.0,5.5,48.4,0.3,57.4,22.8,4.1,10.5,10.9,2.7,6.0,1.9,0.9,87.5,92.0,12.5,8.0,320,17,13,8,103,39,42,47,50,30,37,14,7,239,168,14.8,41.4,23.7,55.2,13.4,41.2,22.0,55.0,(CONTRACTS OF EUR 125,000),099741,CME ,099 ,F10,FutOnly
EURO FX - CHICAGO MERCANTILE EXCHANGE,220621,2022-06-21,099741,CME,00,099,671718,36272,312443,1453,380395,164806,29257,73266,75862,17635,42105,12714,6127,586510,620297,85208,51421,3554,4435,3743,15,-9621,-2214,-111,5671,-2365,2441,-570,25,909,3169,2443,385,1111,100.0,5.4,46.5,0.2,56.6,24.5,4.4,10.9,11.3,2.6,6.3,1.9,0.9,87.3,92.3,12.7,7.7,317,18,12,6,104,41,47,46,44,29,37,14,7,242,164,14.8,41.8,23.7,54.1,13.4,41.6,21.8,53.9,(CONTRACTS OF EUR 125,000),099741,CME ,099 ,F10,FutOnly
EURO FX - CHICAGO MERCANTILE EXCHANGE,220614,2022-06-14,099741,CME,00,099,668164,31837,308700,1438,390016,167020,29368,67595,78227,15194,42675,12689,5218,583341,617854,84823,50310,-62503,3776,-31586,-8549,-14065,10305,-1392,-11956,925,-25464,1409,-3613,-107,-56348,-59481,-6155,-3022,100.0,4.8,46.2,0.2,58.4,25.0,4.4,10.1,11.7,2.3,6.4,1.9,0.8,87.3,92.5,12.7,7.5,326,15,14,5,105,42,46,48,48,25,38,15,7,240,169,15.9,41.8,24.8,53.4,14.6,41.6,22.9,53.2,(CONTRACTS OF EUR 125,000),099741,CME ,099 ,F10,FutOnly
EURO FX - CHICAGO MERCANTILE EXCHANGE,220607,2022-06-07,099741,CME,00,099,730667,28061,340286,9987,404081,156715,30760,79551,77302,40658,41266,16302,5325,639689,677335,90978,53332,24350,-6939,4747,8250,1298,-5153,1641,-1910,-6954,20031,-2286,2255,425,20510,25242,3840,-892,100.0,3.8,46.6,1.4,55.3,21.4,4.2,10.9,10.6,5.6,5.6,2.2,0.7,87.5,92.7,12.5,7.3,335,17,18,10,105,41,47,52,48,34,35,18,8,245,189,14.8,40.9,23.5,52.6,13.4,40.7,21.0,51.2,(CONTRACTS OF EUR 125,000),099741,CME ,099 ,F10,FutOnly
EURO FX - CHICAGO MERCANTILE EXCHANGE,220531,2022-05-31,099741,CME,00,099,706317,35000,335539,1737,402783,161868,29119,81461,84256,20627,43552,14047,4900,619179,652093,87138,54224,-2621,-5662,13682,-190,5035,-7718,-4517,1371,-7017,2773,-341,700,-336,-1867,-2623,-754,2,100.0,5.0,47.5,0.2,57.0,22.9,4.1,11.5,11.9,2.9,6.2,2.0,0.7,87.7,92.3,12.3,7.7,346,17,17,7,109,44,46,53,51,36,39,16,7,252,190,15.4,41.7,23.7,52.8,14.0,41.6,22.0,52.6,(CONTRACTS OF EUR 125,000),099741,CME ,099 ,F10,FutOnly
EURO FX - CHICAGO MERCANTILE EXCHANGE,220524,2022-05-24,099741,CME,00,099,708938,40662,321857,1927,397748,169586,33636,80090,91273,17854,43893,13347,5236,621046,654716,87892,54222,2226,-370,15916,-209,5411,-6754,1690,-4146,-7939,-1648,-782,1382,-157,-211,2281,2437,-55,100.0,5.7,45.4,0.3,56.1,23.9,4.7,11.3,12.9,2.5,6.2,1.9,0.7,87.6,92.4,12.4,7.6,338,19,15,6,105,44,45,54,49,36,39,13,7,247,185,15.3,40.3,23.7,52.2,14.0,40.2,21.6,51.9,(CONTRACTS OF EUR 125,000),099741,CME ,099 ,F10,FutOnly
EURO FX - CHICAGO MERCANTILE EXCHANGE,220517,2022-05-17,099741,CME,00,099,706712,41032,305941,2136,392337,176340,31946,84236,99212,19502,44675,11965,5393,621257,652435,85455,54277,1666,-1273,13281,-251,-3829,-8419,1287,3269,182,1168,1341,-855,-580,1132,5813,534,-4147,100.0,5.8,43.3,0.3,55.5,25.0,4.5,11.9,14.0,2.8,6.3,1.7,0.8,87.9,92.3,12.1,7.7,335,19,13,9,104,43,48,56,49,34,38,12,7,248,185,15.3,39.0,23.8,50.6,14.0,38.9,21.7,50.4,(CONTRACTS OF EUR 125,000),099741,CME ,099 ,F10,FutOnly
EURO FX - CHICAGO MERCANTILE EXCHANGE,220510,2022-05-10,099741,CME,00,099,705046,42305,292660,2387,396166,184759,30659,80967,99030,18334,43334,12820,5973,620125,646622,84921,58424,10120,-9735,10988,598,15225,-6054,460,4554,2452,897,1656,-153,-189,13466,8999,-3346,1121,100.0,6.0,41.5,0.3,56.2,26.2,4.3,11.5,14.0,2.6,6.1,1.8,0.8,88.0,91.7,12.0,8.3,340,19,13,7,105,42,47,57,49,31,40,15,9,246,188,14.8,38.6,23.6,49.8,13.8,38.5,21.7,49.6,(CONTRACTS OF EUR 125,000),099741,CME ,099 ,F10,FutOnly
EURO FX - CHICAGO MERCANTILE EXCHANGE,220503,2022-05-03,099741,CME,00,099,694926,52040,281672,1789,380941,190813,30199,76413,96578,17437,41678,12973,6162,606659,637623,88267,57303,6477,12643,-4564,-399,-13008,4948,332,68,9520,-1875,3023,-120,-505,279,7337,6198,-860,100.0,7.5,40.5,0.3,54.8,27.5,4.3,11.0,13.9,2.5,6.0,1.9,0.9,87.3,91.8,12.7,8.2,335,22,13,7,103,44,42,55,48,34,37,13,8,245,181,14.7,39.2,23.6,50.1,13.5,39.1,21.6,49.8,(CONTRACTS OF EUR 125,000),099741,CME ,099 ,F10,FutOnly
EURO FX - CHICAGO MERCANTILE EXCHANGE,220426,2022-04-26,099741,CME,00,099,688449,39397,286236,2188,393949,185865,29867,76345,87058,19312,38655,13093,6667,606380,630286,82069,58163,12510,-67,-2541,429,412,5851,-2827,5477,11149,1155,3287,131,-486,7380,12861,5130,-351,100.0,5.7,41.6,0.3,57.2,27.0,4.3,11.1,12.6,2.8,5.6,1.9,1.0,88.1,91.6,11.9,8.4,345,21,14,8,105,44,47,60,47,35,40,14,8,257,186,14.6,38.8,23.6,49.6,13.5,38.6,21.7,49.3,(CONTRACTS OF EUR 125,000),099741,CME ,099 ,F10,FutOnly
EURO FX - CHICAGO MERCANTILE EXCHANGE,220419,2022-04-19,099741,CME,00,099,675939,39464,288777,1759,393537,180014,32694,70868,75909,18157,35368,12962,7153,599000,617425,76939,58514,-2668,-1002,-11035,198,5824,4208,-1175,-8405,4043,-1111,5538,1474,-309,-442,-3707,-2226,1039,100.0,5.8,42.7,0.3,58.2,26.6,4.8,10.5,11.2,2.7,5.2,1.9,1.1,88.6,91.3,11.4,8.7,339,19,15,6,106,45,46,58,43,33,38,15,8,249,183,15.7,39.4,24.6,49.6,14.7,39.3,22.7,49.4,(CONTRACTS OF EUR 125,000),099741,CME ,099 ,F10,FutOnly
EURO FX - CHICAGO MERCANTILE EXCHANGE,220412,2022-04-12,099741,CME,00,099,678607,40466,299812,1561,387713,175806,33869,79273,71866,19268,29830,11488,7462,599442,621132,79165,57475,15018,6727,2977,495,-515,10899,2656,10222,-3037,-1064,-5205,-167,483,13799,13242,1219,1776,100.0,6.0,44.2,0.2,57.1,25.9,5.0,11.7,10.6,2.8,4.4,1.7,1.1,88.3,91.5,11.7,8.5,336,19,14,6,106,43,45,62,42,33,36,14,8,249,179,15.6,39.3,24.5,50.0,14.5,39.3,22.4,49.9,(CONTRACTS OF EUR 125,000),099741,CME ,099 ,F10,FutOnly
EURO FX - CHICAGO MERCANTILE EXCHANGE,220405,2022-04-05,099741,CME,00,099,663589,33739,296835,1066,388228,164907,31213,69051,74903,20332,35035,11655,6979,585643,607890,77946,55699,1174,-2226,-12986,-92,5126,16640,-1549,261,-3850,17,1829,1459,183,3549,-178,-2375,1352,100.0,5.1,44.7,0.2,58.5,24.9,4.7,10.4,11.3,3.1,5.3,1.8,1.1,88.3,91.6,11.7,8.4,333,21,13,5,105,42,42,53,46,31,38,15,8,242,177,16.4,39.9,25.4,50.9,15.4,39.9,23.5,50.7,(CONTRACTS OF EUR 125,000),099741,CME ,099 ,F10,FutOnly
EURO FX - CHICAGO MERCANTILE EXCHANGE,220329,2022-03-29,099741,CME,00,099,662415,35965,309821,1158,383102,148267,32762,68790,78753,20315,33206,10196,6796,582094,608068,80321,54347,3598,-1828,12222,-1125,2019,-4352,537,1401,-4033,48,-1942,-748,137,-753,2686,4351,912,100.0,5.4,46.8,0.2,57.8,22.4,4.9,10.4,11.9,3.1,5.0,1.5,1.0,87.9,91.8,12.1,8.2,324,21,13,5,107,36,42,48,49,31,36,14,8,239,171,16.6,39.5,25.6,51.4,15.8,39.5,23.9,51.2,(CONTRACTS OF EUR 125,000),099741,CME ,099 ,F10,FutOnly
EURO FX - CHICAGO MERCANTILE EXCHANGE,220322,2022-03-22,099741,CME,00,099,658817,37793,297599,2283,381083,152619,32225,67389,82786,20267,35148,10944,6659,582847,605382,75970,53435,-7193,-3447,2136,-1709,-11370,-6635,818,7093,-4130,-658,1509,1114,-208,-7972,-9272,779,2079,100.0,5.7,45.2,0.3,57.8,23.2,4.9,10.2,12.6,3.1,5.3,1.7,1.0,88.5,91.9,11.5,8.1,327,20,13,6,104,40,45,48,48,31,38,16,9,242,176,17.2,38.9,26.0,51.0,16.5,38.7,23.9,50.8,(CONTRACTS OF EUR 125,000),099741,CME ,099 ,F10,FutOnly
EURO FX - CHICAGO MERCANTILE EXCHANGE,220315,2022-03-15,099741,CME,00,099,666010,41240,295463,3992,392453,159254,31407,60296,86916,20925,33639,9830,6867,590819,614654,75191,51356,-72980,-5189,-41298,-11329,-6180,1140,-2830,-23391,-3658,-6787,-7264,598,526,-62444,-63638,-10536,-9342,100.0,6.2,44.4,0.6,58.9,23.9,4.7,9.1,13.1,3.1,5.1,1.5,1.0,88.7,92.3,11.3,7.7,330,19,14,8,104,44,47,46,52,28,35,16,8,235,186,17.6,37.6,26.7,50.4,16.4,37.1,24.8,49.8,(CONTRACTS OF EUR 125,000),099741,CME ,099 ,F10,FutOnly
EURO FX - CHICAGO MERCANTILE EXCHANGE,220308,2022-03-08,099741,CME,00,099,738990,46429,336761,15321,398633,158114,34237,83687,90574,27712,40903,9232,6341,653263,678292,85727,60698,19015,1216,-41329,12891,-12978,21402,2125,18177,6909,10205,-13634,662,-393,17609,12472,1406,6543,100.0,6.3,45.6,2.1,53.9,21.4,4.6,11.3,12.3,3.7,5.5,1.2,0.9,88.4,91.8,11.6,8.2,332,18,14,9,104,45,48,53,47,36,38,13,8,249,184,16.4,42.6,24.2,51.9,15.2,41.3,22.1,50.2,(CONTRACTS OF EUR 125,000),099741,CME ,099 ,F10,FutOnly
EURO FX - CHICAGO MERCANTILE EXCHANGE,220301,2022-03-01,099741,CME,00,099,719975,45213,378090,2430,411611,136712,32112,65510,83665,17507,54537,8570,6734,635654,665820,84321,54155,23293,3850,-5355,-1257,-52,17431,1820,15497,3067,3808,4617,191,23,28306,19728,-5013,3565,100.0,6.3,52.5,0.3,57.2,19.0,4.5,9.1,11.6,2.4,7.6,1.2,0.9,88.3,92.5,11.7,7.5,329,20,15,11,107,43,45,51,43,32,37,13,7,248,176,17.2,44.6,25.4,54.1,15.9,44.4,23.5,53.9,(CONTRACTS OF EUR 125,000),099741,CME ,099 ,F10,FutOnly
EURO FX - CHICAGO MERCANTILE EXCHANGE,220222,2022-02-22,099741,CME,00,099,696682,41363,383445,3687,411663,119281,30292,50013,80598,13699,49920,8379,6711,607348,646092,89334,50590,-5365,-424,9607,496,-5655,-6250,1130,-2378,-10815,2132,-897,-628,17,-5579,-4311,214,-1054,100.0,5.9,55.0,0.5,59.1,17.1,4.3,7.2,11.6,2.0,7.2,1.2,1.0,87.2,92.7,12.8,7.3,325,18,15,11,109,41,46,48,44,31,35,15,7,246,174,17.2,46.0,25.8,56.9,15.8,45.7,23.7,56.5,(CONTRACTS OF EUR 125,000),099741,CME ,099 ,F10,FutOnly
EURO FX - CHICAGO MERCANTILE EXCHANGE,220215,2022-02-15,099741,CME,00,099,702047,41787,373838,3191,417318,125531,29162,52391,91413,11567,50817,9007,6694,612927,650403,89120,51644,1949,1099,17985,-2304,9373,-4885,1200,-11531,-6354,250,2338,-2401,129,554,3620,1395,-1671,100.0,6.0,53.2,0.5,59.4,17.9,4.2,7.5,13.0,1.6,7.2,1.3,1.0,87.3,92.6,12.7,7.4,325,18,16,12,107,43,46,46,43,28,37,15,6,244,173,16.9,44.8,26.2,55.4,15.7,44.5,24.0,55.1,(CONTRACTS OF EUR 125,000),099741,CME ,099 ,F10,FutOnly
EURO FX - CHICAGO MERCANTILE EXCHANGE,220208,2022-02-08,099741,CME,00,099,700098,40688,355853,5495,407945,130416,27962,63922,97767,11317,48479,11408,6565,612373,646783,87725,53315,14667,-582,37737,458,12484,-18672,-983,3814,-5530,-1144,-3925,4915,495,10617,17276,4050,-2609,100.0,5.8,50.8,0.8,58.3,18.6,4.0,9.1,14.0,1.6,6.9,1.6,0.9,87.5,92.4,12.5,7.6,326,16,17,11,107,41,42,50,43,32,36,16,6,243,174,16.3,43.2,25.0,54.5,14.9,42.5,22.9,53.8,(CONTRACTS OF EUR 125,000),099741,CME ,099 ,F10,FutOnly
EURO FX - CHICAGO MERCANTILE EXCHANGE,220201,2022-02-01,099741,CME,00,099,685431,41270,318116,5037,395461,149088,28945,60108,103297,12461,52404,6493,6070,601756,629507,83675,55924,2479,-1964,-6018,1272,-5196,7318,387,-702,-1156,1262,3209,-1744,-191,-1923,1130,4402,1349,100.0,6.0,46.4,0.7,57.7,21.8,4.2,8.8,15.1,1.8,7.6,0.9,0.9,87.8,91.8,12.2,8.2,330,19,15,9,105,43,43,50,48,33,40,10,4,247,172,16.7,41.1,24.7,51.6,15.1,40.5,22.9,50.9,(CONTRACTS OF EUR 125,000),099741,CME ,099 ,F10,FutOnly
EURO FX - CHICAGO MERCANTILE EXCHANGE,220125,2022-01-25,099741,CME,00,099,682952,43234,324134,3765,400657,141770,28558,60810,104453,11199,49195,8237,6261,603679,628377,79273,54575,-8930,-2047,3854,51,-6162,-13348,-2244,1065,930,1264,-560,-322,86,-8547,-9729,-383,799,100.0,6.3,47.5,0.6,58.7,20.8,4.2,8.9,15.3,1.6,7.2,1.2,0.9,88.4,92.0,11.6,8.0,330,18,16,8,105,40,42,51,49,30,36,15,5,240,175,16.7,40.8,24.8,52.7,15.1,40.3,23.0,52.2,(CONTRACTS OF EUR 125,000),099741,CME ,099 ,F10,FutOnly
EURO FX - CHICAGO MERCANTILE EXCHANGE,220118,2022-01-18,099741,CME,00,099,691882,45281,320280,3714,406819,155118,30802,59745,103523,9935,49755,8559,6175,612226,638106,79656,53776,9589,4069,24252,-1596,6324,-11595,-2189,1360,-2536,1049,-312,-185,1221,9926,8421,-337,1168,100.0,6.5,46.3,0.5,58.8,22.4,4.5,8.6,15.0,1.4,7.2,1.2,0.9,88.5,92.2,11.5,7.8,330,19,15,8,105,45,47,43,51,27,36,15,5,240,177,16.5,41.1,24.4,53.5,14.8,40.8,22.6,53.0,(CONTRACTS OF EUR 125,000),099741,CME ,099 ,F10,FutOnly
EURO FX - CHICAGO MERCANTILE EXCHANGE,220111,2022-01-11,099741,CME,00,099,682293,41212,296028,5310,400495,166713,32991,58385,106059,8886,50067,8744,4954,602300,629685,79993,52608,4075,266,7426,-269,1192,-5928,814,5159,2973,-936,-1715,-196,600,5111,4484,-1036,-409,100.0,6.0,43.4,0.8,58.7,24.4,4.8,8.6,15.5,1.3,7.3,1.3,0.7,88.3,92.3,11.7,7.7,328,17,16,7,105,49,47,46,46,26,35,14,5,237,176,15.9,39.5,24.5,51.7,13.9,38.8,21.9,50.9,(CONTRACTS OF EUR 125,000),099741,CME ,099 ,F10,FutOnly
EURO FX - CHICAGO MERCANTILE EXCHANGE,220104,2022-01-04,099741,CME,00,099,678218,40946,288602,5579,399303,172641,32177,53226,103086,9822,51782,8940,4354,597189,625201,81029,53017,4945,9219,7441,-643,-4620,5134,686,-4411,-4952,-4063,4101,-489,386,655,3500,4290,1445,100.0,6.0,42.6,0.8,58.9,25.5,4.7,7.8,15.2,1.4,7.6,1.3,0.6,88.1,92.2,11.9,7.8,333,18,15,6,107,45,44,45,51,24,37,15,5,234,178,16.0,39.0,24.7,51.4,14.2,38.3,22.3,50.6,(CONTRACTS OF EUR 125,000),099741,CME ,099 ,F10,FutOnly
EURO FX/BRITISH POUND XRATE - CHICAGO MERCANTILE EXCHANGE,221227,2022-12-27,299741,CME,00,099,29699,0,10153,22,13297,1138,2733,429,12522,1,0,0,0,16482,26569,13217,3130,825,0,-15,15,181,76,-137,0,821,1,0,0,0,60,761,765,64,100.0,0.0,34.2,0.1,44.8,3.8,9.2,1.4,42.2,0.0,0.0,0.0,0.0,55.5,89.5,44.5,10.5,27,0,.,.,15,4,5,.,5,.,0,0,0,20,14,20.7,60.7,36.7,80.8,20.5,60.6,33.8,78.1,(CONTRACTS OF EUR 125,000),299741,CME ,099 ,F10,FutOnly
EURO FX/BRITISH POUND XRATE - CHICAGO MERCANTILE EXCHANGE,221220,2022-12-20,299741,CME,00,099,28874,0,10168,7,13116,1062,2870,429,11701,0,0,0,0,16422,25808,12452,3066,-3278,0,-8599,7,1225,441,-242,-1536,7406,-1641,0,0,0,-2187,-2628,-1091,-650,100.0,0.0,35.2,0.0,45.4,3.7,9.9,1.5,40.5,0.0,0.0,0.0,0.0,56.9,89.4,43.1,10.6,27,0,.,.,15,4,5,.,5,0,0,0,0,19,14,21.0,60.3,37.6,80.2,21.0,60.2,34.1,77.4,(CONTRACTS OF EUR 125,000),299741,CME ,099 ,F10,FutOnly
EURO FX/BRITISH POUND XRATE - CHICAGO MERCANTILE EXCHANGE,221213,2022-12-13,299741,CME,00,099,32152,0,18767,0,11891,621,3112,1965,4295,1641,0,0,0,18609,28436,13543,3716,1810,0,3,0,-448,-27,223,548,586,756,0,0,0,1079,1541,731,269,100.0,0.0,58.4,0.0,37.0,1.9,9.7,6.1,13.4,5.1,0.0,0.0,0.0,57.9,88.4,42.1,11.6,25,0,.,0,14,.,6,4,.,4,0,0,0,22,13,19.0,75.9,34.6,84.2,16.7,71.7,28.4,73.7,(CONTRACTS OF EUR 125,000),299741,CME ,099 ,F10,FutOnly
EURO FX/BRITISH POUND XRATE - CHICAGO MERCANTILE EXCHANGE,221206,2022-12-06,299741,CME,00,099,30342,0,18764,0,12339,648,2889,1417,3709,885,0,0,0,17530,26895,12812,3447,422,0,14,-12,681,9,0,824,68,219,0,0,0,1712,298,-1290,124,100.0,0.0,61.8,0.0,40.7,2.1,9.5,4.7,12.2,2.9,0.0,0.0,0.0,57.8,88.6,42.2,11.4,25,0,.,0,15,.,5,.,.,.,0,0,0,21,11,17.7,78.6,33.3,86.3,17.5,75.4,29.9,76.2,(CONTRACTS OF EUR 125,000),299741,CME ,099 ,F10,FutOnly
EURO FX/BRITISH POUND XRATE - CHICAGO MERCANTILE EXCHANGE,221129,2022-11-29,299741,CME,00,099,29920,0,18750,12,11658,639,2889,593,3641,666,0,0,0,15818,26597,14102,3323,-1268,-414,-15,-6,-628,-448,-81,-552,-1214,-19,0,0,0,-1700,-1783,432,515,100.0,0.0,62.7,0.0,39.0,2.1,9.7,2.0,12.2,2.2,0.0,0.0,0.0,52.9,88.9,47.1,11.1,23,0,.,.,15,.,5,.,.,.,0,0,0,20,10,17.9,79.3,32.7,86.9,17.8,76.4,28.7,77.0,(CONTRACTS OF EUR 125,000),299741,CME ,099 ,F10,FutOnly
EURO FX/BRITISH POUND XRATE - CHICAGO MERCANTILE EXCHANGE,221122,2022-11-22,299741,CME,00,099,31188,414,18765,18,12286,1087,2970,1145,4855,685,0,0,0,17518,28380,13670,2808,-231,6,1,-1,115,0,49,185,-38,182,0,0,0,536,193,-767,-424,100.0,1.3,60.2,0.1,39.4,3.5,9.5,3.7,15.6,2.2,0.0,0.0,0.0,56.2,91.0,43.8,9.0,28,.,.,.,15,4,5,.,.,.,0,0,0,24,13,17.1,76.4,32.3,84.5,17.0,74.4,28.9,79.0,(CONTRACTS OF EUR 125,000),299741,CME ,099 ,F10,FutOnly
EURO FX/BRITISH POUND XRATE - CHICAGO MERCANTILE EXCHANGE,221115,2022-11-15,299741,CME,00,099,31419,408,18764,19,12171,1087,2921,960,4893,503,0,0,0,16982,28187,14437,3232,816,-7,-1,1,600,0,-37,-41,491,4,0,0,0,520,458,296,358,100.0,1.3,59.7,0.1,38.7,3.5,9.3,3.1,15.6,1.6,0.0,0.0,0.0,54.0,89.7,45.9,10.3,26,.,.,.,14,4,5,.,.,.,0,0,0,22,12,17.4,76.8,32.5,84.8,17.4,74.8,29.5,78.6,(CONTRACTS OF EUR 125,000),299741,CME ,099 ,F10,FutOnly
EURO FX/BRITISH POUND XRATE - CHICAGO MERCANTILE EXCHANGE,221108,2022-11-08,299741,CME,00,099,30603,415,18765,18,11571,1087,2958,1001,4402,499,0,0,0,16462,27729,14141,2874,160,415,-4,4,-93,434,1,-627,-384,499,0,0,0,199,550,-39,-390,100.0,1.4,61.3,0.1,37.8,3.6,9.7,3.3,14.4,1.6,0.0,0.0,0.0,53.8,90.6,46.2,9.4,27,.,.,.,15,4,6,.,.,.,0,0,0,23,13,18.1,77.8,30.9,85.4,17.8,75.2,27.6,79.1,(CONTRACTS OF EUR 125,000),299741,CME ,099 ,F10,FutOnly
EURO FX/BRITISH POUND XRATE - CHICAGO MERCANTILE EXCHANGE,221101,2022-11-01,299741,CME,00,099,30443,0,18769,14,11664,653,2957,1628,4786,0,0,0,0,16263,27179,14180,3264,-399,-412,14,-9,-233,62,353,33,-148,-603,0,0,0,-871,-331,472,-68,100.0,0.0,61.7,0.0,38.3,2.1,9.7,5.3,15.7,0.0,0.0,0.0,0.0,53.4,89.3,46.6,10.7,26,0,.,.,15,.,5,.,.,0,0,0,0,21,11,18.2,78.2,31.1,85.8,17.9,75.9,28.4,79.5,(CONTRACTS OF EUR 125,000),299741,CME ,099 ,F10,FutOnly
EURO FX/BRITISH POUND XRATE - CHICAGO MERCANTILE EXCHANGE,221025,2022-10-25,299741,CME,00,099,30842,412,18755,23,11897,591,2604,1595,4934,603,0,0,0,17134,27510,13708,3332,32,9,-1,1,-424,0,-1,-71,-518,183,0,0,0,-303,-336,335,368,100.0,1.3,60.8,0.1,38.6,1.9,8.4,5.2,16.0,2.0,0.0,0.0,0.0,55.6,89.2,44.4,10.8,28,.,.,.,16,.,5,.,4,.,0,0,0,23,12,18.0,75.8,30.3,83.7,17.5,74.9,27.7,78.7,(CONTRACTS OF EUR 125,000),299741,CME ,099 ,F10,FutOnly
EURO FX/BRITISH POUND XRATE - CHICAGO MERCANTILE EXCHANGE,221018,2022-10-18,299741,CME,00,099,30810,403,18756,22,12321,591,2605,1666,5452,420,0,0,0,17437,27846,13373,2964,-1625,-16,7,-3,-1848,0,-48,262,-1770,420,0,0,0,-1233,-1394,-392,-231,100.0,1.3,60.9,0.1,40.0,1.9,8.5,5.4,17.7,1.4,0.0,0.0,0.0,56.6,90.4,43.4,9.6,29,.,.,.,17,.,5,.,4,.,0,0,0,24,12,18.0,76.4,30.1,84.8,17.5,75.8,27.9,80.5,(CONTRACTS OF EUR 125,000),299741,CME ,099 ,F10,FutOnly
EURO FX/BRITISH POUND XRATE - CHICAGO MERCANTILE EXCHANGE,221011,2022-10-11,299741,CME,00,099,32435,419,18749,25,14169,591,2653,1404,7222,0,0,0,0,18670,29240,13765,3195,-955,-33,-1,1,34,0,13,-1325,-334,-409,0,0,0,-1719,-730,764,-225,100.0,1.3,57.8,0.1,43.7,1.8,8.2,4.3,22.3,0.0,0.0,0.0,0.0,57.6,90.1,42.4,9.9,31,.,.,.,18,.,6,.,5,0,0,0,0,24,14,20.2,74.1,33.1,82.9,20.2,74.0,30.3,81.5,(CONTRACTS OF EUR 125,000),299741,CME ,099 ,F10,FutOnly
EURO FX/BRITISH POUND XRATE - CHICAGO MERCANTILE EXCHANGE,221004,2022-10-04,299741,CME,00,099,33390,452,18750,24,14135,591,2640,2729,7556,409,0,0,0,20389,29970,13001,3420,-1511,-9,712,-6,208,0,-46,-1281,-1661,-191,0,0,0,-1325,-1192,-186,-319,100.0,1.4,56.2,0.1,42.3,1.8,7.9,8.2,22.6,1.2,0.0,0.0,0.0,61.1,89.8,38.9,10.2,31,.,.,.,17,.,5,4,5,.,0,0,0,25,13,20.3,74.2,33.3,82.8,20.3,74.1,31.7,80.2,(CONTRACTS OF EUR 125,000),299741,CME ,099 ,F10,FutOnly
EURO FX/BRITISH POUND XRATE - CHICAGO MERCANTILE EXCHANGE,220927,2022-09-27,299741,CME,00,099,34901,461,18038,30,13927,591,2686,4010,9217,600,0,0,0,21714,31162,13187,3739,2431,-3,345,0,-703,-459,18,3121,2149,195,0,0,0,2628,2248,-197,183,100.0,1.3,51.7,0.1,39.9,1.7,7.7,11.5,26.4,1.7,0.0,0.0,0.0,62.2,89.3,37.8,10.7,31,.,.,.,17,.,7,4,6,.,0,0,0,25,15,21.1,72.8,35.1,82.5,20.9,72.7,32.8,79.7,(CONTRACTS OF EUR 125,000),299741,CME ,099 ,F10,FutOnly
EURO FX/BRITISH POUND XRATE - CHICAGO MERCANTILE EXCHANGE,220920,2022-09-20,299741,CME,00,099,32470,464,17693,30,14630,1050,2668,889,7068,405,0,0,0,19086,28914,13384,3556,-2496,-26,102,26,297,-27,-239,-1880,-1817,-783,0,0,0,-2605,-2738,109,242,100.0,1.4,54.5,0.1,45.1,3.2,8.2,2.7,21.8,1.2,0.0,0.0,0.0,58.8,89.0,41.2,11.0,30,.,.,.,18,.,7,.,6,.,0,0,0,23,16,19.9,73.5,34.9,81.5,19.7,72.2,31.9,78.8,(CONTRACTS OF EUR 125,000),299741,CME ,099 ,F10,FutOnly
EURO FX/BRITISH POUND XRATE - CHICAGO MERCANTILE EXCHANGE,220913,2022-09-13,299741,CME,00,099,34966,490,17591,4,14333,1077,2907,2769,8885,1188,0,0,0,21691,31652,13275,3314,650,0,-34,-430,-200,600,201,393,-570,304,0,0,0,268,71,382,579,100.0,1.4,50.3,0.0,41.0,3.1,8.3,7.9,25.4,3.4,0.0,0.0,0.0,62.0,90.5,38.0,9.5,32,.,.,.,18,.,8,4,5,.,0,0,0,25,18,19.4,70.6,34.0,81.2,18.7,68.9,32.1,77.5,(CONTRACTS OF EUR 125,000),299741,CME ,099 ,F10,FutOnly
EURO FX/BRITISH POUND XRATE - CHICAGO MERCANTILE EXCHANGE,220906,2022-09-06,299741,CME,00,099,34316,490,17625,434,14533,477,2706,2376,9455,884,0,0,0,21423,31581,12893,2735,2559,-446,-40,434,1784,-2656,14,-25,5133,884,0,0,0,2645,3769,-86,-1210,100.0,1.4,51.4,1.3,42.4,1.4,7.9,6.9,27.6,2.6,0.0,0.0,0.0,62.4,92.0,37.6,8.0,32,.,.,.,18,.,7,.,7,.,0,0,0,26,17,18.3,73.5,33.3,84.2,18.3,70.8,32.3,78.9,(CONTRACTS OF EUR 125,000),299741,CME ,099 ,F10,FutOnly
EURO FX/BRITISH POUND XRATE - CHICAGO MERCANTILE EXCHANGE,220830,2022-08-30,299741,CME,00,099,31757,936,17665,0,12749,3133,2692,2401,4322,0,0,0,0,18778,27812,12979,3945,-667,10,4,0,-30,-421,-17,-1331,444,-3,0,0,0,-1371,7,704,-674,100.0,2.9,55.6,0.0,40.1,9.9,8.5,7.6,13.6,0.0,0.0,0.0,0.0,59.1,87.6,40.9,12.4,31,.,.,0,17,.,6,5,.,0,0,0,0,24,13,17.8,74.6,32.3,83.3,17.8,73.8,28.8,79.1,(CONTRACTS OF EUR 125,000),299741,CME ,099 ,F10,FutOnly
EURO FX/BRITISH POUND XRATE - CHICAGO MERCANTILE EXCHANGE,220823,2022-08-23,299741,CME,00,099,32424,926,17661,0,12779,3554,2709,3732,3878,3,0,0,0,20149,27805,12275,4619,-107,20,-3,0,-36,-66,0,-316,28,0,0,0,0,-332,-41,225,-66,100.0,2.9,54.5,0.0,39.4,11.0,8.4,11.5,12.0,0.0,0.0,0.0,0.0,62.1,85.8,37.9,14.2,31,.,.,0,17,4,7,5,.,.,0,0,0,25,14,19.6,73.2,35.1,81.7,19.6,72.3,32.4,77.4,(CONTRACTS OF EUR 125,000),299741,CME ,099 ,F10,FutOnly
EURO FX/BRITISH POUND XRATE - CHICAGO MERCANTILE EXCHANGE,220816,2022-08-16,299741,CME,00,099,32531,906,17664,0,12815,3620,2709,4048,3850,3,0,0,0,20481,27846,12050,4685,-376,-368,-1,0,2,-227,17,-476,0,0,0,0,0,-825,-211,449,-165,100.0,2.8,54.3,0.0,39.4,11.1,8.3,12.4,11.8,0.0,0.0,0.0,0.0,63.0,85.6,37.0,14.4,32,.,.,0,17,4,7,6,.,.,0,0,0,26,14,19.0,73.1,34.5,81.5,19.0,72.2,31.8,77.3,(CONTRACTS OF EUR 125,000),299741,CME ,099 ,F10,FutOnly
EURO FX/BRITISH POUND XRATE - CHICAGO MERCANTILE EXCHANGE,220809,2022-08-09,299741,CME,00,099,32907,1274,17665,0,12813,3847,2692,4524,3850,3,0,0,0,21306,28057,11601,4850,308,-3,9,0,89,337,-42,650,0,0,0,0,0,694,304,-386,4,100.0,3.9,53.7,0.0,38.9,11.7,8.2,13.7,11.7,0.0,0.0,0.0,0.0,64.7,85.3,35.3,14.7,32,.,.,0,17,.,6,7,.,.,0,0,0,26,13,17.5,74.2,31.7,82.5,17.5,73.3,29.6,77.1,(CONTRACTS OF EUR 125,000),299741,CME ,099 ,F10,FutOnly
EURO FX/BRITISH POUND XRATE - CHICAGO MERCANTILE EXCHANGE,220802,2022-08-02,299741,CME,00,099,32599,1277,17656,0,12724,3510,2734,3874,3850,3,0,0,0,20612,27753,11987,4846,1111,416,-26,0,-21,906,25,1367,0,0,0,0,0,1787,905,-676,206,100.0,3.9,54.2,0.0,39.0,10.8,8.4,11.9,11.8,0.0,0.0,0.0,0.0,63.2,85.1,36.8,14.9,31,.,.,0,17,.,6,6,.,.,0,0,0,25,13,17.6,73.8,32.9,82.3,17.6,72.9,30.8,76.7,(CONTRACTS OF EUR 125,000),299741,CME ,099 ,F10,FutOnly
EURO FX/BRITISH POUND XRATE - CHICAGO MERCANTILE EXCHANGE,220726,2022-07-26,299741,CME,00,099,31488,861,17682,0,12745,2604,2709,2507,3850,3,0,0,0,18825,26848,12663,4640,350,0,28,0,21,-93,48,176,-72,0,0,0,0,245,-89,105,439,100.0,2.7,56.2,0.0,40.5,8.3,8.6,8.0,12.2,0.0,0.0,0.0,0.0,59.8,85.3,40.2,14.7,28,.,.,0,17,.,7,5,.,.,0,0,0,23,13,18.1,76.5,32.7,83.9,18.1,75.1,29.8,76.7,(CONTRACTS OF EUR 125,000),299741,CME ,099 ,F10,FutOnly
EURO FX/BRITISH POUND XRATE - CHICAGO MERCANTILE EXCHANGE,220719,2022-07-19,299741,CME,00,099,31138,861,17654,0,12724,2697,2661,2331,3922,3,0,0,0,18580,26937,12558,4201,-1337,-49,11,0,-1247,2220,0,34,-3865,0,0,0,0,-1262,-1634,-75,297,100.0,2.8,56.7,0.0,40.9,8.7,8.5,7.5,12.6,0.0,0.0,0.0,0.0,59.7,86.5,40.3,13.5,28,.,.,0,17,.,7,5,.,.,0,0,0,23,13,18.2,77.8,32.9,85.2,18.1,76.4,29.9,78.0,(CONTRACTS OF EUR 125,000),299741,CME ,099 ,F10,FutOnly
EURO FX/BRITISH POUND XRATE - CHICAGO MERCANTILE EXCHANGE,220712,2022-07-12,299741,CME,00,099,32475,910,17643,0,13971,477,2661,2297,7787,3,0,0,0,19842,28571,12633,3904,-2668,910,24,0,-2394,0,137,469,-2601,-438,0,0,0,-1316,-2878,-1352,210,100.0,2.8,54.3,0.0,43.0,1.5,8.2,7.1,24.0,0.0,0.0,0.0,0.0,61.1,88.0,38.9,12.0,31,.,.,0,18,.,7,4,5,.,0,0,0,23,16,17.7,72.3,32.5,82.3,17.5,72.3,30.8,79.8,(CONTRACTS OF EUR 125,000),299741,CME ,099 ,F10,FutOnly
EURO FX/BRITISH POUND XRATE - CHICAGO MERCANTILE EXCHANGE,220705,2022-07-05,299741,CME,00,099,35143,0,17619,0,16365,477,2524,1828,10388,441,0,0,0,21158,31449,13985,3694,1036,0,-7,0,356,0,0,939,1303,3,0,0,0,1298,1299,-262,-263,100.0,0.0,50.1,0.0,46.6,1.4,7.2,5.2,29.6,1.3,0.0,0.0,0.0,60.2,89.5,39.8,10.5,30,0,.,0,18,.,7,.,6,.,0,0,0,22,17,22.6,69.7,36.5,82.2,22.6,69.7,34.7,79.7,(CONTRACTS OF EUR 125,000),299741,CME ,099 ,F10,FutOnly
EURO FX/BRITISH POUND XRATE - CHICAGO MERCANTILE EXCHANGE,220628,2022-06-28,299741,CME,00,099,34107,0,17626,0,16009,477,2524,889,9085,438,0,0,0,19860,30150,14247,3957,-317,0,0,0,179,0,-122,0,-389,0,0,0,0,57,-511,-374,194,100.0,0.0,51.7,0.0,46.9,1.4,7.4,2.6,26.6,1.3,0.0,0.0,0.0,58.2,88.4,41.8,11.6,29,0,.,0,18,.,7,.,6,.,0,0,0,21,16,23.2,69.9,36.7,81.6,23.2,69.9,33.8,79.5,(CONTRACTS OF EUR 125,000),299741,CME ,099 ,F10,FutOnly
EURO FX/BRITISH POUND XRATE - CHICAGO MERCANTILE EXCHANGE,220621,2022-06-21,299741,CME,00,099,34424,0,17626,0,15830,477,2646,889,9474,438,0,0,0,19803,30661,14621,3763,1091,0,-32,0,89,0,0,8,1072,0,0,0,0,97,1040,994,51,100.0,0.0,51.2,0.0,46.0,1.4,7.7,2.6,27.5,1.3,0.0,0.0,0.0,57.5,89.1,42.5,10.9,29,0,.,0,18,.,7,.,6,.,0,0,0,21,16,22.6,68.3,36.0,81.2,22.6,68.3,33.4,79.1,(CONTRACTS OF EUR 125,000),299741,CME ,099 ,F10,FutOnly
EURO FX/BRITISH POUND XRATE - CHICAGO MERCANTILE EXCHANGE,220614,2022-06-14,299741,CME,00,099,33333,0,17658,0,15741,477,2646,881,8402,438,0,0,0,19706,29621,13627,3712,358,0,2920,0,840,-655,-2,0,-1613,-604,0,0,0,234,46,124,312,100.0,0.0,53.0,0.0,47.2,1.4,7.9,2.6,25.2,1.3,0.0,0.0,0.0,59.1,88.9,40.9,11.1,29,0,.,0,18,.,7,.,6,.,0,0,0,21,16,21.3,69.1,36.4,81.1,21.2,69.1,34.1,78.6,(CONTRACTS OF EUR 125,000),299741,CME ,099 ,F10,FutOnly
EURO FX/BRITISH POUND XRATE - CHICAGO MERCANTILE EXCHANGE,220607,2022-06-07,299741,CME,00,099,32975,0,14738,0,14901,1132,2648,881,10015,1042,0,0,0,19472,29575,13503,3400,1402,0,848,0,261,629,-358,0,-383,1035,0,0,0,938,1771,464,-369,100.0,0.0,44.7,0.0,45.2,3.4,8.0,2.7,30.4,3.2,0.0,0.0,0.0,59.1,89.7,40.9,10.3,32,0,5,0,17,.,8,.,6,.,0,0,0,21,21,20.1,51.4,35.9,70.9,20.0,49.9,33.1,69.2,(CONTRACTS OF EUR 125,000),299741,CME ,099 ,F10,FutOnly
EURO FX/BRITISH POUND XRATE - CHICAGO MERCANTILE EXCHANGE,220531,2022-05-31,299741,CME,00,099,31573,0,13890,0,14640,503,3006,881,10398,7,0,0,0,18534,27804,13039,3769,671,0,166,0,2032,0,-64,-675,783,-54,0,0,0,1239,831,-568,-160,100.0,0.0,44.0,0.0,46.4,1.6,9.5,2.8,32.9,0.0,0.0,0.0,0.0,58.7,88.1,41.3,11.9,31,0,5,0,17,.,7,.,5,.,0,0,0,22,18,19.5,51.8,36.0,71.6,19.5,51.8,33.1,71.5,(CONTRACTS OF EUR 125,000),299741,CME ,099 ,F10,FutOnly
EURO FX/BRITISH POUND XRATE - CHICAGO MERCANTILE EXCHANGE,220524,2022-05-24,299741,CME,00,099,30902,0,13724,0,12608,503,3070,1556,9615,61,0,0,0,17295,26973,13607,3929,-49,0,1131,0,-88,-653,0,-462,-638,60,0,0,0,-490,-100,441,51,100.0,0.0,44.4,0.0,40.8,1.6,9.9,5.0,31.1,0.2,0.0,0.0,0.0,56.0,87.3,44.0,12.7,31,0,5,0,16,.,7,.,5,.,0,0,0,22,18,19.3,52.8,33.7,70.9,19.3,52.8,29.9,70.0,(CONTRACTS OF EUR 125,000),299741,CME ,099 ,F10,FutOnly
EURO FX/BRITISH POUND XRATE - CHICAGO MERCANTILE EXCHANGE,220517,2022-05-17,299741,CME,00,099,30951,0,12593,0,12696,1156,3070,2018,10253,1,0,0,0,17785,27073,13166,3878,1094,0,2020,0,-86,-843,-159,639,855,-48,0,0,0,346,1825,748,-731,100.0,0.0,40.7,0.0,41.0,3.7,9.9,6.5,33.1,0.0,0.0,0.0,0.0,57.5,87.5,42.5,12.5,33,0,5,0,16,.,7,4,5,.,0,0,0,22,19,19.4,48.8,33.8,68.3,19.4,48.8,30.0,68.3,(CONTRACTS OF EUR 125,000),299741,CME ,099 ,F10,FutOnly
EURO FX/BRITISH POUND XRATE - CHICAGO MERCANTILE EXCHANGE,220510,2022-05-10,299741,CME,00,099,29857,0,10573,0,12782,1999,3229,1379,9398,49,0,0,0,17439,25248,12418,4609,-512,0,1295,0,-254,-4662,0,466,4281,-818,0,0,0,-606,96,94,-608,100.0,0.0,35.4,0.0,42.8,6.7,10.8,4.6,31.5,0.2,0.0,0.0,0.0,58.4,84.6,41.6,15.4,36,0,5,0,15,5,7,.,8,.,0,0,0,21,23,20.9,44.3,35.8,60.6,20.9,44.3,31.8,59.0,(CONTRACTS OF EUR 125,000),299741,CME ,099 ,F10,FutOnly
EURO FX/BRITISH POUND XRATE - CHICAGO MERCANTILE EXCHANGE,220503,2022-05-03,299741,CME,00,099,30369,0,9278,0,13036,6661,3229,913,5117,867,0,0,0,18045,25152,12324,5217,-488,0,1,0,-61,-491,0,-10,312,123,0,0,0,52,-55,-540,-433,100.0,0.0,30.6,0.0,42.9,21.9,10.6,3.0,16.8,2.9,0.0,0.0,0.0,59.4,82.8,40.6,17.2,33,0,5,0,15,6,7,.,4,.,0,0,0,22,20,20.3,50.1,35.0,64.5,20.3,49.6,31.1,62.5,(CONTRACTS OF EUR 125,000),299741,CME ,099 ,F10,FutOnly
EURO FX/BRITISH POUND XRATE - CHICAGO MERCANTILE EXCHANGE,220426,2022-04-26,299741,CME,00,099,30857,0,9277,0,13097,7152,3229,923,4805,744,0,0,0,17993,25207,12864,5650,-828,0,-911,0,-1302,2557,-1,-94,-2495,213,0,0,0,-1184,-637,356,-191,100.0,0.0,30.1,0.0,42.4,23.2,10.5,3.0,15.6,2.4,0.0,0.0,0.0,58.3,81.7,41.7,18.3,33,0,5,0,15,6,7,.,4,.,0,0,0,21,20,20.1,50.1,34.6,64.2,20.1,49.7,30.8,62.5,(CONTRACTS OF EUR 125,000),299741,CME ,099 ,F10,FutOnly
EURO FX/BRITISH POUND XRATE - CHICAGO MERCANTILE EXCHANGE,220419,2022-04-19,299741,CME,00,099,31685,0,10188,0,14399,4595,3230,1017,7300,531,0,0,0,19177,25844,12508,5841,275,0,55,0,1,-83,0,67,506,-66,0,0,0,2,412,273,-137,100.0,0.0,32.2,0.0,45.4,14.5,10.2,3.2,23.0,1.7,0.0,0.0,0.0,60.5,81.6,39.5,18.4,36,0,5,0,17,5,8,.,6,.,0,0,0,23,22,19.4,45.9,34.1,60.4,19.4,45.9,30.3,59.4,(CONTRACTS OF EUR 125,000),299741,CME ,099 ,F10,FutOnly
EURO FX/BRITISH POUND XRATE - CHICAGO MERCANTILE EXCHANGE,220412,2022-04-12,299741,CME,00,099,31410,0,10133,0,14398,4678,3230,950,6794,597,0,0,0,19175,25432,12235,5978,410,0,1267,0,-7,-1230,-167,24,389,227,0,0,0,77,486,333,-76,100.0,0.0,32.3,0.0,45.8,14.9,10.3,3.0,21.6,1.9,0.0,0.0,0.0,61.0,81.0,39.0,19.0,36,0,5,0,17,5,8,.,6,.,0,0,0,23,22,19.6,45.2,34.4,60.2,19.6,45.2,30.6,59.0,(CONTRACTS OF EUR 125,000),299741,CME ,099 ,F10,FutOnly
EURO FX/BRITISH POUND XRATE - CHICAGO MERCANTILE EXCHANGE,220405,2022-04-05,299741,CME,00,099,31000,0,8866,0,14405,5908,3397,926,6405,370,0,0,0,19098,24946,11902,6054,-483,0,738,0,-340,-3050,0,41,1778,-395,0,0,0,-694,-929,211,446,100.0,0.0,28.6,0.0,46.5,19.1,11.0,3.0,20.7,1.2,0.0,0.0,0.0,61.6,80.5,38.4,19.5,35,0,4,0,17,6,9,.,5,.,0,0,0,24,21,19.9,45.6,34.9,61.8,19.9,45.5,31.0,60.1,(CONTRACTS OF EUR 125,000),299741,CME ,099 ,F10,FutOnly
EURO FX/BRITISH POUND XRATE - CHICAGO MERCANTILE EXCHANGE,220329,2022-03-29,299741,CME,00,099,31483,0,8128,0,14745,8958,3397,885,4627,765,0,0,0,19792,25875,11691,5608,291,0,0,0,-209,1346,121,-80,-1407,392,0,0,0,224,452,67,-161,100.0,0.0,25.8,0.0,46.8,28.5,10.8,2.8,14.7,2.4,0.0,0.0,0.0,62.9,82.2,37.1,17.8,35,0,.,0,17,8,9,.,5,.,0,0,0,23,22,19.8,50.2,35.3,64.9,19.8,49.7,31.6,62.8,(CONTRACTS OF EUR 125,000),299741,CME ,099 ,F10,FutOnly
EURO FX/BRITISH POUND XRATE - CHICAGO MERCANTILE EXCHANGE,220322,2022-03-22,299741,CME,00,099,31192,0,8128,0,14954,7612,3276,965,6034,373,0,0,0,19568,25423,11624,5769,-439,0,-8,0,-469,-436,-34,499,-213,-201,0,0,0,-205,-892,-234,453,100.0,0.0,26.1,0.0,47.9,24.4,10.5,3.1,19.3,1.2,0.0,0.0,0.0,62.7,81.5,37.3,18.5,35,0,.,0,17,6,9,.,6,.,0,0,0,24,21,20.2,50.6,35.8,65.4,20.2,50.1,32.1,63.3,(CONTRACTS OF EUR 125,000),299741,CME ,099 ,F10,FutOnly
EURO FX/BRITISH POUND XRATE - CHICAGO MERCANTILE EXCHANGE,220315,2022-03-15,299741,CME,00,099,31631,0,8136,0,15423,8048,3310,466,6247,574,0,0,0,19773,26315,11858,5316,-2838,-1083,-4217,-221,972,1671,-10,-99,1608,-605,0,0,0,-1046,-1774,-1792,-1064,100.0,0.0,25.7,0.0,48.8,25.4,10.5,1.5,19.7,1.8,0.0,0.0,0.0,62.5,83.2,37.5,16.8,33,0,.,0,18,6,10,.,5,.,0,0,0,23,21,19.9,51.7,35.3,68.1,19.9,51.7,31.6,66.5,(CONTRACTS OF EUR 125,000),299741,CME ,099 ,F10,FutOnly
EURO FX/BRITISH POUND XRATE - CHICAGO MERCANTILE EXCHANGE,220308,2022-03-08,299741,CME,00,099,34469,1083,12353,221,14451,6377,3320,565,4639,1179,0,0,0,20819,28089,13650,6380,1737,94,6,221,-719,935,-129,99,-275,1178,0,0,0,744,1936,993,-199,100.0,3.1,35.8,0.6,41.9,18.5,9.6,1.6,13.5,3.4,0.0,0.0,0.0,60.4,81.5,39.6,18.5,30,.,.,.,16,6,9,.,4,4,0,0,0,26,18,18.1,61.2,32.6,73.3,18.1,60.2,29.9,67.5,(CONTRACTS OF EUR 125,000),299741,CME ,099 ,F10,FutOnly
EURO FX/BRITISH POUND XRATE - CHICAGO MERCANTILE EXCHANGE,220301,2022-03-01,299741,CME,00,099,32732,989,12347,0,15170,5442,3449,466,4914,1,0,0,0,20075,26153,12657,6579,791,-5,-18,0,416,-203,123,0,787,0,0,0,0,534,689,257,102,100.0,3.0,37.7,0.0,46.3,16.6,10.5,1.4,15.0,0.0,0.0,0.0,0.0,61.3,79.9,38.7,20.1,28,.,.,0,16,6,9,.,.,.,0,0,0,22,16,19.2,61.4,35.1,74.0,19.2,60.5,32.6,69.3,(CONTRACTS OF EUR 125,000),299741,CME ,099 ,F10,FutOnly
EURO FX/BRITISH POUND XRATE - CHICAGO MERCANTILE EXCHANGE,220222,2022-02-22,299741,CME,00,099,31941,994,12365,0,14754,5645,3326,466,4127,1,0,0,0,19541,25464,12400,6477,-358,0,0,0,-55,-634,73,0,108,1,0,0,0,19,-452,-377,94,100.0,3.1,38.7,0.0,46.2,17.7,10.4,1.5,12.9,0.0,0.0,0.0,0.0,61.2,79.7,38.8,20.3,27,.,.,0,16,6,9,.,.,.,0,0,0,21,16,19.6,61.6,35.6,74.2,19.6,60.9,33.4,69.0,(CONTRACTS OF EUR 125,000),299741,CME ,099 ,F10,FutOnly
EURO FX/BRITISH POUND XRATE - CHICAGO MERCANTILE EXCHANGE,220215,2022-02-15,299741,CME,00,099,32299,994,12365,0,14809,6279,3253,466,4019,0,0,0,0,19522,25916,12777,6383,-295,-347,-14,0,7,-1023,-1,0,418,0,0,0,0,-341,-620,46,325,100.0,3.1,38.3,0.0,45.8,19.4,10.1,1.4,12.4,0.0,0.0,0.0,0.0,60.4,80.2,39.6,19.8,28,.,.,0,16,7,9,.,.,0,0,0,0,20,17,19.4,61.1,35.2,73.6,19.4,60.5,33.1,68.4,(CONTRACTS OF EUR 125,000),299741,CME ,099 ,F10,FutOnly
EURO FX/BRITISH POUND XRATE - CHICAGO MERCANTILE EXCHANGE,220208,2022-02-08,299741,CME,00,099,32594,1341,12379,0,14802,7302,3254,466,3601,0,0,0,0,19863,26536,12731,6058,-368,0,0,0,-597,1257,72,0,0,0,0,0,0,-525,1329,157,-1697,100.0,4.1,38.0,0.0,45.4,22.4,10.0,1.4,11.0,0.0,0.0,0.0,0.0,60.9,81.4,39.1,18.6,26,.,.,0,16,6,9,.,.,0,0,0,0,20,15,19.2,65.2,35.3,77.5,19.2,64.5,33.8,71.4,(CONTRACTS OF EUR 125,000),299741,CME ,099 ,F10,FutOnly
EURO FX/BRITISH POUND XRATE - CHICAGO MERCANTILE EXCHANGE,220201,2022-02-01,299741,CME,00,099,32962,1341,12379,0,15399,6045,3182,466,3601,0,0,0,0,20388,25207,12574,7755,288,0,-8,0,529,-166,92,0,0,0,0,0,0,621,-82,-333,370,100.0,4.1,37.6,0.0,46.7,18.3,9.7,1.4,10.9,0.0,0.0,0.0,0.0,61.9,76.5,38.1,23.5,26,.,.,0,17,5,9,.,.,0,0,0,0,21,14,18.8,61.8,34.9,73.9,18.8,61.1,33.4,66.8,(CONTRACTS OF EUR 125,000),299741,CME ,099 ,F10,FutOnly
EURO FX/BRITISH POUND XRATE - CHICAGO MERCANTILE EXCHANGE,220125,2022-01-25,299741,CME,00,099,32674,1341,12387,0,14870,6211,3090,466,3601,0,0,0,0,19767,25289,12907,7385,-490,0,52,0,-420,-1197,0,0,-646,0,0,0,0,-420,-1791,-70,1301,100.0,4.1,37.9,0.0,45.5,19.0,9.5,1.4,11.0,0.0,0.0,0.0,0.0,60.5,77.4,39.5,22.6,25,.,.,0,16,5,9,.,.,0,0,0,0,20,14,18.8,61.9,35.1,74.8,18.8,60.8,33.6,67.9,(CONTRACTS OF EUR 125,000),299741,CME ,099 ,F10,FutOnly
EURO FX/BRITISH POUND XRATE - CHICAGO MERCANTILE EXCHANGE,220118,2022-01-18,299741,CME,00,099,33164,1341,12335,0,15290,7408,3090,466,4247,0,0,0,0,20187,27080,12977,6084,-469,0,-35,0,22,-593,233,33,4,0,0,0,0,288,-391,-757,-78,100.0,4.0,37.2,0.0,46.1,22.3,9.3,1.4,12.8,0.0,0.0,0.0,0.0,60.9,81.7,39.1,18.3,27,.,.,0,17,5,9,.,.,0,0,0,0,21,15,18.6,64.7,34.6,77.7,18.6,63.7,33.1,72.3,(CONTRACTS OF EUR 125,000),299741,CME ,099 ,F10,FutOnly
EURO FX/BRITISH POUND XRATE - CHICAGO MERCANTILE EXCHANGE,220111,2022-01-11,299741,CME,00,099,33633,1341,12370,0,15268,8001,2857,433,4243,0,0,0,0,19899,27471,13734,6162,171,0,6,0,45,-13,0,0,-14,0,0,0,0,45,-21,126,192,100.0,4.0,36.8,0.0,45.4,23.8,8.5,1.3,12.6,0.0,0.0,0.0,0.0,59.2,81.7,40.8,18.3,27,.,.,0,17,5,9,.,.,0,0,0,0,21,15,18.2,64.6,34.2,77.7,18.2,64.4,32.6,73.2,(CONTRACTS OF EUR 125,000),299741,CME ,099 ,F10,FutOnly
EURO FX/BRITISH POUND XRATE - CHICAGO MERCANTILE EXCHANGE,220104,2022-01-04,299741,CME,00,099,33462,1341,12364,0,15223,8014,2857,433,4257,0,0,0,0,19854,27492,13608,5970,1090,-8,0,0,538,593,200,1,517,0,0,0,0,731,1310,359,-220,100.0,4.0,36.9,0.0,45.5,23.9,8.5,1.3,12.7,0.0,0.0,0.0,0.0,59.3,82.2,40.7,17.8,27,.,.,0,17,5,9,.,.,0,0,0,0,21,15,18.3,64.9,34.3,78.1,18.3,64.6,32.7,73.6,(CONTRACTS OF EUR 125,000),299741,CME ,099 ,F10,FutOnly
EURO FX/JAPANESE YEN XRATE - CHICAGO MERCANTILE EXCHANGE,220913,2022-09-13,399741,CME,00,099,21526,1988,2902,2728,3322,8165,1148,2773,1177,293,0,1100,0,12252,17513,9274,4013,.,.,.,.,.,.,.,.,.,.,.,.,.,.,.,.,.,100.0,9.2,13.5,12.7,15.4,37.9,5.3,12.9,5.5,1.4,0.0,5.1,0.0,56.9,81.4,43.1,18.6,21,.,.,.,4,7,.,4,.,.,0,.,0,13,15,32.1,55.3,46.0,72.2,23.2,44.0,33.9,55.9,(CONTRACTS OF EUR 125,000),399741,CME ,099 ,F10,FutOnly
EURO FX/JAPANESE YEN XRATE - CHICAGO MERCANTILE EXCHANGE,220830,2022-08-30,399741,CME,00,099,18884,1988,2634,28,2855,9313,1161,4718,1177,0,0,1100,0,10750,15413,8134,3471,-429,51,-2,2,-1,-435,2,-1082,0,0,0,100,0,-1028,-333,599,-96,100.0,10.5,13.9,0.1,15.1,49.3,6.1,25.0,6.2,0.0,0.0,5.8,0.0,56.9,81.6,43.1,18.4,20,.,.,.,.,8,.,.,.,0,0,.,0,11,13,36.6,51.9,52.7,69.5,36.6,50.2,50.6,65.5,(CONTRACTS OF EUR 125,000),399741,CME ,099 ,F10,FutOnly
EURO FX/JAPANESE YEN XRATE - CHICAGO MERCANTILE EXCHANGE,220823,2022-08-23,399741,CME,00,099,19313,1937,2636,26,2856,9748,1159,5800,1177,0,0,1000,0,11778,15746,7535,3567,67,271,-252,2,0,407,-78,361,-105,0,0,100,0,556,74,-489,-7,100.0,10.0,13.6,0.1,14.8,50.5,6.0,30.0,6.1,0.0,0.0,5.2,0.0,61.0,81.5,39.0,18.5,21,.,.,.,.,8,.,4,.,0,0,.,0,12,13,37.2,50.8,54.1,69.6,37.2,49.1,53.0,65.7,(CONTRACTS OF EUR 125,000),399741,CME ,099 ,F10,FutOnly
EURO FX/JAPANESE YEN XRATE - CHICAGO MERCANTILE EXCHANGE,220816,2022-08-16,399741,CME,00,099,19246,1666,2888,24,2856,9341,1237,5439,1282,0,0,900,0,11222,15672,8024,3574,385,86,1,-1,0,563,0,749,0,0,0,0,0,834,563,-449,-178,100.0,8.7,15.0,0.1,14.8,48.5,6.4,28.3,6.7,0.0,0.0,4.7,0.0,58.3,81.4,41.7,18.6,21,.,.,.,.,8,.,4,.,0,0,.,0,12,13,34.8,52.8,50.7,69.5,34.8,51.1,49.9,65.6,(CONTRACTS OF EUR 125,000),399741,CME ,099 ,F10,FutOnly
EURO FX/JAPANESE YEN XRATE - CHICAGO MERCANTILE EXCHANGE,220809,2022-08-09,399741,CME,00,099,18861,1580,2887,25,2856,8778,1237,4690,1282,0,0,900,0,10388,15109,8473,3752,38,3,2,0,-1198,53,-3,688,0,0,0,0,0,-510,52,548,-14,100.0,8.4,15.3,0.1,15.1,46.5,6.6,24.9,6.8,0.0,0.0,4.8,0.0,55.1,80.1,44.9,19.9,20,.,.,.,.,7,.,4,.,0,0,.,0,12,12,32.0,55.1,47.8,70.8,32.0,53.4,46.5,66.7,(CONTRACTS OF EUR 125,000),399741,CME ,099 ,F10,FutOnly
EURO FX/JAPANESE YEN XRATE - CHICAGO MERCANTILE EXCHANGE,220802,2022-08-02,399741,CME,00,099,18823,1577,2885,25,4054,8725,1240,4002,1282,0,0,900,0,10898,15057,7925,3766,225,0,-143,0,162,76,-231,820,0,0,0,450,0,751,152,-526,73,100.0,8.4,15.3,0.1,21.5,46.4,6.6,21.3,6.8,0.0,0.0,4.8,0.0,57.9,80.0,42.1,20.0,22,.,.,.,5,7,.,4,.,0,0,.,0,14,12,29.9,55.3,45.2,70.8,29.9,53.5,44.7,66.6,(CONTRACTS OF EUR 125,000),399741,CME ,099 ,F10,FutOnly
EURO FX/JAPANESE YEN XRATE - CHICAGO MERCANTILE EXCHANGE,220726,2022-07-26,399741,CME,00,099,18598,1577,3028,25,3892,8649,1471,3182,1282,0,0,450,0,10147,14905,8451,3693,587,225,14,-1,147,497,-44,4,0,0,0,0,0,331,466,256,121,100.0,8.5,16.3,0.1,20.9,46.5,7.9,17.1,6.9,0.0,0.0,2.4,0.0,54.6,80.1,45.4,19.9,22,.,.,.,5,7,.,4,.,0,0,.,0,14,12,26.7,56.3,42.5,70.8,26.7,54.6,41.5,65.2,(CONTRACTS OF EUR 125,000),399741,CME ,099 ,F10,FutOnly
EURO FX/JAPANESE YEN XRATE - CHICAGO MERCANTILE EXCHANGE,220719,2022-07-19,399741,CME,00,099,18011,1352,3014,26,3745,8152,1515,3178,1282,0,0,450,0,9816,14439,8195,3572,-566,476,67,0,-51,-443,15,-1001,0,0,0,0,0,-561,-361,-5,-205,100.0,7.5,16.7,0.1,20.8,45.3,8.4,17.6,7.1,0.0,0.0,2.5,0.0,54.5,80.2,45.5,19.8,21,.,.,.,5,6,.,4,.,0,0,.,0,14,11,25.8,58.2,42.0,73.0,25.8,56.1,40.4,66.9,(CONTRACTS OF EUR 125,000),399741,CME ,099 ,F10,FutOnly
EURO FX/JAPANESE YEN XRATE - CHICAGO MERCANTILE EXCHANGE,220712,2022-07-12,399741,CME,00,099,18577,876,2947,26,3796,8595,1500,4179,1282,0,0,450,0,10377,14800,8200,3777,248,0,-5,0,-57,389,61,176,0,0,0,0,0,180,445,68,-197,100.0,4.7,15.9,0.1,20.4,46.3,8.1,22.5,6.9,0.0,0.0,2.4,0.0,55.9,79.7,44.1,20.3,21,.,.,.,5,7,.,4,.,0,0,.,0,13,12,29.3,56.0,46.0,70.4,29.3,54.1,44.5,64.6,(CONTRACTS OF EUR 125,000),399741,CME ,099 ,F10,FutOnly
EURO FX/JAPANESE YEN XRATE - CHICAGO MERCANTILE EXCHANGE,220705,2022-07-05,399741,CME,00,099,18329,876,2952,26,3853,8206,1439,4003,1282,0,0,450,0,10197,14355,8132,3974,.,.,.,.,.,.,.,.,.,.,.,.,.,.,.,.,.,100.0,4.8,16.1,0.1,21.0,44.8,7.9,21.8,7.0,0.0,0.0,2.5,0.0,55.6,78.3,44.4,21.7,20,.,.,.,5,6,.,4,.,0,0,.,0,13,11,28.7,56.7,46.0,71.3,28.7,55.1,44.2,65.7,(CONTRACTS OF EUR 125,000),399741,CME ,099 ,F10,FutOnly
EURO FX/JAPANESE YEN XRATE - CHICAGO MERCANTILE EXCHANGE,220621,2022-06-21,399741,CME,00,099,17470,876,548,34,3886,10322,1496,3447,1282,0,0,450,0,9739,14132,7731,3338,-7679,-7662,-1798,-333,-59,1312,-130,3400,-4106,-2525,0,0,0,-7309,-7580,-370,-99,100.0,5.0,3.1,0.2,22.2,59.1,8.6,19.7,7.3,0.0,0.0,2.6,0.0,55.7,80.9,44.3,19.1,20,.,.,.,5,7,4,4,.,0,0,.,0,14,11,29.3,60.6,45.5,73.5,29.3,56.2,43.2,67.3,(CONTRACTS OF EUR 125,000),399741,CME ,099 ,F10,FutOnly
EURO FX/JAPANESE YEN XRATE - CHICAGO MERCANTILE EXCHANGE,220614,2022-06-14,399741,CME,00,099,25149,8538,2346,367,3945,9010,1626,47,5388,2525,0,450,0,17048,21712,8101,3437,3094,0,7,123,254,-487,33,47,1114,2436,0,0,0,2893,3226,201,-132,100.0,33.9,9.3,1.5,15.7,35.8,6.5,0.2,21.4,10.0,0.0,1.8,0.0,67.8,86.3,32.2,13.7,24,.,.,.,5,8,5,.,5,4,0,.,0,15,19,50.3,42.0,61.5,62.1,47.2,38.4,49.8,53.2,(CONTRACTS OF EUR 125,000),399741,CME ,099 ,F10,FutOnly
EURO FX/JAPANESE YEN XRATE - CHICAGO MERCANTILE EXCHANGE,220607,2022-06-07,399741,CME,00,099,22055,8538,2339,244,3691,9497,1593,0,4274,89,0,450,0,14155,18486,7900,3569,1036,0,261,244,69,45,46,0,703,89,0,0,0,448,1388,588,-352,100.0,38.7,10.6,1.1,16.7,43.1,7.2,0.0,19.4,0.4,0.0,2.0,0.0,64.2,83.8,35.8,16.2,22,.,.,.,5,8,5,0,4,.,0,.,0,12,17,53.7,42.9,61.7,62.0,53.1,42.1,55.4,58.6,(CONTRACTS OF EUR 125,000),399741,CME ,099 ,F10,FutOnly
EURO FX/JAPANESE YEN XRATE - CHICAGO MERCANTILE EXCHANGE,220531,2022-05-31,399741,CME,00,099,21019,8538,2078,0,3622,9452,1547,0,3571,0,0,450,0,13707,17098,7312,3921,.,.,.,.,.,.,.,.,.,.,.,.,.,.,.,.,.,100.0,40.6,9.9,0.0,17.2,45.0,7.4,0.0,17.0,0.0,0.0,2.1,0.0,65.2,81.3,34.8,18.7,20,.,.,0,5,8,5,0,.,0,0,.,0,10,15,56.0,45.0,64.2,63.8,55.2,44.0,57.9,60.7,(CONTRACTS OF EUR 125,000),399741,CME ,099 ,F10,FutOnly
EURO FX/JAPANESE YEN XRATE - CHICAGO MERCANTILE EXCHANGE,220517,2022-05-17,399741,CME,00,099,22867,8538,1651,0,5240,9185,1514,0,5276,0,0,450,0,15292,18076,7575,4791,-1190,0,45,0,-157,-116,58,0,-951,0,0,-222,0,-99,-1186,-1091,-4,100.0,37.3,7.2,0.0,22.9,40.2,6.6,0.0,23.1,0.0,0.0,2.0,0.0,66.9,79.0,33.1,21.0,20,.,.,0,6,8,5,0,.,0,0,.,0,11,14,56.0,47.3,64.8,65.0,55.3,47.3,60.3,62.3,(CONTRACTS OF EUR 125,000),399741,CME ,099 ,F10,FutOnly
EURO FX/JAPANESE YEN XRATE - CHICAGO MERCANTILE EXCHANGE,220510,2022-05-10,399741,CME,00,099,24057,8538,1606,0,5397,9301,1456,0,6227,0,0,672,0,15391,19262,8666,4795,567,0,-57,0,312,-810,66,0,749,0,0,8,0,378,-44,189,611,100.0,35.5,6.7,0.0,22.4,38.7,6.1,0.0,25.9,0.0,0.0,2.8,0.0,64.0,80.1,36.0,19.9,21,.,.,0,5,9,5,0,4,0,0,.,0,11,15,53.5,45.1,62.0,62.7,53.5,45.1,57.9,60.1,(CONTRACTS OF EUR 125,000),399741,CME ,099 ,F10,FutOnly
EURO FX/JAPANESE YEN XRATE - CHICAGO MERCANTILE EXCHANGE,220503,2022-05-03,399741,CME,00,099,23490,8538,1663,0,5085,10111,1390,0,5478,0,0,664,0,15013,19306,8477,4184,545,0,529,0,502,7,0,0,-76,0,0,19,0,502,479,43,66,100.0,36.3,7.1,0.0,21.6,43.0,5.9,0.0,23.3,0.0,0.0,2.8,0.0,63.9,82.2,36.1,17.8,23,.,.,0,5,10,5,0,4,0,0,.,0,11,17,53.5,45.2,61.9,61.1,53.5,45.2,58.0,58.8,(CONTRACTS OF EUR 125,000),399741,CME ,099 ,F10,FutOnly
EURO FX/JAPANESE YEN XRATE - CHICAGO MERCANTILE EXCHANGE,220426,2022-04-26,399741,CME,00,099,22945,8538,1134,0,4583,10104,1390,0,5554,0,0,645,0,14511,18827,8434,4118,53,-407,546,0,191,-1364,-10,0,673,0,0,6,0,-226,-149,279,202,100.0,37.2,4.9,0.0,20.0,44.0,6.1,0.0,24.2,0.0,0.0,2.8,0.0,63.2,82.1,36.8,17.9,23,.,.,0,5,10,5,0,4,0,0,.,0,11,17,53.9,43.9,61.1,59.9,53.5,43.3,57.2,57.9,(CONTRACTS OF EUR 125,000),399741,CME ,099 ,F10,FutOnly
EURO FX/JAPANESE YEN XRATE - CHICAGO MERCANTILE EXCHANGE,220419,2022-04-19,399741,CME,00,099,22892,8945,588,0,4392,11468,1400,0,4881,0,0,639,0,14737,18976,8155,3916,333,2,31,0,174,114,158,0,27,0,0,239,0,334,569,-1,-236,100.0,39.1,2.6,0.0,19.2,50.1,6.1,0.0,21.3,0.0,0.0,2.8,0.0,64.4,82.9,35.6,17.1,22,.,.,0,4,10,5,0,4,0,0,.,0,11,16,54.7,47.1,62.2,63.1,54.7,45.6,58.3,60.3,(CONTRACTS OF EUR 125,000),399741,CME ,099 ,F10,FutOnly
EURO FX/JAPANESE YEN XRATE - CHICAGO MERCANTILE EXCHANGE,220412,2022-04-12,399741,CME,00,099,22559,8943,557,0,4218,11354,1242,0,4854,0,0,400,0,14403,18407,8156,4152,-499,-924,557,-2,5,-702,0,0,-915,0,0,400,0,-921,-662,422,163,100.0,39.6,2.5,0.0,18.7,50.3,5.5,0.0,21.5,0.0,0.0,1.8,0.0,63.8,81.6,36.2,18.4,21,.,.,0,4,9,4,0,4,0,0,.,0,10,15,55.1,46.8,62.4,64.1,54.7,45.3,58.3,61.1,(CONTRACTS OF EUR 125,000),399741,CME ,099 ,F10,FutOnly
EURO FX/JAPANESE YEN XRATE - CHICAGO MERCANTILE EXCHANGE,220405,2022-04-05,399741,CME,00,099,23058,9867,0,2,4213,12056,1242,0,5769,0,0,0,0,15324,19069,7734,3989,.,.,.,.,.,.,.,.,.,.,.,.,.,.,.,.,.,100.0,42.8,0.0,0.0,18.3,52.3,5.4,0.0,25.0,0.0,0.0,0.0,0.0,66.5,82.7,33.5,17.3,20,.,0,.,.,9,4,0,5,0,0,0,0,10,15,57.5,48.3,65.0,67.7,57.5,46.8,61.1,64.9,(CONTRACTS OF EUR 125,000),399741,CME ,099 ,F10,FutOnly
EURO FX/JAPANESE YEN XRATE - CHICAGO MERCANTILE EXCHANGE,220315,2022-03-15,399741,CME,00,099,39119,11306,655,8737,3980,17636,1377,3477,1545,3459,0,0,0,32336,33409,6783,5710,12010,2,0,8737,-562,817,-34,807,0,2666,0,0,0,11616,12186,394,-176,100.0,28.9,1.7,22.3,10.2,45.1,3.5,8.9,3.9,8.8,0.0,0.0,0.0,82.7,85.4,17.3,14.6,23,.,.,.,.,11,4,4,.,.,0,0,0,14,18,65.4,58.8,76.9,73.3,38.5,35.8,47.0,45.2,(CONTRACTS OF EUR 125,000),399741,CME ,099 ,F10,FutOnly
EURO FX/JAPANESE YEN XRATE - CHICAGO MERCANTILE EXCHANGE,220308,2022-03-08,399741,CME,00,099,27109,11304,655,0,4542,16819,1411,2670,1545,793,0,0,0,20720,21223,6389,5886,1340,343,0,0,321,-321,2,1344,0,372,0,0,0,2382,53,-1042,1287,100.0,41.7,2.4,0.0,16.8,62.0,5.2,9.8,5.7,2.9,0.0,0.0,0.0,76.4,78.3,23.6,21.7,23,.,.,0,4,11,4,4,.,.,0,0,0,14,16,56.2,49.8,68.2,65.4,55.4,47.9,65.6,62.4,(CONTRACTS OF EUR 125,000),399741,CME ,099 ,F10,FutOnly
EURO FX/JAPANESE YEN XRATE - CHICAGO MERCANTILE EXCHANGE,220301,2022-03-01,399741,CME,00,099,25769,10961,655,0,4221,17140,1409,1326,1545,421,0,0,0,18338,21170,7431,4599,1462,179,0,0,-34,2886,38,1326,-2337,421,0,0,0,1930,1008,-468,454,100.0,42.5,2.5,0.0,16.4,66.5,5.5,5.1,6.0,1.6,0.0,0.0,0.0,71.2,82.2,28.8,17.8,20,.,.,0,.,11,4,.,.,.,0,0,0,11,14,58.2,51.5,68.4,69.7,58.2,49.8,64.1,66.5,(CONTRACTS OF EUR 125,000),399741,CME ,099 ,F10,FutOnly
EURO FX/JAPANESE YEN XRATE - CHICAGO MERCANTILE EXCHANGE,220222,2022-02-22,399741,CME,00,099,24307,10782,655,0,4255,14254,1371,0,3882,0,0,0,0,16408,20162,7899,4145,-149,6,7,0,-1,-546,4,0,203,0,0,0,0,9,-332,-158,183,100.0,44.4,2.7,0.0,17.5,58.6,5.6,0.0,16.0,0.0,0.0,0.0,0.0,67.5,82.9,32.5,17.1,21,.,.,0,.,10,4,0,5,0,0,0,0,9,16,60.0,51.2,67.2,65.5,60.0,49.3,61.9,62.2,(CONTRACTS OF EUR 125,000),399741,CME ,099 ,F10,FutOnly
EURO FX/JAPANESE YEN XRATE - CHICAGO MERCANTILE EXCHANGE,220215,2022-02-15,399741,CME,00,099,24456,10776,648,0,4256,14800,1367,0,3679,0,0,0,0,16399,20494,8057,3962,-717,-2,648,0,-516,-1156,-46,0,1286,0,0,0,0,-564,732,-153,-1449,100.0,44.1,2.6,0.0,17.4,60.5,5.6,0.0,15.0,0.0,0.0,0.0,0.0,67.1,83.8,32.9,16.2,21,.,.,0,.,11,5,0,4,0,0,0,0,10,16,59.6,51.7,66.6,66.9,59.6,49.7,61.5,63.4,(CONTRACTS OF EUR 125,000),399741,CME ,099 ,F10,FutOnly
EURO FX/JAPANESE YEN XRATE - CHICAGO MERCANTILE EXCHANGE,220208,2022-02-08,399741,CME,00,099,25173,10778,0,0,4772,15956,1413,0,2393,0,0,0,0,16963,19762,8210,5411,-12,110,0,0,-81,-880,108,-793,848,-421,0,0,0,-1077,-345,1065,333,100.0,42.8,0.0,0.0,19.0,63.4,5.6,0.0,9.5,0.0,0.0,0.0,0.0,67.4,78.5,32.6,21.5,21,.,0,0,4,12,6,0,.,0,0,0,0,12,15,58.0,49.9,66.0,64.9,58.0,47.9,61.8,61.6,(CONTRACTS OF EUR 125,000),399741,CME ,099 ,F10,FutOnly
EURO FX/JAPANESE YEN XRATE - CHICAGO MERCANTILE EXCHANGE,220201,2022-02-01,399741,CME,00,099,25185,10668,0,0,4853,16836,1305,793,1545,421,0,0,0,18040,20107,7145,5078,.,.,.,.,.,.,.,.,.,.,.,.,.,.,.,.,.,100.0,42.4,0.0,0.0,19.3,66.8,5.2,3.1,6.1,1.7,0.0,0.0,0.0,71.6,79.8,28.4,20.2,21,.,0,0,4,12,5,.,.,.,0,0,0,13,14,57.7,50.0,66.6,67.0,57.7,49.5,64.8,63.7,(CONTRACTS OF EUR 125,000),399741,CME ,099 ,F10,FutOnly
EURO FX/JAPANESE YEN XRATE - CHICAGO MERCANTILE EXCHANGE,220118,2022-01-18,399741,CME,00,099,24321,9870,0,0,5071,14355,1390,0,3245,0,0,0,0,16331,18990,7990,5331,-123,80,-494,0,-608,548,523,0,-739,0,0,0,0,-5,-162,-118,39,100.0,40.6,0.0,0.0,20.9,59.0,5.7,0.0,13.3,0.0,0.0,0.0,0.0,67.1,78.1,32.9,21.9,20,.,0,0,4,11,5,0,4,0,0,0,0,10,15,59.6,49.6,66.7,62.1,59.5,47.3,61.4,59.3,(CONTRACTS OF EUR 125,000),399741,CME ,099 ,F10,FutOnly
EURO FX/JAPANESE YEN XRATE - CHICAGO MERCANTILE EXCHANGE,220111,2022-01-11,399741,CME,00,099,24444,9790,494,0,5679,13807,867,0,3984,0,0,0,0,16336,19152,8108,5292,-2017,-38,494,0,617,-2927,-545,-2156,1077,0,0,0,0,-2122,-1901,105,-116,100.0,40.1,2.0,0.0,23.2,56.5,3.5,0.0,16.3,0.0,0.0,0.0,0.0,66.8,78.4,33.2,21.6,21,.,.,0,5,10,5,0,4,0,0,0,0,10,16,59.4,47.6,66.4,62.7,59.3,47.6,63.3,62.0,(CONTRACTS OF EUR 125,000),399741,CME ,099 ,F10,FutOnly
EURO FX/JAPANESE YEN XRATE - CHICAGO MERCANTILE EXCHANGE,220104,2022-01-04,399741,CME,00,099,26461,9828,0,0,5062,16734,1412,2156,2907,0,0,0,0,18458,21053,8003,5408,-237,-10,0,0,45,-990,0,-113,1362,-421,0,0,0,-499,-49,262,-188,100.0,37.1,0.0,0.0,19.1,63.2,5.3,8.1,11.0,0.0,0.0,0.0,0.0,69.8,79.6,30.2,20.4,22,.,0,0,4,11,5,.,.,0,0,0,0,13,14,57.5,52.6,65.2,66.9,57.5,52.6,64.4,64.2,(CONTRACTS OF EUR 125,000),399741,CME ,099 ,F10,FutOnly
EURO FX - CHICAGO MERCANTILE EXCHANGE,231226,2023-12-26,099741,CME,00,099,705627,18207,433849,2228,460850,95150,25298,71580,75813,11434,29964,9584,3795,623356,657151,82271,48476,5383,-642,6398,291,1659,-723,-1024,3824,592,2148,-1744,-405,-48,4464,7229,919,-1846,100.0,2.6,61.5,0.3,65.3,13.5,3.6,10.1,10.7,1.6,4.2,1.4,0.5,88.3,93.1,11.7,6.9,291,13,14,4,114,35,46,42,40,27,22,11,5,221,152,19.1,42.0,29.9,64.6,18.2,42.0,28.4,64.4,(CONTRACTS OF EUR 125,000),099741,CME ,099 ,F10,FutOnly
EURO FX - CHICAGO MERCANTILE EXCHANGE,231219,2023-12-19,099741,CME,00,099,700244,18849,427451,1937,459191,95873,26322,67756,75221,9286,31708,9989,3843,618892,649922,81352,50322,-91905,-2251,-32452,-26407,-3071,-3565,-4423,-15418,8688,-15427,-3855,-1266,-2155,-73007,-77007,-18898,-14898,100.0,2.7,61.0,0.3,65.6,13.7,3.8,9.7,10.7,1.3,4.5,1.4,0.5,88.4,92.8,11.6,7.2,285,13,13,4,113,34,49,39,39,22,24,10,5,213,152,19.6,41.8,30.4,64.6,18.7,41.8,29.0,64.4,(CONTRACTS OF EUR 125,000),099741,CME ,099 ,F10,FutOnly
EURO FX - CHICAGO MERCANTILE EXCHANGE,231212,2023-12-12,099741,CME,00,099,792149,21100,459903,28344,462262,99438,30745,83174,66533,24713,35563,11255,5998,691899,726929,100250,65220,35534,1105,-19950,23012,-16261,6578,8393,6894,2361,-4031,457,1667,1644,21213,19674,14321,15860,100.0,2.7,58.1,3.6,58.4,12.6,3.9,10.5,8.4,3.1,4.5,1.4,0.8,87.3,91.8,12.7,8.2,294,12,16,8,112,35,47,42,41,25,24,11,8,218,164,17.3,43.6,28.3,62.4,16.3,43.6,25.6,59.8,(CONTRACTS OF EUR 125,000),099741,CME ,099 ,F10,FutOnly
EURO FX - CHICAGO MERCANTILE EXCHANGE,231205,2023-12-05,099741,CME,00,099,756615,19995,479853,5332,478523,92860,22352,76280,64172,28744,35106,9588,4354,670686,707255,85929,49360,29477,637,20742,439,12571,-935,67,3047,1123,7373,1495,239,532,26161,29580,3316,-103,100.0,2.6,63.4,0.7,63.2,12.3,3.0,10.1,8.5,3.8,4.6,1.3,0.6,88.6,93.5,11.4,6.5,302,13,16,6,114,33,46,43,47,29,25,10,7,227,163,18.2,48.1,29.2,65.7,17.5,48.1,28.0,65.4,(CONTRACTS OF EUR 125,000),099741,CME ,099 ,F10,FutOnly
EURO FX - CHICAGO MERCANTILE EXCHANGE,231128,2023-11-28,099741,CME,00,099,727138,19358,459111,4893,465952,93795,22285,73233,63049,21371,33611,9349,3822,644525,677675,82613,49463,14774,41,16753,-5,12543,-5632,-504,-419,-2540,4193,-11,559,-187,15651,12637,-877,2137,100.0,2.7,63.1,0.7,64.1,12.9,3.1,10.1,8.7,2.9,4.6,1.3,0.5,88.6,93.2,11.4,6.8,301,12,17,5,116,32,49,44,46,26,23,11,5,226,160,18.8,48.6,28.8,66.2,18.2,48.3,27.6,65.6,(CONTRACTS OF EUR 125,000),099741,CME ,099 ,F10,FutOnly
EURO FX - CHICAGO MERCANTILE EXCHANGE,231121,2023-11-21,099741,CME,00,099,712364,19317,442358,4898,453409,99427,22789,73652,65589,17178,33622,8790,4009,628874,665038,83490,47326,9901,-451,31073,-105,12332,-13652,-840,-3500,-4438,3092,-440,-958,37,10125,14209,-224,-4308,100.0,2.7,62.1,0.7,63.6,14.0,3.2,10.3,9.2,2.4,4.7,1.2,0.6,88.3,93.4,11.7,6.6,302,12,17,5,113,33,46,51,42,29,23,10,6,232,156,18.4,47.7,28.6,65.3,17.8,47.4,27.3,64.7,(CONTRACTS OF EUR 125,000),099741,CME ,099 ,F10,FutOnly
EURO FX - CHICAGO MERCANTILE EXCHANGE,231114,2023-11-14,099741,CME,00,099,702463,19768,411285,5003,441077,113079,23629,77152,70027,14086,34062,9748,3972,618749,650829,83714,51634,4839,-61,10664,-564,-2115,-5690,2354,-88,-1843,2606,1236,-538,51,3419,7040,1420,-2201,100.0,2.8,58.5,0.7,62.8,16.1,3.4,11.0,10.0,2.0,4.8,1.4,0.6,88.1,92.6,11.9,7.4,295,12,16,6,110,38,45,43,42,26,23,11,5,218,159,18.9,45.2,29.5,62.2,18.2,44.9,28.2,61.6,(CONTRACTS OF EUR 125,000),099741,CME ,099 ,F10,FutOnly
EURO FX - CHICAGO MERCANTILE EXCHANGE,231107,2023-11-07,099741,CME,00,099,697624,19829,400621,5567,443192,118769,21275,77240,71870,11480,32826,10286,3921,615330,643789,82294,53835,2662,780,6742,531,-153,-3166,-726,-500,-397,994,-1048,717,-177,-299,4518,2961,-1856,100.0,2.8,57.4,0.8,63.5,17.0,3.0,11.1,10.3,1.6,4.7,1.5,0.6,88.2,92.3,11.8,7.7,296,12,16,6,106,39,44,43,50,28,22,8,5,214,165,19.1,44.3,30.5,61.5,18.5,44.0,29.2,60.9,(CONTRACTS OF EUR 125,000),099741,CME ,099 ,F10,FutOnly
EURO FX - CHICAGO MERCANTILE EXCHANGE,231031,2023-10-31,099741,CME,00,099,694962,19049,393879,5036,443345,121935,22001,77740,72267,10486,33874,9569,4098,615629,639271,79333,55691,-7706,762,-6348,1557,-5429,-887,-1216,-3860,-308,940,613,528,-173,-6806,-5907,-900,-1799,100.0,2.7,56.7,0.7,63.8,17.5,3.2,11.2,10.4,1.5,4.9,1.4,0.6,88.6,92.0,11.4,8.0,295,12,18,7,107,37,44,41,47,29,26,7,6,220,161,19.6,43.4,31.1,60.3,19.0,43.4,29.8,59.9,(CONTRACTS OF EUR 125,000),099741,CME ,099 ,F10,FutOnly
EURO FX - CHICAGO MERCANTILE EXCHANGE,231024,2023-10-24,099741,CME,00,099,702668,18287,400227,3479,448774,122822,23217,81600,72575,9546,33261,9041,4271,622435,645178,80233,57490,6992,-925,15712,-310,914,-7650,581,6243,1517,-1596,-131,52,-139,4637,8167,2355,-1175,100.0,2.6,57.0,0.5,63.9,17.5,3.3,11.6,10.3,1.4,4.7,1.3,0.6,88.6,91.8,11.4,8.2,298,11,18,5,110,38,44,42,48,25,25,6,5,215,162,19.3,42.7,30.8,60.1,18.6,42.7,29.4,59.7,(CONTRACTS OF EUR 125,000),099741,CME ,099 ,F10,FutOnly
EURO FX - CHICAGO MERCANTILE EXCHANGE,231017,2023-10-17,099741,CME,00,099,695676,19212,384515,3789,447860,130472,22636,75357,71058,11142,33392,8989,4410,617798,637011,77878,58665,8294,2416,4243,866,3445,4690,153,7356,2095,-2300,1225,-134,-354,12807,9259,-4513,-965,100.0,2.8,55.3,0.5,64.4,18.8,3.3,10.8,10.2,1.6,4.8,1.3,0.6,88.8,91.6,11.2,8.4,303,12,18,6,110,40,44,42,48,26,27,6,5,220,164,19.4,42.3,30.4,58.8,18.8,42.3,29.2,58.4,(CONTRACTS OF EUR 125,000),099741,CME ,099 ,F10,FutOnly
EURO FX - CHICAGO MERCANTILE EXCHANGE,231010,2023-10-10,099741,CME,00,099,687382,16796,380272,2923,444415,125782,22483,68001,68963,13442,32167,9123,4764,604991,627752,82391,59630,-15051,129,-4694,1085,4807,-7090,-861,-14367,-202,-5752,12,-481,-63,-15010,-18058,-41,3007,100.0,2.4,55.3,0.4,64.7,18.3,3.3,9.9,10.0,2.0,4.7,1.3,0.7,88.0,91.3,12.0,8.7,285,10,18,5,109,37,44,40,41,25,24,6,5,208,156,19.9,43.2,30.4,58.7,19.2,43.1,29.2,58.7,(CONTRACTS OF EUR 125,000),099741,CME ,099 ,F10,FutOnly
EURO FX - CHICAGO MERCANTILE EXCHANGE,231003,2023-10-03,099741,CME,00,099,702433,16667,384966,1838,439608,132872,23344,82368,69165,19194,32155,9604,4827,620001,645810,82432,56623,3162,-294,-12264,-829,-2175,9223,758,5915,4587,545,-1058,643,35,2897,2698,265,464,100.0,2.4,54.8,0.3,62.6,18.9,3.3,11.7,9.8,2.7,4.6,1.4,0.7,88.3,91.9,11.7,8.1,293,9,17,5,107,39,46,43,46,27,24,8,5,209,167,18.9,42.7,29.6,58.8,18.1,42.7,28.2,58.7,(CONTRACTS OF EUR 125,000),099741,CME ,099 ,F10,FutOnly
EURO FX - CHICAGO MERCANTILE EXCHANGE,230926,2023-09-26,099741,CME,00,099,699271,16961,397230,2667,441783,123649,22586,76453,64578,18649,33213,8961,4792,617104,643112,82167,56159,3928,-1796,-12803,978,-7510,9220,645,10851,3838,979,-206,331,-68,3873,3120,55,808,100.0,2.4,56.8,0.4,63.2,17.7,3.2,10.9,9.2,2.7,4.7,1.3,0.7,88.2,92.0,11.8,8.0,290,10,17,5,107,37,46,43,42,26,26,8,5,211,161,18.8,43.2,29.8,60.7,18.1,43.2,28.3,60.6,(CONTRACTS OF EUR 125,000),099741,CME ,099 ,F10,FutOnly
EURO FX - CHICAGO MERCANTILE EXCHANGE,230919,2023-09-19,099741,CME,00,099,695343,18757,410033,1689,449293,114429,21941,65602,60740,17670,33419,8630,4860,613231,639992,82112,55351,-48416,-7176,-32265,-16471,-1405,6478,-751,-7296,1271,-5885,1628,127,-388,-37744,-47884,-10672,-532,100.0,2.7,59.0,0.2,64.6,16.5,3.2,9.4,8.7,2.5,4.8,1.2,0.7,88.2,92.0,11.8,8.0,290,11,15,4,110,35,45,42,45,25,24,8,5,214,155,19.2,45.5,30.5,62.9,18.3,45.5,29.0,62.8,(CONTRACTS OF EUR 125,000),099741,CME ,099 ,F10,FutOnly
EURO FX - CHICAGO MERCANTILE EXCHANGE,230912,2023-09-12,099741,CME,00,099,743759,25933,442298,18160,450698,107951,22692,72898,59469,23555,31791,8503,5248,650975,687876,92784,55883,-10504,-3821,-28099,15918,-10341,598,815,-16629,-5988,-149,354,330,568,-13285,-16007,2781,5503,100.0,3.5,59.5,2.4,60.6,14.5,3.1,9.8,8.0,3.2,4.3,1.1,0.7,87.5,92.5,12.5,7.5,285,13,18,12,109,32,48,44,39,23,21,9,5,217,156,17.9,50.0,28.4,64.4,17.1,50.0,27.1,62.8,(CONTRACTS OF EUR 125,000),099741,CME ,099 ,F10,FutOnly
EURO FX - CHICAGO MERCANTILE EXCHANGE,230905,2023-09-05,099741,CME,00,099,754263,29754,470397,2242,461039,107353,21877,89527,65457,23704,31437,8173,4680,664260,703883,90003,50380,6136,3495,-13330,-550,-3223,8586,-376,1753,6098,2270,773,-405,70,4212,2363,1924,3773,100.0,3.9,62.4,0.3,61.1,14.2,2.9,11.9,8.7,3.1,4.2,1.1,0.6,88.1,93.3,11.9,6.7,295,13,17,8,116,29,46,47,42,29,22,9,.,226,155,17.9,51.1,28.3,66.0,17.2,51.0,27.1,65.9,(CONTRACTS OF EUR 125,000),099741,CME ,099 ,F10,FutOnly
EURO FX - CHICAGO MERCANTILE EXCHANGE,230829,2023-08-29,099741,CME,00,099,748127,26259,483727,2792,464262,98767,22253,87774,59359,21434,30664,8578,4610,660048,701520,88079,46607,-2359,-1253,-20178,730,-3346,13029,-502,-3947,-656,5741,-25,-933,89,-2513,-2680,154,321,100.0,3.5,64.7,0.4,62.1,13.2,3.0,11.7,7.9,2.9,4.1,1.1,0.6,88.2,93.8,11.8,6.2,292,13,17,7,117,28,45,49,37,28,21,10,4,229,147,18.1,53.3,28.6,68.2,17.5,53.1,27.5,67.8,(CONTRACTS OF EUR 125,000),099741,CME ,099 ,F10,FutOnly
EURO FX - CHICAGO MERCANTILE EXCHANGE,230822,2023-08-22,099741,CME,00,099,750486,27512,503905,2062,467608,85738,22755,91721,60015,15693,30689,9511,4521,662561,704200,87925,46286,-9747,5974,-21206,337,-24731,5651,386,14966,6315,-3636,3,1670,-76,-6777,-10559,-2970,812,100.0,3.7,67.1,0.3,62.3,11.4,3.0,12.2,8.0,2.1,4.1,1.3,0.6,88.3,93.8,11.7,6.2,298,15,16,6,117,28,48,51,40,27,20,11,4,232,151,18.2,55.4,28.6,70.3,17.5,55.3,27.4,70.0,(CONTRACTS OF EUR 125,000),099741,CME ,099 ,F10,FutOnly
EURO FX - CHICAGO MERCANTILE EXCHANGE,230815,2023-08-15,099741,CME,00,099,760233,21538,525111,1725,492339,80087,22369,76755,53700,19329,30686,7841,4597,669338,714759,90895,45474,-735,-1942,5090,-67,-4327,283,298,5353,-6692,2142,-908,-723,61,610,392,-1345,-1127,100.0,2.8,69.1,0.2,64.8,10.5,2.9,10.1,7.1,2.5,4.0,1.0,0.6,88.0,94.0,12.0,6.0,287,14,15,4,121,25,44,47,36,26,20,9,5,226,140,18.8,57.8,30.7,72.5,18.0,57.8,29.5,72.2,(CONTRACTS OF EUR 125,000),099741,CME ,099 ,F10,FutOnly
EURO FX - CHICAGO MERCANTILE EXCHANGE,230808,2023-08-08,099741,CME,00,099,760968,23480,520021,1792,496666,79804,22071,71402,60392,17187,31594,8564,4536,668728,714367,92240,46601,5812,4694,-1732,41,4540,105,-1215,771,8473,-1995,574,-137,55,7465,3595,-1653,2217,100.0,3.1,68.3,0.2,65.3,10.5,2.9,9.4,7.9,2.3,4.2,1.1,0.6,87.9,93.9,12.1,6.1,287,13,15,5,120,26,48,44,39,24,20,10,5,224,145,19.1,56.9,31.0,71.8,18.3,56.9,29.9,71.5,(CONTRACTS OF EUR 125,000),099741,CME ,099 ,F10,FutOnly
EURO FX - CHICAGO MERCANTILE EXCHANGE,230801,2023-08-01,099741,CME,00,099,755156,18786,521753,1751,492126,79699,23286,70631,51919,19182,31020,8701,4481,661263,710772,93893,44384,-17252,645,-14989,-190,276,2765,-1427,-9462,-2120,-3510,132,-1595,-64,-13600,-21130,-3652,3878,100.0,2.5,69.1,0.2,65.2,10.6,3.1,9.4,6.9,2.5,4.1,1.2,0.6,87.6,94.1,12.4,5.9,298,13,14,5,124,26,46,52,39,31,20,10,5,240,145,18.5,57.9,29.3,72.8,17.9,57.9,28.0,72.4,(CONTRACTS OF EUR 125,000),099741,CME ,099 ,F10,FutOnly
EURO FX - CHICAGO MERCANTILE EXCHANGE,230725,2023-07-25,099741,CME,00,099,772408,18141,536742,1941,491850,76934,24713,80093,54039,22692,30888,10296,4545,674863,731902,97545,40506,-10724,-2162,-1849,-154,-9819,-548,3052,-6103,-10666,3730,101,1608,136,-11219,-4691,495,-6033,100.0,2.3,69.5,0.3,63.7,10.0,3.2,10.4,7.0,2.9,4.0,1.3,0.6,87.4,94.8,12.6,5.2,301,13,14,4,124,25,46,56,39,27,19,11,5,242,141,16.7,58.1,27.1,72.8,16.1,58.1,25.9,72.5,(CONTRACTS OF EUR 125,000),099741,CME ,099 ,F10,FutOnly
EURO FX - CHICAGO MERCANTILE EXCHANGE,230718,2023-07-18,099741,CME,00,099,783132,20303,538591,2095,501669,77482,21661,86196,64705,18962,30787,8688,4409,686082,736593,97050,46539,47076,1997,37525,388,23783,-523,1045,15976,4082,3049,-516,-1633,72,45794,44005,1282,3071,100.0,2.6,68.8,0.3,64.1,9.9,2.8,11.0,8.3,2.4,3.9,1.1,0.6,87.6,94.1,12.4,5.9,299,14,13,5,124,26,46,55,38,25,20,9,5,239,141,16.6,57.4,26.2,72.4,16.0,57.3,25.2,72.3,(CONTRACTS OF EUR 125,000),099741,CME ,099 ,F10,FutOnly
EURO FX - CHICAGO MERCANTILE EXCHANGE,230711,2023-07-11,099741,CME,00,099,736056,18306,501066,1707,477886,78005,20616,70220,60623,15913,31303,10321,4337,640288,692588,95768,43468,10129,1951,2870,334,3025,-1090,-424,391,8267,1162,-112,886,-1045,5282,10960,4847,-831,100.0,2.5,68.1,0.2,64.9,10.6,2.8,9.5,8.2,2.2,4.3,1.4,0.6,87.0,94.1,13.0,5.9,293,14,14,5,120,26,44,49,40,27,18,12,5,229,145,17.8,56.2,28.0,71.4,17.2,56.2,27.0,71.0,(CONTRACTS OF EUR 125,000),099741,CME ,099 ,F10,FutOnly
EURO FX - CHICAGO MERCANTILE EXCHANGE,230703,2023-07-03,099741,CME,00,099,725927,16355,498196,1373,474861,79095,21040,69829,52356,14751,31415,9435,5382,635006,681628,90921,44299,-6196,-2343,-3154,-32,555,559,302,-698,-3932,-253,-1023,1408,0,-3492,-5102,-2704,-1094,100.0,2.3,68.6,0.2,65.4,10.9,2.9,9.6,7.2,2.0,4.3,1.3,0.7,87.5,93.9,12.5,6.1,282,12,15,5,118,28,45,47,33,26,19,10,6,225,139,18.0,57.3,28.9,72.7,17.5,57.3,27.8,72.4,(CONTRACTS OF EUR 125,000),099741,CME ,099 ,F10,FutOnly
EURO FX - CHICAGO MERCANTILE EXCHANGE,230627,2023-06-27,099741,CME,00,099,732123,18698,501350,1405,474306,78536,20738,70527,56288,15004,32438,8027,5382,638498,686730,93625,45393,-856,-447,5234,14,-1987,-3748,-506,4075,-3832,309,-2945,1200,-168,-1655,-1497,799,641,100.0,2.6,68.5,0.2,64.8,10.7,2.8,9.6,7.7,2.0,4.4,1.1,0.7,87.2,93.8,12.8,6.2,293,15,14,5,119,26,42,50,39,27,21,9,6,235,138,18.0,57.3,28.1,72.4,17.4,57.3,27.1,72.0,(CONTRACTS OF EUR 125,000),099741,CME ,099 ,F10,FutOnly
EURO FX - CHICAGO MERCANTILE EXCHANGE,230620,2023-06-20,099741,CME,00,099,732979,19145,496116,1391,476293,82284,21244,66452,60120,14695,35383,6827,5550,640153,688227,92826,44752,-85315,-2323,-3994,-62259,8880,3111,-1692,-3684,10183,-12396,99,-3503,-250,-73625,-70800,-11690,-14515,100.0,2.6,67.7,0.2,65.0,11.2,2.9,9.1,8.2,2.0,4.8,0.9,0.8,87.3,93.9,12.7,6.1,294,14,14,5,121,25,41,47,40,23,24,9,6,231,138,17.7,56.2,27.8,71.3,17.1,56.2,26.7,70.9,(CONTRACTS OF EUR 125,000),099741,CME ,099 ,F10,FutOnly
EURO FX - CHICAGO MERCANTILE EXCHANGE,230613,2023-06-13,099741,CME,00,099,818294,21468,500110,63650,467413,79173,22936,70136,49937,27091,35284,10330,5800,713778,759027,104516,59267,36327,-1224,-16873,61657,-20524,-8197,2581,-7645,-4451,-7769,150,32,351,27577,27331,8750,8996,100.0,2.6,61.1,7.8,57.1,9.7,2.8,8.6,6.1,3.3,4.3,1.3,0.7,87.2,92.8,12.8,7.2,290,13,17,8,116,25,44,50,36,33,23,10,7,234,148,15.9,57.4,24.7,69.1,15.3,54.6,23.8,62.6,(CONTRACTS OF EUR 125,000),099741,CME ,099 ,F10,FutOnly
EURO FX - CHICAGO MERCANTILE EXCHANGE,230606,2023-06-06,099741,CME,00,099,781967,22692,516983,1993,487937,87370,20355,77781,54388,34860,35134,10298,5449,686201,731696,95766,50271,6825,1975,-13142,303,-11314,4693,1678,5358,1261,7324,-479,-67,50,4895,2100,1930,4725,100.0,2.9,66.1,0.3,62.4,11.2,2.6,9.9,7.0,4.5,4.5,1.3,0.7,87.8,93.6,12.2,6.4,287,13,16,4,113,28,46,48,36,28,23,10,5,221,149,17.5,59.2,27.8,68.3,16.9,59.2,26.9,68.1,(CONTRACTS OF EUR 125,000),099741,CME ,099 ,F10,FutOnly
EURO FX - CHICAGO MERCANTILE EXCHANGE,230530,2023-05-30,099741,CME,00,099,775142,20717,530125,1690,499251,82677,18677,72423,53127,27536,35613,10365,5399,681306,729596,93836,45546,-5981,1947,-8517,-2003,-9153,3076,-1158,-57,-5106,2324,-788,327,1148,-7740,-9909,1759,3928,100.0,2.7,68.4,0.2,64.4,10.7,2.4,9.3,6.9,3.6,4.6,1.3,0.7,87.9,94.1,12.1,5.9,297,12,16,7,121,28,51,48,40,28,22,10,5,232,156,17.3,61.3,27.8,70.4,16.7,61.3,26.8,69.9,(CONTRACTS OF EUR 125,000),099741,CME ,099 ,F10,FutOnly
EURO FX - CHICAGO MERCANTILE EXCHANGE,230523,2023-05-23,099741,CME,00,099,781123,18770,538642,3693,508404,79601,19835,72480,58233,25212,36401,10038,4251,689046,739505,92077,41618,-8807,990,-11297,-210,-12771,211,-1213,3260,4281,193,2193,-308,-114,-7672,-8457,-1135,-350,100.0,2.4,69.0,0.5,65.1,10.2,2.5,9.3,7.5,3.2,4.7,1.3,0.5,88.2,94.7,11.8,5.3,301,14,15,7,124,28,50,49,39,29,23,9,4,235,156,17.2,62.5,27.3,71.6,16.5,62.5,26.3,70.9,(CONTRACTS OF EUR 125,000),099741,CME ,099 ,F10,FutOnly
EURO FX - CHICAGO MERCANTILE EXCHANGE,230516,2023-05-16,099741,CME,00,099,789930,17780,549939,3903,521175,79390,21048,69220,53952,25019,34208,10346,4365,696718,747962,93212,41968,-4791,-678,-291,332,3372,2913,-408,-8826,-10691,2302,2287,630,131,-1488,-5082,-3303,291,100.0,2.3,69.6,0.5,66.0,10.1,2.7,8.8,6.8,3.2,4.3,1.3,0.6,88.2,94.7,11.8,5.3,303,10,16,5,128,28,53,50,39,27,22,10,5,238,155,16.7,63.0,26.8,72.0,16.0,63.0,25.8,71.4,(CONTRACTS OF EUR 125,000),099741,CME ,099 ,F10,FutOnly
EURO FX - CHICAGO MERCANTILE EXCHANGE,230509,2023-05-09,099741,CME,00,099,794721,18458,550230,3571,517803,76477,21456,78046,64643,22717,31921,9716,4234,698206,753044,96515,41677,15263,274,11083,395,5946,305,-1187,7498,8884,-338,-60,10,-94,12434,19058,2829,-3795,100.0,2.3,69.2,0.4,65.2,9.6,2.7,9.8,8.1,2.9,4.0,1.2,0.5,87.9,94.8,12.1,5.2,305,12,16,5,130,25,51,54,39,28,19,10,5,241,153,16.5,62.1,26.4,70.9,15.8,62.1,25.4,70.8,(CONTRACTS OF EUR 125,000),099741,CME ,099 ,F10,FutOnly
EURO FX - CHICAGO MERCANTILE EXCHANGE,230502,2023-05-02,099741,CME,00,099,779458,18184,539147,3176,511857,76172,22643,70548,55759,23055,31981,9706,4328,685772,733986,93686,45472,6576,-969,-6572,403,1182,1517,-712,1288,-125,7613,-1249,-1391,111,7667,844,-1091,5732,100.0,2.3,69.2,0.4,65.7,9.8,2.9,9.1,7.2,3.0,4.1,1.2,0.6,88.0,94.2,12.0,5.8,305,13,15,4,127,25,52,49,42,27,22,11,5,238,155,17.2,61.7,27.3,70.8,16.5,61.7,26.2,70.2,(CONTRACTS OF EUR 125,000),099741,CME ,099 ,F10,FutOnly
EURO FX - CHICAGO MERCANTILE EXCHANGE,230425,2023-04-25,099741,CME,00,099,772882,19153,545719,2773,510675,74655,23355,69260,55884,15442,33230,11097,4217,678105,733142,94777,39740,6508,-717,9208,-144,4716,978,1459,3416,-1636,-975,-5212,-234,-376,2167,8280,4341,-1772,100.0,2.5,70.6,0.4,66.1,9.7,3.0,9.0,7.2,2.0,4.3,1.4,0.5,87.7,94.9,12.3,5.1,307,12,15,5,128,25,52,49,39,27,24,15,5,241,155,17.3,63.1,27.5,72.0,16.6,63.1,26.4,71.6,(CONTRACTS OF EUR 125,000),099741,CME ,099 ,F10,FutOnly
EURO FX - CHICAGO MERCANTILE EXCHANGE,230418,2023-04-18,099741,CME,00,099,766374,19870,536511,2917,505959,73677,21896,65844,57520,16417,38442,11331,4593,675938,724862,90436,41512,6935,151,10138,-364,9642,-895,262,-3295,-3993,2608,-2535,-1090,-613,5856,6053,1079,882,100.0,2.6,70.0,0.4,66.0,9.6,2.9,8.6,7.5,2.1,5.0,1.5,0.6,88.2,94.6,11.8,5.4,306,13,16,5,122,24,50,49,34,28,33,15,8,245,152,17.3,62.0,27.6,71.3,16.6,62.0,26.6,70.9,(CONTRACTS OF EUR 125,000),099741,CME ,099 ,F10,FutOnly
EURO FX - CHICAGO MERCANTILE EXCHANGE,230411,2023-04-11,099741,CME,00,099,759439,19719,526373,3281,496317,74572,21634,69139,61513,13809,40977,12421,5206,670082,718809,89357,40630,12344,-23,15057,178,10600,43,33,2391,-1750,-1122,2412,-637,86,14555,11888,-2211,456,100.0,2.6,69.3,0.4,65.4,9.8,2.8,9.1,8.1,1.8,5.4,1.6,0.7,88.2,94.6,11.8,5.3,311,12,16,5,123,24,51,51,34,29,35,16,8,248,156,17.6,60.9,27.8,70.7,16.9,60.9,26.7,70.4,(CONTRACTS OF EUR 125,000),099741,CME ,099 ,F10,FutOnly
EURO FX - CHICAGO MERCANTILE EXCHANGE,230404,2023-04-04,099741,CME,00,099,747095,19742,511316,3103,485717,74529,21601,66748,63263,14931,38565,13058,5120,655527,706921,91568,40174,14589,-3686,10566,-97,2086,-5798,772,8084,7612,1584,-3,-728,5,8745,13916,5844,673,100.0,2.6,68.4,0.4,65.0,10.0,2.9,8.9,8.5,2.0,5.2,1.7,0.7,87.7,94.6,12.3,5.4,304,13,14,6,120,23,48,48,37,28,33,16,9,240,155,17.8,61.0,28.2,71.1,17.1,61.0,27.2,70.7,(CONTRACTS OF EUR 125,000),099741,CME ,099 ,F10,FutOnly
EURO FX - CHICAGO MERCANTILE EXCHANGE,230328,2023-03-28,099741,CME,00,099,732506,23428,500750,3200,483631,80327,20829,58664,55651,13347,38568,13786,5115,646782,693005,85724,39501,-4931,-949,-8011,519,3840,-1267,-279,-2883,7445,2044,-1190,545,-4069,-2967,-3073,-1964,-1858,100.0,3.2,68.4,0.4,66.0,11.0,2.8,8.0,7.6,1.8,5.3,1.9,0.7,88.3,94.6,11.7,5.4,302,15,13,6,119,25,49,44,37,26,33,16,9,239,153,18.2,60.7,29.7,71.8,17.5,60.7,28.4,71.5,(CONTRACTS OF EUR 125,000),099741,CME ,099 ,F10,FutOnly
EURO FX - CHICAGO MERCANTILE EXCHANGE,230321,2023-03-21,099741,CME,00,099,737437,24377,508761,2681,479791,81594,21108,61547,48206,11303,39758,13241,9184,649749,696078,87688,41359,-7966,393,4235,118,-4627,-2137,-1145,-2460,-8156,-36,-140,-1360,210,-7687,-8271,-279,305,100.0,3.3,69.0,0.4,65.1,11.1,2.9,8.3,6.5,1.5,5.4,1.8,1.2,88.1,94.4,11.9,5.6,293,15,14,6,113,26,46,47,31,27,33,14,11,236,147,17.9,61.1,29.9,72.0,17.3,61.0,28.8,71.7,(CONTRACTS OF EUR 125,000),099741,CME ,099 ,F10,FutOnly
EURO FX - CHICAGO MERCANTILE EXCHANGE,230314,2023-03-14,099741,CME,00,099,745403,23984,504526,2563,484418,83731,22253,64007,56362,11339,39898,14601,8974,657436,704349,87967,41054,-75654,-23396,-48260,-14660,-6170,2988,669,-11929,-3687,-9324,-1565,-1368,-78,-66453,-73720,-9201,-1934,100.0,3.2,67.7,0.3,65.0,11.2,3.0,8.6,7.6,1.5,5.4,2.0,1.2,88.2,94.5,11.8,5.5,301,17,13,6,114,26,49,45,38,31,33,15,9,243,153,17.8,59.3,29.6,70.3,17.1,59.3,28.2,70.0,(CONTRACTS OF EUR 125,000),099741,CME ,099 ,F10,FutOnly
EURO FX - CHICAGO MERCANTILE EXCHANGE,230307,2023-03-07,099741,CME,00,099,821057,47380,552786,17223,490588,80743,21584,75936,60049,20663,41463,15969,9052,723889,778069,97168,42988,17094,3964,3707,7707,2379,-1820,409,-9003,2037,1825,1842,-266,3965,13088,17564,4006,-470,100.0,5.8,67.3,2.1,59.8,9.8,2.6,9.2,7.3,2.5,5.0,1.9,1.1,88.2,94.8,11.8,5.2,313,15,16,10,114,25,47,49,43,26,34,16,11,242,165,16.0,60.9,26.6,68.9,15.2,60.9,25.5,68.7,(CONTRACTS OF EUR 125,000),099741,CME ,099 ,F10,FutOnly
EURO FX - CHICAGO MERCANTILE EXCHANGE,230228,2023-02-28,099741,CME,00,099,803963,43416,549079,9516,488209,82563,21175,84939,58012,18838,39621,16235,5087,710801,760505,93162,43458,14065,-214,4112,1900,3270,5552,-38,5610,1912,303,1690,-266,86,12607,13561,1458,504,100.0,5.4,68.3,1.2,60.7,10.3,2.6,10.6,7.2,2.3,4.9,2.0,0.6,88.4,94.6,11.6,5.4,304,14,16,10,115,25,48,50,36,22,31,17,11,240,155,15.9,61.4,26.4,69.4,15.2,61.3,25.2,69.2,(CONTRACTS OF EUR 125,000),099741,CME ,099 ,F10,FutOnly
EURO FX - CHICAGO MERCANTILE EXCHANGE,230221,2023-02-21,099741,CME,00,099,789898,43630,544967,7616,484939,77011,21213,79329,56100,18535,37931,16501,5001,698194,746944,91704,42954,1265,1846,-1984,-1010,-755,4154,131,237,-1584,3250,-538,1070,-25,3136,4002,-1871,-2737,100.0,5.5,69.0,1.0,61.4,9.7,2.7,10.0,7.1,2.3,4.8,2.1,0.6,88.4,94.6,11.6,5.4,311,14,16,7,118,24,45,51,40,26,32,16,9,247,151,15.5,61.8,26.0,69.9,14.8,61.7,24.8,69.7,(CONTRACTS OF EUR 125,000),099741,CME ,099 ,F10,FutOnly
EURO FX - CHICAGO MERCANTILE EXCHANGE,230214,2023-02-14,099741,CME,00,099,788633,41784,546951,8626,485694,72857,21082,79092,57684,15285,38469,15431,5026,695058,742942,93575,45691,7346,1499,8312,-533,-3810,-5774,2803,5297,-536,-891,-145,2015,53,4273,5449,3073,1897,100.0,5.3,69.4,1.1,61.6,9.2,2.7,10.0,7.3,1.9,4.9,2.0,0.6,88.1,94.2,11.9,5.8,310,15,16,8,116,23,46,53,39,27,32,16,8,247,152,15.3,62.0,25.8,70.1,14.5,61.8,24.7,69.8,(CONTRACTS OF EUR 125,000),099741,CME ,099 ,F10,FutOnly
EURO FX - CHICAGO MERCANTILE EXCHANGE,230207,2023-02-07,099741,CME,00,099,781287,40285,538639,9159,489504,78631,18279,73795,58220,16176,38614,13416,4973,690785,737493,90502,43794,-15451,-844,-326,-741,2492,2980,66,-11701,-22220,2147,-1588,1553,-113,-10282,-16654,-5169,1203,100.0,5.2,68.9,1.2,62.7,10.1,2.3,9.4,7.5,2.1,4.9,1.7,0.6,88.4,94.4,11.6,5.6,305,15,15,7,118,23,47,52,36,24,31,15,8,242,149,15.3,61.7,26.1,69.6,14.7,61.6,25.0,69.3,(CONTRACTS OF EUR 125,000),099741,CME ,099 ,F10,FutOnly
EURO FX - CHICAGO MERCANTILE EXCHANGE,230131,2023-01-31,099741,CME,00,099,796738,41129,538965,9900,487012,75651,18213,85496,80440,14029,40202,11863,5086,701067,754147,95671,42591,19169,11,24182,1825,10091,807,580,8028,-7892,-436,-395,1617,587,20291,21270,-1122,-2101,100.0,5.2,67.6,1.2,61.1,9.5,2.3,10.7,10.1,1.8,5.0,1.5,0.6,88.0,94.7,12.0,5.3,308,18,14,8,118,23,47,54,37,18,31,13,8,243,146,14.4,61.6,24.8,69.3,13.9,61.4,24.0,69.0,(CONTRACTS OF EUR 125,000),099741,CME ,099 ,F10,FutOnly
EURO FX - CHICAGO MERCANTILE EXCHANGE,230124,2023-01-24,099741,CME,00,099,777569,41118,514783,8075,476921,74844,17633,77468,88332,14465,40597,10246,4499,680776,732877,96793,44692,23654,-1969,20518,1418,17472,-1969,33,5982,2959,-534,-1116,-1128,51,21337,21348,2317,2306,100.0,5.3,66.2,1.0,61.3,9.6,2.3,10.0,11.4,1.9,5.2,1.3,0.6,87.6,94.3,12.4,5.7,304,16,13,7,118,22,47,52,39,19,32,12,7,239,145,14.6,60.1,24.6,68.7,13.8,59.9,23.7,68.5,(CONTRACTS OF EUR 125,000),099741,CME ,099 ,F10,FutOnly
EURO FX - CHICAGO MERCANTILE EXCHANGE,230117,2023-01-17,099741,CME,00,099,753915,43087,494265,6657,459449,76813,17600,71486,85373,14999,41713,11374,4448,659439,711529,94476,42386,7752,-4446,13512,1992,20724,-304,192,-11475,-3962,-1378,-1044,-625,-14,4551,9413,3201,-1661,100.0,5.7,65.6,0.9,60.9,10.2,2.3,9.5,11.3,2.0,5.5,1.5,0.6,87.5,94.4,12.5,5.6,305,16,13,7,117,22,48,46,43,23,34,14,7,235,155,14.5,59.3,24.1,67.9,13.7,59.1,23.2,67.7,(CONTRACTS OF EUR 125,000),099741,CME ,099 ,F10,FutOnly
EURO FX - CHICAGO MERCANTILE EXCHANGE,230110,2023-01-10,099741,CME,00,099,746163,47533,480753,4665,438725,77117,17408,82961,89335,16377,42757,11999,4462,654888,702116,91275,44047,34133,2283,20891,3266,6703,-5362,553,11472,12157,569,3247,-919,-26,28067,31129,6066,3004,100.0,6.4,64.4,0.6,58.8,10.3,2.3,11.1,12.0,2.2,5.7,1.6,0.6,87.8,94.1,12.2,5.9,304,16,13,6,114,21,50,53,39,24,33,15,7,239,152,14.5,57.9,24.6,67.1,13.8,57.9,23.3,67.0,(CONTRACTS OF EUR 125,000),099741,CME ,099 ,F10,FutOnly
EURO FX - CHICAGO MERCANTILE EXCHANGE,230103,2023-01-03,099741,CME,00,099,712030,45250,459862,1399,432022,82479,16855,71489,77178,15808,39510,12918,4488,626821,670987,85209,41043,-16357,12771,4449,-542,-19304,-3203,-721,-10251,-15696,1183,-850,324,-26,-17740,-14232,1383,-2125,100.0,6.4,64.6,0.2,60.7,11.6,2.4,10.0,10.8,2.2,5.5,1.8,0.6,88.0,94.2,12.0,5.8,299,16,15,6,110,25,46,44,42,22,31,16,7,225,155,16.1,58.4,26.4,66.2,15.4,58.4,25.4,66.0,(CONTRACTS OF EUR 125,000),099741,CME ,099 ,F10,FutOnly
EURO FX/BRITISH POUND XRATE - CHICAGO MERCANTILE EXCHANGE,231226,2023-12-26,299741,CME,00,099,28804,499,10135,0,15219,4312,1865,827,5808,0,0,0,0,18410,22120,10394,6684,-264,8,6,0,-90,-12,0,-90,394,0,0,0,0,-172,388,-92,-652,100.0,1.7,35.2,0.0,52.8,15.0,6.5,2.9,20.2,0.0,0.0,0.0,0.0,63.9,76.8,36.1,23.2,27,.,.,0,15,.,5,.,5,0,0,0,0,18,14,27.5,60.0,42.9,70.5,26.9,60.0,40.9,68.9,(CONTRACTS OF EUR 125,000),299741,CME ,099 ,F10,FutOnly
EURO FX/BRITISH POUND XRATE - CHICAGO MERCANTILE EXCHANGE,231219,2023-12-19,299741,CME,00,099,29068,491,10129,0,15309,4324,1865,917,5414,0,0,0,0,18582,21732,10486,7336,-4187,491,-1806,-829,525,-49,-415,469,1138,-394,0,0,0,-153,-2355,-4034,-1832,100.0,1.7,34.8,0.0,52.7,14.9,6.4,3.2,18.6,0.0,0.0,0.0,0.0,63.9,74.8,36.1,25.2,27,.,.,0,15,.,5,.,5,0,0,0,0,18,14,27.6,58.3,42.8,68.5,27.0,58.3,40.8,66.9,(CONTRACTS OF EUR 125,000),299741,CME ,099 ,F10,FutOnly
EURO FX/BRITISH POUND XRATE - CHICAGO MERCANTILE EXCHANGE,231212,2023-12-12,299741,CME,00,099,33255,0,11935,829,14784,4373,2280,448,4276,394,0,0,0,18735,24087,14520,9168,3746,0,-40,829,-179,616,0,23,-1917,-21,0,0,0,652,-533,3094,4279,100.0,0.0,35.9,2.5,44.5,13.1,6.9,1.3,12.9,1.2,0.0,0.0,0.0,56.3,72.4,43.7,27.6,26,0,.,.,14,.,6,.,5,.,0,0,0,18,16,23.8,49.5,37.2,62.6,23.3,45.9,35.3,58.2,(CONTRACTS OF EUR 125,000),299741,CME ,099 ,F10,FutOnly
EURO FX/BRITISH POUND XRATE - CHICAGO MERCANTILE EXCHANGE,231205,2023-12-05,299741,CME,00,099,29509,0,11975,0,14963,3757,2280,425,6193,415,0,0,0,18083,24620,11426,4889,38,0,353,0,936,2717,-821,0,-3490,215,0,0,0,330,-1026,-292,1064,100.0,0.0,40.6,0.0,50.7,12.7,7.7,1.4,21.0,1.4,0.0,0.0,0.0,61.3,83.4,38.7,16.6,30,0,.,0,15,.,6,.,8,.,0,0,0,18,19,26.1,50.0,41.2,65.1,25.5,50.0,39.1,65.1,(CONTRACTS OF EUR 125,000),299741,CME ,099 ,F10,FutOnly
EURO FX/BRITISH POUND XRATE - CHICAGO MERCANTILE EXCHANGE,231128,2023-11-28,299741,CME,00,099,29471,0,11622,0,14027,1040,3101,425,9683,200,0,0,0,17753,25646,11718,3825,-482,0,5,0,58,-409,397,425,-432,200,0,0,0,1080,-239,-1562,-243,100.0,0.0,39.4,0.0,47.6,3.5,10.5,1.4,32.9,0.7,0.0,0.0,0.0,60.2,87.0,39.8,13.0,29,0,.,0,16,.,7,.,7,.,0,0,0,19,18,24.6,55.5,39.6,70.4,23.7,54.8,35.9,69.3,(CONTRACTS OF EUR 125,000),299741,CME ,099 ,F10,FutOnly
EURO FX/BRITISH POUND XRATE - CHICAGO MERCANTILE EXCHANGE,231121,2023-11-21,299741,CME,00,099,29953,0,11617,0,13969,1449,2704,0,10115,0,0,0,0,16673,25885,13280,4068,175,0,-6,0,-463,-24,118,0,-8,0,0,0,0,-345,80,520,95,100.0,0.0,38.8,0.0,46.6,4.8,9.0,0.0,33.8,0.0,0.0,0.0,0.0,55.7,86.4,44.3,13.6,27,0,.,0,15,.,6,0,6,0,0,0,0,16,17,24.2,57.6,38.8,72.3,23.2,57.6,36.4,71.8,(CONTRACTS OF EUR 125,000),299741,CME ,099 ,F10,FutOnly
EURO FX/BRITISH POUND XRATE - CHICAGO MERCANTILE EXCHANGE,231114,2023-11-14,299741,CME,00,099,29778,0,11623,0,14432,1473,2586,0,10123,0,0,0,0,17018,25805,12760,3973,-72,0,-12,0,-77,-19,-18,0,-648,0,0,0,0,-95,-697,23,625,100.0,0.0,39.0,0.0,48.5,4.9,8.7,0.0,34.0,0.0,0.0,0.0,0.0,57.1,86.7,42.9,13.3,28,0,.,0,16,.,6,0,6,0,0,0,0,17,17,24.3,58.3,39.0,72.8,23.3,58.3,36.5,72.3,(CONTRACTS OF EUR 125,000),299741,CME ,099 ,F10,FutOnly
EURO FX/BRITISH POUND XRATE - CHICAGO MERCANTILE EXCHANGE,231107,2023-11-07,299741,CME,00,099,29850,0,11635,0,14509,1492,2604,0,10771,0,0,0,0,17113,26502,12737,3348,-905,0,-3,0,96,-13,0,0,-1201,-28,0,0,0,68,-1245,-973,340,100.0,0.0,39.0,0.0,48.6,5.0,8.7,0.0,36.1,0.0,0.0,0.0,0.0,57.3,88.8,42.7,11.2,29,0,.,0,16,.,6,0,7,0,0,0,0,17,18,24.1,58.7,38.8,73.3,23.2,58.7,36.2,72.8,(CONTRACTS OF EUR 125,000),299741,CME ,099 ,F10,FutOnly
EURO FX/BRITISH POUND XRATE - CHICAGO MERCANTILE EXCHANGE,231031,2023-10-31,299741,CME,00,099,30755,0,11638,0,14413,1505,2604,0,11972,28,0,0,0,17045,27747,13710,3008,1130,0,432,0,589,-49,0,-432,1409,28,0,0,0,185,1820,945,-690,100.0,0.0,37.8,0.0,46.9,4.9,8.5,0.0,38.9,0.1,0.0,0.0,0.0,55.4,90.2,44.6,9.8,30,0,.,0,16,.,6,0,8,.,0,0,0,18,19,23.2,59.1,37.4,73.2,22.4,59.1,34.8,73.2,(CONTRACTS OF EUR 125,000),299741,CME ,099 ,F10,FutOnly
EURO FX/BRITISH POUND XRATE - CHICAGO MERCANTILE EXCHANGE,231024,2023-10-24,299741,CME,00,099,29625,0,11206,0,13824,1554,2604,432,10563,0,0,0,0,16860,25927,12765,3698,815,0,552,0,-90,-717,-80,-120,1337,0,0,0,0,-290,1092,1105,-277,100.0,0.0,37.8,0.0,46.7,5.2,8.8,1.5,35.7,0.0,0.0,0.0,0.0,56.9,87.5,43.1,12.5,29,0,.,0,15,.,6,.,7,0,0,0,0,17,18,23.9,57.3,38.8,72.1,23.1,57.3,36.1,71.9,(CONTRACTS OF EUR 125,000),299741,CME ,099 ,F10,FutOnly
EURO FX/BRITISH POUND XRATE - CHICAGO MERCANTILE EXCHANGE,231017,2023-10-17,299741,CME,00,099,28810,0,10654,0,13914,2271,2684,552,9226,0,0,0,0,17150,24835,11660,3975,-260,0,278,0,240,-1211,0,-120,522,0,0,0,0,120,-411,-380,151,100.0,0.0,37.0,0.0,48.3,7.9,9.3,1.9,32.0,0.0,0.0,0.0,0.0,59.5,86.2,40.5,13.8,31,0,.,0,15,4,7,.,8,0,0,0,0,17,21,24.7,50.4,40.4,65.3,23.8,50.4,37.3,65.3,(CONTRACTS OF EUR 125,000),299741,CME ,099 ,F10,FutOnly
EURO FX/BRITISH POUND XRATE - CHICAGO MERCANTILE EXCHANGE,231010,2023-10-10,299741,CME,00,099,29070,0,10376,0,13674,3482,2684,672,8704,0,0,0,0,17030,25246,12040,3824,166,0,20,0,-254,-559,217,-80,60,0,0,0,0,-117,-262,283,428,100.0,0.0,35.7,0.0,47.0,12.0,9.2,2.3,29.9,0.0,0.0,0.0,0.0,58.6,86.8,41.4,13.2,31,0,.,0,15,4,7,.,8,0,0,0,0,17,21,24.4,49.9,39.4,65.1,23.3,49.9,36.3,65.1,(CONTRACTS OF EUR 125,000),299741,CME ,099 ,F10,FutOnly
EURO FX/BRITISH POUND XRATE - CHICAGO MERCANTILE EXCHANGE,231003,2023-10-03,299741,CME,00,099,28904,0,10356,0,13928,4041,2467,752,8644,0,0,0,0,17147,25508,11757,3396,-111,0,-12,0,-41,-519,0,48,1422,0,0,0,0,7,891,-118,-1002,100.0,0.0,35.8,0.0,48.2,14.0,8.5,2.6,29.9,0.0,0.0,0.0,0.0,59.3,88.3,40.7,11.7,30,0,.,0,15,4,6,.,7,0,0,0,0,17,19,24.7,53.1,39.9,68.5,23.6,53.1,36.9,68.5,(CONTRACTS OF EUR 125,000),299741,CME ,099 ,F10,FutOnly
EURO FX/BRITISH POUND XRATE - CHICAGO MERCANTILE EXCHANGE,230926,2023-09-26,299741,CME,00,099,29015,0,10368,0,13969,4560,2467,704,7222,0,0,0,0,17140,24617,11875,4398,-380,0,-3,0,-495,-3710,0,-76,3998,0,0,0,0,-571,285,191,-665,100.0,0.0,35.7,0.0,48.1,15.7,8.5,2.4,24.9,0.0,0.0,0.0,0.0,59.1,84.8,40.9,15.2,28,0,.,0,15,4,6,.,5,0,0,0,0,17,17,25.0,55.1,40.0,70.4,23.8,55.1,36.9,70.4,(CONTRACTS OF EUR 125,000),299741,CME ,099 ,F10,FutOnly
EURO FX/BRITISH POUND XRATE - CHICAGO MERCANTILE EXCHANGE,230919,2023-09-19,299741,CME,00,099,29395,0,10371,0,14464,8270,2467,780,3224,0,0,0,0,17711,24332,11684,5063,-1645,-443,-953,0,436,2265,-346,-261,-500,-417,0,0,0,-1031,49,-614,-1694,100.0,0.0,35.3,0.0,49.2,28.1,8.4,2.7,11.0,0.0,0.0,0.0,0.0,60.3,82.8,39.7,17.2,28,0,.,0,16,4,6,.,4,0,0,0,0,18,16,24.8,58.3,39.6,71.4,23.7,58.3,36.6,70.9,(CONTRACTS OF EUR 125,000),299741,CME ,099 ,F10,FutOnly
EURO FX/BRITISH POUND XRATE - CHICAGO MERCANTILE EXCHANGE,230912,2023-09-12,299741,CME,00,099,31040,443,11324,0,14028,6005,2813,1041,3724,417,0,0,0,18742,24283,12298,6757,1482,443,-628,0,-303,801,-98,332,774,417,0,0,0,791,1266,691,216,100.0,1.4,36.5,0.0,45.2,19.3,9.1,3.4,12.0,1.3,0.0,0.0,0.0,60.4,78.2,39.6,21.8,28,.,.,0,15,4,9,.,4,.,0,0,0,19,19,24.1,54.8,38.6,66.8,22.3,54.8,34.7,66.2,(CONTRACTS OF EUR 125,000),299741,CME ,099 ,F10,FutOnly
EURO FX/BRITISH POUND XRATE - CHICAGO MERCANTILE EXCHANGE,230905,2023-09-05,299741,CME,00,099,29558,0,11952,0,14331,5204,2911,709,2950,0,0,0,0,17951,23017,11607,6541,75,0,2,0,-398,17,403,0,-13,0,0,0,0,5,409,70,-334,100.0,0.0,40.4,0.0,48.5,17.6,9.8,2.4,10.0,0.0,0.0,0.0,0.0,60.7,77.9,39.3,22.1,27,0,.,0,16,4,7,.,.,0,0,0,0,18,16,25.3,54.9,40.6,67.1,23.6,54.9,36.1,66.3,(CONTRACTS OF EUR 125,000),299741,CME ,099 ,F10,FutOnly
EURO FX/BRITISH POUND XRATE - CHICAGO MERCANTILE EXCHANGE,230829,2023-08-29,299741,CME,00,099,29483,0,11950,0,14729,5187,2508,709,2963,0,0,0,0,17946,22608,11537,6875,181,0,3,0,138,58,18,0,-678,0,0,0,0,156,-599,25,780,100.0,0.0,40.5,0.0,50.0,17.6,8.5,2.4,10.0,0.0,0.0,0.0,0.0,60.9,76.7,39.1,23.3,27,0,.,0,16,4,6,.,.,0,0,0,0,18,15,25.3,55.1,40.7,67.2,24.5,55.1,37.5,66.4,(CONTRACTS OF EUR 125,000),299741,CME ,099 ,F10,FutOnly
EURO FX/BRITISH POUND XRATE - CHICAGO MERCANTILE EXCHANGE,230822,2023-08-22,299741,CME,00,099,29302,0,11947,0,14591,5129,2490,709,3641,0,0,0,0,17790,23207,11512,6095,228,0,10,0,-42,254,-11,0,-326,0,0,0,0,-53,-73,281,301,100.0,0.0,40.8,0.0,49.8,17.5,8.5,2.4,12.4,0.0,0.0,0.0,0.0,60.7,79.2,39.3,20.8,28,0,.,0,16,4,6,.,4,0,0,0,0,18,16,25.0,55.3,40.4,67.4,24.3,55.3,37.2,66.8,(CONTRACTS OF EUR 125,000),299741,CME ,099 ,F10,FutOnly
EURO FX/BRITISH POUND XRATE - CHICAGO MERCANTILE EXCHANGE,230815,2023-08-15,299741,CME,00,099,29074,0,11937,0,14633,4875,2501,709,3967,0,0,0,0,17843,23280,11231,5794,210,0,1,0,44,-253,-2,0,-480,0,0,0,0,42,-734,168,944,100.0,0.0,41.1,0.0,50.3,16.8,8.6,2.4,13.6,0.0,0.0,0.0,0.0,61.4,80.1,38.6,19.9,28,0,.,0,16,4,6,.,4,0,0,0,0,18,16,25.3,56.3,40.9,68.5,24.6,56.3,37.6,67.7,(CONTRACTS OF EUR 125,000),299741,CME ,099 ,F10,FutOnly
EURO FX/BRITISH POUND XRATE - CHICAGO MERCANTILE EXCHANGE,230808,2023-08-08,299741,CME,00,099,28864,0,11936,0,14589,5128,2503,709,4447,0,0,0,0,17801,24014,11063,4850,252,0,-29,0,569,-497,0,30,409,0,0,0,0,599,-117,-347,369,100.0,0.0,41.4,0.0,50.5,17.8,8.7,2.5,15.4,0.0,0.0,0.0,0.0,61.7,83.2,38.3,16.8,29,0,.,0,16,4,6,.,5,0,0,0,0,18,17,25.3,57.6,41.1,70.2,24.5,57.6,37.7,69.6,(CONTRACTS OF EUR 125,000),299741,CME ,099 ,F10,FutOnly
EURO FX/BRITISH POUND XRATE - CHICAGO MERCANTILE EXCHANGE,230801,2023-08-01,299741,CME,00,099,28612,0,11965,0,14020,5625,2503,679,4038,0,0,0,0,17202,24131,11410,4481,427,0,2,0,398,480,-547,58,-43,0,0,0,0,-91,-108,518,535,100.0,0.0,41.8,0.0,49.0,19.7,8.7,2.4,14.1,0.0,0.0,0.0,0.0,60.1,84.3,39.9,15.7,29,0,.,0,15,5,6,.,5,0,0,0,0,17,18,25.0,58.0,40.9,70.4,24.2,58.0,37.6,69.0,(CONTRACTS OF EUR 125,000),299741,CME ,099 ,F10,FutOnly
EURO FX/BRITISH POUND XRATE - CHICAGO MERCANTILE EXCHANGE,230725,2023-07-25,299741,CME,00,099,28185,0,11963,0,13622,5145,3050,621,4081,0,0,0,0,17293,24239,10892,3946,-555,0,-135,0,-919,-333,581,621,1291,0,0,0,0,283,1404,-838,-1959,100.0,0.0,42.4,0.0,48.3,18.3,10.8,2.2,14.5,0.0,0.0,0.0,0.0,61.4,86.0,38.6,14.0,30,0,.,0,16,5,7,.,5,0,0,0,0,18,19,23.9,57.2,40.7,70.0,22.7,57.2,35.1,68.6,(CONTRACTS OF EUR 125,000),299741,CME ,099 ,F10,FutOnly
EURO FX/BRITISH POUND XRATE - CHICAGO MERCANTILE EXCHANGE,230718,2023-07-18,299741,CME,00,099,28740,0,12098,0,14541,5478,2469,0,2790,0,0,0,0,17010,22835,11730,5905,180,0,7,0,-31,117,16,0,-1286,0,0,0,0,-15,-1146,195,1326,100.0,0.0,42.1,0.0,50.6,19.1,8.6,0.0,9.7,0.0,0.0,0.0,0.0,59.2,79.5,40.8,20.5,26,0,.,0,16,5,6,0,.,0,0,0,0,17,15,24.1,56.8,40.8,69.5,23.5,56.8,37.5,68.8,(CONTRACTS OF EUR 125,000),299741,CME ,099 ,F10,FutOnly
EURO FX/BRITISH POUND XRATE - CHICAGO MERCANTILE EXCHANGE,230711,2023-07-11,299741,CME,00,099,28560,0,12091,0,14572,5361,2453,0,4076,0,0,0,0,17025,23981,11535,4579,274,0,6,0,-3,-37,0,0,192,0,0,0,0,-3,161,277,113,100.0,0.0,42.3,0.0,51.0,18.8,8.6,0.0,14.3,0.0,0.0,0.0,0.0,59.6,84.0,40.4,16.0,28,0,.,0,16,5,6,0,4,0,0,0,0,17,17,24.3,56.6,41.1,69.9,23.7,56.6,37.8,69.6,(CONTRACTS OF EUR 125,000),299741,CME ,099 ,F10,FutOnly
EURO FX/BRITISH POUND XRATE - CHICAGO MERCANTILE EXCHANGE,230703,2023-07-03,299741,CME,00,099,28286,0,12085,0,14575,5398,2453,0,3884,0,0,0,0,17028,23820,11258,4466,-38,0,-3,0,-82,734,-220,0,-518,0,0,0,0,-302,-7,264,-31,100.0,0.0,42.7,0.0,51.5,19.1,8.7,0.0,13.7,0.0,0.0,0.0,0.0,60.2,84.2,39.8,15.8,28,0,.,0,16,5,6,0,4,0,0,0,0,17,17,24.7,57.8,41.5,70.6,23.9,57.8,38.2,69.7,(CONTRACTS OF EUR 125,000),299741,CME ,099 ,F10,FutOnly
EURO FX/BRITISH POUND XRATE - CHICAGO MERCANTILE EXCHANGE,230627,2023-06-27,299741,CME,00,099,28324,0,12088,0,14657,4664,2673,0,4402,0,0,0,0,17330,23827,10994,4497,606,0,3,0,505,349,135,0,1215,0,0,0,0,640,1702,-34,-1096,100.0,0.0,42.7,0.0,51.7,16.5,9.4,0.0,15.5,0.0,0.0,0.0,0.0,61.2,84.1,38.8,15.9,28,0,.,0,16,4,7,0,5,0,0,0,0,17,18,24.7,57.2,42.0,70.2,23.4,57.2,37.9,69.4,(CONTRACTS OF EUR 125,000),299741,CME ,099 ,F10,FutOnly
EURO FX/BRITISH POUND XRATE - CHICAGO MERCANTILE EXCHANGE,230620,2023-06-20,299741,CME,00,099,27718,0,12085,0,14152,4315,2538,0,3187,0,0,0,0,16690,22125,11028,5593,-9877,0,-8008,-119,1310,293,-426,-6855,437,-1769,0,0,-682,-8541,-10274,-1336,397,100.0,0.0,43.6,0.0,51.1,15.6,9.2,0.0,11.5,0.0,0.0,0.0,0.0,60.2,79.8,39.8,20.2,26,0,.,0,16,4,6,0,.,0,0,0,0,17,15,24.7,57.2,40.6,70.0,23.6,57.2,37.1,68.6,(CONTRACTS OF EUR 125,000),299741,CME ,099 ,F10,FutOnly
EURO FX/BRITISH POUND XRATE - CHICAGO MERCANTILE EXCHANGE,230613,2023-06-13,299741,CME,00,099,37595,0,20093,119,12842,4022,2964,6855,2750,1769,0,0,682,25231,32399,12364,5196,1906,0,17,119,-2082,1075,0,956,314,1436,0,0,682,1111,3643,795,-1737,100.0,0.0,53.4,0.3,34.2,10.7,7.9,18.2,7.3,4.7,0.0,0.0,1.8,67.1,86.2,32.9,13.8,31,0,.,.,16,4,6,.,4,4,0,0,.,24,19,25.8,63.0,40.1,73.6,25.0,63.0,37.8,70.3,(CONTRACTS OF EUR 125,000),299741,CME ,099 ,F10,FutOnly
EURO FX/BRITISH POUND XRATE - CHICAGO MERCANTILE EXCHANGE,230606,2023-06-06,299741,CME,00,099,35689,0,20076,0,14924,2947,2964,5899,2436,333,0,0,0,24120,28756,11569,6933,2814,0,19,0,1964,-370,0,1039,545,301,0,0,0,3304,495,-490,2319,100.0,0.0,56.3,0.0,41.8,8.3,8.3,16.5,6.8,0.9,0.0,0.0,0.0,67.6,80.6,32.4,19.4,27,0,.,0,16,.,6,.,.,.,0,0,0,20,15,29.4,66.7,44.8,75.1,27.9,66.7,41.6,71.3,(CONTRACTS OF EUR 125,000),299741,CME ,099 ,F10,FutOnly
EURO FX/BRITISH POUND XRATE - CHICAGO MERCANTILE EXCHANGE,230530,2023-05-30,299741,CME,00,099,32875,0,20057,0,12960,3317,2964,4860,1891,32,0,0,0,20816,28261,12059,4614,931,0,-202,0,453,1174,-552,1419,0,29,0,0,0,1349,449,-418,482,100.0,0.0,61.0,0.0,39.4,10.1,9.0,14.8,5.8,0.1,0.0,0.0,0.0,63.3,86.0,36.7,14.0,26,0,.,0,15,4,6,.,.,.,0,0,0,19,15,24.9,71.4,40.8,81.0,24.2,71.4,38.5,76.9,(CONTRACTS OF EUR 125,000),299741,CME ,099 ,F10,FutOnly
EURO FX/BRITISH POUND XRATE - CHICAGO MERCANTILE EXCHANGE,230523,2023-05-23,299741,CME,00,099,31944,0,20259,0,12507,2143,3516,3441,1891,3,0,0,0,19467,27812,12477,4132,360,-400,-140,0,101,868,-10,609,-430,0,0,0,0,300,288,60,72,100.0,0.0,63.4,0.0,39.2,6.7,11.0,10.8,5.9,0.0,0.0,0.0,0.0,60.9,87.1,39.1,12.9,25,0,.,0,15,4,7,.,.,.,0,0,0,18,15,23.3,71.7,39.3,80.3,23.0,70.4,36.4,76.0,(CONTRACTS OF EUR 125,000),299741,CME ,099 ,F10,FutOnly
EURO FX/BRITISH POUND XRATE - CHICAGO MERCANTILE EXCHANGE,230516,2023-05-16,299741,CME,00,099,31584,400,20399,0,12406,1275,3526,2832,2321,3,0,0,0,19167,27524,12417,4060,1149,-1,51,-15,-11,2,68,945,430,0,0,0,0,986,536,163,613,100.0,1.3,64.6,0.0,39.3,4.0,11.2,9.0,7.3,0.0,0.0,0.0,0.0,60.7,87.1,39.3,12.9,26,.,.,0,15,.,7,.,.,.,0,0,0,19,15,21.9,73.0,37.8,80.7,21.6,71.1,34.7,76.0,(CONTRACTS OF EUR 125,000),299741,CME ,099 ,F10,FutOnly
EURO FX/BRITISH POUND XRATE - CHICAGO MERCANTILE EXCHANGE,230509,2023-05-09,299741,CME,00,099,30435,401,20348,15,12417,1273,3458,1887,1891,3,0,0,0,18181,26988,12254,3447,741,-5,13,-7,-718,32,451,1488,-103,0,0,0,0,1209,386,-468,355,100.0,1.3,66.9,0.0,40.8,4.2,11.4,6.2,6.2,0.0,0.0,0.0,0.0,59.7,88.7,40.3,11.3,25,.,.,.,15,.,7,.,.,.,0,0,0,20,14,21.2,75.6,37.5,83.5,20.9,73.6,33.4,77.3,(CONTRACTS OF EUR 125,000),299741,CME ,099 ,F10,FutOnly
EURO FX/BRITISH POUND XRATE - CHICAGO MERCANTILE EXCHANGE,230502,2023-05-02,299741,CME,00,099,29694,406,20335,22,13135,1241,3007,399,1994,3,0,0,0,16972,26602,12722,3092,-275,406,2,-2,-120,-219,0,399,0,3,0,0,0,686,-216,-961,-59,100.0,1.4,68.5,0.1,44.2,4.2,10.1,1.3,6.7,0.0,0.0,0.0,0.0,57.2,89.6,42.8,10.4,25,.,.,.,16,.,6,.,.,.,0,0,0,20,13,21.7,77.8,36.3,85.9,20.6,75.8,32.9,79.4,(CONTRACTS OF EUR 125,000),299741,CME ,099 ,F10,FutOnly
EURO FX/BRITISH POUND XRATE - CHICAGO MERCANTILE EXCHANGE,230425,2023-04-25,299741,CME,00,099,29969,0,20333,24,13255,1460,3007,0,1994,0,0,0,0,16286,26818,13683,3151,115,-426,-330,-2,137,0,-367,-507,0,-4,0,0,0,-1169,-703,1284,818,100.0,0.0,67.8,0.1,44.2,4.9,10.0,0.0,6.7,0.0,0.0,0.0,0.0,54.3,89.5,45.7,10.5,23,0,.,.,16,.,6,0,.,0,0,0,0,18,12,21.6,77.1,36.4,85.9,20.6,75.8,33.1,79.4,(CONTRACTS OF EUR 125,000),299741,CME ,099 ,F10,FutOnly
EURO FX/BRITISH POUND XRATE - CHICAGO MERCANTILE EXCHANGE,230418,2023-04-18,299741,CME,00,099,29854,426,20663,26,13118,1460,3374,507,1994,4,0,0,0,17455,27521,12399,2333,100,-1,2,-3,-336,171,442,88,-446,0,0,0,0,190,166,-90,-66,100.0,1.4,69.2,0.1,43.9,4.9,11.3,1.7,6.7,0.0,0.0,0.0,0.0,58.5,92.2,41.5,7.8,25,.,.,.,16,.,7,.,.,.,0,0,0,20,14,21.6,78.5,37.2,87.3,20.6,77.2,32.5,80.8,(CONTRACTS OF EUR 125,000),299741,CME ,099 ,F10,FutOnly
EURO FX/BRITISH POUND XRATE - CHICAGO MERCANTILE EXCHANGE,230411,2023-04-11,299741,CME,00,099,29754,427,20661,29,13454,1289,2932,419,2440,4,0,0,0,17265,27355,12489,2399,10,1,9,-3,-21,0,0,419,-1,4,0,0,0,400,9,-390,1,100.0,1.4,69.4,0.1,45.2,4.3,9.9,1.4,8.2,0.0,0.0,0.0,0.0,58.0,91.9,42.0,8.1,26,.,.,.,16,.,6,.,.,.,0,0,0,20,14,21.7,78.8,37.0,87.0,20.7,76.9,33.6,82.0,(CONTRACTS OF EUR 125,000),299741,CME ,099 ,F10,FutOnly
EURO FX/BRITISH POUND XRATE - CHICAGO MERCANTILE EXCHANGE,230404,2023-04-04,299741,CME,00,099,29744,426,20652,32,13475,1289,2932,0,2441,0,0,0,0,16865,27346,12879,2398,68,-33,-190,-3,45,726,0,-429,447,0,0,0,0,-420,980,488,-912,100.0,1.4,69.4,0.1,45.3,4.3,9.9,0.0,8.2,0.0,0.0,0.0,0.0,56.7,91.9,43.3,8.1,25,.,.,.,16,.,6,0,.,0,0,0,0,19,13,21.8,78.8,37.1,87.0,20.7,76.9,33.7,82.0,(CONTRACTS OF EUR 125,000),299741,CME ,099 ,F10,FutOnly
EURO FX/BRITISH POUND XRATE - CHICAGO MERCANTILE EXCHANGE,230328,2023-03-28,299741,CME,00,099,29676,459,20842,35,13430,563,2932,429,1994,0,0,0,0,17285,26366,12391,3310,-237,14,7,-7,-58,-573,64,0,0,0,0,0,0,13,-509,-250,272,100.0,1.5,70.2,0.1,45.3,1.9,9.9,1.4,6.7,0.0,0.0,0.0,0.0,58.2,88.8,41.8,11.2,24,.,.,.,16,.,6,.,.,0,0,0,0,20,11,21.7,79.6,37.0,87.0,20.9,77.0,33.7,78.8,(CONTRACTS OF EUR 125,000),299741,CME ,099 ,F10,FutOnly
EURO FX/BRITISH POUND XRATE - CHICAGO MERCANTILE EXCHANGE,230321,2023-03-21,299741,CME,00,099,29913,445,20835,42,13488,1136,2868,429,1994,0,0,0,0,17272,26875,12641,3038,-3168,445,-685,-18,-2668,5,-15,0,-3130,0,0,0,0,-2256,-3843,-912,675,100.0,1.5,69.7,0.1,45.1,3.8,9.6,1.4,6.7,0.0,0.0,0.0,0.0,57.7,89.8,42.3,10.2,25,.,.,.,16,.,5,.,.,0,0,0,0,20,11,21.4,79.0,36.7,86.6,21.0,76.4,33.6,80.1,(CONTRACTS OF EUR 125,000),299741,CME ,099 ,F10,FutOnly
EURO FX/BRITISH POUND XRATE - CHICAGO MERCANTILE EXCHANGE,230314,2023-03-14,299741,CME,00,099,33081,0,21520,60,16156,1131,2883,429,5124,0,0,0,0,19528,30718,13553,2363,-1202,0,10411,-773,793,8,-3,0,-10411,-389,0,0,0,-372,-1157,-830,-45,100.0,0.0,65.1,0.2,48.8,3.4,8.7,1.3,15.5,0.0,0.0,0.0,0.0,59.0,92.9,41.0,7.1,27,0,.,.,17,.,5,.,.,0,0,0,0,20,13,23.5,76.9,38.5,86.7,22.5,76.8,36.1,83.6,(CONTRACTS OF EUR 125,000),299741,CME ,099 ,F10,FutOnly
EURO FX/BRITISH POUND XRATE - CHICAGO MERCANTILE EXCHANGE,230307,2023-03-07,299741,CME,00,099,34283,0,11109,833,15363,1123,2886,429,15535,389,0,0,0,19900,31875,14383,2408,1255,0,-9,777,6,537,-610,0,864,377,0,0,0,550,1936,705,-681,100.0,0.0,32.4,2.4,44.8,3.3,8.4,1.3,45.3,1.1,0.0,0.0,0.0,58.0,93.0,42.0,7.0,28,0,.,.,16,.,6,.,6,.,0,0,0,21,16,21.6,65.8,36.4,83.5,20.6,65.6,34.1,78.8,(CONTRACTS OF EUR 125,000),299741,CME ,099 ,F10,FutOnly
EURO FX/BRITISH POUND XRATE - CHICAGO MERCANTILE EXCHANGE,230228,2023-02-28,299741,CME,00,099,33028,0,11118,56,15357,586,3496,429,14671,12,0,0,0,19350,29939,13678,3089,-1043,-400,8,-2,-26,-640,-29,-441,-714,-13,0,0,0,-911,-1390,-132,347,100.0,0.0,33.7,0.2,46.5,1.8,10.6,1.3,44.4,0.0,0.0,0.0,0.0,58.6,90.6,41.4,9.4,26,0,.,.,17,.,6,.,4,.,0,0,0,21,13,23.1,66.7,38.2,84.1,22.1,66.5,34.8,79.9,(CONTRACTS OF EUR 125,000),299741,CME ,099 ,F10,FutOnly
EURO FX/BRITISH POUND XRATE - CHICAGO MERCANTILE EXCHANGE,230221,2023-02-21,299741,CME,00,099,34071,400,11110,58,15383,1226,3525,870,15385,25,0,0,0,20261,31329,13810,2742,1269,400,-3,-2,113,99,165,441,1011,11,0,-544,0,1128,737,141,532,100.0,1.2,32.6,0.2,45.1,3.6,10.3,2.6,45.2,0.1,0.0,0.0,0.0,59.5,92.0,40.5,8.0,29,.,.,.,17,.,6,.,4,.,0,0,0,23,15,22.4,64.2,37.0,83.7,21.4,64.0,33.7,81.0,(CONTRACTS OF EUR 125,000),299741,CME ,099 ,F10,FutOnly
EURO FX/BRITISH POUND XRATE - CHICAGO MERCANTILE EXCHANGE,230214,2023-02-14,299741,CME,00,099,32802,0,11113,60,15270,1127,3360,429,14374,14,0,544,0,19133,30592,13669,2210,-89,-430,-3,7,274,-141,-152,0,191,-20,0,0,0,-321,-118,232,29,100.0,0.0,33.9,0.2,46.6,3.4,10.2,1.3,43.8,0.0,0.0,1.7,0.0,58.3,93.3,41.7,6.7,28,0,.,.,17,.,6,.,4,.,0,.,0,21,15,23.1,64.5,38.2,83.8,22.1,64.3,34.6,81.0,(CONTRACTS OF EUR 125,000),299741,CME ,099 ,F10,FutOnly
EURO FX/BRITISH POUND XRATE - CHICAGO MERCANTILE EXCHANGE,230207,2023-02-07,299741,CME,00,099,32891,430,11116,53,14996,1268,3512,429,14183,34,0,544,0,19454,30710,13437,2181,1085,430,-21,6,130,143,573,0,422,34,0,53,0,1173,1210,-88,-125,100.0,1.3,33.8,0.2,45.6,3.9,10.7,1.3,43.1,0.1,0.0,1.7,0.0,59.1,93.4,40.9,6.6,30,.,.,.,17,.,6,.,5,.,0,.,0,22,16,22.3,62.3,37.5,81.8,21.3,62.2,34.0,79.3,(CONTRACTS OF EUR 125,000),299741,CME ,099 ,F10,FutOnly
EURO FX/BRITISH POUND XRATE - CHICAGO MERCANTILE EXCHANGE,230131,2023-01-31,299741,CME,00,099,31806,0,11137,47,14866,1125,2939,429,13761,0,0,491,0,18281,29500,13525,2306,-127,0,-68,14,-37,539,0,0,-367,0,0,84,0,-23,202,-104,-329,100.0,0.0,35.0,0.1,46.7,3.5,9.2,1.3,43.3,0.0,0.0,1.5,0.0,57.5,92.7,42.5,7.3,28,0,.,.,17,.,5,.,4,0,0,.,0,20,14,21.6,64.1,37.1,84.4,21.1,64.0,34.5,81.5,(CONTRACTS OF EUR 125,000),299741,CME ,099 ,F10,FutOnly
EURO FX/BRITISH POUND XRATE - CHICAGO MERCANTILE EXCHANGE,230124,2023-01-24,299741,CME,00,099,31933,0,11205,33,14903,586,2939,429,14128,0,0,407,0,18304,29298,13629,2635,85,-417,278,2,206,-665,62,0,392,0,0,-49,0,-147,20,232,65,100.0,0.0,35.1,0.1,46.7,1.8,9.2,1.3,44.2,0.0,0.0,1.3,0.0,57.3,91.7,42.7,8.3,27,0,.,.,17,.,5,.,4,0,0,.,0,20,13,21.5,65.0,36.9,85.4,21.3,64.9,34.6,82.1,(CONTRACTS OF EUR 125,000),299741,CME ,099 ,F10,FutOnly
EURO FX/BRITISH POUND XRATE - CHICAGO MERCANTILE EXCHANGE,230117,2023-01-17,299741,CME,00,099,31848,417,10927,31,14697,1251,2877,429,13736,0,0,456,0,18451,29278,13397,2570,191,6,-8,6,198,-71,-289,-420,-147,0,0,456,0,-499,-53,690,244,100.0,1.3,34.3,0.1,46.1,3.9,9.0,1.3,43.1,0.0,0.0,1.4,0.0,57.9,91.9,42.1,8.1,30,.,.,.,16,4,5,.,5,0,0,.,0,21,15,21.2,63.1,36.2,82.2,21.2,63.0,34.1,79.5,(CONTRACTS OF EUR 125,000),299741,CME ,099 ,F10,FutOnly
EURO FX/BRITISH POUND XRATE - CHICAGO MERCANTILE EXCHANGE,230110,2023-01-10,299741,CME,00,099,31657,411,10935,25,14499,1322,3166,849,13883,0,0,0,0,18950,29331,12707,2326,90,11,-6,3,-14,183,-63,-25,-51,-1,0,0,0,-89,65,179,25,100.0,1.3,34.5,0.1,45.8,4.2,10.0,2.7,43.9,0.0,0.0,0.0,0.0,59.9,92.7,40.1,7.3,31,.,.,.,16,4,6,.,6,0,0,0,0,22,16,21.1,61.7,36.8,80.6,21.1,61.6,33.4,78.7,(CONTRACTS OF EUR 125,000),299741,CME ,099 ,F10,FutOnly
EURO FX/BRITISH POUND XRATE - CHICAGO MERCANTILE EXCHANGE,230103,2023-01-03,299741,CME,00,099,31567,400,10941,22,14513,1139,3229,874,13934,1,0,0,0,19039,29266,12528,2301,1868,400,788,0,1216,1,496,445,1412,0,0,0,0,2557,2697,-689,-829,100.0,1.3,34.7,0.1,46.0,3.6,10.2,2.8,44.1,0.0,0.0,0.0,0.0,60.3,92.7,39.7,7.3,30,.,.,.,16,4,6,.,5,.,0,0,0,23,15,20.3,62.2,36.5,82.9,20.3,62.1,33.7,80.5,(CONTRACTS OF EUR 125,000),299741,CME ,099 ,F10,FutOnly
EURO FX/JAPANESE YEN XRATE - CHICAGO MERCANTILE EXCHANGE,231212,2023-12-12,399741,CME,00,099,23391,870,841,2208,4657,8147,659,2951,269,2171,0,2743,0,13516,17038,9875,6353,.,.,.,.,.,.,.,.,.,.,.,.,.,.,.,.,.,100.0,3.7,3.6,9.4,19.9,34.8,2.8,12.6,1.1,9.3,0.0,11.7,0.0,57.8,72.8,42.2,27.2,22,.,.,.,5,6,4,.,.,4,0,.,0,15,18,32.0,37.8,47.9,55.3,25.0,35.3,34.9,47.3,(CONTRACTS OF EUR 125,000),399741,CME ,099 ,F10,FutOnly
EURO FX/JAPANESE YEN XRATE - CHICAGO MERCANTILE EXCHANGE,230919,2023-09-19,399741,CME,00,099,23336,2915,5539,522,4862,6894,1028,4915,1000,321,0,1820,0,14563,17124,8773,6212,-233,0,5,468,40,-865,-40,-453,0,291,0,0,0,306,-141,-539,-92,100.0,12.5,23.7,2.2,20.8,29.5,4.4,21.1,4.3,1.4,0.0,7.8,0.0,62.4,73.4,37.6,26.6,21,.,.,.,5,5,.,6,.,.,0,.,0,15,13,31.4,51.4,48.1,66.7,30.8,49.2,45.1,63.6,(CONTRACTS OF EUR 125,000),399741,CME ,099 ,F10,FutOnly
EURO FX/JAPANESE YEN XRATE - CHICAGO MERCANTILE EXCHANGE,230912,2023-09-12,399741,CME,00,099,23569,2915,5534,54,4822,7759,1068,5368,1000,30,0,1820,0,14257,17265,9312,6304,.,.,.,.,.,.,.,.,.,.,.,.,.,.,.,.,.,100.0,12.4,23.5,0.2,20.5,32.9,4.5,22.8,4.2,0.1,0.0,7.7,0.0,60.5,73.3,39.5,26.7,21,.,.,.,5,6,4,5,.,.,0,.,0,14,14,32.9,48.9,51.2,64.7,32.9,48.7,48.2,63.6,(CONTRACTS OF EUR 125,000),399741,CME ,099 ,F10,FutOnly
EURO FX/JAPANESE YEN XRATE - CHICAGO MERCANTILE EXCHANGE,230829,2023-08-29,399741,CME,00,099,22052,2915,5483,49,4818,7686,1053,4595,0,5,0,1820,0,13435,16096,8617,5956,-217,0,-4,2,-2,-212,-23,-143,0,3,0,0,0,-163,-234,-54,17,100.0,13.2,24.9,0.2,21.8,34.9,4.8,20.8,0.0,0.0,0.0,8.3,0.0,60.9,73.0,39.1,27.0,20,.,.,.,5,6,.,5,0,.,0,.,0,14,11,33.2,51.7,50.9,67.2,32.4,51.4,48.2,66.1,(CONTRACTS OF EUR 125,000),399741,CME ,099 ,F10,FutOnly
EURO FX/JAPANESE YEN XRATE - CHICAGO MERCANTILE EXCHANGE,230822,2023-08-22,399741,CME,00,099,22269,2915,5487,47,4820,7898,1076,4738,0,2,0,1820,0,13598,16330,8671,5939,-315,0,-2,0,-500,-440,-17,-85,0,0,0,0,0,-602,-459,287,144,100.0,13.1,24.6,0.2,21.6,35.5,4.8,21.3,0.0,0.0,0.0,8.2,0.0,61.1,73.3,38.9,26.7,20,.,.,.,5,6,.,5,0,.,0,.,0,14,11,32.9,51.7,49.6,67.5,31.8,51.4,47.7,66.4,(CONTRACTS OF EUR 125,000),399741,CME ,099 ,F10,FutOnly
EURO FX/JAPANESE YEN XRATE - CHICAGO MERCANTILE EXCHANGE,230815,2023-08-15,399741,CME,00,099,22584,2915,5489,47,5320,8338,1093,4823,0,2,0,1820,0,14200,16789,8384,5795,139,0,-25,1,-45,-100,10,-357,0,0,0,0,0,-391,-114,530,253,100.0,12.9,24.3,0.2,23.6,36.9,4.8,21.4,0.0,0.0,0.0,8.1,0.0,62.9,74.3,37.1,25.7,21,.,.,.,5,7,.,5,0,.,0,.,0,14,12,33.7,51.0,53.1,66.6,33.7,50.5,50.7,65.5,(CONTRACTS OF EUR 125,000),399741,CME ,099 ,F10,FutOnly
EURO FX/JAPANESE YEN XRATE - CHICAGO MERCANTILE EXCHANGE,230808,2023-08-08,399741,CME,00,099,22445,2915,5514,46,5365,8438,1083,5180,0,2,0,1820,0,14591,16903,7854,5542,.,.,.,.,.,.,.,.,.,.,.,.,.,.,.,.,.,100.0,13.0,24.6,0.2,23.9,37.6,4.8,23.1,0.0,0.0,0.0,8.1,0.0,65.0,75.3,35.0,24.7,21,.,.,.,5,7,.,5,0,.,0,.,0,14,12,35.8,50.3,55.2,66.5,35.8,49.8,53.0,65.0,(CONTRACTS OF EUR 125,000),399741,CME ,099 ,F10,FutOnly
EURO FX/JAPANESE YEN XRATE - CHICAGO MERCANTILE EXCHANGE,230725,2023-07-25,399741,CME,00,099,21058,2915,5515,53,4963,8603,922,3377,0,4,0,1120,0,12234,16217,8824,4841,-979,0,-2,2,-12,-463,0,-1385,0,0,0,0,0,-1395,-463,416,-516,100.0,13.8,26.2,0.3,23.6,40.9,4.4,16.0,0.0,0.0,0.0,5.3,0.0,58.1,77.0,41.9,23.0,20,.,.,.,4,8,.,4,0,.,0,.,0,13,12,37.2,51.1,51.3,67.8,37.2,50.1,51.3,66.2,(CONTRACTS OF EUR 125,000),399741,CME ,099 ,F10,FutOnly
EURO FX/JAPANESE YEN XRATE - CHICAGO MERCANTILE EXCHANGE,230718,2023-07-18,399741,CME,00,099,22037,2915,5517,51,4975,9066,922,4762,0,4,0,1120,0,13629,16680,8408,5357,-2204,0,5,1,-528,-2211,-63,-1225,0,0,0,0,0,-1815,-2268,-389,64,100.0,13.2,25.0,0.2,22.6,41.1,4.2,21.6,0.0,0.0,0.0,5.1,0.0,61.8,75.7,38.2,24.3,22,.,.,.,4,8,.,6,0,.,0,.,0,15,12,34.8,48.8,49.9,65.7,34.8,47.9,49.9,64.5,(CONTRACTS OF EUR 125,000),399741,CME ,099 ,F10,FutOnly
EURO FX/JAPANESE YEN XRATE - CHICAGO MERCANTILE EXCHANGE,230711,2023-07-11,399741,CME,00,099,24241,2915,5512,50,5503,11277,985,5987,0,4,0,1120,0,15444,18948,8797,5293,793,0,-26,7,183,818,-9,863,0,0,0,170,0,1044,960,-251,-167,100.0,12.0,22.7,0.2,22.7,46.5,4.1,24.7,0.0,0.0,0.0,4.6,0.0,63.7,78.2,36.3,21.8,23,.,.,.,4,9,4,6,0,.,0,.,0,16,13,35.9,52.6,52.4,67.4,35.9,51.7,52.4,66.3,(CONTRACTS OF EUR 125,000),399741,CME ,099 ,F10,FutOnly
EURO FX/JAPANESE YEN XRATE - CHICAGO MERCANTILE EXCHANGE,230703,2023-07-03,399741,CME,00,099,23448,2915,5538,43,5320,10459,994,5124,0,4,0,950,0,14400,17988,9048,5460,.,.,.,.,.,.,.,.,.,.,.,.,.,.,.,.,.,100.0,12.4,23.6,0.2,22.7,44.6,4.2,21.9,0.0,0.0,0.0,4.1,0.0,61.4,76.7,38.6,23.3,22,.,.,.,4,8,.,6,0,.,0,.,0,15,12,35.8,54.5,51.3,68.8,35.8,53.2,51.3,67.1,(CONTRACTS OF EUR 125,000),399741,CME ,099 ,F10,FutOnly
EURO FX/JAPANESE YEN XRATE - CHICAGO MERCANTILE EXCHANGE,230620,2023-06-20,399741,CME,00,099,26076,4530,5007,752,5381,10484,1074,2241,0,2436,0,950,0,16414,20703,9662,5373,.,.,.,.,.,.,.,.,.,.,.,.,.,.,.,.,.,100.0,17.4,19.2,2.9,20.6,40.2,4.1,8.6,0.0,9.3,0.0,3.6,0.0,62.9,79.4,37.1,20.6,20,.,.,.,.,8,.,5,0,4,0,.,0,14,15,38.9,51.5,54.1,66.3,35.7,48.7,46.3,61.1,(CONTRACTS OF EUR 125,000),399741,CME ,099 ,F10,FutOnly
EURO FX/JAPANESE YEN XRATE - CHICAGO MERCANTILE EXCHANGE,230207,2023-02-07,399741,CME,00,099,21537,5332,3574,39,3514,11315,1158,4272,0,0,0,1100,0,14315,17186,7222,4351,.,.,.,.,.,.,.,.,.,.,.,.,.,.,.,.,.,100.0,24.8,16.6,0.2,16.3,52.5,5.4,19.8,0.0,0.0,0.0,5.1,0.0,66.5,79.8,33.5,20.2,20,.,.,.,4,9,.,.,0,0,0,.,0,13,11,46.5,55.5,59.7,72.9,46.5,52.3,59.0,67.3,(CONTRACTS OF EUR 125,000),399741,CME ,099 ,F10,FutOnly
EURO FX - CHICAGO MERCANTILE EXCHANGE,241231,2024-12-31,099741,CME,00,099,609159,29997,162916,6914,336955,183094,34116,80796,122636,12918,27026,24631,6958,535680,554183,73479,54976,11576,-1024,-1084,744,-2340,6665,541,10828,6136,837,-868,-11,152,8870,13980,2706,-2404,100.0,4.9,26.7,1.1,55.3,30.1,5.6,13.3,20.1,2.1,4.4,4.0,1.1,87.9,91.0,12.1,9.0,293,12,13,5,92,51,44,46,48,20,17,13,5,193,174,18.6,30.0,27.1,40.7,16.7,29.7,25.2,40.4,(CONTRACTS OF EUR 125,000),099741,CME ,099 ,F10,FutOnly
EURO FX - CHICAGO MERCANTILE EXCHANGE,241224,2024-12-24,099741,CME,00,099,597583,31021,164000,6170,339295,176429,33575,69968,116500,12081,27894,24642,6806,526810,540203,70773,57380,13583,9003,-5508,902,6225,6371,-182,-5963,2324,2081,2935,4600,-185,14816,10403,-1233,3180,100.0,5.2,27.4,1.0,56.8,29.5,5.6,11.7,19.5,2.0,4.7,4.1,1.1,88.2,90.4,11.8,9.6,293,12,15,5,92,51,44,41,50,18,18,13,5,189,176,19.0,30.3,27.6,40.1,17.0,30.1,25.6,39.9,(CONTRACTS OF EUR 125,000),099741,CME ,099 ,F10,FutOnly
EURO FX - CHICAGO MERCANTILE EXCHANGE,241217,2024-12-17,099741,CME,00,099,584000,22018,169508,5268,333070,170058,33757,75931,114176,10000,24959,20042,6991,511994,529800,72006,54200,-143276,-60120,-55214,-50409,2360,1882,-4330,-844,-6520,-10847,-6443,-8246,-286,-130919,-133970,-12357,-9306,100.0,3.8,29.0,0.9,57.0,29.1,5.8,13.0,19.6,1.7,4.3,3.4,1.2,87.7,90.7,12.3,9.3,296,11,16,5,92,50,45,46,50,22,17,13,5,192,181,19.5,30.2,28.4,40.9,17.4,30.1,25.7,40.7,(CONTRACTS OF EUR 125,000),099741,CME ,099 ,F10,FutOnly
EURO FX - CHICAGO MERCANTILE EXCHANGE,241210,2024-12-10,099741,CME,00,099,727276,82138,224722,55677,330710,168176,38087,76775,120696,20847,31402,28288,7277,642913,663770,84363,63506,52217,-1389,-3345,43078,462,-11751,47,-2195,5524,4997,-103,4191,526,45423,43267,6794,8950,100.0,11.3,30.9,7.7,45.5,23.1,5.2,10.6,16.6,2.9,4.3,3.9,1.0,88.4,91.3,11.6,8.7,297,12,20,10,89,46,47,42,53,24,23,11,5,200,183,20.8,31.0,32.5,42.3,18.7,30.6,27.4,39.4,(CONTRACTS OF EUR 125,000),099741,CME ,099 ,F10,FutOnly
EURO FX - CHICAGO MERCANTILE EXCHANGE,241203,2024-12-03,099741,CME,00,099,675059,83527,228067,12599,330248,179927,38040,78970,115172,15850,31505,24097,6751,597490,620503,77569,54556,9506,14689,-4715,8143,-8788,9599,-3149,340,6586,-1588,1234,-4564,-48,10833,10264,-1327,-758,100.0,12.4,33.8,1.9,48.9,26.7,5.6,11.7,17.1,2.3,4.7,3.6,1.0,88.5,91.9,11.5,8.1,307,15,18,9,90,50,41,45,56,26,21,11,5,203,185,21.0,33.8,30.7,43.9,19.2,32.9,28.6,42.5,(CONTRACTS OF EUR 125,000),099741,CME ,099 ,F10,FutOnly
EURO FX - CHICAGO MERCANTILE EXCHANGE,241126,2024-11-26,099741,CME,00,099,665553,68838,232782,4456,339036,170328,41189,78630,108586,17438,30271,28661,6799,586657,610239,78896,55314,6779,3163,-4337,-1491,-4427,10018,-1095,7864,-1991,1036,-636,4346,-66,4348,6420,2431,359,100.0,10.3,35.0,0.7,50.9,25.6,6.2,11.8,16.3,2.6,4.5,4.3,1.0,88.1,91.7,11.9,8.3,298,13,17,6,91,50,40,42,51,29,20,12,7,199,181,19.9,33.0,30.0,42.8,18.0,32.8,27.3,42.1,(CONTRACTS OF EUR 125,000),099741,CME ,099 ,F10,FutOnly
EURO FX - CHICAGO MERCANTILE EXCHANGE,241119,2024-11-19,099741,CME,00,099,658774,65675,237119,5947,343463,160310,42284,70766,110577,16402,30907,24315,6865,582309,603819,76465,54955,21669,37754,-17366,130,-13698,19345,3303,-1940,8858,-4064,1494,8572,657,23636,19435,-1967,2234,100.0,10.0,36.0,0.9,52.1,24.3,6.4,10.7,16.8,2.5,4.7,3.7,1.0,88.4,91.7,11.6,8.3,301,13,17,6,95,51,40,39,52,30,21,12,7,202,182,19.5,33.4,29.9,42.8,17.6,33.0,27.1,42.2,(CONTRACTS OF EUR 125,000),099741,CME ,099 ,F10,FutOnly
EURO FX - CHICAGO MERCANTILE EXCHANGE,241112,2024-11-12,099741,CME,00,099,637105,27921,254485,5817,357161,140965,38981,72706,101719,20466,29413,15743,6208,558673,584384,78432,52721,-8492,-7247,-1156,30,-3377,-2121,4228,-7041,-2062,238,846,-6805,1288,-11035,-6360,2543,-2132,100.0,4.4,39.9,0.9,56.1,22.1,6.1,11.4,16.0,3.2,4.6,2.5,1.0,87.7,91.7,12.3,8.3,291,12,18,7,95,43,39,41,50,28,20,11,7,201,171,17.6,34.9,27.7,44.5,15.8,34.5,25.2,43.9,(CONTRACTS OF EUR 125,000),099741,CME ,099 ,F10,FutOnly
EURO FX - CHICAGO MERCANTILE EXCHANGE,241105,2024-11-05,099741,CME,00,099,645597,35168,255641,5787,360538,143086,34753,79747,103781,20228,28567,22548,4920,569708,590744,75889,54853,-16078,-21772,12656,-1139,-4790,-30193,2522,4343,-1835,905,1710,1043,34,-18187,-16007,2109,-71,100.0,5.4,39.6,0.9,55.8,22.2,5.4,12.4,16.1,3.1,4.4,3.5,0.8,88.2,91.5,11.8,8.5,290,10,20,7,96,41,41,34,58,27,19,11,6,196,175,17.9,33.6,29.2,44.4,16.2,33.3,26.8,43.7,(CONTRACTS OF EUR 125,000),099741,CME ,099 ,F10,FutOnly
EURO FX - CHICAGO MERCANTILE EXCHANGE,241029,2024-10-29,099741,CME,00,099,661675,56940,242985,6926,365328,173279,32231,75404,105616,19323,26857,21505,4886,587895,606751,73780,54924,10916,18414,-15826,-945,-2283,-1212,-136,945,21001,1036,-117,3320,232,17146,7470,-6230,3446,100.0,8.6,36.7,1.0,55.2,26.2,4.9,11.4,16.0,2.9,4.1,3.3,0.7,88.8,91.7,11.2,8.3,287,13,19,8,92,44,41,39,52,24,16,11,5,190,175,20.3,34.6,32.1,46.6,19.0,34.4,30.2,46.0,(CONTRACTS OF EUR 125,000),099741,CME ,099 ,F10,FutOnly
EURO FX - CHICAGO MERCANTILE EXCHANGE,241022,2024-10-22,099741,CME,00,099,650759,38526,258811,7871,367611,174491,32367,74459,84615,18287,26974,18185,4654,570749,599281,80010,51478,-7722,753,-52944,4208,-9655,19864,97,-5240,17819,2743,1462,-712,-49,-5681,-8974,-2041,1252,100.0,5.9,39.8,1.2,56.5,26.8,5.0,11.4,13.0,2.8,4.1,2.8,0.7,87.7,92.1,12.3,7.9,280,13,17,7,94,43,44,39,46,23,17,10,4,190,168,18.7,37.3,30.6,49.1,17.5,37.3,28.6,48.7,(CONTRACTS OF EUR 125,000),099741,CME ,099 ,F10,FutOnly
EURO FX - CHICAGO MERCANTILE EXCHANGE,241015,2024-10-15,099741,CME,00,099,658481,37773,311755,3663,377266,154627,32270,79699,66796,15544,25512,18897,4703,576430,608255,82051,50226,-10650,20346,-34654,-554,-27341,16685,663,-525,4478,-460,-569,1430,-78,-8518,-12490,-2132,1840,100.0,5.7,47.3,0.6,57.3,23.5,4.9,12.1,10.1,2.4,3.9,2.9,0.7,87.5,92.4,12.5,7.6,275,14,15,6,98,37,45,43,38,20,17,12,5,199,152,18.7,40.2,29.9,54.8,17.6,40.1,28.1,54.3,(CONTRACTS OF EUR 125,000),099741,CME ,099 ,F10,FutOnly
EURO FX - CHICAGO MERCANTILE EXCHANGE,241008,2024-10-08,099741,CME,00,099,669131,17427,346409,4217,404607,137942,31607,80224,62318,16004,26081,17467,4781,584948,620745,84183,48386,-5603,4464,-9013,731,-16856,10780,-794,9808,-8201,77,1074,2346,-640,-2136,-4714,-3467,-889,100.0,2.6,51.8,0.6,60.5,20.6,4.7,12.0,9.3,2.4,3.9,2.6,0.7,87.4,92.8,12.6,7.2,277,12,16,8,97,37,43,47,38,20,17,12,6,202,152,20.3,39.8,31.4,56.7,18.9,39.8,29.4,56.6,(CONTRACTS OF EUR 125,000),099741,CME ,099 ,F10,FutOnly
EURO FX - CHICAGO MERCANTILE EXCHANGE,241001,2024-10-01,099741,CME,00,099,674734,12963,355422,3486,421463,127162,32401,70416,70519,15927,25007,15121,5421,587084,625459,87650,49275,-4780,-1094,-16653,152,-7298,1392,2627,-498,4371,805,-2,-757,190,-5118,-7873,338,3093,100.0,1.9,52.7,0.5,62.5,18.8,4.8,10.4,10.5,2.4,3.7,2.2,0.8,87.0,92.7,13.0,7.3,284,12,15,5,102,38,42,48,38,21,17,13,7,207,152,20.3,38.0,31.4,57.8,19.0,38.0,29.9,57.8,(CONTRACTS OF EUR 125,000),099741,CME ,099 ,F10,FutOnly
EURO FX - CHICAGO MERCANTILE EXCHANGE,240924,2024-09-24,099741,CME,00,099,679514,14057,372075,3334,428761,125770,29774,70914,66148,15122,25009,15878,5231,592202,633332,87312,46182,1513,1052,-10851,-242,788,3936,955,-1576,-624,805,-1291,2886,164,655,-2971,858,4484,100.0,2.1,54.8,0.5,63.1,18.5,4.4,10.4,9.7,2.2,3.7,2.3,0.8,87.2,93.2,12.8,6.8,281,13,15,5,107,33,42,42,39,23,17,13,7,210,148,20.1,38.1,31.0,59.9,19.0,38.0,29.6,59.9,(CONTRACTS OF EUR 125,000),099741,CME ,099 ,F10,FutOnly
EURO FX - CHICAGO MERCANTILE EXCHANGE,240917,2024-09-17,099741,CME,00,099,678001,13005,382926,3576,427973,121834,28819,72490,66772,14317,26300,12992,5067,591547,636303,86454,41698,-63887,-371,-15849,-22380,-8916,3373,-5009,-4093,3016,-15205,1092,-446,-2904,-57786,-55404,-6101,-8483,100.0,1.9,56.5,0.5,63.1,18.0,4.3,10.7,9.8,2.1,3.9,1.9,0.7,87.2,93.8,12.8,6.2,283,13,15,4,107,33,40,45,39,20,19,11,7,207,147,20.1,40.3,31.1,60.6,19.1,40.3,29.5,60.5,(CONTRACTS OF EUR 125,000),099741,CME ,099 ,F10,FutOnly
EURO FX - CHICAGO MERCANTILE EXCHANGE,240910,2024-09-10,099741,CME,00,099,741888,13376,398775,25956,436889,118461,33828,76583,63756,29522,25208,13438,7971,649333,691707,92555,50181,1577,-949,-21980,8055,-3780,2985,-871,-18477,-5452,8833,-1711,374,3284,-5616,-4772,7193,6349,100.0,1.8,53.8,3.5,58.9,16.0,4.6,10.3,8.6,4.0,3.4,1.8,1.1,87.5,93.2,12.5,6.8,284,13,16,12,106,31,42,45,40,23,19,13,10,219,152,18.1,47.4,28.1,60.8,17.4,47.4,26.6,59.4,(CONTRACTS OF EUR 125,000),099741,CME ,099 ,F10,FutOnly
EURO FX - CHICAGO MERCANTILE EXCHANGE,240903,2024-09-03,099741,CME,00,099,740311,14325,420755,17901,440669,115476,34699,95060,69208,20689,26919,13064,4687,654949,696479,85362,43832,13792,2565,11804,9973,-1681,-5330,2273,738,-4646,2636,683,-677,-8,17179,16025,-3387,-2233,100.0,1.9,56.8,2.4,59.5,15.6,4.7,12.8,9.3,2.8,3.6,1.8,0.6,88.5,94.1,11.5,5.9,295,14,17,8,109,31,44,50,40,31,21,11,7,229,156,17.9,51.1,28.0,64.0,17.1,50.2,26.6,62.3,(CONTRACTS OF EUR 125,000),099741,CME ,099 ,F10,FutOnly
EURO FX - CHICAGO MERCANTILE EXCHANGE,240827,2024-08-27,099741,CME,00,099,726519,11760,408951,7928,442350,120806,32426,94322,73854,18053,26236,13741,4695,637770,680454,88749,46065,34502,489,50790,-356,5920,-10666,591,18983,-4169,2421,377,-709,-155,28270,37747,6232,-3245,100.0,1.6,56.3,1.1,60.9,16.6,4.5,13.0,10.2,2.5,3.6,1.9,0.6,87.8,93.7,12.2,6.3,293,14,15,7,109,31,44,48,42,31,20,13,7,227,155,17.9,49.8,28.1,62.9,17.1,49.8,26.9,62.1,(CONTRACTS OF EUR 125,000),099741,CME ,099 ,F10,FutOnly
EURO FX - CHICAGO MERCANTILE EXCHANGE,240820,2024-08-20,099741,CME,00,099,692017,11271,358161,8284,436430,131472,31835,75339,78023,15632,25859,14450,4850,609500,642707,82517,49310,24667,837,53496,-705,11525,-16318,2467,4330,-16404,959,254,2335,72,19739,25902,4928,-1235,100.0,1.6,51.8,1.2,63.1,19.0,4.6,10.9,11.3,2.3,3.7,2.1,0.7,88.1,92.9,11.9,7.1,288,11,17,7,107,32,43,43,45,24,19,14,7,212,157,18.8,45.3,29.6,59.1,17.9,45.3,28.2,58.2,(CONTRACTS OF EUR 125,000),099741,CME ,099 ,F10,FutOnly
EURO FX - CHICAGO MERCANTILE EXCHANGE,240813,2024-08-13,099741,CME,00,099,667350,10434,304665,8989,424905,147790,29368,71009,94427,14673,25605,12115,4778,589761,616805,77589,50545,-3754,447,-1102,1121,-4512,-7729,-564,-4635,4175,670,943,-337,-195,-6725,-3961,2971,207,100.0,1.6,45.7,1.3,63.7,22.1,4.4,10.6,14.1,2.2,3.8,1.8,0.7,88.4,92.4,11.6,7.6,283,10,16,6,105,34,43,45,44,25,19,10,6,208,155,19.8,41.5,31.0,53.9,19.0,41.5,29.6,52.9,(CONTRACTS OF EUR 125,000),099741,CME ,099 ,F10,FutOnly
EURO FX - CHICAGO MERCANTILE EXCHANGE,240806,2024-08-06,099741,CME,00,099,671104,9987,305767,7868,429417,155519,29932,75644,90252,14003,24662,12452,4973,596486,620766,74618,50338,3805,-2035,13495,-1136,4266,-4628,-2044,2410,-1146,168,170,-1644,190,1989,3255,1816,550,100.0,1.5,45.6,1.2,64.0,23.2,4.5,11.3,13.4,2.1,3.7,1.9,0.7,88.9,92.5,11.1,7.5,287,11,16,6,103,38,44,47,43,27,17,12,6,206,164,20.3,41.4,31.5,53.9,19.1,41.4,30.0,53.0,(CONTRACTS OF EUR 125,000),099741,CME ,099 ,F10,FutOnly
EURO FX - CHICAGO MERCANTILE EXCHANGE,240730,2024-07-30,099741,CME,00,099,667299,12022,292272,9004,425151,160147,31976,73234,91398,13835,24492,14096,4783,594497,617511,72802,49788,-4723,2494,-28519,455,-679,8355,-86,-9942,12562,1941,673,-805,359,-4785,-5738,62,1015,100.0,1.8,43.8,1.3,63.7,24.0,4.8,11.0,13.7,2.1,3.7,2.1,0.7,89.1,92.5,10.9,7.5,287,11,15,5,103,38,43,38,49,25,17,16,7,200,167,20.5,39.8,31.6,53.2,19.0,39.8,29.9,52.4,(CONTRACTS OF EUR 125,000),099741,CME ,099 ,F10,FutOnly
EURO FX - CHICAGO MERCANTILE EXCHANGE,240723,2024-07-23,099741,CME,00,099,672022,9528,320791,8549,425830,151792,32062,83176,78836,11894,23819,14901,4424,599282,623249,72740,48773,22771,406,24352,715,25053,-1625,-645,-2683,366,1171,110,-1040,185,24312,23479,-1541,-708,100.0,1.4,47.7,1.3,63.4,22.6,4.8,12.4,11.7,1.8,3.5,2.2,0.7,89.2,92.7,10.8,7.3,283,9,17,5,102,37,42,43,42,23,16,17,6,199,160,20.5,42.5,31.6,55.3,19.0,42.5,29.9,54.3,(CONTRACTS OF EUR 125,000),099741,CME ,099 ,F10,FutOnly
EURO FX - CHICAGO MERCANTILE EXCHANGE,240716,2024-07-16,099741,CME,00,099,649251,9122,296439,7834,400777,153417,32707,85859,78470,10723,23709,15941,4239,574970,599770,74281,49481,11985,-356,21439,-602,7748,-6691,647,12074,-788,-2169,-4303,2387,-63,12976,14160,-991,-2175,100.0,1.4,45.7,1.2,61.7,23.6,5.0,13.2,12.1,1.7,3.7,2.5,0.7,88.6,92.4,11.4,7.6,286,8,15,4,100,40,42,46,44,23,16,17,5,198,162,20.3,40.4,30.8,52.9,19.1,40.4,28.8,51.8,(CONTRACTS OF EUR 125,000),099741,CME ,099 ,F10,FutOnly
EURO FX - CHICAGO MERCANTILE EXCHANGE,240709,2024-07-09,099741,CME,00,099,637266,9478,275000,8436,393029,160108,32060,73785,79258,12892,28012,13554,4302,561994,585610,75272,51656,371,1357,16041,159,1312,-9908,-1544,967,-3009,-599,-2892,-1004,-413,-1653,-277,2024,648,100.0,1.5,43.2,1.3,61.7,25.1,5.0,11.6,12.4,2.0,4.4,2.1,0.7,88.2,91.9,11.8,8.1,281,9,16,5,98,43,41,42,41,24,18,14,6,195,162,20.9,37.4,31.3,49.7,19.6,37.3,29.1,48.8,(CONTRACTS OF EUR 125,000),099741,CME ,099 ,F10,FutOnly
EURO FX - CHICAGO MERCANTILE EXCHANGE,240702,2024-07-02,099741,CME,00,099,636895,8121,258959,8277,391717,170016,33604,72818,82267,13491,30904,14558,4715,563647,585887,73248,51008,-13192,-5080,-19864,-50,-4759,15008,-1219,-5911,-8061,1774,353,1562,-156,-15048,-11006,1856,-2186,100.0,1.3,40.7,1.3,61.5,26.7,5.3,11.4,12.9,2.1,4.9,2.3,0.7,88.5,92.0,11.5,8.0,289,8,18,5,96,45,42,42,46,27,20,14,6,196,173,21.4,35.2,31.7,47.7,20.0,35.1,29.4,46.8,(CONTRACTS OF EUR 125,000),099741,CME ,099 ,F10,FutOnly
EURO FX - CHICAGO MERCANTILE EXCHANGE,240625,2024-06-25,099741,CME,00,099,650087,13201,278823,8327,396476,155008,34823,78729,90328,11717,30551,12996,4871,578695,596893,71392,53194,-301,1070,-11026,741,-2753,5704,738,333,3113,-1224,1293,437,94,292,-1423,-593,1122,100.0,2.0,42.9,1.3,61.0,23.8,5.4,12.1,13.9,1.8,4.7,2.0,0.7,89.0,91.8,11.0,8.2,288,10,15,5,100,45,44,39,47,23,20,12,6,198,168,21.2,36.4,31.3,49.1,19.9,36.4,29.1,48.1,(CONTRACTS OF EUR 125,000),099741,CME ,099 ,F10,FutOnly
EURO FX - CHICAGO MERCANTILE EXCHANGE,240618,2024-06-18,099741,CME,00,099,650388,12131,289849,7586,399229,149304,34085,78396,87215,12941,29258,12559,4777,578403,598316,71985,52072,-62506,-7952,-45317,-22238,-8911,14283,343,-1187,6240,-2320,1255,-789,489,-40521,-49309,-21985,-13197,100.0,1.9,44.6,1.2,61.4,23.0,5.2,12.1,13.4,2.0,4.5,1.9,0.7,88.9,92.0,11.1,8.0,290,10,14,6,101,43,47,42,50,25,19,11,6,204,170,21.2,36.8,31.0,50.6,20.0,36.8,28.9,49.6,(CONTRACTS OF EUR 125,000),099741,CME ,099 ,F10,FutOnly
EURO FX - CHICAGO MERCANTILE EXCHANGE,240611,2024-06-11,099741,CME,00,099,712894,20083,335166,29824,408140,135021,33742,79583,80975,15261,28003,13348,4288,618924,647625,93970,65269,41158,2870,-22350,24219,-1184,7597,855,-1019,12716,2299,-602,-113,-541,26897,24682,14261,16476,100.0,2.8,47.0,4.2,57.3,18.9,4.7,11.2,11.4,2.1,3.9,1.9,0.6,86.8,90.8,13.2,9.2,290,13,15,10,101,41,53,45,45,24,17,13,8,214,171,19.3,39.4,28.6,53.8,18.3,38.6,26.6,51.9,(CONTRACTS OF EUR 125,000),099741,CME ,099 ,F10,FutOnly
EURO FX - CHICAGO MERCANTILE EXCHANGE,240604,2024-06-04,099741,CME,00,099,671736,17213,357516,5605,409324,127424,32887,80602,68259,12962,28605,13461,4829,592027,622943,79709,48793,6872,-1081,20326,2696,3432,-8605,-1973,5903,906,-2555,113,-424,477,7012,10848,-140,-3976,100.0,2.6,53.2,0.8,60.9,19.0,4.9,12.0,10.2,1.9,4.3,2.0,0.7,88.1,92.7,11.9,7.3,294,11,16,11,104,40,49,52,40,30,18,13,7,223,168,20.4,40.9,30.2,57.6,19.3,40.6,28.2,57.3,(CONTRACTS OF EUR 125,000),099741,CME ,099 ,F10,FutOnly
EURO FX - CHICAGO MERCANTILE EXCHANGE,240528,2024-05-28,099741,CME,00,099,664864,18294,337190,2909,405892,136029,34860,74699,67353,15517,28492,13885,4352,585015,612095,79849,52769,11783,735,17500,-65,4218,-1867,533,-643,-10368,5589,-206,-2059,77,10238,9340,1545,2443,100.0,2.8,50.7,0.4,61.0,20.5,5.2,11.2,10.1,2.3,4.3,2.1,0.7,88.0,92.1,12.0,7.9,288,11,15,7,102,44,52,45,40,23,18,13,6,211,165,20.3,40.7,30.2,54.9,19.2,40.5,28.1,54.6,(CONTRACTS OF EUR 125,000),099741,CME ,099 ,F10,FutOnly
EURO FX - CHICAGO MERCANTILE EXCHANGE,240521,2024-05-21,099741,CME,00,099,653081,17559,319690,2974,401674,137896,34327,75342,77721,9928,28698,15944,4275,574777,602755,78304,50326,-3721,-11376,23328,1103,2829,-20609,1956,-277,-4983,-426,617,908,21,-5553,1298,1832,-5019,100.0,2.7,49.0,0.5,61.5,21.1,5.3,11.5,11.9,1.5,4.4,2.4,0.7,88.0,92.3,12.0,7.7,293,11,17,8,101,43,50,45,43,23,18,15,6,211,169,20.5,41.3,30.5,54.2,19.4,41.1,28.4,53.8,(CONTRACTS OF EUR 125,000),099741,CME ,099 ,F10,FutOnly
EURO FX - CHICAGO MERCANTILE EXCHANGE,240514,2024-05-14,099741,CME,00,099,656802,28935,296362,1871,398845,158505,32371,75619,82704,10354,28081,15036,4254,580330,601457,76472,55345,1998,-10014,14122,390,5361,-6278,-1654,6274,-3442,-89,223,880,191,682,4120,1316,-2122,100.0,4.4,45.1,0.3,60.7,24.1,4.9,11.5,12.6,1.6,4.3,2.3,0.6,88.4,91.6,11.6,8.4,289,10,14,6,103,43,51,46,44,23,17,12,6,209,166,20.3,39.9,30.3,52.0,19.2,39.9,28.3,52.0,(CONTRACTS OF EUR 125,000),099741,CME ,099 ,F10,FutOnly
EURO FX - CHICAGO MERCANTILE EXCHANGE,240507,2024-05-07,099741,CME,00,099,654804,38949,282240,1481,393484,164783,34025,69345,86146,10443,27858,14156,4063,579648,597337,75156,57467,2507,-7714,3935,-49,3469,-3438,937,1071,-5312,2508,207,2023,-43,386,561,2121,1946,100.0,5.9,43.1,0.2,60.1,25.2,5.2,10.6,13.2,1.6,4.3,2.2,0.6,88.5,91.2,11.5,8.8,279,13,11,4,100,45,50,38,44,23,17,11,5,196,165,20.3,39.3,30.5,50.6,19.0,39.3,28.3,50.5,(CONTRACTS OF EUR 125,000),099741,CME ,099 ,F10,FutOnly
EURO FX - CHICAGO MERCANTILE EXCHANGE,240430,2024-04-30,099741,CME,00,099,652297,46663,278305,1530,390015,168221,33088,68274,91458,7935,27651,12133,4106,579262,596776,73035,55521,-13474,-13613,-5566,-19,-1991,1563,-569,4756,-7527,-185,-2327,615,-151,-14099,-11839,625,-1635,100.0,7.2,42.7,0.2,59.8,25.8,5.1,10.5,14.0,1.2,4.2,1.9,0.6,88.8,91.5,11.2,8.5,292,14,12,7,100,47,45,41,50,24,18,10,5,201,172,20.1,39.7,30.7,51.9,18.8,39.7,28.4,51.8,(CONTRACTS OF EUR 125,000),099741,CME ,099 ,F10,FutOnly
EURO FX - CHICAGO MERCANTILE EXCHANGE,240423,2024-04-23,099741,CME,00,099,665771,60276,283871,1549,392006,166658,33657,63518,98985,8120,29978,11518,4257,593361,608615,72410,57156,6906,18710,-6356,108,-5896,17090,-273,-6628,-5706,2190,141,123,-62,8290,7114,-1384,-208,100.0,9.1,42.6,0.2,58.9,25.0,5.1,9.5,14.9,1.2,4.5,1.7,0.6,89.1,91.4,10.9,8.6,292,13,14,6,99,46,44,38,52,23,20,10,5,196,174,19.6,38.6,31.8,50.8,18.5,38.6,29.5,50.8,(CONTRACTS OF EUR 125,000),099741,CME ,099 ,F10,FutOnly
EURO FX - CHICAGO MERCANTILE EXCHANGE,240416,2024-04-16,099741,CME,00,099,658865,41566,290227,1441,397902,149568,33930,70146,104691,5930,29837,11395,4319,585071,601501,73794,57364,15369,16825,-16200,364,-7700,13267,1391,4790,17780,-672,1316,-2495,310,16624,13745,-1255,1624,100.0,6.3,44.0,0.2,60.4,22.7,5.1,10.6,15.9,0.9,4.5,1.7,0.7,88.8,91.3,11.2,8.7,293,13,14,7,102,45,47,37,52,19,20,10,5,195,176,19.2,39.8,30.5,51.7,17.9,39.8,28.3,51.7,(CONTRACTS OF EUR 125,000),099741,CME ,099 ,F10,FutOnly
EURO FX - CHICAGO MERCANTILE EXCHANGE,240409,2024-04-09,099741,CME,00,099,643496,24741,306427,1077,405602,136301,32539,65356,86911,6602,28521,13890,4009,568447,587756,75049,55740,-39272,-12496,-1127,-541,1988,-20038,-26,-28941,-16779,875,-1464,-298,-149,-40754,-38083,1482,-1189,100.0,3.8,47.6,0.2,63.0,21.2,5.1,10.2,13.5,1.0,4.4,2.2,0.6,88.3,91.3,11.7,8.7,289,11,12,.,106,42,50,38,50,22,19,11,5,201,168,19.8,43.4,29.8,54.7,18.4,43.4,27.6,54.7,(CONTRACTS OF EUR 125,000),099741,CME ,099 ,F10,FutOnly
EURO FX - CHICAGO MERCANTILE EXCHANGE,240402,2024-04-02,099741,CME,00,099,682768,37237,307554,1618,403614,156339,32565,94297,103690,5727,29985,14188,4158,609201,625839,73567,56929,25468,18105,-18107,513,1814,29099,27,12519,12786,-2462,-2208,112,40,28348,22008,-2880,3460,100.0,5.5,45.0,0.2,59.1,22.9,4.8,13.8,15.2,0.8,4.4,2.1,0.6,89.2,91.7,10.8,8.3,306,13,12,6,108,45,47,40,55,21,21,12,5,207,178,18.4,42.2,28.2,54.7,17.1,42.2,26.0,54.7,(CONTRACTS OF EUR 125,000),099741,CME ,099 ,F10,FutOnly
EURO FX - CHICAGO MERCANTILE EXCHANGE,240326,2024-03-26,099741,CME,00,099,657300,19132,325661,1105,401800,127240,32538,81778,90904,8189,32193,14076,4118,580853,603831,76447,53469,1118,-528,-20652,112,166,12838,-818,-3952,1532,2929,2478,1636,100,487,-2323,631,3441,100.0,2.9,49.5,0.2,61.1,19.4,5.0,12.4,13.8,1.2,4.9,2.1,0.6,88.4,91.9,11.6,8.1,292,12,13,5,109,39,44,35,49,25,23,12,5,204,167,19.1,44.3,29.3,57.3,17.8,44.3,27.0,57.3,(CONTRACTS OF EUR 125,000),099741,CME ,099 ,F10,FutOnly
EURO FX - CHICAGO MERCANTILE EXCHANGE,240319,2024-03-19,099741,CME,00,099,656182,19660,346313,993,401634,114402,33356,85730,89372,5260,29715,12440,4018,580366,606154,75816,50028,-61538,-580,-37690,-10210,-17010,7103,-6265,4801,12160,-21111,-2020,-791,-653,-53048,-57457,-8490,-4081,100.0,3.0,52.8,0.2,61.2,17.4,5.1,13.1,13.6,0.8,4.5,1.9,0.6,88.4,92.4,11.6,7.6,291,11,14,4,111,40,47,39,46,25,21,9,5,206,166,19.1,44.2,29.2,59.4,17.8,44.2,27.0,59.4,(CONTRACTS OF EUR 125,000),099741,CME ,099 ,F10,FutOnly
EURO FX - CHICAGO MERCANTILE EXCHANGE,240312,2024-03-12,099741,CME,00,099,717720,20240,384003,11203,418644,107299,39621,80929,77212,26371,31735,13231,4671,633414,663611,84306,54109,10612,-2667,-1249,7109,-5178,-16886,4810,-7659,-1937,12623,-1317,2993,117,7838,7580,2774,3032,100.0,2.8,53.5,1.6,58.3,14.9,5.5,11.3,10.8,3.7,4.4,1.8,0.7,88.3,92.5,11.7,7.5,293,10,18,8,105,40,51,40,46,27,25,9,8,214,173,17.3,41.7,27.8,58.3,16.1,41.7,25.7,57.3,(CONTRACTS OF EUR 125,000),099741,CME ,099 ,F10,FutOnly
EURO FX - CHICAGO MERCANTILE EXCHANGE,240305,2024-03-05,099741,CME,00,099,707108,22907,385252,4094,423822,124185,34811,88588,79149,13748,33052,10238,4554,625576,656031,81532,51077,-8437,2554,818,1317,-19166,-10071,3817,2726,-338,-952,-383,-1270,452,-9635,-6227,1198,-2210,100.0,3.2,54.5,0.6,59.9,17.6,4.9,12.5,11.2,1.9,4.7,1.4,0.6,88.5,92.8,11.5,7.2,308,13,18,7,111,42,51,43,45,26,26,9,7,228,171,17.4,42.4,27.9,59.2,16.3,42.3,26.1,59.0,(CONTRACTS OF EUR 125,000),099741,CME ,099 ,F10,FutOnly
EURO FX - CHICAGO MERCANTILE EXCHANGE,240227,2024-02-27,099741,CME,00,099,715545,20353,384434,2777,442988,134256,30994,85862,79487,14700,33435,11508,4102,635211,662258,80334,53287,-6754,-11285,-3250,905,-1994,-7882,-793,-1721,2231,4005,1680,1193,72,-9131,-3519,2377,-3235,100.0,2.8,53.7,0.4,61.9,18.8,4.3,12.0,11.1,2.1,4.7,1.6,0.6,88.8,92.6,11.2,7.4,308,11,18,5,111,43,50,44,44,27,27,10,6,227,169,18.4,41.7,29.4,58.3,17.4,41.7,27.6,58.2,(CONTRACTS OF EUR 125,000),099741,CME ,099 ,F10,FutOnly
EURO FX - CHICAGO MERCANTILE EXCHANGE,240220,2024-02-20,099741,CME,00,099,722299,31638,387684,1872,444982,142138,31787,87583,77256,10695,31755,10315,4030,644342,665777,77957,56522,-17806,1615,-4837,17,-19685,6093,347,-687,-16799,-896,397,-808,126,-18766,-16757,960,-1049,100.0,4.4,53.7,0.3,61.6,19.7,4.4,12.1,10.7,1.5,4.4,1.4,0.6,89.2,92.2,10.8,7.8,302,14,18,5,109,41,46,45,42,23,25,8,6,220,162,18.4,41.7,29.5,58.7,17.5,41.7,27.8,58.6,(CONTRACTS OF EUR 125,000),099741,CME ,099 ,F10,FutOnly
EURO FX - CHICAGO MERCANTILE EXCHANGE,240213,2024-02-13,099741,CME,00,099,740105,30023,392521,1855,464667,136045,31440,88270,94055,11591,31358,11123,3904,663108,682534,76997,57571,8114,4256,-9304,-655,-2184,4162,2555,8246,8699,-1909,-1517,-63,-24,8768,3461,-654,4653,100.0,4.1,53.0,0.3,62.8,18.4,4.2,11.9,12.7,1.6,4.2,1.5,0.5,89.6,92.2,10.4,7.8,306,15,15,4,108,41,46,39,53,25,24,11,7,213,175,19.5,41.4,31.6,58.5,19.0,41.4,30.0,58.4,(CONTRACTS OF EUR 125,000),099741,CME ,099 ,F10,FutOnly
EURO FX - CHICAGO MERCANTILE EXCHANGE,240206,2024-02-06,099741,CME,00,099,731991,25767,401825,2510,466851,131883,28885,80024,85356,13500,32875,11186,3928,654340,679073,77651,52918,4781,2998,-36518,664,-3294,19735,71,482,16363,2209,2731,835,-142,5719,3217,-938,1564,100.0,3.5,54.9,0.3,63.8,18.0,3.9,10.9,11.7,1.8,4.5,1.5,0.5,89.4,92.8,10.6,7.2,309,14,18,5,109,43,47,38,51,25,25,11,6,216,176,19.6,42.9,31.7,60.5,19.0,42.8,30.2,60.4,(CONTRACTS OF EUR 125,000),099741,CME ,099 ,F10,FutOnly
EURO FX - CHICAGO MERCANTILE EXCHANGE,240130,2024-01-30,099741,CME,00,099,727210,22769,438343,1846,470145,112148,28814,79542,68993,11291,30144,10351,4070,648621,675856,78589,51354,1787,2299,-10301,-130,-5993,13780,1033,4205,-2776,602,1432,-598,121,3569,1731,-1782,56,100.0,3.1,60.3,0.3,64.7,15.4,4.0,10.9,9.5,1.6,4.1,1.4,0.6,89.2,92.9,10.8,7.1,292,12,16,.,109,40,45,39,43,21,23,10,6,208,159,19.8,43.8,32.1,63.1,19.2,43.8,30.6,63.0,(CONTRACTS OF EUR 125,000),099741,CME ,099 ,F10,FutOnly
EURO FX - CHICAGO MERCANTILE EXCHANGE,240123,2024-01-23,099741,CME,00,099,725423,20470,448644,1976,476138,98368,27781,75337,71769,10689,28712,10949,3949,645052,674125,80371,51298,-7668,-518,-16370,-251,-3326,418,965,-4955,3422,769,462,845,-70,-6924,-10272,-744,2604,100.0,2.8,61.8,0.3,65.6,13.6,3.8,10.4,9.9,1.5,4.0,1.5,0.5,88.9,92.9,11.1,7.1,290,13,16,4,114,34,44,38,43,22,21,11,6,209,157,20.2,43.3,32.4,64.2,19.6,43.3,30.9,64.1,(CONTRACTS OF EUR 125,000),099741,CME ,099 ,F10,FutOnly
EURO FX - CHICAGO MERCANTILE EXCHANGE,240116,2024-01-16,099741,CME,00,099,733091,20988,465014,2227,479464,97950,26816,80292,68347,9920,28250,10104,4019,651976,684397,81115,48694,19012,-116,5612,-224,18616,2654,1375,102,4018,913,-605,124,265,20326,14737,-1314,4275,100.0,2.9,63.4,0.3,65.4,13.4,3.7,11.0,9.3,1.4,3.9,1.4,0.5,88.9,93.4,11.1,6.6,293,12,17,.,116,36,44,39,43,22,20,10,6,212,156,19.5,43.7,31.6,65.4,18.9,43.7,30.1,65.2,(CONTRACTS OF EUR 125,000),099741,CME ,099 ,F10,FutOnly
EURO FX - CHICAGO MERCANTILE EXCHANGE,240109,2024-01-09,099741,CME,00,099,714079,21104,459402,2451,460848,95296,25441,80190,64329,9007,28855,9980,3754,631650,669660,82429,44419,-4806,2390,3086,-72,350,2997,-497,-5847,-8997,842,-901,-994,-45,-3780,-3680,-1026,-1126,100.0,3.0,64.3,0.3,64.5,13.3,3.6,11.2,9.0,1.3,4.0,1.4,0.5,88.5,93.8,11.5,6.2,288,11,17,.,114,34,45,44,37,21,21,10,6,216,147,18.8,44.5,29.9,66.0,18.0,44.5,28.5,65.8,(CONTRACTS OF EUR 125,000),099741,CME ,099 ,F10,FutOnly
EURO FX - CHICAGO MERCANTILE EXCHANGE,240102,2024-01-02,099741,CME,00,099,718885,18714,456316,2523,460498,92299,25938,86037,73326,8165,29756,10974,3799,635430,673340,83455,45545,13258,507,22467,295,-352,-2851,640,14457,-2487,-3269,-208,1390,4,12074,16189,1184,-2931,100.0,2.6,63.5,0.4,64.1,12.8,3.6,12.0,10.2,1.1,4.1,1.5,0.5,88.4,93.7,11.6,6.3,290,12,13,.,114,32,46,50,34,21,23,12,6,221,145,18.6,43.4,29.2,65.2,17.8,43.4,27.8,65.0,(CONTRACTS OF EUR 125,000),099741,CME ,099 ,F10,FutOnly
EURO FX/BRITISH POUND XRATE - CHICAGO MERCANTILE EXCHANGE,241231,2024-12-31,299741,CME,00,099,30733,856,13218,0,15276,5296,997,1202,4170,10,0,0,0,18341,23691,12392,7042,-27,0,4,0,-56,-375,-3,0,246,0,0,0,0,-59,-128,32,101,100.0,2.8,43.0,0.0,49.7,17.2,3.2,3.9,13.6,0.0,0.0,0.0,0.0,59.7,77.1,40.3,22.9,26,.,.,0,13,.,5,.,5,.,0,0,0,18,14,27.7,61.8,42.2,72.1,27.2,61.7,40.5,72.0,(CONTRACTS OF EUR 125,000),299741,CME ,099 ,F10,FutOnly
EURO FX/BRITISH POUND XRATE - CHICAGO MERCANTILE EXCHANGE,241224,2024-12-24,299741,CME,00,099,30760,856,13214,0,15332,5671,1000,1202,3924,10,0,0,0,18400,23819,12360,6941,129,405,0,0,-47,-1577,0,0,1190,0,0,0,0,358,-387,-229,516,100.0,2.8,43.0,0.0,49.8,18.4,3.3,3.9,12.8,0.0,0.0,0.0,0.0,59.8,77.4,40.2,22.6,27,.,.,0,13,.,5,.,6,.,0,0,0,18,15,27.8,62.7,42.3,71.4,27.3,62.6,40.6,71.4,(CONTRACTS OF EUR 125,000),299741,CME ,099 ,F10,FutOnly
EURO FX/BRITISH POUND XRATE - CHICAGO MERCANTILE EXCHANGE,241217,2024-12-17,299741,CME,00,099,30631,451,13214,0,15379,7248,1000,1202,2734,10,0,0,0,18042,24206,12589,6425,-3832,-1504,3446,-51,-736,-760,-6,-39,-4714,-5,0,0,0,-2341,-2090,-1491,-1742,100.0,1.5,43.1,0.0,50.2,23.7,3.3,3.9,8.9,0.0,0.0,0.0,0.0,58.9,79.0,41.1,21.0,24,.,.,0,13,.,5,.,4,.,0,0,0,17,13,27.9,66.8,42.6,75.8,27.5,66.8,40.9,75.7,(CONTRACTS OF EUR 125,000),299741,CME ,099 ,F10,FutOnly
EURO FX/BRITISH POUND XRATE - CHICAGO MERCANTILE EXCHANGE,241210,2024-12-10,299741,CME,00,099,34463,1955,9768,51,16115,8008,1006,1241,7448,15,0,0,0,20383,26296,14080,8167,1343,0,8,51,-84,-1864,0,-144,1314,5,0,0,0,-172,-486,1515,1829,100.0,5.7,28.3,0.1,46.8,23.2,2.9,3.6,21.6,0.0,0.0,0.0,0.0,59.1,76.3,40.9,23.7,30,.,4,.,15,.,5,.,6,.,0,0,0,21,17,25.6,55.4,40.8,66.2,25.2,55.2,39.2,66.0,(CONTRACTS OF EUR 125,000),299741,CME ,099 ,F10,FutOnly
EURO FX/BRITISH POUND XRATE - CHICAGO MERCANTILE EXCHANGE,241203,2024-12-03,299741,CME,00,099,33120,1955,9760,0,16199,9872,1006,1385,6134,10,0,0,0,20555,26782,12565,6338,662,187,526,0,58,-1187,0,249,883,0,0,0,0,494,222,168,440,100.0,5.9,29.5,0.0,48.9,29.8,3.0,4.2,18.5,0.0,0.0,0.0,0.0,62.1,80.9,37.9,19.1,29,.,4,0,14,.,5,.,6,.,0,0,0,18,17,26.5,59.3,42.3,70.6,26.3,59.3,40.9,70.5,(CONTRACTS OF EUR 125,000),299741,CME ,099 ,F10,FutOnly
EURO FX/BRITISH POUND XRATE - CHICAGO MERCANTILE EXCHANGE,241126,2024-11-26,299741,CME,00,099,32458,1768,9234,0,16141,11059,1006,1136,5251,10,0,0,0,20061,26560,12397,5898,363,0,717,0,413,-1990,-3,-229,2818,10,0,0,0,191,1552,172,-1189,100.0,5.4,28.4,0.0,49.7,34.1,3.1,3.5,16.2,0.0,0.0,0.0,0.0,61.8,81.8,38.2,18.2,30,.,4,0,14,.,5,.,7,.,0,0,0,18,18,26.4,61.8,42.4,71.6,26.2,61.8,40.9,71.6,(CONTRACTS OF EUR 125,000),299741,CME ,099 ,F10,FutOnly
EURO FX/BRITISH POUND XRATE - CHICAGO MERCANTILE EXCHANGE,241119,2024-11-19,299741,CME,00,099,32095,1768,8517,0,15728,13049,1009,1365,2433,0,0,0,0,19870,25008,12225,7087,-787,0,-46,0,-87,363,0,-109,-1104,0,0,0,0,-196,-787,-591,0,100.0,5.5,26.5,0.0,49.0,40.7,3.1,4.3,7.6,0.0,0.0,0.0,0.0,61.9,77.9,38.1,22.1,26,.,.,0,14,.,5,.,4,0,0,0,0,17,14,26.7,65.3,42.5,73.1,26.5,65.3,40.9,73.1,(CONTRACTS OF EUR 125,000),299741,CME ,099 ,F10,FutOnly
EURO FX/BRITISH POUND XRATE - CHICAGO MERCANTILE EXCHANGE,241112,2024-11-12,299741,CME,00,099,32882,1768,8563,0,15815,12686,1009,1474,3537,0,0,0,0,20066,25795,12816,7087,784,0,-11,0,217,111,0,350,102,0,0,0,0,567,202,217,582,100.0,5.4,26.0,0.0,48.1,38.6,3.1,4.5,10.8,0.0,0.0,0.0,0.0,61.0,78.4,39.0,21.6,26,.,.,0,14,.,5,.,5,0,0,0,0,16,15,26.1,63.4,43.4,72.0,25.9,63.4,41.9,72.0,(CONTRACTS OF EUR 125,000),299741,CME ,099 ,F10,FutOnly
EURO FX/BRITISH POUND XRATE - CHICAGO MERCANTILE EXCHANGE,241105,2024-11-05,299741,CME,00,099,32098,1768,8574,0,15598,12575,1009,1124,3435,0,0,0,0,19499,25593,12599,6505,-389,349,55,0,-126,1467,-5,-34,-1134,0,0,0,0,184,383,-573,-772,100.0,5.5,26.7,0.0,48.6,39.2,3.1,3.5,10.7,0.0,0.0,0.0,0.0,60.7,79.7,39.3,20.3,26,.,.,0,14,.,5,.,5,0,0,0,0,16,15,26.7,64.4,43.2,73.1,26.5,64.4,41.8,73.1,(CONTRACTS OF EUR 125,000),299741,CME ,099 ,F10,FutOnly
EURO FX/BRITISH POUND XRATE - CHICAGO MERCANTILE EXCHANGE,241029,2024-10-29,299741,CME,00,099,32487,1419,8519,0,15724,11108,1014,1158,4569,0,0,0,0,19315,25210,13172,7277,912,268,63,0,-16,1844,0,559,-1038,0,0,0,0,811,869,101,43,100.0,4.4,26.2,0.0,48.4,34.2,3.1,3.6,14.1,0.0,0.0,0.0,0.0,59.5,77.6,40.5,22.4,26,.,.,0,14,.,6,.,5,0,0,0,0,16,16,25.9,62.1,41.7,70.9,25.5,62.1,40.3,70.9,(CONTRACTS OF EUR 125,000),299741,CME ,099 ,F10,FutOnly
EURO FX/BRITISH POUND XRATE - CHICAGO MERCANTILE EXCHANGE,241022,2024-10-22,299741,CME,00,099,31575,1151,8456,0,15740,9264,1014,599,5607,0,0,0,0,18504,24341,13071,7234,135,0,528,0,-373,131,-4,-14,-866,0,0,0,0,-391,-211,526,346,100.0,3.6,26.8,0.0,49.8,29.3,3.2,1.9,17.8,0.0,0.0,0.0,0.0,58.6,77.1,41.4,22.9,26,.,.,0,14,.,6,.,5,0,0,0,0,16,16,26.7,60.4,41.5,70.3,26.3,60.4,39.8,70.3,(CONTRACTS OF EUR 125,000),299741,CME ,099 ,F10,FutOnly
EURO FX/BRITISH POUND XRATE - CHICAGO MERCANTILE EXCHANGE,241015,2024-10-15,299741,CME,00,099,31440,1151,7928,0,16113,9133,1018,613,6473,0,0,0,0,18895,24552,12545,6888,407,0,4,0,5,22,0,104,-377,0,0,0,0,109,-351,298,758,100.0,3.7,25.2,0.0,51.3,29.0,3.2,1.9,20.6,0.0,0.0,0.0,0.0,60.1,78.1,39.9,21.9,26,.,.,0,15,.,6,.,5,0,0,0,0,17,15,26.8,63.3,41.9,73.1,26.4,63.3,40.2,73.1,(CONTRACTS OF EUR 125,000),299741,CME ,099 ,F10,FutOnly
EURO FX/BRITISH POUND XRATE - CHICAGO MERCANTILE EXCHANGE,241008,2024-10-08,299741,CME,00,099,31033,1151,7924,0,16108,9111,1018,509,6850,0,0,0,0,18786,24903,12247,6130,-186,0,-411,0,503,1554,9,28,-1066,0,0,0,0,540,86,-726,-272,100.0,3.7,25.5,0.0,51.9,29.4,3.3,1.6,22.1,0.0,0.0,0.0,0.0,60.5,80.2,39.5,19.8,26,.,.,0,15,.,6,.,5,0,0,0,0,17,15,27.1,65.2,42.4,75.2,26.7,65.2,40.7,75.2,(CONTRACTS OF EUR 125,000),299741,CME ,099 ,F10,FutOnly
EURO FX/BRITISH POUND XRATE - CHICAGO MERCANTILE EXCHANGE,241001,2024-10-01,299741,CME,00,099,31219,1151,8335,0,15605,7557,1009,481,7916,0,0,0,0,18246,24817,12973,6402,767,0,445,0,802,-304,0,-465,698,0,0,0,0,337,839,430,-72,100.0,3.7,26.7,0.0,50.0,24.2,3.2,1.5,25.4,0.0,0.0,0.0,0.0,58.4,79.5,41.6,20.5,26,.,.,0,14,.,5,.,5,0,0,0,0,16,15,27.0,61.9,42.1,73.2,26.5,61.9,40.4,73.2,(CONTRACTS OF EUR 125,000),299741,CME ,099 ,F10,FutOnly
EURO FX/BRITISH POUND XRATE - CHICAGO MERCANTILE EXCHANGE,240924,2024-09-24,299741,CME,00,099,30452,1151,7890,0,14803,7861,1009,946,7218,0,0,0,0,17909,23978,12543,6474,798,227,71,0,128,714,0,27,-24,0,0,0,0,382,761,416,37,100.0,3.8,25.9,0.0,48.6,25.8,3.3,3.1,23.7,0.0,0.0,0.0,0.0,58.8,78.7,41.2,21.3,26,.,.,0,14,.,5,.,5,0,0,0,0,16,15,25.5,62.7,41.0,72.0,25.0,62.7,39.3,72.0,(CONTRACTS OF EUR 125,000),299741,CME ,099 ,F10,FutOnly
EURO FX/BRITISH POUND XRATE - CHICAGO MERCANTILE EXCHANGE,240917,2024-09-17,299741,CME,00,099,29654,924,7819,0,14675,7147,1009,919,7242,0,0,0,0,17527,23217,12127,6437,-1301,924,2281,-1100,528,898,-40,91,-1521,-545,0,0,0,-142,-27,-1159,-1274,100.0,3.1,26.4,0.0,49.5,24.1,3.4,3.1,24.4,0.0,0.0,0.0,0.0,59.1,78.3,40.9,21.7,26,.,.,0,14,.,5,.,5,0,0,0,0,16,15,25.9,61.7,40.9,71.8,25.4,61.7,39.2,71.8,(CONTRACTS OF EUR 125,000),299741,CME ,099 ,F10,FutOnly
EURO FX/BRITISH POUND XRATE - CHICAGO MERCANTILE EXCHANGE,240910,2024-09-10,299741,CME,00,099,30955,0,5538,1100,14147,6249,1049,828,8763,545,0,0,0,17669,23244,13286,7711,-437,0,25,1008,-468,-40,0,-1827,-2258,-666,0,0,0,-1953,-1931,1516,1494,100.0,0.0,17.9,3.6,45.7,20.2,3.4,2.7,28.3,1.8,0.0,0.0,0.0,57.1,75.1,42.9,24.9,28,0,4,.,13,.,5,.,6,.,0,0,0,17,19,24.4,49.2,39.4,61.8,24.0,47.8,36.7,58.2,(CONTRACTS OF EUR 125,000),299741,CME ,099 ,F10,FutOnly
EURO FX/BRITISH POUND XRATE - CHICAGO MERCANTILE EXCHANGE,240903,2024-09-03,299741,CME,00,099,31392,0,5513,92,14615,6289,1049,2655,11021,1211,0,0,0,19622,25175,11770,6217,4165,0,-72,92,-341,4377,-7,2655,-1862,1211,0,0,0,3610,3739,555,426,100.0,0.0,17.6,0.3,46.6,20.0,3.3,8.5,35.1,3.9,0.0,0.0,0.0,62.5,80.2,37.5,19.8,29,0,4,.,14,.,5,.,7,.,0,0,0,18,19,27.7,50.0,44.4,64.9,27.7,50.0,42.0,62.5,(CONTRACTS OF EUR 125,000),299741,CME ,099 ,F10,FutOnly
EURO FX/BRITISH POUND XRATE - CHICAGO MERCANTILE EXCHANGE,240827,2024-08-27,299741,CME,00,099,27227,0,5585,0,14956,1912,1056,0,12883,0,0,0,0,16012,21436,11215,5791,-155,0,328,0,78,508,0,0,-1778,0,0,0,0,78,-942,-233,787,100.0,0.0,20.5,0.0,54.9,7.0,3.9,0.0,47.3,0.0,0.0,0.0,0.0,58.8,78.7,41.2,21.3,26,0,4,0,15,.,6,0,5,0,0,0,0,15,17,27.5,53.4,43.6,67.7,27.0,53.4,41.1,67.7,(CONTRACTS OF EUR 125,000),299741,CME ,099 ,F10,FutOnly
EURO FX/BRITISH POUND XRATE - CHICAGO MERCANTILE EXCHANGE,240820,2024-08-20,299741,CME,00,099,27382,0,5257,0,14878,1404,1056,0,14661,0,0,0,0,15934,22378,11448,5004,754,0,441,0,816,-1000,-288,0,1450,0,0,0,0,528,603,226,151,100.0,0.0,19.2,0.0,54.3,5.1,3.9,0.0,53.5,0.0,0.0,0.0,0.0,58.2,81.7,41.8,18.3,25,0,4,0,15,.,6,0,5,0,0,0,0,15,16,27.1,59.6,43.1,73.7,26.6,59.6,40.7,73.7,(CONTRACTS OF EUR 125,000),299741,CME ,099 ,F10,FutOnly
EURO FX/BRITISH POUND XRATE - CHICAGO MERCANTILE EXCHANGE,240813,2024-08-13,299741,CME,00,099,26628,0,4816,0,14062,2404,1344,0,13211,0,0,0,0,15406,21775,11222,4853,-1520,-618,851,0,-449,-8184,-3,-446,5429,0,0,0,0,-1516,-1907,-4,387,100.0,0.0,18.1,0.0,52.8,9.0,5.0,0.0,49.6,0.0,0.0,0.0,0.0,57.9,81.8,42.1,18.2,25,0,.,0,14,.,5,0,5,0,0,0,0,14,16,27.9,56.8,44.4,71.5,27.4,56.8,41.1,71.5,(CONTRACTS OF EUR 125,000),299741,CME ,099 ,F10,FutOnly
EURO FX/BRITISH POUND XRATE - CHICAGO MERCANTILE EXCHANGE,240806,2024-08-06,299741,CME,00,099,28148,618,3965,0,14511,10588,1347,446,7782,0,0,0,0,16922,23682,11226,4466,628,0,647,0,33,-1252,30,446,3870,0,0,0,0,509,3295,119,-2667,100.0,2.2,14.1,0.0,51.6,37.6,4.8,1.6,27.6,0.0,0.0,0.0,0.0,60.1,84.1,39.9,15.9,28,.,.,0,14,.,6,.,6,0,0,0,0,17,17,26.5,57.9,42.5,72.0,26.0,57.9,39.8,72.0,(CONTRACTS OF EUR 125,000),299741,CME ,099 ,F10,FutOnly
EURO FX/BRITISH POUND XRATE - CHICAGO MERCANTILE EXCHANGE,240730,2024-07-30,299741,CME,00,099,27520,618,3318,0,14478,11840,1317,0,3912,0,0,0,0,16413,20387,11107,7133,242,0,-6,0,406,0,0,0,204,-85,0,0,0,321,113,-79,129,100.0,2.2,12.1,0.0,52.6,43.0,4.8,0.0,14.2,0.0,0.0,0.0,0.0,59.6,74.1,40.4,25.9,25,.,.,0,14,.,6,0,5,0,0,0,0,16,15,26.9,54.7,43.2,65.7,26.4,54.7,40.4,65.7,(CONTRACTS OF EUR 125,000),299741,CME ,099 ,F10,FutOnly
EURO FX/BRITISH POUND XRATE - CHICAGO MERCANTILE EXCHANGE,240723,2024-07-23,299741,CME,00,099,27278,618,3324,0,14072,11840,1317,0,3708,85,0,0,0,16092,20274,11186,7004,-11,0,0,0,73,145,0,0,384,85,0,0,0,158,614,-169,-625,100.0,2.3,12.2,0.0,51.6,43.4,4.8,0.0,13.6,0.3,0.0,0.0,0.0,59.0,74.3,41.0,25.7,26,.,.,0,14,.,6,0,6,.,0,0,0,17,16,27.2,55.1,42.1,64.6,26.7,55.1,39.3,64.6,(CONTRACTS OF EUR 125,000),299741,CME ,099 ,F10,FutOnly
EURO FX/BRITISH POUND XRATE - CHICAGO MERCANTILE EXCHANGE,240716,2024-07-16,299741,CME,00,099,27289,618,3324,0,13999,11695,1317,0,3324,0,0,0,0,15934,19660,11355,7629,327,618,-3,0,100,-444,-25,0,408,0,0,0,0,693,-64,-366,391,100.0,2.3,12.2,0.0,51.3,42.9,4.8,0.0,12.2,0.0,0.0,0.0,0.0,58.4,72.0,41.6,28.0,25,.,.,0,14,.,6,0,5,0,0,0,0,16,15,27.3,54.6,42.2,63.9,26.8,54.6,39.4,63.9,(CONTRACTS OF EUR 125,000),299741,CME ,099 ,F10,FutOnly
EURO FX/BRITISH POUND XRATE - CHICAGO MERCANTILE EXCHANGE,240709,2024-07-09,299741,CME,00,099,26962,0,3327,0,13899,12139,1342,0,2916,0,0,0,0,15241,19724,11721,7238,-503,0,8,0,16,-681,17,0,-584,-85,0,0,0,-52,-1325,-451,822,100.0,0.0,12.3,0.0,51.6,45.0,5.0,0.0,10.8,0.0,0.0,0.0,0.0,56.5,73.2,43.5,26.8,23,0,.,0,14,.,6,0,4,0,0,0,0,15,14,27.5,56.9,42.5,66.7,27.0,56.9,39.6,66.7,(CONTRACTS OF EUR 125,000),299741,CME ,099 ,F10,FutOnly
EURO FX/BRITISH POUND XRATE - CHICAGO MERCANTILE EXCHANGE,240702,2024-07-02,299741,CME,00,099,27465,0,3319,0,13883,12820,1325,0,3500,85,0,0,0,15293,21049,12172,6416,959,0,-4,0,24,733,155,0,204,85,0,0,0,264,1173,695,-214,100.0,0.0,12.1,0.0,50.5,46.7,4.8,0.0,12.7,0.3,0.0,0.0,0.0,55.7,76.6,44.3,23.4,24,0,.,0,14,.,6,0,5,.,0,0,0,16,15,27.0,58.3,41.6,68.9,26.5,58.3,38.8,68.9,(CONTRACTS OF EUR 125,000),299741,CME ,099 ,F10,FutOnly
EURO FX/BRITISH POUND XRATE - CHICAGO MERCANTILE EXCHANGE,240625,2024-06-25,299741,CME,00,099,26506,0,3323,0,13859,12087,1170,0,3296,0,0,0,0,15029,19876,11477,6630,567,0,64,0,38,178,0,0,639,0,0,0,0,38,881,529,-314,100.0,0.0,12.5,0.0,52.3,45.6,4.4,0.0,12.4,0.0,0.0,0.0,0.0,56.7,75.0,43.3,25.0,24,0,.,0,14,.,5,0,5,0,0,0,0,15,14,27.9,57.7,42.6,67.3,27.3,57.7,40.6,67.3,(CONTRACTS OF EUR 125,000),299741,CME ,099 ,F10,FutOnly
EURO FX/BRITISH POUND XRATE - CHICAGO MERCANTILE EXCHANGE,240618,2024-06-18,299741,CME,00,099,25939,0,3259,0,13821,11909,1170,0,2657,0,0,0,0,14991,18995,10948,6944,-8459,-5201,-5678,0,425,3092,0,0,-2924,0,0,0,0,-4776,-5510,-3683,-2949,100.0,0.0,12.6,0.0,53.3,45.9,4.5,0.0,10.2,0.0,0.0,0.0,0.0,57.8,73.2,42.2,26.8,23,0,.,0,14,.,5,0,4,0,0,0,0,15,13,28.5,58.0,43.5,67.5,27.9,58.0,41.3,67.2,(CONTRACTS OF EUR 125,000),299741,CME ,099 ,F10,FutOnly
EURO FX/BRITISH POUND XRATE - CHICAGO MERCANTILE EXCHANGE,240611,2024-06-11,299741,CME,00,099,34398,5201,8937,0,13396,8817,1170,0,5581,0,0,0,0,19767,24505,14631,9893,2384,394,-575,0,-1327,381,77,0,-241,0,0,0,0,-856,-358,3240,2742,100.0,15.1,26.0,0.0,38.9,25.6,3.4,0.0,16.2,0.0,0.0,0.0,0.0,57.5,71.2,42.5,28.8,24,.,.,0,13,.,5,0,6,0,0,0,0,15,14,32.1,55.0,45.2,65.5,32.1,55.0,44.2,65.5,(CONTRACTS OF EUR 125,000),299741,CME ,099 ,F10,FutOnly
EURO FX/BRITISH POUND XRATE - CHICAGO MERCANTILE EXCHANGE,240604,2024-06-04,299741,CME,00,099,32014,4807,9512,0,14723,8436,1093,0,5822,0,0,0,0,20623,24863,11391,7151,316,124,55,0,73,363,0,0,543,-4,0,0,0,193,957,123,-641,100.0,15.0,29.7,0.0,46.0,26.4,3.4,0.0,18.2,0.0,0.0,0.0,0.0,64.4,77.7,35.6,22.3,26,.,.,0,15,.,4,0,6,0,0,0,0,16,14,33.4,59.0,47.9,71.1,33.4,59.0,46.4,71.1,(CONTRACTS OF EUR 125,000),299741,CME ,099 ,F10,FutOnly
EURO FX/BRITISH POUND XRATE - CHICAGO MERCANTILE EXCHANGE,240528,2024-05-28,299741,CME,00,099,31698,4683,9457,0,14650,8073,1093,0,5279,4,0,0,0,20430,23906,11268,7792,49,0,-231,0,61,64,-5,0,-899,0,0,0,0,56,-1071,-7,1120,100.0,14.8,29.8,0.0,46.2,25.5,3.4,0.0,16.7,0.0,0.0,0.0,0.0,64.5,75.4,35.5,24.6,26,.,.,0,15,.,4,0,6,.,0,0,0,17,14,33.2,58.4,47.8,68.7,33.2,58.4,46.4,68.7,(CONTRACTS OF EUR 125,000),299741,CME ,099 ,F10,FutOnly
EURO FX/BRITISH POUND XRATE - CHICAGO MERCANTILE EXCHANGE,240521,2024-05-21,299741,CME,00,099,31649,4683,9688,0,14589,8009,1098,0,6178,4,0,0,0,20374,24977,11275,6672,-201,63,-77,0,-6,-377,0,0,-890,4,0,0,0,61,-1340,-262,1139,100.0,14.8,30.6,0.0,46.1,25.3,3.5,0.0,19.5,0.0,0.0,0.0,0.0,64.4,78.9,35.6,21.1,26,.,.,0,15,.,4,0,6,.,0,0,0,17,14,33.0,58.3,47.6,71.3,33.0,58.3,46.3,71.3,(CONTRACTS OF EUR 125,000),299741,CME ,099 ,F10,FutOnly
EURO FX/BRITISH POUND XRATE - CHICAGO MERCANTILE EXCHANGE,240514,2024-05-14,299741,CME,00,099,31850,4620,9765,0,14595,8386,1098,0,7068,0,0,0,0,20313,26317,11537,5533,298,18,62,0,126,-1213,-2,0,1522,0,0,0,0,142,369,156,-71,100.0,14.5,30.7,0.0,45.8,26.3,3.4,0.0,22.2,0.0,0.0,0.0,0.0,63.8,82.6,36.2,17.4,26,.,.,0,15,.,4,0,6,0,0,0,0,16,14,32.5,60.4,47.1,74.5,32.4,60.4,45.8,74.5,(CONTRACTS OF EUR 125,000),299741,CME ,099 ,F10,FutOnly
EURO FX/BRITISH POUND XRATE - CHICAGO MERCANTILE EXCHANGE,240507,2024-05-07,299741,CME,00,099,31552,4602,9703,0,14469,9599,1100,0,5546,0,0,0,0,20171,25948,11381,5604,672,370,87,0,51,232,23,0,912,0,0,0,0,444,1254,228,-582,100.0,14.6,30.8,0.0,45.9,30.4,3.5,0.0,17.6,0.0,0.0,0.0,0.0,63.9,82.2,36.1,17.8,26,.,.,0,15,.,4,0,6,0,0,0,0,16,14,32.4,63.8,47.2,75.3,32.3,63.8,45.8,75.3,(CONTRACTS OF EUR 125,000),299741,CME ,099 ,F10,FutOnly
EURO FX/BRITISH POUND XRATE - CHICAGO MERCANTILE EXCHANGE,240430,2024-04-30,299741,CME,00,099,30880,4232,9616,0,14418,9367,1077,0,4634,0,0,0,0,19727,24694,11153,6186,-544,0,-148,0,-30,801,0,0,-1008,0,0,0,0,-30,-355,-514,-189,100.0,13.7,31.1,0.0,46.7,30.3,3.5,0.0,15.0,0.0,0.0,0.0,0.0,63.9,80.0,36.1,20.0,25,.,.,0,15,.,4,0,5,0,0,0,0,16,13,31.7,64.3,46.8,74.6,31.6,64.3,45.4,74.6,(CONTRACTS OF EUR 125,000),299741,CME ,099 ,F10,FutOnly
EURO FX/BRITISH POUND XRATE - CHICAGO MERCANTILE EXCHANGE,240423,2024-04-23,299741,CME,00,099,31424,4232,9764,0,14448,8566,1077,0,5642,0,0,0,0,19757,25049,11667,6375,551,0,18,0,-14,-293,0,0,1500,0,0,0,0,-14,1225,565,-674,100.0,13.5,31.1,0.0,46.0,27.3,3.4,0.0,18.0,0.0,0.0,0.0,0.0,62.9,79.7,37.1,20.3,24,.,.,0,15,.,4,0,4,0,0,0,0,16,12,31.4,62.4,45.8,76.3,31.2,62.4,45.0,76.3,(CONTRACTS OF EUR 125,000),299741,CME ,099 ,F10,FutOnly
EURO FX/BRITISH POUND XRATE - CHICAGO MERCANTILE EXCHANGE,240416,2024-04-16,299741,CME,00,099,30873,4232,9746,0,14462,8859,1077,0,4142,0,0,0,0,19771,23824,11102,7049,-360,-502,58,0,37,-19,-1,0,-631,0,0,0,0,-466,-593,106,233,100.0,13.7,31.6,0.0,46.8,28.7,3.5,0.0,13.4,0.0,0.0,0.0,0.0,64.0,77.2,36.0,22.8,24,.,.,0,15,.,4,0,4,0,0,0,0,16,12,31.9,62.7,46.5,73.8,31.6,62.7,45.9,73.7,(CONTRACTS OF EUR 125,000),299741,CME ,099 ,F10,FutOnly
EURO FX/BRITISH POUND XRATE - CHICAGO MERCANTILE EXCHANGE,240409,2024-04-09,299741,CME,00,099,31233,4734,9688,0,14425,8878,1078,0,4773,0,0,0,0,20237,24417,10996,6816,53,-56,34,0,306,219,-5,-436,-272,0,0,0,0,-191,-24,244,77,100.0,15.2,31.0,0.0,46.2,28.4,3.5,0.0,15.3,0.0,0.0,0.0,0.0,64.8,78.2,35.2,21.8,24,.,.,0,15,.,4,0,4,0,0,0,0,16,12,33.2,62.1,47.5,74.7,32.8,62.1,46.9,74.7,(CONTRACTS OF EUR 125,000),299741,CME ,099 ,F10,FutOnly
EURO FX/BRITISH POUND XRATE - CHICAGO MERCANTILE EXCHANGE,240402,2024-04-02,299741,CME,00,099,31180,4790,9654,0,14119,8659,1083,436,5045,0,0,0,0,20428,24441,10752,6739,-32,0,137,0,-83,32,-4,0,230,0,0,0,0,-87,395,55,-427,100.0,15.4,31.0,0.0,45.3,27.8,3.5,1.4,16.2,0.0,0.0,0.0,0.0,65.5,78.4,34.5,21.6,25,.,.,0,15,.,4,.,4,0,0,0,0,17,12,32.9,61.8,46.9,74.9,32.4,61.8,46.2,74.9,(CONTRACTS OF EUR 125,000),299741,CME ,099 ,F10,FutOnly
EURO FX/BRITISH POUND XRATE - CHICAGO MERCANTILE EXCHANGE,240326,2024-03-26,299741,CME,00,099,31212,4790,9517,0,14202,8627,1087,436,4815,0,0,0,0,20515,24046,10697,7166,265,0,633,0,-32,88,3,0,-746,0,0,0,0,-29,-22,294,287,100.0,15.3,30.5,0.0,45.5,27.6,3.5,1.4,15.4,0.0,0.0,0.0,0.0,65.7,77.0,34.3,23.0,25,.,.,0,15,.,4,.,4,0,0,0,0,17,12,32.8,61.3,47.1,73.6,32.3,61.3,45.9,73.6,(CONTRACTS OF EUR 125,000),299741,CME ,099 ,F10,FutOnly
EURO FX/BRITISH POUND XRATE - CHICAGO MERCANTILE EXCHANGE,240319,2024-03-19,299741,CME,00,099,30947,4790,8884,0,14234,8539,1084,436,5561,0,0,0,0,20544,24068,10403,6879,-7276,3467,-2078,-5736,-358,-402,0,-1093,4087,-1830,0,0,0,-5550,-5959,-1726,-1317,100.0,15.5,28.7,0.0,46.0,27.6,3.5,1.4,18.0,0.0,0.0,0.0,0.0,66.4,77.8,33.6,22.2,26,.,.,0,15,.,4,.,6,0,0,0,0,17,13,33.3,61.3,47.7,72.4,32.7,61.3,46.5,72.4,(CONTRACTS OF EUR 125,000),299741,CME ,099 ,F10,FutOnly
EURO FX/BRITISH POUND XRATE - CHICAGO MERCANTILE EXCHANGE,240312,2024-03-12,299741,CME,00,099,38223,1323,10962,5736,14592,8941,1084,1529,1474,1830,0,0,0,26094,30027,12129,8196,7934,817,-2,5736,-921,229,-365,120,-172,1810,0,0,0,7197,7236,737,698,100.0,3.5,28.7,15.0,38.2,23.4,2.8,4.0,3.9,4.8,0.0,0.0,0.0,68.3,78.6,31.7,21.4,24,.,.,.,13,.,4,.,.,.,0,0,0,19,13,32.1,63.9,46.3,74.7,19.5,52.1,30.9,55.9,(CONTRACTS OF EUR 125,000),299741,CME ,099 ,F10,FutOnly
EURO FX/BRITISH POUND XRATE - CHICAGO MERCANTILE EXCHANGE,240305,2024-03-05,299741,CME,00,099,30289,506,10964,0,15513,8712,1449,1409,1646,20,0,0,0,18897,22791,11392,7498,51,72,6,0,-294,-160,0,192,10,20,0,0,0,-10,-124,61,175,100.0,1.7,36.2,0.0,51.2,28.8,4.8,4.7,5.4,0.1,0.0,0.0,0.0,62.4,75.2,37.6,24.8,24,.,.,0,15,.,5,.,.,.,0,0,0,18,12,25.0,65.0,40.4,73.3,24.5,65.0,38.5,70.4,(CONTRACTS OF EUR 125,000),299741,CME ,099 ,F10,FutOnly
EURO FX/BRITISH POUND XRATE - CHICAGO MERCANTILE EXCHANGE,240227,2024-02-27,299741,CME,00,099,30238,434,10958,0,15807,8872,1449,1217,1636,0,0,0,0,18907,22915,11331,7323,-179,-51,2,0,-26,-12,0,-71,28,0,0,0,0,-148,18,-31,-197,100.0,1.4,36.2,0.0,52.3,29.3,4.8,4.0,5.4,0.0,0.0,0.0,0.0,62.5,75.8,37.5,24.2,24,.,.,0,15,.,5,.,.,0,0,0,0,18,11,26.1,65.6,41.5,73.9,25.7,65.6,39.5,71.0,(CONTRACTS OF EUR 125,000),299741,CME ,099 ,F10,FutOnly
EURO FX/BRITISH POUND XRATE - CHICAGO MERCANTILE EXCHANGE,240220,2024-02-20,299741,CME,00,099,30417,485,10956,0,15833,8884,1449,1288,1608,0,0,0,0,19055,22897,11362,7520,609,0,15,0,-96,1073,-7,239,47,0,0,0,0,136,1128,473,-519,100.0,1.6,36.0,0.0,52.1,29.2,4.8,4.2,5.3,0.0,0.0,0.0,0.0,62.6,75.3,37.4,24.7,24,.,.,0,15,.,5,.,.,0,0,0,0,18,11,26.1,65.2,41.3,73.4,25.6,65.2,39.4,70.5,(CONTRACTS OF EUR 125,000),299741,CME ,099 ,F10,FutOnly
EURO FX/BRITISH POUND XRATE - CHICAGO MERCANTILE EXCHANGE,240213,2024-02-13,299741,CME,00,099,29808,485,10941,0,15929,7811,1456,1049,1561,0,0,0,0,18919,21769,10889,8039,422,0,1,0,344,305,0,596,-830,0,0,0,0,940,-524,-518,946,100.0,1.6,36.7,0.0,53.4,26.2,4.9,3.5,5.2,0.0,0.0,0.0,0.0,63.5,73.0,36.5,27.0,24,.,.,0,15,.,5,.,.,0,0,0,0,18,11,26.6,62.9,42.1,71.1,26.1,62.9,40.0,68.1,(CONTRACTS OF EUR 125,000),299741,CME ,099 ,F10,FutOnly
EURO FX/BRITISH POUND XRATE - CHICAGO MERCANTILE EXCHANGE,240206,2024-02-06,299741,CME,00,099,29386,485,10940,0,15585,7506,1456,453,2391,0,0,0,0,17979,22293,11407,7093,200,6,17,0,42,855,0,0,-539,0,0,0,0,48,333,152,-133,100.0,1.7,37.2,0.0,53.0,25.5,5.0,1.5,8.1,0.0,0.0,0.0,0.0,61.2,75.9,38.8,24.1,24,.,.,0,15,.,5,.,.,0,0,0,0,17,12,27.0,62.8,42.3,72.7,26.4,62.8,40.4,70.9,(CONTRACTS OF EUR 125,000),299741,CME ,099 ,F10,FutOnly
EURO FX/BRITISH POUND XRATE - CHICAGO MERCANTILE EXCHANGE,240130,2024-01-30,299741,CME,00,099,29186,479,10923,0,15543,6651,1456,453,2930,0,0,0,0,17931,21960,11255,7226,356,-15,3,0,375,876,-340,11,-203,0,0,0,0,31,336,325,20,100.0,1.6,37.4,0.0,53.3,22.8,5.0,1.6,10.0,0.0,0.0,0.0,0.0,61.4,75.2,38.6,24.8,24,.,.,0,15,.,5,.,.,0,0,0,0,17,12,27.1,60.4,42.4,72.0,26.6,60.4,40.5,70.3,(CONTRACTS OF EUR 125,000),299741,CME ,099 ,F10,FutOnly
EURO FX/BRITISH POUND XRATE - CHICAGO MERCANTILE EXCHANGE,240123,2024-01-23,299741,CME,00,099,28830,494,10920,0,15168,5775,1796,442,3133,0,0,0,0,17900,21624,10930,7206,-18,2,-432,0,-487,1723,330,0,-2007,0,0,0,0,-155,-386,137,368,100.0,1.7,37.9,0.0,52.6,20.0,6.2,1.5,10.9,0.0,0.0,0.0,0.0,62.1,75.0,37.9,25.0,24,.,.,0,15,.,6,.,.,0,0,0,0,17,13,27.5,58.9,42.8,70.6,25.9,58.9,39.8,68.8,(CONTRACTS OF EUR 125,000),299741,CME ,099 ,F10,FutOnly
EURO FX/BRITISH POUND XRATE - CHICAGO MERCANTILE EXCHANGE,240116,2024-01-16,299741,CME,00,099,28848,492,11352,0,15655,4052,1466,442,5140,0,0,0,0,18055,22010,10793,6838,3,0,1,0,24,7,0,17,-929,-8,0,0,0,33,-929,-30,932,100.0,1.7,39.4,0.0,54.3,14.0,5.1,1.5,17.8,0.0,0.0,0.0,0.0,62.6,76.3,37.4,23.7,25,.,.,0,15,.,5,.,.,0,0,0,0,17,13,27.5,59.0,42.8,71.5,26.9,59.0,40.9,71.2,(CONTRACTS OF EUR 125,000),299741,CME ,099 ,F10,FutOnly
EURO FX/BRITISH POUND XRATE - CHICAGO MERCANTILE EXCHANGE,240109,2024-01-09,299741,CME,00,099,28845,492,11351,0,15631,4045,1466,425,6069,8,0,0,0,18022,22939,10823,5906,-63,-9,1212,0,-44,-228,0,0,-319,8,0,0,0,-45,673,-18,-736,100.0,1.7,39.4,0.0,54.2,14.0,5.1,1.5,21.0,0.0,0.0,0.0,0.0,62.5,79.5,37.5,20.5,27,.,.,0,15,.,5,.,5,.,0,0,0,18,15,27.4,60.1,42.7,71.4,26.8,60.1,40.8,71.3,(CONTRACTS OF EUR 125,000),299741,CME ,099 ,F10,FutOnly
EURO FX/BRITISH POUND XRATE - CHICAGO MERCANTILE EXCHANGE,240102,2024-01-02,299741,CME,00,099,28908,501,10139,0,15675,4273,1466,425,6388,0,0,0,0,18067,22266,10841,6642,104,2,4,0,456,-39,-399,-402,580,0,0,0,0,-343,146,447,-42,100.0,1.7,35.1,0.0,54.2,14.8,5.1,1.5,22.1,0.0,0.0,0.0,0.0,62.5,77.0,37.5,23.0,25,.,.,0,15,.,5,.,4,0,0,0,0,17,13,27.6,62.2,42.9,72.2,27.0,62.2,40.9,72.0,(CONTRACTS OF EUR 125,000),299741,CME ,099 ,F10,FutOnly
EURO FX/JAPANESE YEN XRATE - CHICAGO MERCANTILE EXCHANGE,240618,2024-06-18,399741,CME,00,099,28725,5307,1044,3339,6731,13295,482,1522,819,1498,0,900,0,18879,21377,9846,7348,3860,-1,0,2179,1192,2178,27,-109,-19,1498,0,0,0,4786,5863,-926,-2003,100.0,18.5,3.6,11.6,23.4,46.3,1.7,5.3,2.9,5.2,0.0,3.1,0.0,65.7,74.4,34.3,25.6,22,.,.,.,4,8,4,.,.,.,0,.,0,16,15,39.0,42.0,57.5,59.3,35.8,36.2,45.0,49.4,(CONTRACTS OF EUR 125,000),399741,CME ,099 ,F10,FutOnly
EURO FX/JAPANESE YEN XRATE - CHICAGO MERCANTILE EXCHANGE,240611,2024-06-11,399741,CME,00,099,24865,5308,1044,1160,5539,11117,455,1631,838,0,0,900,0,14093,15514,10772,9351,2906,219,-697,1160,292,-727,6,657,301,-70,0,0,0,2264,-27,642,2933,100.0,21.3,4.2,4.7,22.3,44.7,1.8,6.6,3.4,0.0,0.0,3.6,0.0,56.7,62.4,43.3,37.6,20,.,.,.,4,7,4,.,.,0,0,.,0,14,12,38.1,37.3,50.5,54.1,36.7,34.6,47.6,50.7,(CONTRACTS OF EUR 125,000),399741,CME ,099 ,F10,FutOnly
EURO FX/JAPANESE YEN XRATE - CHICAGO MERCANTILE EXCHANGE,240604,2024-06-04,399741,CME,00,099,21959,5089,1741,0,5247,11844,449,974,537,70,0,900,0,11829,15541,10130,6418,.,.,.,.,.,.,.,.,.,.,.,.,.,.,.,.,.,100.0,23.2,7.9,0.0,23.9,53.9,2.0,4.4,2.4,0.3,0.0,4.1,0.0,53.9,70.8,46.1,29.2,20,.,.,0,4,8,4,.,.,.,0,.,0,12,13,41.8,39.6,53.0,58.5,40.3,39.5,51.5,58.0,(CONTRACTS OF EUR 125,000),399741,CME ,099 ,F10,FutOnly
EURO FX/JAPANESE YEN XRATE - CHICAGO MERCANTILE EXCHANGE,240430,2024-04-30,399741,CME,00,099,22074,5089,1741,0,5276,12455,443,841,1232,16,0,900,0,11665,16787,10409,5287,-281,-50,0,0,-164,-80,-10,-123,832,14,0,0,0,-333,756,52,-1037,100.0,23.1,7.9,0.0,23.9,56.4,2.0,3.8,5.6,0.1,0.0,4.1,0.0,52.8,76.0,47.2,24.0,22,.,.,0,4,9,4,.,.,.,0,.,0,12,15,41.8,40.0,52.3,59.0,40.4,39.9,50.8,58.5,(CONTRACTS OF EUR 125,000),399741,CME ,099 ,F10,FutOnly
EURO FX/JAPANESE YEN XRATE - CHICAGO MERCANTILE EXCHANGE,240423,2024-04-23,399741,CME,00,099,22355,5139,1741,0,5440,12535,453,964,400,2,0,900,0,11998,16031,10357,6324,-304,0,0,0,-304,113,-20,-58,-752,1,0,0,0,-381,-658,77,354,100.0,23.0,7.8,0.0,24.3,56.1,2.0,4.3,1.8,0.0,0.0,4.0,0.0,53.7,71.7,46.3,28.3,21,.,.,0,4,9,4,.,.,.,0,.,0,12,14,42.3,39.7,53.2,58.7,40.9,39.6,51.6,58.2,(CONTRACTS OF EUR 125,000),399741,CME ,099 ,F10,FutOnly
EURO FX/JAPANESE YEN XRATE - CHICAGO MERCANTILE EXCHANGE,240416,2024-04-16,399741,CME,00,099,22659,5139,1741,0,5744,12422,473,1022,1152,1,0,900,0,12379,16689,10280,5970,-694,0,0,0,23,420,-5,-478,-521,1,0,0,0,-459,-105,-235,-589,100.0,22.7,7.7,0.0,25.3,54.8,2.1,4.5,5.1,0.0,0.0,4.0,0.0,54.6,73.7,45.4,26.3,22,.,.,0,4,9,4,.,.,.,0,.,0,12,15,43.0,38.6,54.1,57.4,41.4,38.5,52.5,56.9,(CONTRACTS OF EUR 125,000),399741,CME ,099 ,F10,FutOnly
EURO FX/JAPANESE YEN XRATE - CHICAGO MERCANTILE EXCHANGE,240409,2024-04-09,399741,CME,00,099,23353,5139,1741,0,5721,12002,478,1500,1673,0,0,900,0,12838,16794,10515,6559,420,0,0,0,-201,40,-13,582,941,0,0,-160,0,368,808,52,-388,100.0,22.0,7.5,0.0,24.5,51.4,2.0,6.4,7.2,0.0,0.0,3.9,0.0,55.0,71.9,45.0,28.1,22,.,.,0,4,8,4,.,.,0,0,.,0,12,14,41.7,37.5,52.7,56.9,40.5,37.3,51.2,56.3,(CONTRACTS OF EUR 125,000),399741,CME ,099 ,F10,FutOnly
EURO FX/JAPANESE YEN XRATE - CHICAGO MERCANTILE EXCHANGE,240402,2024-04-02,399741,CME,00,099,22933,5139,1741,0,5922,11962,491,918,732,0,0,1060,0,12470,15986,10463,6947,.,.,.,.,.,.,.,.,.,.,.,.,.,.,.,.,.,100.0,22.4,7.6,0.0,25.8,52.2,2.1,4.0,3.2,0.0,0.0,4.6,0.0,54.4,69.7,45.6,30.3,20,.,.,0,4,8,5,.,.,0,0,.,0,12,13,43.2,38.0,53.8,57.3,42.6,37.8,52.2,56.7,(CONTRACTS OF EUR 125,000),399741,CME ,099 ,F10,FutOnly
EURO FX/JAPANESE YEN XRATE - CHICAGO MERCANTILE EXCHANGE,240319,2024-03-19,399741,CME,00,099,27908,4035,888,5372,5925,9872,476,1093,2167,620,0,1545,0,17521,20940,10387,6968,1779,190,-4,3644,-754,121,12,87,820,-1418,0,-575,0,1761,2600,18,-821,100.0,14.5,3.2,19.2,21.2,35.4,1.7,3.9,7.8,2.2,0.0,5.5,0.0,62.8,75.0,37.2,25.0,22,.,.,5,4,7,.,.,.,.,0,.,0,14,17,43.8,35.6,55.9,55.0,30.7,29.1,38.7,45.7,(CONTRACTS OF EUR 125,000),399741,CME ,099 ,F10,FutOnly
EURO FX/JAPANESE YEN XRATE - CHICAGO MERCANTILE EXCHANGE,240312,2024-03-12,399741,CME,00,099,26129,3845,892,1728,6679,9751,464,1006,1347,2038,0,2120,0,15760,18340,10369,7789,2662,0,0,1075,787,-219,0,-152,-712,1653,0,0,0,3363,1797,-701,865,100.0,14.7,3.4,6.6,25.6,37.3,1.8,3.9,5.2,7.8,0.0,8.1,0.0,60.3,70.2,39.7,29.8,21,.,.,.,4,7,.,.,.,.,0,.,0,14,15,38.7,34.6,54.1,53.4,35.6,33.3,44.1,47.7,(CONTRACTS OF EUR 125,000),399741,CME ,099 ,F10,FutOnly
EURO FX/JAPANESE YEN XRATE - CHICAGO MERCANTILE EXCHANGE,240305,2024-03-05,399741,CME,00,099,23467,3845,892,653,5892,9970,464,1158,2059,385,0,2120,0,12397,16543,11070,6924,958,0,-1,622,-913,-21,-17,84,-351,381,0,0,0,157,613,801,345,100.0,16.4,3.8,2.8,25.1,42.5,2.0,4.9,8.8,1.6,0.0,9.0,0.0,52.8,70.5,47.2,29.5,21,.,.,.,.,8,.,.,4,.,0,.,0,13,15,39.8,36.6,50.7,55.8,38.3,36.4,46.4,52.6,(CONTRACTS OF EUR 125,000),399741,CME ,099 ,F10,FutOnly
EURO FX/JAPANESE YEN XRATE - CHICAGO MERCANTILE EXCHANGE,240227,2024-02-27,399741,CME,00,099,22509,3845,893,31,6805,9991,481,1074,2410,4,0,2120,0,12240,15930,10269,6579,796,0,-8,8,224,10,0,65,149,0,0,0,0,297,159,499,637,100.0,17.1,4.0,0.1,30.2,44.4,2.1,4.8,10.7,0.0,0.0,9.4,0.0,54.4,70.8,45.6,29.2,21,.,.,.,4,8,4,.,.,.,0,.,0,13,14,42.9,38.2,53.6,56.7,41.4,38.0,52.1,55.9,(CONTRACTS OF EUR 125,000),399741,CME ,099 ,F10,FutOnly
EURO FX/JAPANESE YEN XRATE - CHICAGO MERCANTILE EXCHANGE,240220,2024-02-20,399741,CME,00,099,21713,3845,901,23,6581,9981,481,1009,2261,4,0,2120,0,11943,15771,9770,5942,.,.,.,.,.,.,.,.,.,.,.,.,.,.,.,.,.,100.0,17.7,4.1,0.1,30.3,46.0,2.2,4.6,10.4,0.0,0.0,9.8,0.0,55.0,72.6,45.0,27.4,21,.,.,.,4,8,4,.,.,.,0,.,0,13,14,43.3,40.0,54.2,58.8,41.8,39.7,52.7,58.0,(CONTRACTS OF EUR 125,000),399741,CME ,099 ,F10,FutOnly
EURO FX - CHICAGO MERCANTILE EXCHANGE,251230,2025-12-30,099741,CME,00,099,869169,40071,547387,3825,537338,145894,32969,121459,68797,13267,24055,15006,3513,776497,830658,92672,38511,2218,-373,2745,-476,489,-558,349,636,4081,-300,1464,522,0,1789,6363,429,-4145,100.0,4.6,63.0,0.4,61.8,16.8,3.8,14.0,7.9,1.5,2.8,1.7,0.4,89.3,95.6,10.7,4.4,317,15,13,7,124,35,41,57,33,22,27,13,.,249,141,16.5,54.4,26.3,69.8,15.8,54.4,25.4,69.7,(CONTRACTS OF EUR 125,000),099741,CME ,099 ,F10,FutOnly
EURO FX - CHICAGO MERCANTILE EXCHANGE,251223,2025-12-23,099741,CME,00,099,866951,40444,544642,4301,536849,146452,32620,120823,64716,13567,22591,14484,3513,774708,824295,92243,42656,-120035,3608,23952,-25,19082,3479,226,3886,-920,200,1692,190,-26,28643,27076,-148678,-147111,100.0,4.7,62.8,0.5,61.9,16.9,3.8,13.9,7.5,1.6,2.6,1.7,0.4,89.4,95.1,10.6,4.9,320,15,14,8,125,36,42,59,32,23,27,12,.,251,145,16.6,54.5,26.5,69.8,15.9,54.5,25.5,69.7,(CONTRACTS OF EUR 125,000),099741,CME ,099 ,F10,FutOnly
EURO FX - CHICAGO MERCANTILE EXCHANGE,251216,2025-12-16,099741,CME,00,099,986986,36836,520690,4326,517767,142973,32394,116937,65636,13367,20899,14294,3539,746065,797219,240921,189767,44192,-37371,-27922,-29738,-104,-1222,-503,14168,4472,-44118,-403,1307,-1,-98070,-97725,142262,141917,100.0,3.7,52.8,0.4,52.5,14.5,3.3,11.8,6.7,1.4,2.1,1.4,0.4,75.6,80.8,24.4,19.2,312,16,13,8,123,33,39,62,28,23,25,12,.,251,134,13.5,45.7,21.9,58.9,12.9,45.7,21.1,58.8,(CONTRACTS OF EUR 125,000),099741,CME ,099 ,F10,FutOnly
EURO FX - CHICAGO MERCANTILE EXCHANGE,251209,2025-12-09,099741,CME,00,099,942794,74207,548612,34064,517871,144195,32897,102769,61164,57485,21302,12987,3540,844135,894944,98659,47850,91610,3398,42876,24078,9004,-2919,-293,11994,-10339,35908,1064,-648,141,85294,88804,6316,2806,100.0,7.9,58.2,3.6,54.9,15.3,3.5,10.9,6.5,6.1,2.3,1.4,0.4,89.5,94.9,10.5,5.1,305,16,13,8,114,39,44,52,34,28,25,10,.,236,152,17.0,54.2,27.9,69.8,16.4,52.7,26.1,68.0,(CONTRACTS OF EUR 125,000),099741,CME ,099 ,F10,FutOnly
EURO FX - CHICAGO MERCANTILE EXCHANGE,251202,2025-12-02,099741,CME,00,099,851184,70809,505736,9986,508867,147114,33190,90775,71503,21577,20238,13635,3399,758841,806140,92343,45044,20595,-2255,21726,5575,8548,-3443,119,-166,-4714,4388,2542,-506,-22,18729,23123,1866,-2528,100.0,8.3,59.4,1.2,59.8,17.3,3.9,10.7,8.4,2.5,2.4,1.6,0.4,89.2,94.7,10.8,5.3,302,14,13,11,114,41,44,48,38,26,22,12,.,233,152,18.1,56.4,29.4,70.7,17.4,55.7,28.4,69.9,(CONTRACTS OF EUR 125,000),099741,CME ,099 ,F10,FutOnly
EURO FX - CHICAGO MERCANTILE EXCHANGE,251125,2025-11-25,099741,CME,00,099,830589,73064,484010,4411,500319,150557,33071,90941,76217,17189,17696,14141,3421,740112,783017,90477,47572,3574,-2409,-5186,2514,-2047,5142,-538,3380,1077,1405,657,310,-119,2843,4605,731,-1031,100.0,8.8,58.3,0.5,60.2,18.1,4.0,10.9,9.2,2.1,2.1,1.7,0.4,89.1,94.3,10.9,5.7,294,14,13,9,113,41,40,47,36,23,18,12,.,219,150,18.2,57.0,29.7,69.9,17.6,56.8,28.7,69.6,(CONTRACTS OF EUR 125,000),099741,CME ,099 ,F10,FutOnly
EURO FX - CHICAGO MERCANTILE EXCHANGE,251118,2025-11-18,099741,CME,00,099,827015,75473,489196,1897,502366,145415,33609,87561,75140,15784,17039,13831,3540,737269,778412,89746,48603,-4260,156,22125,-361,-5498,-5085,872,3350,-14732,-2912,-304,-1245,63,-4634,-1275,374,-2985,100.0,9.1,59.2,0.2,60.7,17.6,4.1,10.6,9.1,1.9,2.1,1.7,0.4,89.1,94.1,10.9,5.9,289,15,12,10,115,38,40,45,35,19,17,12,.,213,148,18.3,57.2,29.7,70.7,17.5,57.2,28.7,70.7,(CONTRACTS OF EUR 125,000),099741,CME ,099 ,F10,FutOnly
EURO FX - CHICAGO MERCANTILE EXCHANGE,251110,2025-11-10,099741,CME,00,099,831275,75317,467071,2258,507864,150500,32737,84211,89872,18696,17343,15076,3477,741903,779687,89372,51588,-3901,-12,-699,710,5295,-1049,-762,-14662,-3819,4242,-569,-1414,-223,-5981,-3014,2080,-887,100.0,9.1,56.2,0.3,61.1,18.1,3.9,10.1,10.8,2.2,2.1,1.8,0.4,89.2,93.8,10.8,6.2,295,15,13,8,114,41,39,40,40,22,19,13,.,214,153,18.1,56.0,29.9,67.5,17.4,55.9,28.8,67.4,(CONTRACTS OF EUR 125,000),099741,CME ,099 ,F10,FutOnly
EURO FX - CHICAGO MERCANTILE EXCHANGE,251104,2025-11-04,099741,CME,00,099,835176,75329,467770,1548,502569,151549,33499,98873,93691,14454,17912,16490,3700,747884,782701,87292,52475,-8541,1185,-38684,68,2765,16316,4278,-9393,2768,-69,-2424,2287,-66,-3656,-13102,-4885,4561,100.0,9.0,56.0,0.2,60.2,18.1,4.0,11.8,11.2,1.7,2.1,2.0,0.4,89.5,93.7,10.5,6.3,312,15,13,9,111,41,41,44,52,27,20,15,.,219,173,17.6,56.2,29.4,67.4,16.9,56.1,28.3,67.3,(CONTRACTS OF EUR 125,000),099741,CME ,099 ,F10,FutOnly
EURO FX - CHICAGO MERCANTILE EXCHANGE,251028,2025-10-28,099741,CME,00,099,843717,74144,506454,1480,499804,135233,29221,108266,90923,14523,20336,14203,3766,751540,795803,92177,47914,7830,3583,-7821,-90,-1086,5856,366,6212,11333,-1200,-330,-1207,-34,7421,7203,409,627,100.0,8.8,60.0,0.2,59.2,16.0,3.5,12.8,10.8,1.7,2.4,1.7,0.4,89.1,94.3,10.9,5.7,301,15,12,8,113,39,41,52,39,23,18,12,.,224,152,17.4,57.1,28.5,69.8,16.6,57.0,27.3,69.7,(CONTRACTS OF EUR 125,000),099741,CME ,099 ,F10,FutOnly
EURO FX - CHICAGO MERCANTILE EXCHANGE,251021,2025-10-21,099741,CME,00,099,835887,70561,514275,1570,500890,129377,28855,102054,79590,15723,20666,15410,3800,744119,788600,91768,47287,-5192,-3337,1720,-227,1547,1155,-3713,-1026,-1212,1563,374,-429,43,-4776,-1100,-416,-4092,100.0,8.4,61.5,0.2,59.9,15.5,3.5,12.2,9.5,1.9,2.5,1.8,0.5,89.0,94.3,11.0,5.7,288,14,11,7,113,36,41,48,35,23,19,12,.,216,146,17.4,57.5,28.5,71.1,16.7,57.4,27.3,71.0,(CONTRACTS OF EUR 125,000),099741,CME ,099 ,F10,FutOnly
EURO FX - CHICAGO MERCANTILE EXCHANGE,251014,2025-10-14,099741,CME,00,099,841079,73898,512555,1797,499343,128222,32568,103080,80802,14160,20292,15839,3757,748895,789700,92184,51379,-14207,3488,-24141,512,-14221,1522,4389,-4343,-5236,1843,-2916,1199,94,-11154,-19818,-3053,5611,100.0,8.8,60.9,0.2,59.4,15.2,3.9,12.3,9.6,1.7,2.4,1.9,0.4,89.0,93.9,11.0,6.1,292,15,11,7,116,35,42,47,36,20,19,13,.,220,144,17.1,57.4,27.8,70.7,16.4,57.3,26.7,70.6,(CONTRACTS OF EUR 125,000),099741,CME ,099 ,F10,FutOnly
EURO FX - CHICAGO MERCANTILE EXCHANGE,251007,2025-10-07,099741,CME,00,099,855286,70410,536696,1285,513564,126700,28179,107423,86038,12317,23208,14640,3663,760049,809518,95237,45768,9511,571,4763,317,3668,2281,-695,2416,3308,1732,505,-3490,29,8543,8245,968,1266,100.0,8.2,62.8,0.2,60.0,14.8,3.3,12.6,10.1,1.4,2.7,1.7,0.4,88.9,94.6,11.1,5.4,306,15,13,7,119,32,39,55,36,22,24,12,.,233,144,17.1,57.3,27.7,71.3,16.4,57.2,26.7,71.2,(CONTRACTS OF EUR 125,000),099741,CME ,099 ,F10,FutOnly
EURO FX - CHICAGO MERCANTILE EXCHANGE,250930,2025-09-30,099741,CME,00,099,845775,69839,531933,968,509896,124419,28874,105007,82730,10585,22703,18130,3634,751506,801273,94269,44502,-13440,-1492,-8452,-391,-7002,2139,-603,-1651,-4125,-1292,-79,-1451,-128,-12638,-14303,-802,863,100.0,8.3,62.9,0.1,60.3,14.7,3.4,12.4,9.8,1.3,2.7,2.1,0.4,88.9,94.7,11.1,5.3,307,17,12,6,121,31,39,49,37,18,24,16,.,231,142,17.3,58.2,27.8,71.5,16.6,58.2,26.8,71.4,(CONTRACTS OF EUR 125,000),099741,CME ,099 ,F10,FutOnly
EURO FX - CHICAGO MERCANTILE EXCHANGE,250923,2025-09-23,099741,CME,00,099,859215,71331,540385,1359,516898,122280,29477,106658,86855,11877,22782,19581,3762,764144,815576,95071,43639,3767,-1587,2303,88,4900,-19,-548,-1381,5053,-1092,2936,-658,0,3316,5127,451,-1360,100.0,8.3,62.9,0.2,60.2,14.2,3.4,12.4,10.1,1.4,2.7,2.3,0.4,88.9,94.9,11.1,5.1,308,17,11,5,123,27,42,51,39,19,23,17,4,233,145,17.1,57.9,27.2,71.0,16.5,57.9,26.2,70.9,(CONTRACTS OF EUR 125,000),099741,CME ,099 ,F10,FutOnly
EURO FX - CHICAGO MERCANTILE EXCHANGE,250916,2025-09-16,099741,CME,00,099,855448,72918,538082,1271,511998,122299,30025,108039,81802,12969,19846,20239,3762,760828,810449,94620,44999,-22656,25541,24266,-19396,5078,-1370,685,4077,10452,-34429,1806,-1195,-221,-16859,-21208,-5797,-1448,100.0,8.5,62.9,0.1,59.9,14.3,3.5,12.6,9.6,1.5,2.3,2.4,0.4,88.9,94.7,11.1,5.3,310,16,12,4,122,29,41,57,35,23,20,19,4,237,145,17.5,58.7,27.3,71.1,16.8,58.6,26.4,71.1,(CONTRACTS OF EUR 125,000),099741,CME ,099 ,F10,FutOnly
EURO FX - CHICAGO MERCANTILE EXCHANGE,250909,2025-09-09,099741,CME,00,099,878104,47377,513816,20667,506920,123669,29340,103962,71350,47398,18040,21434,3983,777687,831657,100417,46447,32284,592,7151,14922,293,-3158,1306,-3049,-5988,14430,-1209,915,-55,27230,29523,5054,2761,100.0,5.4,58.5,2.4,57.7,14.1,3.3,11.8,8.1,5.4,2.1,2.4,0.5,88.6,94.7,11.4,5.3,299,13,16,14,121,30,44,50,32,26,17,19,.,232,154,16.1,52.2,27.7,67.8,14.6,52.2,24.1,65.3,(CONTRACTS OF EUR 125,000),099741,CME ,099 ,F10,FutOnly
EURO FX - CHICAGO MERCANTILE EXCHANGE,250902,2025-09-02,099741,CME,00,099,845820,46785,506665,5745,506627,126827,28034,107011,77338,32968,19249,20519,4038,750457,802134,95363,43686,3605,-267,-1154,-5010,234,-2752,47,-2018,2516,11312,-954,-105,-6,3338,4848,267,-1243,100.0,5.5,59.9,0.7,59.9,15.0,3.3,12.7,9.1,3.9,2.3,2.4,0.5,88.7,94.8,11.3,5.2,317,14,15,11,123,35,42,55,37,23,19,19,5,243,155,16.1,53.6,26.9,67.5,15.4,53.5,25.1,67.0,(CONTRACTS OF EUR 125,000),099741,CME ,099 ,F10,FutOnly
EURO FX - CHICAGO MERCANTILE EXCHANGE,250826,2025-08-26,099741,CME,00,099,842215,47052,507819,10755,506393,129579,27987,109029,74822,21656,20203,20624,4044,747119,797286,95096,44929,16996,-4414,6775,8133,5210,-374,-84,4992,4011,807,1470,-673,-72,16042,18523,954,-1527,100.0,5.6,60.3,1.3,60.1,15.4,3.3,12.9,8.9,2.6,2.4,2.4,0.5,88.7,94.7,11.3,5.3,313,12,17,10,122,35,41,55,32,23,21,19,6,240,153,16.3,54.9,26.5,68.6,15.6,54.0,25.5,67.6,(CONTRACTS OF EUR 125,000),099741,CME ,099 ,F10,FutOnly
EURO FX - CHICAGO MERCANTILE EXCHANGE,250819,2025-08-19,099741,CME,00,099,825219,51466,501044,2622,501183,129953,28071,104037,70811,20849,18733,21297,4116,731077,778763,94142,46456,247,841,-3757,916,2002,-1790,2734,3173,4885,-72,-4786,-2054,-2610,2198,-1748,-1951,1995,100.0,6.2,60.7,0.3,60.7,15.7,3.4,12.6,8.6,2.5,2.3,2.6,0.5,88.6,94.4,11.4,5.6,307,14,14,9,122,35,39,55,31,23,19,17,6,239,145,16.6,55.1,27.0,69.0,15.9,55.1,26.0,68.9,(CONTRACTS OF EUR 125,000),099741,CME ,099 ,F10,FutOnly
EURO FX - CHICAGO MERCANTILE EXCHANGE,250812,2025-08-12,099741,CME,00,099,824972,50625,504801,1706,499181,131743,25337,100864,65926,20921,23519,23351,6726,728879,780511,96093,44461,6612,1454,15886,-788,18146,-1867,-1090,-5234,-5964,-124,-9614,743,-16,2734,6780,3878,-168,100.0,6.1,61.2,0.2,60.5,16.0,3.1,12.2,8.0,2.5,2.9,2.8,0.8,88.4,94.6,11.6,5.4,304,13,16,9,122,34,36,55,26,22,20,18,7,236,142,16.2,55.0,27.4,68.6,15.5,55.0,26.4,68.5,(CONTRACTS OF EUR 125,000),099741,CME ,099 ,F10,FutOnly
EURO FX - CHICAGO MERCANTILE EXCHANGE,250805,2025-08-05,099741,CME,00,099,818360,49171,488915,2494,481035,133610,26427,106098,71890,21045,33133,22608,6742,726145,773731,92215,44629,-10217,1187,-10423,-782,-503,9457,2335,-4002,-7348,-3003,290,453,-33,-4511,-9344,-5706,-873,100.0,6.0,59.7,0.3,58.8,16.3,3.2,13.0,8.8,2.6,4.0,2.8,0.8,88.7,94.5,11.3,5.5,308,12,17,8,118,35,38,56,30,24,22,18,7,231,154,15.8,54.6,27.1,67.8,15.1,54.6,26.0,67.8,(CONTRACTS OF EUR 125,000),099741,CME ,099 ,F10,FutOnly
EURO FX - CHICAGO MERCANTILE EXCHANGE,250729,2025-07-29,099741,CME,00,099,828577,47984,499338,3276,481538,124153,24092,110100,79238,24048,32843,22155,6775,730656,783075,97921,45502,-14870,712,-22733,13,-15530,1413,-3442,7790,5337,262,-6775,2401,395,-16575,-16354,1705,1484,100.0,5.8,60.3,0.4,58.1,15.0,2.9,13.3,9.6,2.9,4.0,2.7,0.8,88.2,94.5,11.8,5.5,308,10,18,7,122,32,39,52,34,24,22,18,8,232,154,15.5,54.1,26.5,67.1,14.7,54.0,25.3,67.1,(CONTRACTS OF EUR 125,000),099741,CME ,099 ,F10,FutOnly
EURO FX - CHICAGO MERCANTILE EXCHANGE,250722,2025-07-22,099741,CME,00,099,843447,47272,522071,3263,497068,122740,27534,102310,73901,23786,39618,19754,6380,747231,799429,96216,44018,23007,4808,6075,730,19461,5849,1275,-4120,5995,419,1774,208,52,24399,20603,-1392,2404,100.0,5.6,61.9,0.4,58.9,14.6,3.3,12.1,8.8,2.8,4.7,2.3,0.8,88.6,94.8,11.4,5.2,312,10,18,7,119,34,33,52,36,21,28,15,7,235,145,15.1,54.3,25.6,68.0,14.4,54.3,24.2,67.9,(CONTRACTS OF EUR 125,000),099741,CME ,099 ,F10,FutOnly
EURO FX - CHICAGO MERCANTILE EXCHANGE,250715,2025-07-15,099741,CME,00,099,820440,42464,515996,2533,477607,116891,26259,106430,67906,23367,37844,19546,6328,722832,778826,97608,41614,14593,1264,19748,-269,13123,1930,-2113,1197,-8204,4181,-827,450,-204,16352,15519,-1759,-926,100.0,5.2,62.9,0.3,58.2,14.2,3.2,13.0,8.3,2.8,4.6,2.4,0.8,88.1,94.9,11.9,5.1,307,11,18,8,119,30,35,52,36,25,26,15,6,235,146,15.4,54.1,24.8,68.3,14.4,54.1,23.3,68.3,(CONTRACTS OF EUR 125,000),099741,CME ,099 ,F10,FutOnly
EURO FX - CHICAGO MERCANTILE EXCHANGE,250708,2025-07-08,099741,CME,00,099,805847,41200,496248,2802,464484,114961,28372,105233,76110,19186,38671,19096,6532,706480,763307,99367,42540,26816,7072,27890,835,2959,-1227,-35,13610,-292,-888,-205,765,61,23409,27109,3407,-293,100.0,5.1,61.6,0.3,57.6,14.3,3.5,13.1,9.4,2.4,4.8,2.4,0.8,87.7,94.7,12.3,5.3,303,11,16,6,120,29,38,47,37,20,29,14,6,232,141,15.8,54.4,24.4,67.1,14.8,54.4,23.2,67.0,(CONTRACTS OF EUR 125,000),099741,CME ,099 ,F10,FutOnly
EURO FX - CHICAGO MERCANTILE EXCHANGE,250701,2025-07-01,099741,CME,00,099,779031,34128,468358,1967,461525,116188,28407,91623,76402,20074,38876,18331,6471,683071,736198,95960,42833,16424,2651,9382,-1022,3362,-4244,2704,2985,8857,757,3771,-1265,126,15334,15295,1090,1129,100.0,4.4,60.1,0.3,59.2,14.9,3.6,11.8,9.8,2.6,5.0,2.4,0.8,87.7,94.5,12.3,5.5,316,10,17,5,122,30,38,51,42,25,31,13,6,238,152,15.8,55.8,25.3,66.3,14.8,55.8,24.0,66.3,(CONTRACTS OF EUR 125,000),099741,CME ,099 ,F10,FutOnly
EURO FX - CHICAGO MERCANTILE EXCHANGE,250624,2025-06-24,099741,CME,00,099,762607,31477,458976,2989,458163,120432,25703,88638,67545,19317,35105,19596,6345,667737,720903,94870,41704,6746,2731,5766,142,1501,-3152,304,519,-5145,3775,410,1390,309,9691,3389,-2945,3357,100.0,4.1,60.2,0.4,60.1,15.8,3.4,11.6,8.9,2.5,4.6,2.6,0.8,87.6,94.5,12.4,5.5,306,11,16,5,122,29,36,53,31,25,30,14,6,240,138,15.5,57.1,25.2,67.3,14.8,57.0,23.9,67.2,(CONTRACTS OF EUR 125,000),099741,CME ,099 ,F10,FutOnly
EURO FX - CHICAGO MERCANTILE EXCHANGE,250617,2025-06-17,099741,CME,00,099,755861,28746,453210,2847,456662,123584,25399,88119,72690,15542,34695,18206,6036,658046,717514,97815,38347,-54656,-3934,13851,-37223,15140,2406,-2456,3258,-195,-24433,-132,-493,-202,-49982,-48745,-4674,-5911,100.0,3.8,60.0,0.4,60.4,16.4,3.4,11.7,9.6,2.1,4.6,2.4,0.8,87.1,94.9,12.9,5.1,304,12,15,5,121,30,37,51,35,22,26,14,5,231,142,16.1,57.4,25.6,68.2,15.1,57.4,24.3,68.2,(CONTRACTS OF EUR 125,000),099741,CME ,099 ,F10,FutOnly
EURO FX - CHICAGO MERCANTILE EXCHANGE,250610,2025-06-10,099741,CME,00,099,810517,32680,439359,40070,441522,121178,27855,84861,72885,39975,34827,18699,6238,708028,766259,102489,44258,29233,-15823,1139,25852,-2989,-3262,-306,10748,-3139,9808,-173,-265,252,27369,30079,1864,-846,100.0,4.0,54.2,4.9,54.5,15.0,3.4,10.5,9.0,4.9,4.3,2.3,0.8,87.4,94.5,12.6,5.5,301,14,15,11,116,25,38,49,38,28,28,14,5,237,146,15.2,47.4,24.5,63.0,14.2,46.1,22.5,60.4,(CONTRACTS OF EUR 125,000),099741,CME ,099 ,F10,FutOnly
EURO FX - CHICAGO MERCANTILE EXCHANGE,250603,2025-06-03,099741,CME,00,099,781284,48503,438220,14218,444511,124440,28161,74113,76024,30167,35000,18964,5986,680659,736180,100625,45104,20813,-1323,13695,5214,3355,-2733,1441,-2443,-1436,5558,3433,-3410,231,15466,18560,5347,2253,100.0,6.2,56.1,1.8,56.9,15.9,3.6,9.5,9.7,3.9,4.5,2.4,0.8,87.1,94.2,12.9,5.8,304,15,17,13,118,26,34,42,45,26,28,13,6,230,153,15.8,47.4,25.3,62.3,14.8,46.8,23.7,61.7,(CONTRACTS OF EUR 125,000),099741,CME ,099 ,F10,FutOnly
EURO FX - CHICAGO MERCANTILE EXCHANGE,250527,2025-05-27,099741,CME,00,099,760471,49826,424525,9004,441156,127173,26720,76556,77460,24609,31567,22374,5755,665193,717620,95278,42851,1222,2596,3034,2120,5598,1951,-300,-7318,519,-3321,633,-3945,8,16,66,1206,1156,100.0,6.6,55.8,1.2,58.0,16.7,3.5,10.1,10.2,3.2,4.2,2.9,0.8,87.5,94.4,12.5,5.6,305,15,16,9,118,28,37,46,45,29,23,14,6,228,158,16.1,44.9,25.6,61.0,15.2,44.8,24.4,60.9,(CONTRACTS OF EUR 125,000),099741,CME ,099 ,F10,FutOnly
EURO FX - CHICAGO MERCANTILE EXCHANGE,250520,2025-05-20,099741,CME,00,099,759249,47230,421491,6884,435558,125222,27020,83874,76941,27930,30934,26319,5747,665177,717554,94072,41695,8343,12980,-2080,-500,3515,4256,1253,-2466,10754,-5530,-529,3439,77,8800,11669,-457,-3326,100.0,6.2,55.5,0.9,57.4,16.5,3.6,11.0,10.1,3.7,4.1,3.5,0.8,87.6,94.5,12.4,5.5,299,13,16,9,117,27,35,47,42,26,22,15,5,223,151,16.1,43.9,25.5,60.3,15.2,43.8,24.3,60.2,(CONTRACTS OF EUR 125,000),099741,CME ,099 ,F10,FutOnly
EURO FX - CHICAGO MERCANTILE EXCHANGE,250513,2025-05-13,099741,CME,00,099,750906,34250,423571,7384,432043,120966,25767,86340,66187,33460,31463,22880,5670,656377,705885,94529,45021,13893,1093,8386,197,4726,579,724,13255,-1153,-1527,-2242,2908,178,16404,10292,-2511,3601,100.0,4.6,56.4,1.0,57.5,16.1,3.4,11.5,8.8,4.5,4.2,3.0,0.8,87.4,94.0,12.6,6.0,299,12,17,7,116,28,36,49,40,30,23,14,5,225,152,16.1,43.9,25.6,61.2,15.2,43.9,24.2,61.1,(CONTRACTS OF EUR 125,000),099741,CME ,099 ,F10,FutOnly
EURO FX - CHICAGO MERCANTILE EXCHANGE,250506,2025-05-06,099741,CME,00,099,737013,33157,415185,7187,427317,120387,25043,73085,67340,34987,33705,19972,5492,639973,695593,97040,41420,6801,-393,4883,-189,5339,85,393,-6808,4762,5174,3664,-8022,-43,7137,7043,-336,-242,100.0,4.5,56.3,1.0,58.0,16.3,3.4,9.9,9.1,4.7,4.6,2.7,0.7,86.8,94.4,13.2,5.6,306,12,17,6,118,30,39,48,41,30,27,13,5,232,154,16.4,42.2,25.9,60.8,15.5,42.1,24.3,60.7,(CONTRACTS OF EUR 125,000),099741,CME ,099 ,F10,FutOnly
EURO FX - CHICAGO MERCANTILE EXCHANGE,250429,2025-04-29,099741,CME,00,099,730212,33550,410302,7376,421978,120302,24650,79893,62578,29813,30041,27994,5535,632836,688550,97376,41662,10980,-311,6938,250,2446,-2953,2049,-1376,-3981,9633,-2794,762,60,9957,12758,1023,-1778,100.0,4.6,56.2,1.0,57.8,16.5,3.4,10.9,8.6,4.1,4.1,3.8,0.8,86.7,94.3,13.3,5.7,308,12,17,6,116,30,41,51,45,29,22,15,5,230,159,16.5,42.1,26.1,60.9,15.7,42.1,24.8,60.8,(CONTRACTS OF EUR 125,000),099741,CME ,099 ,F10,FutOnly
EURO FX - CHICAGO MERCANTILE EXCHANGE,250422,2025-04-22,099741,CME,00,099,719232,33861,403364,7126,419532,123255,22601,81269,66559,20180,32835,27232,5475,622879,675792,96353,43440,11110,4690,9615,-683,363,-6144,674,515,7611,1502,667,-569,-100,7628,11906,3482,-796,100.0,4.7,56.1,1.0,58.3,17.1,3.1,11.3,9.3,2.8,4.6,3.8,0.8,86.6,94.0,13.4,6.0,307,14,17,5,116,31,40,48,43,28,24,14,5,229,156,16.7,41.8,26.1,60.9,15.8,41.8,24.9,60.9,(CONTRACTS OF EUR 125,000),099741,CME ,099 ,F10,FutOnly
EURO FX - CHICAGO MERCANTILE EXCHANGE,250415,2025-04-15,099741,CME,00,099,708122,29171,393749,7809,419169,129399,21927,80754,58948,18678,32168,27801,5575,615251,663886,92871,44236,10346,-2690,21774,-595,6574,-39,-1130,-5101,6171,-1944,4022,-6902,-993,-1857,16342,12203,-5996,100.0,4.1,55.6,1.1,59.2,18.3,3.1,11.4,8.3,2.6,4.5,3.9,0.8,86.9,93.8,13.1,6.2,298,14,16,6,118,32,42,45,37,23,21,15,5,222,152,17.3,41.7,27.0,60.8,16.4,41.7,25.8,60.7,(CONTRACTS OF EUR 125,000),099741,CME ,099 ,F10,FutOnly
EURO FX - CHICAGO MERCANTILE EXCHANGE,250408,2025-04-08,099741,CME,00,099,697776,31861,371975,8404,412595,129438,23057,85855,52777,20622,28146,34703,6568,617108,647544,80668,50232,26949,7643,31382,4306,28457,1518,-6384,-5460,-5648,-1270,-1322,1465,443,26413,25812,536,1137,100.0,4.6,53.3,1.2,59.1,18.6,3.3,12.3,7.6,3.0,4.0,5.0,0.9,88.4,92.8,11.6,7.2,300,12,16,7,116,36,40,49,37,24,17,17,5,219,157,17.2,39.9,26.8,58.8,16.0,39.9,25.2,58.8,(CONTRACTS OF EUR 125,000),099741,CME ,099 ,F10,FutOnly
EURO FX - CHICAGO MERCANTILE EXCHANGE,250401,2025-04-01,099741,CME,00,099,670827,24218,340593,4098,384138,127920,29441,91315,58425,21892,29468,33238,6125,590695,621732,80132,49095,-2048,2083,-10871,116,-5376,1929,-1543,1672,-4842,2902,-244,8165,-47,-437,-4191,-1611,2143,100.0,3.6,50.8,0.6,57.3,19.1,4.4,13.6,8.7,3.3,4.4,5.0,0.9,88.1,92.7,11.9,7.3,303,9,19,7,111,36,42,52,41,26,19,16,6,222,162,18.0,40.9,27.7,55.6,16.4,40.9,25.9,55.6,(CONTRACTS OF EUR 125,000),099741,CME ,099 ,F10,FutOnly
EURO FX - CHICAGO MERCANTILE EXCHANGE,250325,2025-03-25,099741,CME,00,099,672875,22135,351464,3982,389514,125991,30984,89643,63267,18990,29712,25073,6172,591132,625923,81743,46952,20255,5476,21926,451,9490,4455,-864,2593,-9924,3957,-37,2921,-31,21035,22891,-780,-2636,100.0,3.3,52.2,0.6,57.9,18.7,4.6,13.3,9.4,2.8,4.4,3.7,0.9,87.9,93.0,12.1,7.0,303,10,19,6,113,35,44,48,44,24,18,16,7,223,161,18.2,42.2,27.9,57.0,16.7,42.2,26.2,56.9,(CONTRACTS OF EUR 125,000),099741,CME ,099 ,F10,FutOnly
EURO FX - CHICAGO MERCANTILE EXCHANGE,250318,2025-03-18,099741,CME,00,099,652620,16659,329538,3531,380024,121536,31848,87050,73191,15033,29749,22152,6203,570097,603032,82523,49588,-77140,-11711,37875,-23803,4915,-14342,-15637,-3043,-22821,-12245,2555,-9818,-528,-59497,-61319,-17643,-15821,100.0,2.6,50.5,0.5,58.2,18.6,4.9,13.3,11.2,2.3,4.6,3.4,1.0,87.4,92.4,12.6,7.6,298,9,19,5,110,35,47,48,45,26,17,15,6,219,163,17.9,43.2,27.7,55.4,16.6,43.2,25.9,55.4,(CONTRACTS OF EUR 125,000),099741,CME ,099 ,F10,FutOnly
EURO FX - CHICAGO MERCANTILE EXCHANGE,250311,2025-03-11,099741,CME,00,099,729760,28370,291663,27334,375109,135878,47485,90093,96012,27278,27194,31970,6731,629594,664351,100166,65409,45941,5585,35706,9991,9081,-18426,2268,-4080,-6383,7070,-1241,3840,422,29096,34488,16845,11453,100.0,3.9,40.0,3.7,51.4,18.6,6.5,12.3,13.2,3.7,3.7,4.4,0.9,86.3,91.0,13.7,9.0,301,13,18,11,106,37,47,47,51,33,16,13,8,226,174,16.1,38.0,25.6,48.9,14.8,36.1,23.4,46.9,(CONTRACTS OF EUR 125,000),099741,CME ,099 ,F10,FutOnly
EURO FX - CHICAGO MERCANTILE EXCHANGE,250304,2025-03-04,099741,CME,00,099,683819,22785,255957,17343,366028,154304,45217,94173,102395,20208,28435,28130,6309,600498,629863,83321,53956,25135,2399,25228,2539,9674,-10873,2081,411,3337,3026,242,-1666,76,20448,23748,4687,1387,100.0,3.3,37.4,2.5,53.5,22.6,6.6,13.8,15.0,3.0,4.2,4.1,0.9,87.8,92.1,12.2,7.9,306,13,17,11,105,43,50,48,50,30,16,13,6,225,178,17.1,33.6,26.9,45.4,15.3,33.3,24.2,44.4,(CONTRACTS OF EUR 125,000),099741,CME ,099 ,F10,FutOnly
EURO FX - CHICAGO MERCANTILE EXCHANGE,250225,2025-02-25,099741,CME,00,099,658684,20386,230729,14804,356354,165177,43136,93762,99058,17182,28193,29796,6233,580050,606115,78634,52569,20660,410,30469,502,9908,-8736,7341,4338,-1593,-3420,-1169,-5813,-187,17723,18563,2937,2097,100.0,3.1,35.0,2.2,54.1,25.1,6.5,14.2,15.0,2.6,4.3,4.5,0.9,88.1,92.0,11.9,8.0,309,14,17,12,103,42,51,47,52,31,18,16,5,222,186,17.5,30.6,27.3,43.6,15.7,30.5,24.5,42.9,(CONTRACTS OF EUR 125,000),099741,CME ,099 ,F10,FutOnly
EURO FX - CHICAGO MERCANTILE EXCHANGE,250218,2025-02-18,099741,CME,00,099,638024,19976,200260,14302,346446,173913,35795,89424,100651,20602,29362,35609,6420,562327,587552,75697,50472,15151,3592,22186,158,8264,-4024,198,782,-8818,2458,364,4432,-119,15697,16471,-546,-1320,100.0,3.1,31.4,2.2,54.3,27.3,5.6,14.0,15.8,3.2,4.6,5.6,1.0,88.1,92.1,11.9,7.9,309,13,16,9,100,46,51,45,54,29,19,16,7,219,186,18.1,29.6,27.8,40.6,16.2,29.5,25.0,39.9,(CONTRACTS OF EUR 125,000),099741,CME ,099 ,F10,FutOnly
EURO FX - CHICAGO MERCANTILE EXCHANGE,250211,2025-02-11,099741,CME,00,099,622873,16384,178074,14144,338182,177937,35597,88642,109469,18144,28998,31177,6539,546630,571081,76243,51792,6250,511,156,1124,-1014,2491,-78,6548,5198,-2896,117,625,32,4344,6652,1906,-402,100.0,2.6,28.6,2.3,54.3,28.6,5.7,14.2,17.6,2.9,4.7,5.0,1.0,87.8,91.7,12.2,8.3,298,9,19,7,94,50,49,44,48,25,19,15,5,203,181,18.5,28.9,28.3,39.4,16.5,28.0,25.6,38.6,(CONTRACTS OF EUR 125,000),099741,CME ,099 ,F10,FutOnly
EURO FX - CHICAGO MERCANTILE EXCHANGE,250204,2025-02-04,099741,CME,00,099,616623,15873,177918,13020,339196,175446,35675,82094,104271,21040,28881,30552,6507,542286,564429,74337,52194,-2285,-490,-5304,407,-8387,2259,708,9562,-2557,-3321,850,4271,31,-640,-3506,-1645,1221,100.0,2.6,28.9,2.1,55.0,28.5,5.8,13.3,16.9,3.4,4.7,5.0,1.1,87.9,91.5,12.1,8.5,299,11,18,7,97,48,46,39,47,22,19,19,5,201,178,18.6,28.2,27.7,38.8,16.6,27.4,25.0,38.0,(CONTRACTS OF EUR 125,000),099741,CME ,099 ,F10,FutOnly
EURO FX - CHICAGO MERCANTILE EXCHANGE,250128,2025-01-28,099741,CME,00,099,618908,16363,183222,12613,347583,173187,34967,72532,106828,24361,28031,26281,6476,542926,567935,75982,50973,9416,-5810,16748,2635,7310,-6208,-738,28,-910,6673,-911,-2195,-193,8994,15812,422,-6396,100.0,2.6,29.6,2.0,56.2,28.0,5.6,11.7,17.3,3.9,4.5,4.2,1.0,87.7,91.8,12.3,8.2,300,10,17,7,98,46,47,42,51,19,19,16,5,200,178,18.6,28.6,27.3,39.6,16.7,28.0,24.7,38.8,(CONTRACTS OF EUR 125,000),099741,CME ,099 ,F10,FutOnly
EURO FX - CHICAGO MERCANTILE EXCHANGE,250121,2025-01-21,099741,CME,00,099,609492,22173,166474,9978,340273,179395,35705,72504,107738,17688,28942,28476,6669,533932,552123,75560,57369,5267,-11227,2448,1506,7331,4329,953,4141,-424,-981,867,890,-201,2389,8520,2878,-3253,100.0,3.6,27.3,1.6,55.8,29.4,5.9,11.9,17.7,2.9,4.7,4.7,1.1,87.6,90.6,12.4,9.4,298,11,16,8,94,51,50,46,47,18,17,16,5,199,180,18.3,28.8,27.4,39.5,16.3,28.5,25.2,39.2,(CONTRACTS OF EUR 125,000),099741,CME ,099 ,F10,FutOnly
EURO FX - CHICAGO MERCANTILE EXCHANGE,250114,2025-01-14,099741,CME,00,099,604225,33400,164026,8472,332942,175066,34752,68363,108162,18669,28075,27586,6870,531543,543603,72682,60622,1038,3479,5213,1595,-718,-7331,198,-1132,-2921,2507,-1034,-1426,110,5005,-2055,-3967,3093,100.0,5.5,27.1,1.4,55.1,29.0,5.8,11.3,17.9,3.1,4.6,4.6,1.1,88.0,90.0,12.0,10.0,287,10,16,6,92,50,50,42,45,22,16,15,5,191,179,18.6,29.4,28.1,39.7,16.6,29.1,26.1,39.4,(CONTRACTS OF EUR 125,000),099741,CME ,099 ,F10,FutOnly
EURO FX - CHICAGO MERCANTILE EXCHANGE,250107,2025-01-07,099741,CME,00,099,603187,29921,158813,6877,333660,182397,34554,69495,111083,16162,29109,29012,6760,526538,545658,76649,57529,-5972,-76,-4103,-37,-3295,-697,438,-11301,-11553,3244,2083,4381,-198,-9142,-8525,3170,2553,100.0,5.0,26.3,1.1,55.3,30.2,5.7,11.5,18.4,2.7,4.8,4.8,1.1,87.3,90.5,12.7,9.5,284,11,15,7,91,50,45,44,42,21,18,13,5,189,173,18.7,29.2,27.9,39.9,16.7,28.9,25.8,39.6,(CONTRACTS OF EUR 125,000),099741,CME ,099 ,F10,FutOnly
EURO FX/BRITISH POUND XRATE - CHICAGO MERCANTILE EXCHANGE,251230,2025-12-30,299741,CME,00,099,39752,0,28728,0,19979,0,1085,3223,6533,0,0,0,0,24287,36346,15465,3406,-736,0,-94,0,79,0,0,-189,-632,0,0,0,0,-110,-726,-626,-10,100.0,0.0,72.3,0.0,50.3,0.0,2.7,8.1,16.4,0.0,0.0,0.0,0.0,61.1,91.4,38.9,8.6,26,0,.,0,16,0,4,.,4,0,0,0,0,19,11,23.9,80.6,39.4,90.8,23.4,80.6,38.3,88.7,(CONTRACTS OF EUR 125,000),299741,CME ,099 ,F10,FutOnly
EURO FX/BRITISH POUND XRATE - CHICAGO MERCANTILE EXCHANGE,251223,2025-12-23,299741,CME,00,099,40488,0,28822,0,19900,0,1085,3412,7165,0,0,0,0,24397,37072,16091,3416,-5315,0,855,0,-490,0,-159,-295,-1257,0,0,0,0,-944,-561,-4371,-4754,100.0,0.0,71.2,0.0,49.2,0.0,2.7,8.4,17.7,0.0,0.0,0.0,0.0,60.3,91.6,39.7,8.4,25,0,.,0,15,0,4,.,4,0,0,0,0,18,11,23.4,79.5,39.0,91.0,23.0,79.5,38.0,88.9,(CONTRACTS OF EUR 125,000),299741,CME ,099 ,F10,FutOnly
EURO FX/BRITISH POUND XRATE - CHICAGO MERCANTILE EXCHANGE,251216,2025-12-16,299741,CME,00,099,45803,0,27967,0,20390,0,1244,3707,8422,0,0,0,0,25341,37633,20462,8170,3640,0,584,0,-426,0,-305,1147,-498,-329,0,0,0,87,-548,3553,4188,100.0,0.0,61.1,0.0,44.5,0.0,2.7,8.1,18.4,0.0,0.0,0.0,0.0,55.3,82.2,44.7,17.8,26,0,.,0,16,0,.,.,4,0,0,0,0,19,10,20.6,73.1,35.0,81.3,20.4,73.1,33.7,79.4,(CONTRACTS OF EUR 125,000),299741,CME ,099 ,F10,FutOnly
EURO FX/BRITISH POUND XRATE - CHICAGO MERCANTILE EXCHANGE,251209,2025-12-09,299741,CME,00,099,42163,0,27383,0,20816,0,1549,2560,8920,329,0,0,0,25254,38181,16909,3982,-151,0,-277,0,-497,0,277,-695,-1262,169,0,0,0,-746,-1093,595,942,100.0,0.0,64.9,0.0,49.4,0.0,3.7,6.1,21.2,0.8,0.0,0.0,0.0,59.9,90.6,40.1,9.4,26,0,.,0,16,0,6,.,5,.,0,0,0,19,14,22.4,81.4,38.2,88.1,22.2,81.4,36.9,86.1,(CONTRACTS OF EUR 125,000),299741,CME ,099 ,F10,FutOnly
EURO FX/BRITISH POUND XRATE - CHICAGO MERCANTILE EXCHANGE,251202,2025-12-02,299741,CME,00,099,42314,0,27660,0,21313,0,1272,3255,10182,160,0,0,0,26000,39274,16314,3040,-466,0,-61,0,-206,0,30,-416,-283,160,0,0,0,-432,-154,-34,-312,100.0,0.0,65.4,0.0,50.4,0.0,3.0,7.7,24.1,0.4,0.0,0.0,0.0,61.4,92.8,38.6,7.2,27,0,.,0,16,0,4,.,6,.,0,0,0,21,12,22.8,81.6,39.3,90.7,22.6,81.3,38.0,89.4,(CONTRACTS OF EUR 125,000),299741,CME ,099 ,F10,FutOnly
EURO FX/BRITISH POUND XRATE - CHICAGO MERCANTILE EXCHANGE,251125,2025-11-25,299741,CME,00,099,42780,0,27721,0,21519,0,1242,3671,10465,0,0,0,0,26432,39428,16348,3352,753,0,24,0,257,0,0,239,432,0,0,0,0,496,456,257,297,100.0,0.0,64.8,0.0,50.3,0.0,2.9,8.6,24.5,0.0,0.0,0.0,0.0,61.8,92.2,38.2,7.8,27,0,.,0,16,0,.,.,6,0,0,0,0,19,11,23.3,80.8,39.7,90.2,22.9,80.8,38.3,89.3,(CONTRACTS OF EUR 125,000),299741,CME ,099 ,F10,FutOnly
EURO FX/BRITISH POUND XRATE - CHICAGO MERCANTILE EXCHANGE,251118,2025-11-18,299741,CME,00,099,42027,0,27697,0,21262,0,1242,3432,10033,0,0,0,0,25936,38972,16091,3055,926,-550,346,0,890,0,0,-30,752,0,0,0,0,310,1098,616,-172,100.0,0.0,65.9,0.0,50.6,0.0,3.0,8.2,23.9,0.0,0.0,0.0,0.0,61.7,92.7,38.3,7.3,27,0,.,0,16,0,.,.,6,0,0,0,0,19,11,23.3,81.8,40.0,90.7,22.8,81.8,38.1,89.8,(CONTRACTS OF EUR 125,000),299741,CME ,099 ,F10,FutOnly
EURO FX/BRITISH POUND XRATE - CHICAGO MERCANTILE EXCHANGE,251110,2025-11-10,299741,CME,00,099,41101,550,27351,0,20372,0,1242,3462,9281,0,0,0,0,25626,37874,15475,3227,138,-282,-151,0,217,0,-46,-146,367,0,0,0,0,-257,170,395,-32,100.0,1.3,66.5,0.0,49.6,0.0,3.0,8.4,22.6,0.0,0.0,0.0,0.0,62.3,92.1,37.7,7.9,28,.,.,0,16,0,.,.,6,0,0,0,0,20,11,23.0,82.1,38.8,90.1,22.3,82.1,36.9,89.1,(CONTRACTS OF EUR 125,000),299741,CME ,099 ,F10,FutOnly
EURO FX/BRITISH POUND XRATE - CHICAGO MERCANTILE EXCHANGE,251104,2025-11-04,299741,CME,00,099,40963,832,27502,0,20155,0,1288,3608,8914,0,0,0,0,25883,37704,15080,3259,1102,-276,92,0,872,-452,0,863,1706,0,0,0,0,1459,1346,-357,-244,100.0,2.0,67.1,0.0,49.2,0.0,3.1,8.8,21.8,0.0,0.0,0.0,0.0,63.2,92.0,36.8,8.0,30,.,.,0,17,0,4,4,6,0,0,0,0,22,12,23.2,82.3,38.2,89.8,22.5,82.3,36.3,88.9,(CONTRACTS OF EUR 125,000),299741,CME ,099 ,F10,FutOnly
EURO FX/BRITISH POUND XRATE - CHICAGO MERCANTILE EXCHANGE,251028,2025-10-28,299741,CME,00,099,39861,1108,27410,0,19283,452,1288,2745,7208,0,0,0,0,24424,36358,15437,3503,1295,265,71,0,412,452,-51,-156,1124,0,0,0,0,470,1596,825,-301,100.0,2.8,68.8,0.0,48.4,1.1,3.2,6.9,18.1,0.0,0.0,0.0,0.0,61.3,91.2,38.7,8.8,29,.,.,0,17,.,4,.,5,0,0,0,0,21,12,23.8,82.2,38.5,89.0,22.9,82.2,36.2,88.0,(CONTRACTS OF EUR 125,000),299741,CME ,099 ,F10,FutOnly
EURO FX/BRITISH POUND XRATE - CHICAGO MERCANTILE EXCHANGE,251021,2025-10-21,299741,CME,00,099,38566,843,27339,0,18871,0,1339,2901,6084,0,0,0,0,23954,34762,14612,3804,657,0,-13,0,1148,0,0,-97,567,0,0,0,0,1051,554,-394,103,100.0,2.2,70.9,0.0,48.9,0.0,3.5,7.5,15.8,0.0,0.0,0.0,0.0,62.1,90.1,37.9,9.9,27,.,.,0,17,0,4,.,4,0,0,0,0,21,10,24.5,83.4,39.7,89.7,23.6,83.4,37.1,86.7,(CONTRACTS OF EUR 125,000),299741,CME ,099 ,F10,FutOnly
EURO FX/BRITISH POUND XRATE - CHICAGO MERCANTILE EXCHANGE,251014,2025-10-14,299741,CME,00,099,37909,843,27352,0,17723,0,1339,2998,5517,0,0,0,0,22903,34208,15006,3701,-221,0,47,0,540,0,0,-530,-74,0,0,0,0,10,-27,-231,-194,100.0,2.2,72.2,0.0,46.8,0.0,3.5,7.9,14.6,0.0,0.0,0.0,0.0,60.4,90.2,39.6,9.8,26,.,.,0,16,0,4,.,4,0,0,0,0,20,10,24.8,83.4,39.8,89.8,23.9,83.4,36.9,86.7,(CONTRACTS OF EUR 125,000),299741,CME ,099 ,F10,FutOnly
EURO FX/BRITISH POUND XRATE - CHICAGO MERCANTILE EXCHANGE,251007,2025-10-07,299741,CME,00,099,38130,843,27305,0,17183,0,1339,3528,5591,0,0,0,0,22893,34235,15237,3895,-161,843,760,0,-987,0,-39,245,-412,-32,0,0,0,30,277,-191,-438,100.0,2.2,71.6,0.0,45.1,0.0,3.5,9.3,14.7,0.0,0.0,0.0,0.0,60.0,89.8,40.0,10.2,25,.,.,0,15,0,4,.,4,0,0,0,0,19,10,24.3,83.5,39.7,89.4,23.8,83.3,37.0,86.3,(CONTRACTS OF EUR 125,000),299741,CME ,099 ,F10,FutOnly
EURO FX/BRITISH POUND XRATE - CHICAGO MERCANTILE EXCHANGE,250930,2025-09-30,299741,CME,00,099,38291,0,26545,0,18170,0,1378,3283,6003,32,0,0,0,22863,33958,15428,4333,-68,0,0,0,160,0,0,-529,-503,32,0,0,0,-337,-471,269,403,100.0,0.0,69.3,0.0,47.5,0.0,3.6,8.6,15.7,0.1,0.0,0.0,0.0,59.7,88.7,40.3,11.3,24,0,.,0,16,0,5,.,4,.,0,0,0,20,10,24.2,83.9,38.6,88.5,23.4,83.8,35.9,85.0,(CONTRACTS OF EUR 125,000),299741,CME ,099 ,F10,FutOnly
EURO FX/BRITISH POUND XRATE - CHICAGO MERCANTILE EXCHANGE,250923,2025-09-23,299741,CME,00,099,38359,0,26545,0,18010,0,1378,3812,6506,0,0,0,0,23200,34429,15159,3930,332,0,-2,0,-1683,0,417,489,-401,0,0,0,0,-777,14,1109,318,100.0,0.0,69.2,0.0,47.0,0.0,3.6,9.9,17.0,0.0,0.0,0.0,0.0,60.5,89.8,39.5,10.2,24,0,.,0,16,0,5,.,4,0,0,0,0,19,10,24.9,85.1,39.7,89.5,23.8,85.0,37.8,86.2,(CONTRACTS OF EUR 125,000),299741,CME ,099 ,F10,FutOnly
EURO FX/BRITISH POUND XRATE - CHICAGO MERCANTILE EXCHANGE,250916,2025-09-16,299741,CME,00,099,38027,0,26547,0,19693,0,961,3323,6907,0,0,0,0,23977,34415,14050,3612,-3041,0,5683,-47,-878,0,-145,-222,-8900,-936,0,0,0,-2228,-4345,-813,1304,100.0,0.0,69.8,0.0,51.8,0.0,2.5,8.7,18.2,0.0,0.0,0.0,0.0,63.1,90.5,36.9,9.5,25,0,.,0,17,0,5,.,4,0,0,0,0,20,10,25.1,86.8,38.7,90.3,24.1,86.8,36.9,88.0,(CONTRACTS OF EUR 125,000),299741,CME ,099 ,F10,FutOnly
EURO FX/BRITISH POUND XRATE - CHICAGO MERCANTILE EXCHANGE,250909,2025-09-09,299741,CME,00,099,41068,0,20864,47,20571,0,1106,3545,15807,936,0,0,0,26205,38760,14863,2308,1589,0,359,47,-498,0,121,176,459,928,0,0,0,774,1914,815,-325,100.0,0.0,50.8,0.1,50.1,0.0,2.7,8.6,38.5,2.3,0.0,0.0,0.0,63.8,94.4,36.2,5.6,32,0,5,.,18,0,6,.,6,.,0,0,0,23,17,22.6,76.7,36.7,87.8,21.5,76.3,35.0,85.9,(CONTRACTS OF EUR 125,000),299741,CME ,099 ,F10,FutOnly
EURO FX/BRITISH POUND XRATE - CHICAGO MERCANTILE EXCHANGE,250902,2025-09-02,299741,CME,00,099,39479,0,20505,0,21069,0,985,3369,15348,8,0,0,0,25431,36846,14048,2633,-1287,0,-71,-2,-520,0,-3,-930,-803,8,0,0,0,-1447,-871,160,-416,100.0,0.0,51.9,0.0,53.4,0.0,2.5,8.5,38.9,0.0,0.0,0.0,0.0,64.4,93.3,35.6,6.7,31,0,4,0,18,0,5,.,6,.,0,0,0,23,15,23.6,79.1,38.2,88.1,22.4,79.1,37.0,88.1,(CONTRACTS OF EUR 125,000),299741,CME ,099 ,F10,FutOnly
EURO FX/BRITISH POUND XRATE - CHICAGO MERCANTILE EXCHANGE,250826,2025-08-26,299741,CME,00,099,40766,0,20576,2,21589,0,988,4299,16151,0,0,0,0,26878,37717,13888,3049,-85,0,-504,0,-498,0,9,445,338,0,0,0,0,-44,-157,-41,72,100.0,0.0,50.5,0.0,53.0,0.0,2.4,10.5,39.6,0.0,0.0,0.0,0.0,65.9,92.5,34.1,7.5,31,0,4,.,18,0,5,.,6,0,0,0,0,22,15,24.2,77.8,39.8,87.4,23.8,77.8,38.6,87.4,(CONTRACTS OF EUR 125,000),299741,CME ,099 ,F10,FutOnly
EURO FX/BRITISH POUND XRATE - CHICAGO MERCANTILE EXCHANGE,250819,2025-08-19,299741,CME,00,099,40851,0,21080,2,22087,0,979,3854,15813,0,0,0,0,26922,37874,13929,2977,325,0,64,0,221,0,0,7,-169,0,0,0,0,228,-105,97,430,100.0,0.0,51.6,0.0,54.1,0.0,2.4,9.4,38.7,0.0,0.0,0.0,0.0,65.9,92.7,34.1,7.3,32,0,5,.,18,0,5,.,6,0,0,0,0,22,16,23.7,77.1,39.5,86.4,23.3,77.1,38.2,86.4,(CONTRACTS OF EUR 125,000),299741,CME ,099 ,F10,FutOnly
EURO FX/BRITISH POUND XRATE - CHICAGO MERCANTILE EXCHANGE,250812,2025-08-12,299741,CME,00,099,40526,0,21016,2,21866,0,979,3847,15982,0,0,0,0,26694,37979,13832,2547,1810,0,-21,-1,1082,0,-21,750,2221,0,0,0,0,1810,2178,0,-368,100.0,0.0,51.9,0.0,54.0,0.0,2.4,9.5,39.4,0.0,0.0,0.0,0.0,65.9,93.7,34.1,6.3,33,0,5,.,18,0,5,.,7,0,0,0,0,22,17,24.1,77.0,40.2,86.5,23.7,77.0,39.0,86.5,(CONTRACTS OF EUR 125,000),299741,CME ,099 ,F10,FutOnly
EURO FX/BRITISH POUND XRATE - CHICAGO MERCANTILE EXCHANGE,250805,2025-08-05,299741,CME,00,099,38716,0,21037,3,20784,0,1000,3097,13761,0,0,0,0,24884,35801,13832,2915,-830,0,-124,0,-860,0,113,647,-515,0,0,0,0,-100,-526,-730,-304,100.0,0.0,54.3,0.0,53.7,0.0,2.6,8.0,35.5,0.0,0.0,0.0,0.0,64.3,92.5,35.7,7.5,32,0,5,.,18,0,5,.,6,0,0,0,0,22,16,23.9,76.8,40.0,86.0,23.0,76.8,38.8,86.0,(CONTRACTS OF EUR 125,000),299741,CME ,099 ,F10,FutOnly
EURO FX/BRITISH POUND XRATE - CHICAGO MERCANTILE EXCHANGE,250729,2025-07-29,299741,CME,00,099,39546,0,21161,3,21644,0,887,2450,14276,0,0,0,0,24984,36327,14562,3219,959,0,300,1,584,0,-111,154,457,0,0,0,0,628,647,331,312,100.0,0.0,53.5,0.0,54.7,0.0,2.2,6.2,36.1,0.0,0.0,0.0,0.0,63.2,91.9,36.8,8.1,32,0,5,.,19,0,5,.,6,0,0,0,0,22,16,24.8,76.6,40.5,85.8,24.0,76.6,39.3,85.8,(CONTRACTS OF EUR 125,000),299741,CME ,099 ,F10,FutOnly
EURO FX/BRITISH POUND XRATE - CHICAGO MERCANTILE EXCHANGE,250722,2025-07-22,299741,CME,00,099,38587,0,20861,2,21060,0,998,2296,13819,0,0,0,0,24356,35680,14231,2907,3149,0,1743,2,1648,0,-201,993,1789,0,0,0,0,2442,3333,707,-184,100.0,0.0,54.1,0.0,54.6,0.0,2.6,6.0,35.8,0.0,0.0,0.0,0.0,63.1,92.5,36.9,7.5,30,0,4,.,18,0,4,.,6,0,0,0,0,21,14,25.6,78.3,41.6,87.0,24.9,78.3,40.4,87.0,(CONTRACTS OF EUR 125,000),299741,CME ,099 ,F10,FutOnly
EURO FX/BRITISH POUND XRATE - CHICAGO MERCANTILE EXCHANGE,250715,2025-07-15,299741,CME,00,099,35438,0,19118,0,19412,0,1199,1303,12030,0,0,0,0,21914,32347,13524,3091,-3209,0,-1177,0,-2905,0,-55,-97,-1966,0,0,0,0,-3057,-3198,-152,-11,100.0,0.0,53.9,0.0,54.8,0.0,3.4,3.7,33.9,0.0,0.0,0.0,0.0,61.8,91.3,38.2,8.7,27,0,.,0,18,0,5,.,5,0,0,0,0,19,13,25.4,80.4,41.3,87.9,24.8,80.4,39.9,87.9,(CONTRACTS OF EUR 125,000),299741,CME ,099 ,F10,FutOnly
EURO FX/BRITISH POUND XRATE - CHICAGO MERCANTILE EXCHANGE,250708,2025-07-08,299741,CME,00,099,38647,0,20295,0,22317,0,1254,1400,13996,0,0,0,0,24971,35545,13676,3102,1947,0,273,0,1917,0,-90,-30,2170,-2,-453,0,0,1342,2351,605,-404,100.0,0.0,52.5,0.0,57.7,0.0,3.2,3.6,36.2,0.0,0.0,0.0,0.0,64.6,92.0,35.4,8.0,29,0,4,0,18,0,6,.,6,0,0,0,0,19,16,26.4,77.7,43.9,86.2,26.1,77.7,42.2,86.2,(CONTRACTS OF EUR 125,000),299741,CME ,099 ,F10,FutOnly
EURO FX/BRITISH POUND XRATE - CHICAGO MERCANTILE EXCHANGE,250701,2025-07-01,299741,CME,00,099,36700,0,20022,0,20400,0,1344,1430,11826,2,453,0,0,23629,33194,13071,3506,4532,0,489,0,2387,0,13,1430,3740,1,0,0,0,3831,4243,701,289,100.0,0.0,54.6,0.0,55.6,0.0,3.7,3.9,32.2,0.0,1.2,0.0,0.0,64.4,90.4,35.6,9.6,29,0,4,0,18,0,6,.,5,.,.,0,0,21,15,25.3,76.7,41.6,85.4,24.6,76.7,39.8,85.3,(CONTRACTS OF EUR 125,000),299741,CME ,099 ,F10,FutOnly
EURO FX/BRITISH POUND XRATE - CHICAGO MERCANTILE EXCHANGE,250624,2025-06-24,299741,CME,00,099,32168,0,19533,0,18013,0,1331,0,8086,1,453,0,0,19798,28951,12370,3217,63,0,1507,0,389,-3624,30,0,3486,1,0,0,0,420,1400,-357,-1337,100.0,0.0,60.7,0.0,56.0,0.0,4.1,0.0,25.1,0.0,1.4,0.0,0.0,61.5,90.0,38.5,10.0,28,0,5,0,16,0,6,0,6,.,.,0,0,18,17,28.5,72.7,44.8,81.8,27.7,72.7,42.5,81.7,(CONTRACTS OF EUR 125,000),299741,CME ,099 ,F10,FutOnly
EURO FX/BRITISH POUND XRATE - CHICAGO MERCANTILE EXCHANGE,250617,2025-06-17,299741,CME,00,099,32105,0,18026,0,17624,3624,1301,0,4600,0,453,0,0,19378,27551,12727,4554,-536,0,-1201,-73,881,-335,38,-584,2188,-366,0,0,0,-104,251,-432,-787,100.0,0.0,56.1,0.0,54.9,11.3,4.1,0.0,14.3,0.0,1.4,0.0,0.0,60.4,85.8,39.6,14.2,25,0,.,0,16,.,6,0,4,0,.,0,0,17,14,28.6,74.2,44.7,82.1,27.8,74.2,42.3,81.8,(CONTRACTS OF EUR 125,000),299741,CME ,099 ,F10,FutOnly
EURO FX/BRITISH POUND XRATE - CHICAGO MERCANTILE EXCHANGE,250610,2025-06-10,299741,CME,00,099,32641,0,19227,73,16743,3959,1263,584,2412,366,453,0,0,19482,27300,13159,5341,1354,0,-411,73,63,640,0,-436,-491,366,0,0,0,66,177,1288,1177,100.0,0.0,58.9,0.2,51.3,12.1,3.9,1.8,7.4,1.1,1.4,0.0,0.0,59.7,83.6,40.3,16.4,25,0,4,.,14,.,5,.,.,.,.,0,0,18,14,28.4,69.6,44.2,78.6,27.6,69.6,41.7,78.4,(CONTRACTS OF EUR 125,000),299741,CME ,099 ,F10,FutOnly
EURO FX/BRITISH POUND XRATE - CHICAGO MERCANTILE EXCHANGE,250603,2025-06-03,299741,CME,00,099,31287,0,19638,0,16680,3319,1263,1020,2903,0,453,0,0,19416,27123,11871,4164,-2156,-1098,-140,0,-104,-761,0,-278,-747,-898,0,0,0,-2378,-2546,222,390,100.0,0.0,62.8,0.0,53.3,10.6,4.0,3.3,9.3,0.0,1.4,0.0,0.0,62.1,86.7,37.9,13.3,27,0,5,0,14,.,5,.,4,0,.,0,0,17,15,29.4,70.5,45.9,80.0,28.6,70.5,43.4,79.9,(CONTRACTS OF EUR 125,000),299741,CME ,099 ,F10,FutOnly
EURO FX/BRITISH POUND XRATE - CHICAGO MERCANTILE EXCHANGE,250527,2025-05-27,299741,CME,00,099,33443,1098,19778,0,16784,4080,1263,1298,3650,898,453,0,0,21794,29669,11649,3774,1072,50,526,0,8,902,0,771,-895,852,0,0,0,1681,1385,-609,-313,100.0,3.3,59.1,0.0,50.2,12.2,3.8,3.9,10.9,2.7,1.4,0.0,0.0,65.2,88.7,34.8,11.3,30,.,5,0,14,.,5,.,5,.,.,0,0,19,17,27.5,65.0,43.5,78.8,26.7,65.0,41.4,76.2,(CONTRACTS OF EUR 125,000),299741,CME ,099 ,F10,FutOnly
EURO FX/BRITISH POUND XRATE - CHICAGO MERCANTILE EXCHANGE,250520,2025-05-20,299741,CME,00,099,32371,1048,19252,0,16776,3178,1263,527,4545,46,453,0,0,20113,28284,12258,4087,-1124,-76,-975,0,-960,1998,0,-525,-3561,46,27,0,0,-1488,-2492,364,1368,100.0,3.2,59.5,0.0,51.8,9.8,3.9,1.6,14.0,0.1,1.4,0.0,0.0,62.1,87.4,37.9,12.6,28,.,4,0,14,.,5,.,5,.,.,0,0,18,16,28.2,64.4,44.6,78.7,27.4,64.4,42.5,78.5,(CONTRACTS OF EUR 125,000),299741,CME ,099 ,F10,FutOnly
EURO FX/BRITISH POUND XRATE - CHICAGO MERCANTILE EXCHANGE,250513,2025-05-13,299741,CME,00,099,33495,1124,20227,0,17736,1180,1263,1052,8106,0,426,0,0,21601,30776,11894,2719,-2342,651,-377,0,-2174,651,0,-232,-2867,0,0,0,0,-1755,-2593,-587,251,100.0,3.4,60.4,0.0,53.0,3.5,3.8,3.1,24.2,0.0,1.3,0.0,0.0,64.5,91.9,35.5,8.1,31,.,5,0,15,.,5,.,6,0,.,0,0,19,17,27.2,70.0,43.3,82.1,26.4,70.0,41.3,82.1,(CONTRACTS OF EUR 125,000),299741,CME ,099 ,F10,FutOnly
EURO FX/BRITISH POUND XRATE - CHICAGO MERCANTILE EXCHANGE,250506,2025-05-06,299741,CME,00,099,35837,473,20604,0,19910,529,1263,1284,10973,0,426,0,0,23356,33369,12481,2468,155,473,-303,0,1032,529,-14,-1295,-196,0,0,0,0,196,16,-41,139,100.0,1.3,57.5,0.0,55.6,1.5,3.5,3.6,30.6,0.0,1.2,0.0,0.0,65.2,93.1,34.8,6.9,31,.,5,0,15,.,5,.,6,0,.,0,0,19,17,29.1,70.8,46.1,83.8,28.7,70.8,44.0,83.8,(CONTRACTS OF EUR 125,000),299741,CME ,099 ,F10,FutOnly
EURO FX/BRITISH POUND XRATE - CHICAGO MERCANTILE EXCHANGE,250429,2025-04-29,299741,CME,00,099,35682,0,20907,0,18878,0,1277,2579,11169,0,426,0,0,23160,33353,12522,2329,-620,0,-136,0,-32,0,0,-571,-376,0,0,0,0,-603,-512,-17,-108,100.0,0.0,58.6,0.0,52.9,0.0,3.6,7.2,31.3,0.0,1.2,0.0,0.0,64.9,93.5,35.1,6.5,32,0,6,0,16,0,6,.,6,0,.,0,0,20,18,27.7,72.1,43.2,84.5,27.3,72.1,42.2,84.5,(CONTRACTS OF EUR 125,000),299741,CME ,099 ,F10,FutOnly
EURO FX/BRITISH POUND XRATE - CHICAGO MERCANTILE EXCHANGE,250422,2025-04-22,299741,CME,00,099,36302,0,21043,0,18910,0,1277,3150,11545,0,426,0,0,23763,33865,12539,2437,-673,0,-122,0,-555,0,-64,127,-451,0,0,0,0,-492,-637,-181,-36,100.0,0.0,58.0,0.0,52.1,0.0,3.5,8.7,31.8,0.0,1.2,0.0,0.0,65.5,93.3,34.5,6.7,31,0,6,0,16,0,6,.,5,0,.,0,0,20,17,26.8,71.8,43.6,85.4,26.7,71.8,42.7,85.4,(CONTRACTS OF EUR 125,000),299741,CME ,099 ,F10,FutOnly
EURO FX/BRITISH POUND XRATE - CHICAGO MERCANTILE EXCHANGE,250415,2025-04-15,299741,CME,00,099,36975,0,21165,0,19465,0,1341,3023,11996,0,426,0,0,24255,34502,12720,2473,3396,0,2897,0,3006,-3047,-45,713,5392,0,426,0,0,4100,5197,-704,-1801,100.0,0.0,57.2,0.0,52.6,0.0,3.6,8.2,32.4,0.0,1.2,0.0,0.0,65.6,93.3,34.4,6.7,32,0,6,0,17,0,6,.,5,0,.,0,0,21,17,26.3,71.0,42.4,85.4,26.0,71.0,41.5,85.4,(CONTRACTS OF EUR 125,000),299741,CME ,099 ,F10,FutOnly
EURO FX/BRITISH POUND XRATE - CHICAGO MERCANTILE EXCHANGE,250408,2025-04-08,299741,CME,00,099,33579,0,18268,0,16459,3047,1386,2310,6604,0,0,0,0,20155,29305,13424,4274,1186,0,845,0,558,-2291,4,440,3666,0,0,0,0,1002,2224,184,-1038,100.0,0.0,54.4,0.0,49.0,9.1,4.1,6.9,19.7,0.0,0.0,0.0,0.0,60.0,87.3,40.0,12.7,28,0,5,0,16,.,6,.,4,0,0,0,0,18,16,24.8,68.9,39.5,80.0,24.4,68.9,38.3,80.0,(CONTRACTS OF EUR 125,000),299741,CME ,099 ,F10,FutOnly
EURO FX/BRITISH POUND XRATE - CHICAGO MERCANTILE EXCHANGE,250401,2025-04-01,299741,CME,00,099,32393,0,17423,0,15901,5338,1382,1870,2938,0,0,0,0,19153,27081,13240,5312,-101,0,-795,0,-157,1337,2,42,-1295,0,0,0,0,-113,-751,12,650,100.0,0.0,53.8,0.0,49.1,16.5,4.3,5.8,9.1,0.0,0.0,0.0,0.0,59.1,83.6,40.9,16.4,27,0,4,0,15,.,5,.,4,0,0,0,0,17,15,26.1,66.7,40.7,76.5,25.7,66.7,39.6,76.3,(CONTRACTS OF EUR 125,000),299741,CME ,099 ,F10,FutOnly
EURO FX/BRITISH POUND XRATE - CHICAGO MERCANTILE EXCHANGE,250325,2025-03-25,299741,CME,00,099,32494,0,18218,0,16058,4001,1380,1828,4233,0,0,0,0,19266,27832,13228,4662,594,0,1431,0,457,-308,0,-285,-540,0,0,0,0,172,583,422,11,100.0,0.0,56.1,0.0,49.4,12.3,4.2,5.6,13.0,0.0,0.0,0.0,0.0,59.3,85.7,40.7,14.3,29,0,5,0,15,.,5,.,4,0,0,0,0,17,17,26.9,60.7,41.0,74.0,26.5,60.7,39.9,74.0,(CONTRACTS OF EUR 125,000),299741,CME ,099 ,F10,FutOnly
EURO FX/BRITISH POUND XRATE - CHICAGO MERCANTILE EXCHANGE,250318,2025-03-18,299741,CME,00,099,31900,0,16787,0,15601,4309,1380,2113,4773,0,0,0,0,19094,27249,12806,4651,-5411,-1220,1409,-833,292,-257,403,-28,-2420,-296,0,0,0,-1682,-1994,-3729,-3417,100.0,0.0,52.6,0.0,48.9,13.5,4.3,6.6,15.0,0.0,0.0,0.0,0.0,59.9,85.4,40.1,14.6,27,0,.,0,14,.,5,.,5,0,0,0,0,16,16,27.4,62.7,42.8,75.8,27.0,62.7,41.6,75.8,(CONTRACTS OF EUR 125,000),299741,CME ,099 ,F10,FutOnly
EURO FX/BRITISH POUND XRATE - CHICAGO MERCANTILE EXCHANGE,250311,2025-03-11,299741,CME,00,099,37311,1220,15378,833,15309,4566,977,2141,7193,296,0,0,0,20776,29243,16535,8068,3815,0,114,833,-90,-30,-8,298,680,-102,0,0,0,931,1487,2884,2328,100.0,3.3,41.2,2.2,41.0,12.2,2.6,5.7,19.3,0.8,0.0,0.0,0.0,55.7,78.4,44.3,21.6,30,.,4,.,13,.,5,.,7,.,0,0,0,18,19,23.4,52.6,37.5,66.0,23.1,52.6,36.5,64.1,(CONTRACTS OF EUR 125,000),299741,CME ,099 ,F10,FutOnly
EURO FX/BRITISH POUND XRATE - CHICAGO MERCANTILE EXCHANGE,250304,2025-03-04,299741,CME,00,099,33496,1220,15264,0,15399,4596,985,1843,6513,398,0,0,0,19845,27756,13651,5740,-302,0,-345,0,16,-157,0,281,188,-370,0,0,0,-73,-684,-229,382,100.0,3.6,45.6,0.0,46.0,13.7,2.9,5.5,19.4,1.2,0.0,0.0,0.0,59.2,82.9,40.8,17.1,29,.,4,0,13,.,5,.,6,.,0,0,0,17,18,26.2,56.7,40.9,69.4,25.8,56.7,39.9,69.4,(CONTRACTS OF EUR 125,000),299741,CME ,099 ,F10,FutOnly
EURO FX/BRITISH POUND XRATE - CHICAGO MERCANTILE EXCHANGE,250225,2025-02-25,299741,CME,00,099,33798,1220,15609,0,15383,4753,985,1562,6325,768,0,0,0,19918,28440,13880,5358,1039,0,12,0,150,1108,0,984,-500,-55,0,0,0,1079,565,-40,474,100.0,3.6,46.2,0.0,45.5,14.1,2.9,4.6,18.7,2.3,0.0,0.0,0.0,58.9,84.1,41.1,15.9,30,.,4,0,13,.,5,.,7,.,0,0,0,18,19,26.0,55.7,39.8,68.9,25.6,55.7,38.8,68.9,(CONTRACTS OF EUR 125,000),299741,CME ,099 ,F10,FutOnly
EURO FX/BRITISH POUND XRATE - CHICAGO MERCANTILE EXCHANGE,250218,2025-02-18,299741,CME,00,099,32759,1220,15597,0,15233,3645,985,578,6825,823,0,0,0,18839,27875,13920,4884,-267,0,-5,0,-27,-173,0,-641,-548,91,0,0,0,-577,-635,310,368,100.0,3.7,47.6,0.0,46.5,11.1,3.0,1.8,20.8,2.5,0.0,0.0,0.0,57.5,85.1,42.5,14.9,29,.,4,0,13,.,5,.,7,.,0,0,0,17,19,26.5,55.9,40.5,69.0,26.1,55.9,39.3,69.0,(CONTRACTS OF EUR 125,000),299741,CME ,099 ,F10,FutOnly
EURO FX/BRITISH POUND XRATE - CHICAGO MERCANTILE EXCHANGE,250211,2025-02-11,299741,CME,00,099,33026,1220,15602,0,15260,3818,985,1219,7373,732,0,0,0,19416,28510,13610,4516,853,291,51,0,-37,1441,0,128,-306,722,0,0,0,1104,1908,-251,-1055,100.0,3.7,47.2,0.0,46.2,11.6,3.0,3.7,22.3,2.2,0.0,0.0,0.0,58.8,86.3,41.2,13.7,31,.,4,0,13,.,5,.,8,.,0,0,0,19,20,26.5,57.2,40.4,69.8,26.1,57.2,39.1,69.8,(CONTRACTS OF EUR 125,000),299741,CME ,099 ,F10,FutOnly
EURO FX/BRITISH POUND XRATE - CHICAGO MERCANTILE EXCHANGE,250204,2025-02-04,299741,CME,00,099,32173,929,15551,0,15297,2377,985,1091,7679,10,0,0,0,18312,26602,13861,5571,891,0,-31,0,229,335,0,30,-162,0,0,0,0,259,142,632,749,100.0,2.9,48.3,0.0,47.5,7.4,3.1,3.4,23.9,0.0,0.0,0.0,0.0,56.9,82.7,43.1,17.3,28,.,4,0,13,.,5,.,5,.,0,0,0,17,17,27.3,59.4,40.6,72.0,26.9,59.4,39.3,72.0,(CONTRACTS OF EUR 125,000),299741,CME ,099 ,F10,FutOnly
EURO FX/BRITISH POUND XRATE - CHICAGO MERCANTILE EXCHANGE,250128,2025-01-28,299741,CME,00,099,31282,929,15582,0,15068,2042,985,1061,7841,10,0,0,0,18053,26460,13229,4822,-230,-405,355,0,-60,-1833,-3,-313,1910,0,0,0,0,-781,429,551,-659,100.0,3.0,49.8,0.0,48.2,6.5,3.1,3.4,25.1,0.0,0.0,0.0,0.0,57.7,84.6,42.3,15.4,28,.,4,0,13,.,5,.,6,.,0,0,0,17,17,27.6,61.6,41.1,74.1,27.2,61.6,39.8,74.0,(CONTRACTS OF EUR 125,000),299741,CME ,099 ,F10,FutOnly
EURO FX/BRITISH POUND XRATE - CHICAGO MERCANTILE EXCHANGE,250121,2025-01-21,299741,CME,00,099,31512,1334,15227,0,15128,3875,988,1374,5931,10,0,0,0,18834,26031,12678,5481,308,0,-31,0,-91,-921,0,827,1971,0,0,0,0,736,1019,-428,-711,100.0,4.2,48.3,0.0,48.0,12.3,3.1,4.4,18.8,0.0,0.0,0.0,0.0,59.8,82.6,40.2,17.4,28,.,4,0,13,.,5,.,5,.,0,0,0,18,16,27.2,61.7,41.0,73.8,26.8,61.7,39.4,73.8,(CONTRACTS OF EUR 125,000),299741,CME ,099 ,F10,FutOnly
EURO FX/BRITISH POUND XRATE - CHICAGO MERCANTILE EXCHANGE,250114,2025-01-14,299741,CME,00,099,31204,1334,15258,0,15219,4796,988,547,3960,10,0,0,0,18098,25012,13106,6192,70,478,1362,0,-88,-549,-9,-1018,-115,0,0,0,0,-637,689,707,-619,100.0,4.3,48.9,0.0,48.8,15.4,3.2,1.8,12.7,0.0,0.0,0.0,0.0,58.0,80.2,42.0,19.8,27,.,4,0,13,.,5,.,5,.,0,0,0,17,16,27.1,60.2,41.6,71.7,26.7,60.2,40.0,71.7,(CONTRACTS OF EUR 125,000),299741,CME ,099 ,F10,FutOnly
EURO FX/BRITISH POUND XRATE - CHICAGO MERCANTILE EXCHANGE,250107,2025-01-07,299741,CME,00,099,31134,856,13896,0,15307,5345,997,1565,4075,10,0,0,0,18735,24323,12399,6811,401,0,678,0,31,49,0,363,-95,0,0,0,0,394,632,7,-231,100.0,2.7,44.6,0.0,49.2,17.2,3.2,5.0,13.1,0.0,0.0,0.0,0.0,60.2,78.1,39.8,21.9,27,.,.,0,13,.,5,.,5,.,0,0,0,18,15,27.3,61.7,42.1,71.3,26.8,61.7,40.5,71.2,(CONTRACTS OF EUR 125,000),299741,CME ,099 ,F10,FutOnly
EURO FX/JAPANESE YEN XRATE - CHICAGO MERCANTILE EXCHANGE,251230,2025-12-30,399741,CME,00,099,17410,1357,1842,0,4705,11012,141,1365,0,0,0,0,0,7568,12995,9842,4415,-357,0,0,0,139,0,0,-461,0,0,0,-448,0,-322,-448,-35,91,100.0,7.8,10.6,0.0,27.0,63.3,0.8,7.8,0.0,0.0,0.0,0.0,0.0,43.5,74.6,56.5,25.4,20,.,.,0,6,9,4,.,0,0,0,0,0,12,12,26.8,42.1,40.3,64.7,26.8,41.4,40.2,63.9,(CONTRACTS OF EUR 125,000),399741,CME ,099 ,F10,FutOnly
EURO FX/JAPANESE YEN XRATE - CHICAGO MERCANTILE EXCHANGE,251223,2025-12-23,399741,CME,00,099,17767,1357,1842,0,4566,11012,141,1826,0,0,0,448,0,7890,13443,9877,4324,-2281,-367,-125,-1009,-367,-381,0,-790,-1033,-202,0,448,0,-2735,-2302,454,21,100.0,7.6,10.4,0.0,25.7,62.0,0.8,10.3,0.0,0.0,0.0,2.5,0.0,44.4,75.7,55.6,24.3,22,.,.,0,6,9,4,.,0,0,0,.,0,13,13,26.2,41.3,38.9,63.4,26.2,40.6,38.9,62.6,(CONTRACTS OF EUR 125,000),399741,CME ,099 ,F10,FutOnly
EURO FX/JAPANESE YEN XRATE - CHICAGO MERCANTILE EXCHANGE,251216,2025-12-16,399741,CME,00,099,20048,1724,1967,1009,4933,11393,141,2616,1033,202,0,0,0,10625,15745,9423,4303,-330,0,1,-101,64,81,-6,-336,162,202,0,0,0,-177,339,-153,-669,100.0,8.6,9.8,5.0,24.6,56.8,0.7,13.0,5.2,1.0,0.0,0.0,0.0,53.0,78.5,47.0,21.5,24,.,.,.,6,10,4,.,.,.,0,0,0,14,17,28.9,36.7,47.1,56.5,25.1,36.1,42.0,55.8,(CONTRACTS OF EUR 125,000),399741,CME ,099 ,F10,FutOnly
EURO FX/JAPANESE YEN XRATE - CHICAGO MERCANTILE EXCHANGE,251209,2025-12-09,399741,CME,00,099,20378,1724,1966,1110,4869,11312,147,2952,871,0,0,0,0,10802,15406,9576,4972,2186,-98,115,1110,46,493,8,27,245,0,0,0,0,1093,1971,1093,215,100.0,8.5,9.6,5.4,23.9,55.5,0.7,14.5,4.3,0.0,0.0,0.0,0.0,53.0,75.6,47.0,24.4,24,.,.,.,6,10,5,.,.,0,0,0,0,15,16,28.2,36.2,46.0,55.7,24.2,35.5,40.6,55.1,(CONTRACTS OF EUR 125,000),399741,CME ,099 ,F10,FutOnly
EURO FX/JAPANESE YEN XRATE - CHICAGO MERCANTILE EXCHANGE,251202,2025-12-02,399741,CME,00,099,18192,1822,1851,0,4823,10819,139,2925,626,0,0,0,0,9709,13435,8483,4757,178,-199,793,0,119,-362,0,370,28,0,0,0,0,290,459,-112,-281,100.0,10.0,10.2,0.0,26.5,59.5,0.8,16.1,3.4,0.0,0.0,0.0,0.0,53.4,73.9,46.6,26.1,23,.,.,0,6,9,4,.,.,0,0,0,0,14,13,27.0,40.5,45.7,61.2,27.0,39.8,45.7,60.4,(CONTRACTS OF EUR 125,000),399741,CME ,099 ,F10,FutOnly
EURO FX/JAPANESE YEN XRATE - CHICAGO MERCANTILE EXCHANGE,251125,2025-11-25,399741,CME,00,099,18014,2021,1058,0,4704,11181,139,2555,598,0,0,0,0,9419,12976,8595,5038,-1522,0,-747,0,-192,-2138,0,-714,598,0,0,0,0,-906,-2287,-616,765,100.0,11.2,5.9,0.0,26.1,62.1,0.8,14.2,3.3,0.0,0.0,0.0,0.0,52.3,72.0,47.7,28.0,21,.,.,0,6,9,4,.,.,0,0,0,0,13,12,27.6,40.2,46.7,61.8,27.6,39.5,46.7,61.0,(CONTRACTS OF EUR 125,000),399741,CME ,099 ,F10,FutOnly
EURO FX/JAPANESE YEN XRATE - CHICAGO MERCANTILE EXCHANGE,251118,2025-11-18,399741,CME,00,099,19536,2021,1805,0,4896,13319,139,3269,0,0,0,0,0,10325,15263,9211,4273,242,0,775,0,484,-325,0,-1,0,0,0,0,0,483,450,-241,-208,100.0,10.3,9.2,0.0,25.1,68.2,0.7,16.7,0.0,0.0,0.0,0.0,0.0,52.9,78.1,47.1,21.9,23,.,.,0,6,10,4,.,0,0,0,0,0,14,13,26.2,43.7,45.5,65.6,26.2,43.6,45.5,64.9,(CONTRACTS OF EUR 125,000),399741,CME ,099 ,F10,FutOnly
EURO FX/JAPANESE YEN XRATE - CHICAGO MERCANTILE EXCHANGE,251110,2025-11-10,399741,CME,00,099,19294,2021,1030,0,4412,13644,139,3270,0,0,0,0,0,9842,14813,9452,4481,201,0,-778,0,-75,859,1,695,0,0,0,0,0,621,82,-420,119,100.0,10.5,5.3,0.0,22.9,70.7,0.7,16.9,0.0,0.0,0.0,0.0,0.0,51.0,76.8,49.0,23.2,22,.,.,0,5,10,4,4,0,0,0,0,0,14,12,24.4,44.3,43.4,66.2,24.4,44.2,43.4,65.5,(CONTRACTS OF EUR 125,000),399741,CME ,099 ,F10,FutOnly
EURO FX/JAPANESE YEN XRATE - CHICAGO MERCANTILE EXCHANGE,251104,2025-11-04,399741,CME,00,099,19093,2021,1808,0,4487,12785,138,2575,0,0,0,0,0,9221,14731,9872,4362,-426,0,0,0,43,-40,0,-876,0,0,0,0,0,-833,-40,407,-386,100.0,10.6,9.5,0.0,23.5,67.0,0.7,13.5,0.0,0.0,0.0,0.0,0.0,48.3,77.2,51.7,22.8,21,.,.,0,5,9,4,.,0,0,0,0,0,13,12,23.6,44.7,43.1,66.5,23.6,44.6,43.1,65.8,(CONTRACTS OF EUR 125,000),399741,CME ,099 ,F10,FutOnly
EURO FX/JAPANESE YEN XRATE - CHICAGO MERCANTILE EXCHANGE,251028,2025-10-28,399741,CME,00,099,19519,2021,1808,0,4444,12825,138,3451,0,0,0,0,0,10054,14771,9465,4748,173,-553,2,0,174,111,-61,906,0,0,0,0,0,466,52,-293,121,100.0,10.4,9.3,0.0,22.8,65.7,0.7,17.7,0.0,0.0,0.0,0.0,0.0,51.5,75.7,48.5,24.3,24,.,.,0,6,9,4,5,0,0,0,0,0,16,12,22.7,43.8,39.0,65.3,22.7,43.6,39.0,64.6,(CONTRACTS OF EUR 125,000),399741,CME ,099 ,F10,FutOnly
EURO FX/JAPANESE YEN XRATE - CHICAGO MERCANTILE EXCHANGE,251021,2025-10-21,399741,CME,00,099,19346,2574,1806,0,4270,12714,199,2545,0,0,0,0,0,9588,14719,9758,4627,73,63,0,0,-771,96,-14,-614,0,0,0,0,0,-1336,82,1409,-9,100.0,13.3,9.3,0.0,22.1,65.7,1.0,13.2,0.0,0.0,0.0,0.0,0.0,49.6,76.1,50.4,23.9,23,.,.,0,6,9,4,.,0,0,0,0,0,15,12,22.9,44.2,38.0,65.6,22.9,44.1,38.0,64.6,(CONTRACTS OF EUR 125,000),399741,CME ,099 ,F10,FutOnly
EURO FX/JAPANESE YEN XRATE - CHICAGO MERCANTILE EXCHANGE,251014,2025-10-14,399741,CME,00,099,19273,2511,1806,0,5041,12618,213,3159,0,0,0,0,0,10924,14637,8349,4636,1653,490,783,0,421,1530,-21,1453,0,0,0,0,0,2343,2292,-690,-639,100.0,13.0,9.4,0.0,26.2,65.5,1.1,16.4,0.0,0.0,0.0,0.0,0.0,56.7,75.9,43.3,24.1,26,.,.,0,7,9,4,5,0,0,0,0,0,18,12,23.3,44.3,39.6,65.5,23.3,44.2,39.6,64.4,(CONTRACTS OF EUR 125,000),399741,CME ,099 ,F10,FutOnly
EURO FX/JAPANESE YEN XRATE - CHICAGO MERCANTILE EXCHANGE,251007,2025-10-07,399741,CME,00,099,17620,2021,1023,0,4620,11088,234,1706,0,0,0,0,0,8581,12345,9039,5275,.,.,.,.,.,.,.,.,.,.,.,.,.,.,.,.,.,100.0,11.5,5.8,0.0,26.2,62.9,1.3,9.7,0.0,0.0,0.0,0.0,0.0,48.7,70.1,51.3,29.9,20,.,.,0,6,9,5,.,0,0,0,0,0,14,11,25.9,43.8,42.6,63.5,25.9,43.1,42.6,62.3,(CONTRACTS OF EUR 125,000),399741,CME ,099 ,F10,FutOnly
EURO FX/JAPANESE YEN XRATE - CHICAGO MERCANTILE EXCHANGE,250923,2025-09-23,399741,CME,00,099,16836,2059,534,0,4728,11021,230,1595,0,0,0,0,0,8612,11785,8224,5051,-390,305,0,-551,90,-198,33,622,0,0,0,0,0,499,-716,-889,326,100.0,12.2,3.2,0.0,28.1,65.5,1.4,9.5,0.0,0.0,0.0,0.0,0.0,51.2,70.0,48.8,30.0,20,.,.,0,6,9,5,.,0,0,0,0,0,14,11,26.6,45.4,44.8,63.4,26.6,44.7,44.8,62.1,(CONTRACTS OF EUR 125,000),399741,CME ,099 ,F10,FutOnly
EURO FX/JAPANESE YEN XRATE - CHICAGO MERCANTILE EXCHANGE,250916,2025-09-16,399741,CME,00,099,17226,1754,534,551,4638,11219,197,973,0,0,0,0,0,8113,12501,9113,4725,.,.,.,.,.,.,.,.,.,.,.,.,.,.,.,.,.,100.0,10.2,3.1,3.2,26.9,65.1,1.1,5.6,0.0,0.0,0.0,0.0,0.0,47.1,72.6,52.9,27.4,20,.,.,.,6,9,5,.,0,0,0,0,0,14,12,26.9,45.3,40.9,62.9,25.5,44.8,37.7,61.9,(CONTRACTS OF EUR 125,000),399741,CME ,099 ,F10,FutOnly
EURO FX/JAPANESE YEN XRATE - CHICAGO MERCANTILE EXCHANGE,250826,2025-08-26,399741,CME,00,099,16122,2294,0,0,4123,11377,350,602,0,0,0,0,0,7369,11727,8753,4395,.,.,.,.,.,.,.,.,.,.,.,.,.,.,.,.,.,100.0,14.2,0.0,0.0,25.6,70.6,2.2,3.7,0.0,0.0,0.0,0.0,0.0,45.7,72.7,54.3,27.3,20,.,0,0,6,10,6,.,0,0,0,0,0,14,12,25.9,46.6,39.0,65.1,24.9,46.0,38.0,64.1,(CONTRACTS OF EUR 125,000),399741,CME ,099 ,F10,FutOnly
EURO FX - CHICAGO MERCANTILE EXCHANGE,260818,2026-08-18,099741,CME,00,099,804940,53199,277471,11568,451575,214149,59975,90140,147856,21092,24290,14761,6658,718497,753530,86443,51410,3056,-522,17714,387,744,-11293,2057,3387,503,-7418,1013,1924,-149,-501,3725,3557,-669,100.0,6.6,34.5,1.4,56.1,26.6,7.5,11.2,18.4,2.6,3.0,1.8,0.8,89.3,93.6,10.7,6.4,326,14,17,10,113,47,47,45,53,23,24,13,6,230,182,16.1,39.7,26.0,51.4,14.5,39.5,23.3,50.5,(CONTRACTS OF EUR 125,000),099741,CME ,099 ,F10,FutOnly
EURO FX - CHICAGO MERCANTILE EXCHANGE,260811,2026-08-11,099741,CME,00,099,801884,53721,259757,11181,450831,225442,57918,86753,147353,28510,23277,12837,6807,718998,749805,82886,52079,1975,2471,4029,969,4928,-1199,2951,-8636,-241,-3319,562,914,116,42,4220,1933,-2245,100.0,6.7,32.4,1.4,56.2,28.1,7.2,10.8,18.4,3.6,2.9,1.6,0.8,89.7,93.5,10.3,6.5,322,14,16,9,112,48,48,40,55,24,25,12,7,228,182,16.1,40.2,25.9,50.5,14.4,40.1,23.2,49.5,(CONTRACTS OF EUR 125,000),099741,CME ,099 ,F10,FutOnly
EURO FX - CHICAGO MERCANTILE EXCHANGE,260804,2026-08-04,099741,CME,00,099,799909,51250,255728,10212,445903,226641,54967,95389,147594,31829,22715,11923,6691,718956,745585,80953,54324,-19897,-25424,3538,-575,-3288,-13224,4129,2717,-10276,703,-326,-463,-237,-22301,-16405,2404,-3492,100.0,6.4,32.0,1.3,55.7,28.3,6.9,11.9,18.5,4.0,2.8,1.5,0.8,89.9,93.2,10.1,6.8,319,14,15,9,114,46,46,41,51,25,25,12,7,228,178,15.7,40.4,26.2,51.3,13.9,40.3,23.5,50.1,(CONTRACTS OF EUR 125,000),099741,CME ,099 ,F10,FutOnly
EURO FX - CHICAGO MERCANTILE EXCHANGE,260728,2026-07-28,099741,CME,00,099,819806,76674,252190,10787,449191,239865,50838,92672,157870,31126,23041,12386,6928,741257,761990,78549,57816,19745,24988,-7715,-796,-9203,10398,644,1562,10089,5096,-860,1085,238,21669,19039,-1924,706,100.0,9.4,30.8,1.3,54.8,29.3,6.2,11.3,19.3,3.8,2.8,1.5,0.8,90.4,92.9,9.6,7.1,328,16,13,10,110,50,46,42,56,24,26,15,7,228,187,15.5,40.8,25.8,51.6,13.8,40.6,23.2,50.8,(CONTRACTS OF EUR 125,000),099741,CME ,099 ,F10,FutOnly
EURO FX - CHICAGO MERCANTILE EXCHANGE,260721,2026-07-21,099741,CME,00,099,800061,51686,259905,11583,458394,229467,50194,91110,147781,26030,23901,11301,6690,719588,742951,80473,57110,566,6680,-17269,482,-8315,10074,198,1134,4114,2435,436,384,-108,2942,310,-2376,256,100.0,6.5,32.5,1.4,57.3,28.7,6.3,11.4,18.5,3.3,3.0,1.4,0.8,89.9,92.9,10.1,7.1,326,16,13,10,109,51,44,40,58,24,26,12,7,224,187,16.0,42.2,25.9,52.6,14.2,42.0,23.4,51.5,(CONTRACTS OF EUR 125,000),099741,CME ,099 ,F10,FutOnly
EURO FX - CHICAGO MERCANTILE EXCHANGE,260714,2026-07-14,099741,CME,00,099,799495,45006,277174,11101,466709,219393,49996,89976,143667,23595,23465,10917,6798,716646,742641,82849,56854,4662,1994,-11961,562,-11361,-4759,10036,2516,10746,1195,612,-521,-208,5346,5090,-684,-428,100.0,5.6,34.7,1.4,58.4,27.4,6.3,11.3,18.0,3.0,2.9,1.4,0.9,89.6,92.9,10.4,7.1,327,15,15,9,112,50,45,44,55,23,26,10,6,231,179,15.9,42.5,26.5,52.0,14.1,42.3,24.1,51.2,(CONTRACTS OF EUR 125,000),099741,CME ,099 ,F10,FutOnly
EURO FX - CHICAGO MERCANTILE EXCHANGE,260707,2026-07-07,099741,CME,00,099,794833,43012,289135,10539,478070,224152,39960,87460,132921,22400,22853,11438,7006,711300,737551,83533,57282,4757,3109,-4233,978,7468,8708,1902,-14807,-1990,1476,1934,-2110,-368,1692,4363,3065,394,100.0,5.4,36.4,1.3,60.1,28.2,5.0,11.0,16.7,2.8,2.9,1.4,0.9,89.5,92.8,10.5,7.2,329,16,14,7,111,51,43,46,52,21,28,10,6,228,178,16.1,42.8,26.0,51.9,15.0,42.8,24.8,51.2,(CONTRACTS OF EUR 125,000),099741,CME ,099 ,F10,FutOnly
EURO FX - CHICAGO MERCANTILE EXCHANGE,260630,2026-06-30,099741,CME,00,099,790076,39903,293368,9561,470602,215444,38058,102267,134911,20924,20919,13548,7374,709608,733188,80468,56888,4599,2938,-18927,-368,8309,7881,-2694,-5883,11351,1111,-1582,32,3637,5468,2023,-869,2576,100.0,5.1,37.1,1.2,59.6,27.3,4.8,12.9,17.1,2.6,2.6,1.7,0.9,89.8,92.8,10.2,7.2,341,15,15,6,114,54,47,44,59,26,25,14,6,229,197,16.1,42.6,26.7,51.4,15.0,42.6,25.5,50.7,(CONTRACTS OF EUR 125,000),099741,CME ,099 ,F10,FutOnly
EURO FX - CHICAGO MERCANTILE EXCHANGE,260623,2026-06-23,099741,CME,00,099,785477,36965,312295,9929,462293,207563,40752,108150,123560,19813,22501,13516,3737,704140,731165,81337,54312,-109194,4516,-19122,975,2271,17885,1333,13922,20406,1456,-1295,-266,378,23556,23045,-132750,-132239,100.0,4.7,39.8,1.3,58.9,26.4,5.2,13.8,15.7,2.5,2.9,1.7,0.5,89.6,93.1,10.4,6.9,337,15,15,6,117,51,51,49,52,24,26,12,4,234,188,16.3,42.4,26.9,51.8,15.4,42.3,26.0,51.6,(CONTRACTS OF EUR 125,000),099741,CME ,099 ,F10,FutOnly
EURO FX - CHICAGO MERCANTILE EXCHANGE,260616,2026-06-16,099741,CME,00,099,894671,32449,331417,8954,460022,189678,39419,94228,103154,18357,23796,13782,3359,680584,708120,214087,186551,23164,-35303,-35680,-37987,-2288,8924,1197,2372,-6090,-26295,-1701,-691,-519,-100524,-97141,123688,120305,100.0,3.6,37.0,1.0,51.4,21.2,4.4,10.5,11.5,2.1,2.7,1.5,0.4,76.1,79.1,23.9,20.9,316,15,13,6,118,49,54,41,43,19,24,13,.,224,174,14.3,40.0,22.5,48.0,13.6,40.0,21.8,47.5,(CONTRACTS OF EUR 125,000),099741,CME ,099 ,F10,FutOnly
EURO FX - CHICAGO MERCANTILE EXCHANGE,260609,2026-06-09,099741,CME,00,099,871507,67752,367097,46941,462310,180754,38222,91856,109244,44652,25497,14473,3878,781108,805261,90399,66246,29083,22272,-7854,13451,8232,12597,-301,-17727,11688,-1576,109,78,763,25223,28846,3860,237,100.0,7.8,42.1,5.4,53.0,20.7,4.4,10.5,12.5,5.1,2.9,1.7,0.4,89.6,92.4,10.4,7.6,327,16,14,14,116,47,54,43,49,28,26,15,.,238,188,14.7,48.3,24.5,58.1,14.0,45.8,22.9,53.6,(CONTRACTS OF EUR 125,000),099741,CME ,099 ,F10,FutOnly
EURO FX - CHICAGO MERCANTILE EXCHANGE,260602,2026-06-02,099741,CME,00,099,842424,45480,374951,33490,454078,168157,38523,109583,97556,46228,25388,14395,3115,755885,776415,86539,66009,18200,-797,6565,9863,14962,-1069,-8548,-1402,-6133,5571,993,-1175,-168,20474,4906,-2274,13294,100.0,5.4,44.5,4.0,53.9,20.0,4.6,13.0,11.6,5.5,3.0,1.7,0.4,89.7,92.2,10.3,7.8,321,17,12,15,114,46,54,49,43,26,26,14,.,238,180,14.8,47.7,24.5,58.1,14.0,46.0,22.9,54.7,(CONTRACTS OF EUR 125,000),099741,CME ,099 ,F10,FutOnly
EURO FX - CHICAGO MERCANTILE EXCHANGE,260526,2026-05-26,099741,CME,00,099,824224,46277,368386,23627,439116,169226,47071,110985,103689,40657,24395,15570,3283,735411,771509,88813,52715,-1795,-2655,-8758,2654,-440,437,1428,-10186,-1165,4867,-182,-901,-12,-4526,-1450,2731,-345,100.0,5.6,44.7,2.9,53.3,20.5,5.7,13.5,12.6,4.9,3.0,1.9,0.4,89.2,93.6,10.8,6.4,324,18,11,12,114,45,54,50,45,25,26,15,.,237,180,15.1,47.3,24.1,58.3,14.4,46.2,23.3,55.6,(CONTRACTS OF EUR 125,000),099741,CME ,099 ,F10,FutOnly
EURO FX - CHICAGO MERCANTILE EXCHANGE,260519,2026-05-19,099741,CME,00,099,826019,48932,377144,20973,439556,168789,45643,121171,104854,35790,24577,16471,3295,739937,772959,86082,53060,-3358,-1824,-26830,-1654,-7947,11566,-559,5335,7021,4056,854,-1171,177,-1562,-7394,-1796,4036,100.0,5.9,45.7,2.5,53.2,20.4,5.5,14.7,12.7,4.3,3.0,2.0,0.4,89.6,93.6,10.4,6.4,321,17,11,11,115,44,52,49,40,23,27,17,.,238,171,15.0,48.0,24.0,59.7,14.4,47.2,23.4,57.3,(CONTRACTS OF EUR 125,000),099741,CME ,099 ,F10,FutOnly
EURO FX - CHICAGO MERCANTILE EXCHANGE,260512,2026-05-12,099741,CME,00,099,829377,50756,403974,22627,447503,157223,46202,115836,97833,31734,23723,17642,3118,741499,780353,87878,49024,13435,182,10225,-221,3896,-771,1719,4977,-1180,2666,740,-802,-246,13713,11390,-278,2045,100.0,6.1,48.7,2.7,54.0,19.0,5.6,14.0,11.8,3.8,2.9,2.1,0.4,89.4,94.1,10.6,5.9,316,18,11,11,118,43,52,48,36,21,25,17,.,237,165,15.1,50.0,24.1,61.7,14.6,49.2,23.5,59.9,(CONTRACTS OF EUR 125,000),099741,CME ,099 ,F10,FutOnly
EURO FX - CHICAGO MERCANTILE EXCHANGE,260505,2026-05-05,099741,CME,00,099,815942,50574,393749,22848,443607,157994,44483,110859,99013,29068,22983,18444,3364,727786,768963,88156,46979,14512,1892,-2822,5966,4042,9327,-317,-998,-1250,2221,170,1603,-62,12914,14666,1598,-154,100.0,6.2,48.3,2.8,54.4,19.4,5.5,13.6,12.1,3.6,2.8,2.3,0.4,89.2,94.2,10.8,5.8,309,16,13,10,117,43,53,46,33,19,23,18,.,231,163,15.6,48.9,24.7,60.7,15.0,48.1,23.9,59.0,(CONTRACTS OF EUR 125,000),099741,CME ,099 ,F10,FutOnly
EURO FX - CHICAGO MERCANTILE EXCHANGE,260428,2026-04-28,099741,CME,00,099,801430,48682,396571,16882,439565,148667,44800,111857,100263,26847,22813,16841,3426,714872,754297,86558,47133,10808,2178,-4624,3044,1029,-3478,654,-1402,7321,5492,-130,-458,189,11054,8140,-246,2668,100.0,6.1,49.5,2.1,54.8,18.6,5.6,14.0,12.5,3.3,2.8,2.1,0.4,89.2,94.1,10.8,5.9,310,16,14,8,117,41,53,42,38,23,25,17,4,233,165,15.9,49.9,25.4,61.9,15.4,49.8,24.7,61.1,(CONTRACTS OF EUR 125,000),099741,CME ,099 ,F10,FutOnly
EURO FX - CHICAGO MERCANTILE EXCHANGE,260421,2026-04-21,099741,CME,00,099,790622,46504,401195,13838,438536,152145,44146,113259,92942,21355,22943,17299,3237,703818,746157,86804,44465,1794,-1397,15836,330,3644,-12305,3298,-4435,630,-1911,274,-250,34,-163,5662,1957,-3868,100.0,5.9,50.7,1.8,55.5,19.2,5.6,14.3,11.8,2.7,2.9,2.2,0.4,89.0,94.4,11.0,5.6,313,17,14,7,117,40,52,51,35,26,24,15,4,235,167,16.0,49.7,25.6,61.9,15.5,49.6,25.0,61.5,(CONTRACTS OF EUR 125,000),099741,CME ,099 ,F10,FutOnly
EURO FX - CHICAGO MERCANTILE EXCHANGE,260414,2026-04-14,099741,CME,00,099,788828,47901,385359,13508,434892,164450,40848,117694,92312,23266,22669,17549,3203,703981,740495,84847,48333,13785,-4762,29268,1201,1697,-10695,3589,13032,-11468,-2804,1960,645,63,13976,9799,-191,3986,100.0,6.1,48.9,1.7,55.1,20.8,5.2,14.9,11.7,2.9,2.9,2.2,0.4,89.2,93.9,10.8,6.1,309,16,15,6,115,42,52,46,35,24,25,15,4,229,166,16.1,47.3,26.3,59.4,15.6,47.2,25.7,59.2,(CONTRACTS OF EUR 125,000),099741,CME ,099 ,F10,FutOnly
EURO FX - CHICAGO MERCANTILE EXCHANGE,260407,2026-04-07,099741,CME,00,099,775043,52663,356091,12307,433195,175145,37259,104662,103780,26070,20709,16904,3140,690005,730696,85038,44347,806,4120,-1863,-220,1949,8316,-1721,-1629,1436,-3786,168,926,176,-943,3264,1749,-2458,100.0,6.8,45.9,1.6,55.9,22.6,4.8,13.5,13.4,3.4,2.7,2.2,0.4,89.0,94.3,11.0,5.7,302,19,13,7,113,44,50,46,31,23,22,14,4,225,161,16.4,48.4,25.7,59.3,15.7,48.2,25.0,58.4,(CONTRACTS OF EUR 125,000),099741,CME ,099 ,F10,FutOnly
EURO FX - CHICAGO MERCANTILE EXCHANGE,260331,2026-03-31,099741,CME,00,099,774237,48543,357954,12527,431246,166829,38980,106291,102344,29856,20541,15978,2964,690948,727432,83289,46805,9546,8548,821,7185,-15127,8396,1806,8306,-9179,444,-96,598,163,11229,10234,-1683,-688,100.0,6.3,46.2,1.6,55.7,21.5,5.0,13.7,13.2,3.9,2.7,2.1,0.4,89.2,94.0,10.8,6.0,309,19,13,7,114,44,51,44,39,25,23,13,.,230,165,16.2,48.7,26.0,59.1,15.5,48.5,25.3,57.7,(CONTRACTS OF EUR 125,000),099741,CME ,099 ,F10,FutOnly
EURO FX - CHICAGO MERCANTILE EXCHANGE,260324,2026-03-24,099741,CME,00,099,764691,39995,357133,5342,446373,158433,37174,97985,111523,29412,20637,15380,2801,679719,717198,84972,47493,8902,10393,-2885,2766,-5807,791,-1707,-8933,-2347,12368,661,933,-89,9652,9830,-750,-928,100.0,5.2,46.7,0.7,58.4,20.7,4.9,12.8,14.6,3.8,2.7,2.0,0.4,88.9,93.8,11.1,6.2,309,19,12,8,114,45,46,40,41,18,25,13,.,220,164,16.9,49.8,27.3,60.4,16.2,49.3,26.0,59.8,(CONTRACTS OF EUR 125,000),099741,CME ,099 ,F10,FutOnly
EURO FX - CHICAGO MERCANTILE EXCHANGE,260317,2026-03-17,099741,CME,00,099,755789,29602,360018,2576,452180,157642,38881,106918,113870,17044,19976,14447,2890,670067,707368,85722,48421,-213585,-33140,-121302,-72135,-57568,14193,1997,1326,13509,-44158,-273,971,-1133,-205084,-208058,-8501,-5527,100.0,3.9,47.6,0.3,59.8,20.9,5.1,14.1,15.1,2.3,2.6,1.9,0.4,88.7,93.6,11.3,6.4,313,18,12,6,117,45,49,42,42,19,24,13,.,226,164,17.1,49.5,27.6,60.1,16.4,49.2,26.6,59.7,(CONTRACTS OF EUR 125,000),099741,CME ,099 ,F10,FutOnly
EURO FX - CHICAGO MERCANTILE EXCHANGE,260310,2026-03-10,099741,CME,00,099,969374,62742,481320,74711,509748,143449,36884,105592,100361,61202,20249,13476,4023,875151,915426,94223,53948,56085,6311,-29791,51875,-9696,-5723,1605,-22851,1550,25635,114,22,795,53788,45968,2297,10117,100.0,6.5,49.7,7.7,52.6,14.8,3.8,10.9,10.4,6.3,2.1,1.4,0.4,90.3,94.4,9.7,5.6,306,18,10,14,114,42,52,47,40,26,23,12,4,232,170,16.4,48.2,28.1,62.6,15.3,48.2,25.4,57.8,(CONTRACTS OF EUR 125,000),099741,CME ,099 ,F10,FutOnly
EURO FX - CHICAGO MERCANTILE EXCHANGE,260303,2026-03-03,099741,CME,00,099,913289,56431,511111,22836,519444,149172,35279,128443,98811,35567,20135,13454,3228,821363,869458,91926,43831,2002,1069,-44010,-481,-14258,10771,-164,7479,14644,16281,-6393,540,-121,3412,-2540,-1410,4542,100.0,6.2,56.0,2.5,56.9,16.3,3.9,14.1,10.8,3.9,2.2,1.5,0.4,89.9,95.2,10.1,4.8,315,18,11,10,119,39,48,54,39,22,22,13,.,242,156,17.6,54.8,29.3,65.9,17.0,53.6,28.4,64.1,(CONTRACTS OF EUR 125,000),099741,CME ,099 ,F10,FutOnly
EURO FX - CHICAGO MERCANTILE EXCHANGE,260224,2026-02-24,099741,CME,00,099,911287,55362,555121,23317,533702,138401,35443,120964,84167,19286,26528,12914,3349,817951,871998,93336,39289,-5526,756,-24409,17105,-15550,2862,-197,-5538,1214,3186,-2042,-1191,91,-2189,-1339,-3337,-4187,100.0,6.1,60.9,2.6,58.6,15.2,3.9,13.3,9.2,2.1,2.9,1.4,0.4,89.8,95.7,10.2,4.3,319,17,13,12,123,36,45,52,37,18,29,11,.,248,149,18.5,58.5,29.4,70.2,17.8,57.7,28.5,68.4,(CONTRACTS OF EUR 125,000),099741,CME ,099 ,F10,FutOnly
EURO FX - CHICAGO MERCANTILE EXCHANGE,260217,2026-02-17,099741,CME,00,099,916813,54606,579530,6212,549252,135539,35640,126502,82953,16100,28570,14105,3258,820140,873337,96673,43476,-9460,-1294,-6505,-233,2653,-522,258,-6191,464,-6898,-13,-559,-40,-11758,-14035,2298,4575,100.0,6.0,63.2,0.7,59.9,14.8,3.9,13.8,9.0,1.8,3.1,1.5,0.4,89.5,95.3,10.5,4.7,329,16,13,10,127,33,44,57,39,20,31,13,.,255,151,18.2,58.8,28.9,70.7,17.5,58.8,28.0,70.6,(CONTRACTS OF EUR 125,000),099741,CME ,099 ,F10,FutOnly
EURO FX - CHICAGO MERCANTILE EXCHANGE,260210,2026-02-10,099741,CME,00,099,926273,55900,586035,6445,546599,136061,35382,132693,82489,22998,28583,14664,3298,831898,887372,94375,38901,15809,-177,15931,414,7152,1053,749,8926,777,-3162,873,-693,-160,14615,14909,1194,900,100.0,6.0,63.3,0.7,59.0,14.7,3.8,14.3,8.9,2.5,3.1,1.6,0.4,89.8,95.8,10.2,4.2,331,17,12,11,127,34,43,61,37,21,31,12,.,264,145,18.0,58.2,28.6,70.3,17.3,58.2,27.6,70.3,(CONTRACTS OF EUR 125,000),099741,CME ,099 ,F10,FutOnly
EURO FX - CHICAGO MERCANTILE EXCHANGE,260203,2026-02-03,099741,CME,00,099,910464,56077,570104,6031,539447,135008,34633,123767,81712,26160,27710,15357,3458,817283,872463,93181,38001,-8820,-1516,21987,634,-11111,-12020,396,8344,-7350,-4183,-466,-1656,17,-7885,-2175,-935,-6645,100.0,6.2,62.6,0.7,59.2,14.8,3.8,13.6,9.0,2.9,3.0,1.7,0.4,89.8,95.8,10.2,4.2,331,17,11,11,127,35,44,63,34,22,30,14,.,265,146,17.3,57.4,27.9,69.9,16.5,57.4,26.8,69.8,(CONTRACTS OF EUR 125,000),099741,CME ,099 ,F10,FutOnly
EURO FX - CHICAGO MERCANTILE EXCHANGE,260127,2026-01-27,099741,CME,00,099,919284,57593,548117,5397,550558,147028,34237,115423,89062,30343,28176,17013,3441,825168,874638,94116,44646,38336,-3501,35751,2047,6604,-5722,552,15350,-775,10157,6335,1103,-383,37161,42730,1175,-4394,100.0,6.3,59.6,0.6,59.9,16.0,3.7,12.6,9.7,3.3,3.1,1.9,0.4,89.8,95.1,10.2,4.9,334,15,12,10,127,32,45,61,38,22,32,17,5,267,149,17.1,53.5,27.8,67.7,16.4,53.4,26.8,67.5,(CONTRACTS OF EUR 125,000),099741,CME ,099 ,F10,FutOnly
EURO FX - CHICAGO MERCANTILE EXCHANGE,260120,2026-01-20,099741,CME,00,099,880948,61094,512366,3350,543954,152750,33685,100073,89837,20186,21841,15910,3824,788007,831908,92941,49040,-2724,8689,-24613,-685,-11163,1749,-615,-3548,11608,3678,-521,1503,80,-4085,-7295,1361,4571,100.0,6.9,58.2,0.4,61.7,17.3,3.8,11.4,10.2,2.3,2.5,1.8,0.4,89.4,94.4,10.6,5.6,317,14,11,8,121,36,43,53,42,21,24,16,.,242,150,18.2,53.1,29.4,66.7,17.5,53.1,28.4,66.6,(CONTRACTS OF EUR 125,000),099741,CME ,099 ,F10,FutOnly
EURO FX - CHICAGO MERCANTILE EXCHANGE,260113,2026-01-13,099741,CME,00,099,883672,52405,536979,4035,555117,151001,34300,103621,78229,16508,22362,14407,3744,792092,839203,91580,44469,1857,7246,-19193,231,11451,6022,1257,-15949,9259,916,-1218,-454,250,4184,-1712,-2327,3569,100.0,5.9,60.8,0.5,62.8,17.1,3.9,11.7,8.9,1.9,2.5,1.6,0.4,89.6,95.0,10.4,5.0,306,14,11,9,124,35,42,48,38,21,24,12,.,240,141,18.4,54.9,29.3,69.0,17.7,54.9,28.3,68.8,(CONTRACTS OF EUR 125,000),099741,CME ,099 ,F10,FutOnly
EURO FX - CHICAGO MERCANTILE EXCHANGE,260106,2026-01-06,099741,CME,00,099,881815,45159,556172,3804,543666,144979,33043,119570,68970,15592,23580,14861,3494,787908,840915,93907,40900,12646,5088,8785,-21,6328,-915,74,-1889,173,2325,-475,-145,-19,11411,10257,1235,2389,100.0,5.1,63.1,0.4,61.7,16.4,3.7,13.6,7.8,1.8,2.7,1.7,0.4,89.4,95.4,10.6,4.6,308,13,14,9,124,34,42,51,34,26,25,13,.,243,144,16.6,54.9,26.2,69.8,16.0,54.9,25.2,69.6,(CONTRACTS OF EUR 125,000),099741,CME ,099 ,F10,FutOnly
EURO FX/BRITISH POUND XRATE - CHICAGO MERCANTILE EXCHANGE,260818,2026-08-18,299741,CME,00,099,40347,447,25207,0,21162,5323,1143,3466,2852,385,0,0,0,26603,34910,13744,5437,533,447,14,0,-104,504,0,440,-8,370,0,0,0,1153,880,-620,-347,100.0,1.1,62.5,0.0,52.4,13.2,2.8,8.6,7.1,1.0,0.0,0.0,0.0,65.9,86.5,34.1,13.5,33,.,4,0,17,.,4,4,4,.,0,0,0,23,17,25.5,71.7,40.4,81.4,25.0,71.7,39.3,80.6,(CONTRACTS OF EUR 125,000),299741,CME ,099 ,F10,FutOnly
EURO FX/BRITISH POUND XRATE - CHICAGO MERCANTILE EXCHANGE,260811,2026-08-11,299741,CME,00,099,39814,0,25193,0,21266,4819,1143,3026,2860,15,0,0,0,25450,34030,14364,5784,-282,-627,66,0,964,-74,0,-734,-142,2,0,0,0,-395,-148,113,-134,100.0,0.0,63.3,0.0,53.4,12.1,2.9,7.6,7.2,0.0,0.0,0.0,0.0,63.9,85.5,36.1,14.5,30,0,4,0,17,.,4,.,.,.,0,0,0,20,16,25.9,71.4,41.1,81.2,25.4,71.4,39.9,80.3,(CONTRACTS OF EUR 125,000),299741,CME ,099 ,F10,FutOnly
EURO FX/BRITISH POUND XRATE - CHICAGO MERCANTILE EXCHANGE,260804,2026-08-04,299741,CME,00,099,40096,627,25127,0,20302,4893,1143,3760,3002,13,0,0,0,25845,34178,14251,5918,318,75,29,0,28,171,0,247,-58,3,0,0,0,353,145,-35,173,100.0,1.6,62.7,0.0,50.6,12.2,2.9,9.4,7.5,0.0,0.0,0.0,0.0,64.5,85.2,35.5,14.8,31,.,4,0,16,.,4,4,.,.,0,0,0,21,16,24.3,71.1,39.3,81.0,23.9,71.1,38.2,80.2,(CONTRACTS OF EUR 125,000),299741,CME ,099 ,F10,FutOnly
EURO FX/BRITISH POUND XRATE - CHICAGO MERCANTILE EXCHANGE,260728,2026-07-28,299741,CME,00,099,39778,552,25098,0,20274,4722,1143,3513,3060,10,0,0,0,25492,34033,14286,5745,753,552,419,0,24,756,0,634,27,0,0,0,0,1210,1202,-457,-449,100.0,1.4,63.1,0.0,51.0,11.9,2.9,8.8,7.7,0.0,0.0,0.0,0.0,64.1,85.6,35.9,14.4,30,.,4,0,16,.,4,.,.,.,0,0,0,20,15,24.6,71.2,40.7,81.3,24.1,71.2,39.6,80.6,(CONTRACTS OF EUR 125,000),299741,CME ,099 ,F10,FutOnly
EURO FX/BRITISH POUND XRATE - CHICAGO MERCANTILE EXCHANGE,260721,2026-07-21,299741,CME,00,099,39025,0,24679,0,20250,3966,1143,2879,3033,10,0,0,0,24282,32831,14743,6194,427,-414,-25,0,13,532,0,448,44,0,0,0,0,47,551,380,-124,100.0,0.0,63.2,0.0,51.9,10.2,2.9,7.4,7.8,0.0,0.0,0.0,0.0,62.2,84.1,37.8,15.9,27,0,.,0,16,.,4,.,.,.,0,0,0,18,14,25.1,70.6,41.4,80.9,24.6,70.6,40.3,80.1,(CONTRACTS OF EUR 125,000),299741,CME ,099 ,F10,FutOnly
EURO FX/BRITISH POUND XRATE - CHICAGO MERCANTILE EXCHANGE,260714,2026-07-14,299741,CME,00,099,38598,414,24704,0,20237,3434,1143,2431,2989,10,0,0,0,24235,32280,14363,6318,196,-470,2,0,506,271,0,-45,45,0,0,0,0,-9,318,205,-122,100.0,1.1,64.0,0.0,52.4,8.9,3.0,6.3,7.7,0.0,0.0,0.0,0.0,62.8,83.6,37.2,16.4,27,.,.,0,16,.,4,.,.,.,0,0,0,19,13,25.4,71.2,40.8,81.5,24.9,71.2,39.6,80.6,(CONTRACTS OF EUR 125,000),299741,CME ,099 ,F10,FutOnly
EURO FX/BRITISH POUND XRATE - CHICAGO MERCANTILE EXCHANGE,260707,2026-07-07,299741,CME,00,099,38402,884,24702,0,19731,3163,1143,2476,2944,10,0,0,0,24244,31962,14158,6440,1645,884,-598,0,241,1339,0,-161,58,10,0,0,0,974,809,671,836,100.0,2.3,64.3,0.0,51.4,8.2,3.0,6.4,7.7,0.0,0.0,0.0,0.0,63.1,83.2,36.9,16.8,26,.,.,0,15,.,4,.,.,.,0,0,0,18,13,25.5,71.6,41.0,81.1,25.0,71.6,39.8,80.2,(CONTRACTS OF EUR 125,000),299741,CME ,099 ,F10,FutOnly
EURO FX/BRITISH POUND XRATE - CHICAGO MERCANTILE EXCHANGE,260630,2026-06-30,299741,CME,00,099,36757,0,25300,0,19490,1824,1143,2637,2886,0,0,0,0,23270,31153,13487,5604,251,0,601,0,21,1824,4,120,-1938,0,0,0,0,145,491,106,-240,100.0,0.0,68.8,0.0,53.0,5.0,3.1,7.2,7.9,0.0,0.0,0.0,0.0,63.3,84.8,36.7,15.2,26,0,4,0,15,.,4,.,4,0,0,0,0,17,13,26.2,74.0,42.7,81.4,25.6,74.0,41.5,80.5,(CONTRACTS OF EUR 125,000),299741,CME ,099 ,F10,FutOnly
EURO FX/BRITISH POUND XRATE - CHICAGO MERCANTILE EXCHANGE,260623,2026-06-23,299741,CME,00,099,36506,0,24699,0,19469,0,1139,2517,4824,0,0,0,0,23125,30662,13381,5844,-4707,0,-9,0,-52,0,-5,469,204,0,0,0,0,412,190,-5119,-4897,100.0,0.0,67.7,0.0,53.3,0.0,3.1,6.9,13.2,0.0,0.0,0.0,0.0,63.3,84.0,36.7,16.0,25,0,.,0,15,0,4,.,5,0,0,0,0,17,12,26.3,74.3,42.6,81.8,25.6,74.3,41.4,80.9,(CONTRACTS OF EUR 125,000),299741,CME ,099 ,F10,FutOnly
EURO FX/BRITISH POUND XRATE - CHICAGO MERCANTILE EXCHANGE,260616,2026-06-16,299741,CME,00,099,41213,0,24708,0,19521,0,1144,2048,4620,0,0,0,0,22713,30472,18500,10741,2733,-484,-2568,0,39,0,11,-825,1192,-271,0,0,0,-1530,-1636,4263,4369,100.0,0.0,60.0,0.0,47.4,0.0,2.8,5.0,11.2,0.0,0.0,0.0,0.0,55.1,73.9,44.9,26.1,25,0,.,0,15,0,4,.,5,0,0,0,0,17,12,23.2,64.3,37.5,71.9,22.5,64.3,36.2,71.2,(CONTRACTS OF EUR 125,000),299741,CME ,099 ,F10,FutOnly
EURO FX/BRITISH POUND XRATE - CHICAGO MERCANTILE EXCHANGE,260609,2026-06-09,299741,CME,00,099,38480,484,27276,0,19482,0,1133,2873,3428,271,0,0,0,24243,32108,14237,6372,1527,0,-311,0,607,0,0,607,49,-59,0,0,0,1155,-321,372,1848,100.0,1.3,70.9,0.0,50.6,0.0,2.9,7.5,8.9,0.7,0.0,0.0,0.0,63.0,83.4,37.0,16.6,26,.,4,0,15,0,4,.,.,.,0,0,0,19,12,24.8,74.7,40.3,82.0,24.1,74.7,39.0,79.8,(CONTRACTS OF EUR 125,000),299741,CME ,099 ,F10,FutOnly
EURO FX/BRITISH POUND XRATE - CHICAGO MERCANTILE EXCHANGE,260602,2026-06-02,299741,CME,00,099,36953,484,27587,0,18875,0,1133,2266,3379,330,0,0,0,23088,32429,13865,4524,275,0,-135,0,1148,0,-3,287,228,7,0,0,0,1439,97,-1164,178,100.0,1.3,74.7,0.0,51.1,0.0,3.1,6.1,9.1,0.9,0.0,0.0,0.0,62.5,87.8,37.5,12.2,27,.,5,0,14,0,4,.,4,.,0,0,0,18,14,25.9,76.2,42.0,83.6,25.2,76.2,40.5,82.6,(CONTRACTS OF EUR 125,000),299741,CME ,099 ,F10,FutOnly
EURO FX/BRITISH POUND XRATE - CHICAGO MERCANTILE EXCHANGE,260526,2026-05-26,299741,CME,00,099,36678,484,27722,0,17727,0,1136,1979,3151,323,0,0,0,21649,32332,15029,4346,1056,0,745,0,9,0,2,627,423,-30,0,0,0,608,1140,448,-84,100.0,1.3,75.6,0.0,48.3,0.0,3.1,5.4,8.6,0.9,0.0,0.0,0.0,59.0,88.2,41.0,11.8,27,.,5,0,14,0,4,.,5,.,0,0,0,18,14,25.4,77.0,41.8,83.6,24.7,76.7,39.7,82.5,(CONTRACTS OF EUR 125,000),299741,CME ,099 ,F10,FutOnly
EURO FX/BRITISH POUND XRATE - CHICAGO MERCANTILE EXCHANGE,260519,2026-05-19,299741,CME,00,099,35622,484,26977,0,17718,0,1134,1352,2728,353,0,0,0,21041,31192,14581,4430,-528,0,1056,0,307,0,13,-694,-560,0,0,0,0,-374,509,-154,-1037,100.0,1.4,75.7,0.0,49.7,0.0,3.2,3.8,7.7,1.0,0.0,0.0,0.0,59.1,87.6,40.9,12.4,24,.,4,0,14,0,4,.,4,.,0,0,0,17,12,26.1,79.8,42.9,85.6,25.3,79.2,40.8,83.4,(CONTRACTS OF EUR 125,000),299741,CME ,099 ,F10,FutOnly
EURO FX/BRITISH POUND XRATE - CHICAGO MERCANTILE EXCHANGE,260512,2026-05-12,299741,CME,00,099,36150,484,25921,0,17411,0,1121,2046,3288,353,0,0,0,21415,30683,14735,5467,-430,0,239,0,21,0,0,-394,-854,353,0,0,0,-20,-262,-410,-168,100.0,1.3,71.7,0.0,48.2,0.0,3.1,5.7,9.1,1.0,0.0,0.0,0.0,59.2,84.9,40.8,15.1,24,.,.,0,13,0,.,.,5,.,0,0,0,17,11,26.2,77.0,42.9,82.9,25.5,76.3,40.8,80.8,(CONTRACTS OF EUR 125,000),299741,CME ,099 ,F10,FutOnly
EURO FX/BRITISH POUND XRATE - CHICAGO MERCANTILE EXCHANGE,260505,2026-05-05,299741,CME,00,099,36580,484,25682,0,17390,0,1121,2440,4142,0,0,0,0,21435,30945,15145,5635,-413,0,170,0,85,0,-484,261,-1136,-353,0,0,0,-491,-1803,78,1390,100.0,1.3,70.2,0.0,47.5,0.0,3.1,6.7,11.3,0.0,0.0,0.0,0.0,58.6,84.6,41.4,15.4,24,.,.,0,13,0,.,.,5,0,0,0,0,16,11,25.8,76.2,42.2,82.6,25.2,76.2,40.4,81.5,(CONTRACTS OF EUR 125,000),299741,CME ,099 ,F10,FutOnly
EURO FX/BRITISH POUND XRATE - CHICAGO MERCANTILE EXCHANGE,260428,2026-04-28,299741,CME,00,099,36993,484,25512,0,17305,0,1605,2179,5278,353,0,0,0,21926,32748,15067,4245,536,484,59,0,-559,0,483,153,91,353,0,0,0,914,986,-378,-450,100.0,1.3,69.0,0.0,46.8,0.0,4.3,5.9,14.3,1.0,0.0,0.0,0.0,59.3,88.5,40.7,11.5,27,.,.,0,13,0,4,.,7,.,0,0,0,18,14,25.4,76.4,41.7,83.1,24.8,76.4,39.6,82.0,(CONTRACTS OF EUR 125,000),299741,CME ,099 ,F10,FutOnly
EURO FX/BRITISH POUND XRATE - CHICAGO MERCANTILE EXCHANGE,260421,2026-04-21,299741,CME,00,099,36457,0,25453,0,17864,0,1122,2026,5187,0,0,0,0,21012,31762,15445,4695,1530,0,800,0,71,0,0,-84,814,0,0,0,0,-13,1614,1543,-84,100.0,0.0,69.8,0.0,49.0,0.0,3.1,5.6,14.2,0.0,0.0,0.0,0.0,57.6,87.1,42.4,12.9,24,0,.,0,14,0,.,.,5,0,0,0,0,16,11,25.8,78.9,42.4,85.2,25.4,78.9,40.3,84.0,(CONTRACTS OF EUR 125,000),299741,CME ,099 ,F10,FutOnly
EURO FX/BRITISH POUND XRATE - CHICAGO MERCANTILE EXCHANGE,260414,2026-04-14,299741,CME,00,099,34927,0,24653,0,17793,0,1122,2110,4373,0,0,0,0,21025,30148,13902,4779,248,0,615,0,93,-555,0,-228,824,-1,0,0,0,-136,883,384,-635,100.0,0.0,70.6,0.0,50.9,0.0,3.2,6.0,12.5,0.0,0.0,0.0,0.0,60.2,86.3,39.8,13.7,23,0,.,0,14,0,.,.,4,0,0,0,0,16,10,26.9,79.3,44.3,85.5,26.5,79.3,42.1,83.1,(CONTRACTS OF EUR 125,000),299741,CME ,099 ,F10,FutOnly
EURO FX/BRITISH POUND XRATE - CHICAGO MERCANTILE EXCHANGE,260407,2026-04-07,299741,CME,00,099,34679,0,24038,0,17700,555,1122,2338,3549,1,0,0,0,21161,29265,13518,5414,521,0,421,0,42,0,0,539,-447,-356,0,0,0,225,-382,296,903,100.0,0.0,69.3,0.0,51.0,1.6,3.2,6.7,10.2,0.0,0.0,0.0,0.0,61.0,84.4,39.0,15.6,24,0,.,0,14,.,.,.,.,.,0,0,0,18,10,27.0,77.1,44.5,83.6,26.6,77.1,42.2,81.1,(CONTRACTS OF EUR 125,000),299741,CME ,099 ,F10,FutOnly
EURO FX/BRITISH POUND XRATE - CHICAGO MERCANTILE EXCHANGE,260331,2026-03-31,299741,CME,00,099,34158,0,23617,0,17658,555,1122,1799,3996,357,0,0,0,20936,29647,13222,4511,-797,0,1909,0,-561,6,0,-460,-2460,-1,0,0,0,-1022,-546,225,-251,100.0,0.0,69.1,0.0,51.7,1.6,3.3,5.3,11.7,1.0,0.0,0.0,0.0,61.3,86.8,38.7,13.2,25,0,.,0,14,.,.,.,5,.,0,0,0,18,12,27.4,76.1,45.0,83.5,26.9,76.1,42.7,81.7,(CONTRACTS OF EUR 125,000),299741,CME ,099 ,F10,FutOnly
EURO FX/BRITISH POUND XRATE - CHICAGO MERCANTILE EXCHANGE,260324,2026-03-24,299741,CME,00,099,34955,0,21708,0,18219,549,1122,2259,6456,358,0,0,0,21958,30193,12997,4762,-581,0,653,0,-108,549,0,-354,-2081,1,0,0,0,-461,-878,-120,297,100.0,0.0,62.1,0.0,52.1,1.6,3.2,6.5,18.5,1.0,0.0,0.0,0.0,62.8,86.4,37.2,13.6,26,0,.,0,14,.,.,.,6,.,0,0,0,19,13,27.7,74.2,46.3,81.7,27.4,74.2,44.1,80.3,(CONTRACTS OF EUR 125,000),299741,CME ,099 ,F10,FutOnly
EURO FX/BRITISH POUND XRATE - CHICAGO MERCANTILE EXCHANGE,260317,2026-03-17,299741,CME,00,099,35536,0,21055,0,18327,0,1122,2613,8537,357,0,0,0,22419,31071,13117,4465,-4850,0,-7313,-682,-151,0,0,-256,5142,-2165,0,0,0,-3254,-5018,-1596,168,100.0,0.0,59.2,0.0,51.6,0.0,3.2,7.4,24.0,1.0,0.0,0.0,0.0,63.1,87.4,36.9,12.6,24,0,.,0,14,0,.,.,6,.,0,0,0,18,11,27.4,79.3,45.7,85.5,27.1,79.3,43.5,83.3,(CONTRACTS OF EUR 125,000),299741,CME ,099 ,F10,FutOnly
EURO FX/BRITISH POUND XRATE - CHICAGO MERCANTILE EXCHANGE,260310,2026-03-10,299741,CME,00,099,40386,0,28368,682,18478,0,1122,2869,3395,2522,0,0,0,25673,36089,14713,4297,1344,0,-432,682,-926,0,0,-805,-2127,2474,0,0,0,1425,597,-81,747,100.0,0.0,70.2,1.7,45.8,0.0,2.8,7.1,8.4,6.2,0.0,0.0,0.0,63.6,89.4,36.4,10.6,24,0,4,.,14,0,.,.,.,.,0,0,0,19,12,24.5,76.4,42.4,87.6,24.2,74.0,38.7,78.6,(CONTRACTS OF EUR 125,000),299741,CME ,099 ,F10,FutOnly
EURO FX/BRITISH POUND XRATE - CHICAGO MERCANTILE EXCHANGE,260303,2026-03-03,299741,CME,00,099,39042,0,28800,0,19404,0,1122,3674,5522,48,0,0,0,24248,35492,14794,3550,570,0,32,0,116,0,0,-92,1040,48,0,0,0,72,1120,498,-550,100.0,0.0,73.8,0.0,49.7,0.0,2.9,9.4,14.1,0.1,0.0,0.0,0.0,62.1,90.9,37.9,9.1,25,0,.,0,15,0,.,.,4,.,0,0,0,19,11,25.6,81.2,42.6,90.1,25.4,81.2,41.1,87.9,(CONTRACTS OF EUR 125,000),299741,CME ,099 ,F10,FutOnly
EURO FX/BRITISH POUND XRATE - CHICAGO MERCANTILE EXCHANGE,260224,2026-02-24,299741,CME,00,099,38472,0,28768,0,19288,0,1122,3766,4482,0,0,0,0,24176,34372,14296,4100,488,0,269,0,655,0,0,1195,554,-298,-534,0,0,1018,525,-530,-37,100.0,0.0,74.8,0.0,50.1,0.0,2.9,9.8,11.7,0.0,0.0,0.0,0.0,62.8,89.3,37.2,10.7,25,0,.,0,15,0,.,.,4,0,0,0,0,18,10,25.7,80.8,42.5,88.6,25.5,80.8,40.7,86.4,(CONTRACTS OF EUR 125,000),299741,CME ,099 ,F10,FutOnly
EURO FX/BRITISH POUND XRATE - CHICAGO MERCANTILE EXCHANGE,260217,2026-02-17,299741,CME,00,099,37984,0,28499,0,18633,0,1122,2571,3928,298,534,0,0,23158,33847,14826,4137,-241,-418,79,0,-203,0,0,72,-336,16,22,0,0,-511,-241,270,0,100.0,0.0,75.0,0.0,49.1,0.0,3.0,6.8,10.3,0.8,1.4,0.0,0.0,61.0,89.1,39.0,10.9,25,0,.,0,14,0,.,.,5,.,.,0,0,18,11,25.9,81.1,42.9,87.3,25.7,81.1,40.8,85.4,(CONTRACTS OF EUR 125,000),299741,CME ,099 ,F10,FutOnly
EURO FX/BRITISH POUND XRATE - CHICAGO MERCANTILE EXCHANGE,260210,2026-02-10,299741,CME,00,099,38225,418,28420,0,18836,0,1122,2499,4264,282,512,0,0,23669,34088,14556,4137,-326,418,-74,0,-101,0,-1,-875,-93,282,46,0,0,-231,114,-95,-440,100.0,1.1,74.3,0.0,49.3,0.0,2.9,6.5,11.2,0.7,1.3,0.0,0.0,61.9,89.2,38.1,10.8,26,.,.,0,14,0,.,.,5,.,.,0,0,19,11,26.3,80.4,43.2,87.3,26.1,80.4,41.1,85.5,(CONTRACTS OF EUR 125,000),299741,CME ,099 ,F10,FutOnly
EURO FX/BRITISH POUND XRATE - CHICAGO MERCANTILE EXCHANGE,260203,2026-02-03,299741,CME,00,099,38551,0,28494,0,18937,0,1123,3374,4357,0,466,0,0,23900,33974,14651,4577,703,0,253,0,92,0,0,420,-281,0,-76,0,0,436,-28,267,731,100.0,0.0,73.9,0.0,49.1,0.0,2.9,8.8,11.3,0.0,1.2,0.0,0.0,62.0,88.1,38.0,11.9,25,0,.,0,14,0,4,.,4,0,.,0,0,18,11,26.3,79.9,43.0,87.4,26.1,79.9,41.0,85.2,(CONTRACTS OF EUR 125,000),299741,CME ,099 ,F10,FutOnly
EURO FX/BRITISH POUND XRATE - CHICAGO MERCANTILE EXCHANGE,260127,2026-01-27,299741,CME,00,099,37848,0,28241,0,18845,0,1123,2954,4638,0,542,0,0,23464,34002,14384,3846,580,0,11,0,-78,0,174,643,539,0,0,0,0,739,724,-159,-144,100.0,0.0,74.6,0.0,49.8,0.0,3.0,7.8,12.3,0.0,1.4,0.0,0.0,62.0,89.8,38.0,10.2,25,0,.,0,14,0,4,.,4,0,.,0,0,18,11,26.6,80.9,43.5,89.1,26.3,80.9,41.5,86.9,(CONTRACTS OF EUR 125,000),299741,CME ,099 ,F10,FutOnly
EURO FX/BRITISH POUND XRATE - CHICAGO MERCANTILE EXCHANGE,260120,2026-01-20,299741,CME,00,099,37268,0,28230,0,18923,0,949,2311,4099,0,542,0,0,22725,33278,14543,3990,-408,0,15,0,-17,0,-176,-532,-132,0,0,0,0,-725,-293,317,-115,100.0,0.0,75.7,0.0,50.8,0.0,2.5,6.2,11.0,0.0,1.5,0.0,0.0,61.0,89.3,39.0,10.7,23,0,.,0,14,0,4,.,.,0,.,0,0,17,10,27.0,82.6,43.7,89.1,26.8,82.6,42.3,86.7,(CONTRACTS OF EUR 125,000),299741,CME ,099 ,F10,FutOnly
EURO FX/BRITISH POUND XRATE - CHICAGO MERCANTILE EXCHANGE,260113,2026-01-13,299741,CME,00,099,37676,0,28215,0,18940,0,1125,2843,4231,0,542,0,0,23450,33571,14226,4105,-952,0,-466,0,151,0,0,-283,-1099,0,0,0,0,-132,-1565,-820,613,100.0,0.0,74.9,0.0,50.3,0.0,3.0,7.5,11.2,0.0,1.4,0.0,0.0,62.2,89.1,37.8,10.9,24,0,.,0,14,0,4,.,.,0,.,0,0,18,10,26.6,82.1,43.8,88.9,26.4,82.1,41.7,86.1,(CONTRACTS OF EUR 125,000),299741,CME ,099 ,F10,FutOnly
EURO FX/BRITISH POUND XRATE - CHICAGO MERCANTILE EXCHANGE,260106,2026-01-06,299741,CME,00,099,38628,0,28681,0,18789,0,1125,3126,5330,0,542,0,0,23582,35136,15046,3492,-1124,0,-47,0,-1190,0,40,-97,-1203,0,542,0,0,-705,-1210,-419,86,100.0,0.0,74.2,0.0,48.6,0.0,2.9,8.1,13.8,0.0,1.4,0.0,0.0,61.0,91.0,39.0,9.0,28,0,.,0,16,0,4,4,4,0,.,0,0,21,11,20.8,81.8,36.9,90.2,20.1,81.8,35.2,88.0,(CONTRACTS OF EUR 125,000),299741,CME ,099 ,F10,FutOnly
EURO FX/JAPANESE YEN XRATE - CHICAGO MERCANTILE EXCHANGE,260818,2026-08-18,399741,CME,00,099,21477,413,4963,77,9014,11072,289,954,630,0,0,0,0,10747,17031,10730,4446,22,2,-79,0,139,-57,0,-149,109,0,0,0,0,-8,-27,30,49,100.0,1.9,23.1,0.4,42.0,51.6,1.3,4.4,2.9,0.0,0.0,0.0,0.0,50.0,79.3,50.0,20.7,26,.,4,.,8,11,8,.,.,0,0,0,0,16,19,29.6,32.0,44.5,54.9,29.6,31.7,44.3,54.5,(CONTRACTS OF EUR 125,000),399741,CME ,099 ,F10,FutOnly
EURO FX/JAPANESE YEN XRATE - CHICAGO MERCANTILE EXCHANGE,260811,2026-08-11,399741,CME,00,099,21455,411,5042,77,8875,11129,289,1103,521,0,0,0,0,10755,17058,10700,4397,560,0,550,0,1117,8,3,-144,-148,0,0,0,0,976,413,-416,147,100.0,1.9,23.5,0.4,41.4,51.9,1.3,5.1,2.4,0.0,0.0,0.0,0.0,50.1,79.5,49.9,20.5,26,.,4,.,8,11,8,.,.,0,0,0,0,16,19,29.2,32.2,44.6,55.5,29.2,31.9,44.4,55.1,(CONTRACTS OF EUR 125,000),399741,CME ,099 ,F10,FutOnly
EURO FX/JAPANESE YEN XRATE - CHICAGO MERCANTILE EXCHANGE,260804,2026-08-04,399741,CME,00,099,20895,411,4492,77,7758,11121,286,1247,669,0,0,0,0,9779,16645,11116,4250,-672,-2,148,0,-154,-411,-30,-673,18,0,0,0,0,-859,-275,187,-397,100.0,2.0,21.5,0.4,37.1,53.2,1.4,6.0,3.2,0.0,0.0,0.0,0.0,46.8,79.7,53.2,20.3,24,.,.,.,7,11,7,.,.,0,0,0,0,15,17,29.6,33.2,43.2,57.2,29.6,32.8,43.1,56.7,(CONTRACTS OF EUR 125,000),399741,CME ,099 ,F10,FutOnly
EURO FX/JAPANESE YEN XRATE - CHICAGO MERCANTILE EXCHANGE,260728,2026-07-28,399741,CME,00,099,21567,413,4344,77,7912,11532,316,1920,651,0,0,0,0,10638,16920,10929,4647,443,0,239,12,155,485,-19,191,131,0,0,0,0,339,848,104,-405,100.0,1.9,20.1,0.4,36.7,53.5,1.5,8.9,3.0,0.0,0.0,0.0,0.0,49.3,78.5,50.7,21.5,26,.,.,.,8,11,7,.,.,0,0,0,0,17,17,27.6,33.0,41.6,55.9,27.6,32.6,41.5,55.3,(CONTRACTS OF EUR 125,000),399741,CME ,099 ,F10,FutOnly
EURO FX/JAPANESE YEN XRATE - CHICAGO MERCANTILE EXCHANGE,260721,2026-07-21,399741,CME,00,099,21124,413,4105,65,7757,11047,335,1729,520,0,0,0,0,10299,16072,10825,5052,209,413,97,0,-144,6,-8,458,520,0,0,0,0,719,615,-510,-406,100.0,2.0,19.4,0.3,36.7,52.3,1.6,8.2,2.5,0.0,0.0,0.0,0.0,48.8,76.1,51.2,23.9,25,.,.,.,8,10,6,.,.,0,0,0,0,16,16,27.6,33.7,40.7,57.1,27.6,33.0,40.6,55.9,(CONTRACTS OF EUR 125,000),399741,CME ,099 ,F10,FutOnly
EURO FX/JAPANESE YEN XRATE - CHICAGO MERCANTILE EXCHANGE,260714,2026-07-14,399741,CME,00,099,20915,0,4008,65,7901,11041,343,1271,0,0,0,0,0,9580,15457,11335,5458,869,0,760,0,618,93,20,-425,0,0,0,0,0,213,873,656,-4,100.0,0.0,19.2,0.3,37.8,52.8,1.6,6.1,0.0,0.0,0.0,0.0,0.0,45.8,73.9,54.2,26.1,22,0,.,.,8,10,6,.,0,0,0,0,0,14,15,28.5,34.1,41.8,57.7,28.5,33.3,41.7,56.5,(CONTRACTS OF EUR 125,000),399741,CME ,099 ,F10,FutOnly
EURO FX/JAPANESE YEN XRATE - CHICAGO MERCANTILE EXCHANGE,260707,2026-07-07,399741,CME,00,099,20046,0,3248,65,7283,10948,323,1696,0,0,0,0,0,9367,14584,10679,5462,167,0,0,0,24,-207,-20,-11,0,0,0,0,0,-7,-227,174,394,100.0,0.0,16.2,0.3,36.3,54.6,1.6,8.5,0.0,0.0,0.0,0.0,0.0,46.7,72.8,53.3,27.2,21,0,.,.,7,10,5,.,0,0,0,0,0,14,13,30.0,34.9,42.7,59.8,30.0,34.1,42.7,58.5,(CONTRACTS OF EUR 125,000),399741,CME ,099 ,F10,FutOnly
EURO FX/JAPANESE YEN XRATE - CHICAGO MERCANTILE EXCHANGE,260630,2026-06-30,399741,CME,00,099,19879,0,3248,65,7259,11155,343,1707,0,0,0,0,0,9374,14811,10505,5068,-157,0,10,0,-32,-56,0,-93,0,0,0,0,0,-125,-46,-32,-111,100.0,0.0,16.3,0.3,36.5,56.1,1.7,8.6,0.0,0.0,0.0,0.0,0.0,47.2,74.5,52.8,25.5,21,0,.,.,7,10,5,.,0,0,0,0,0,14,13,29.2,35.2,42.9,60.3,29.2,34.3,42.9,59.0,(CONTRACTS OF EUR 125,000),399741,CME ,099 ,F10,FutOnly
EURO FX/JAPANESE YEN XRATE - CHICAGO MERCANTILE EXCHANGE,260623,2026-06-23,399741,CME,00,099,20036,0,3238,65,7291,11211,343,1800,0,0,0,0,0,9499,14857,10537,5179,-5050,-3140,-934,-848,89,35,-12,-107,-2277,-1336,0,0,0,-5354,-5372,304,322,100.0,0.0,16.2,0.3,36.4,56.0,1.7,9.0,0.0,0.0,0.0,0.0,0.0,47.4,74.2,52.6,25.8,21,0,.,.,7,10,5,.,0,0,0,0,0,14,13,30.3,34.9,43.2,59.8,30.3,34.0,43.2,58.4,(CONTRACTS OF EUR 125,000),399741,CME ,099 ,F10,FutOnly
EURO FX/JAPANESE YEN XRATE - CHICAGO MERCANTILE EXCHANGE,260616,2026-06-16,399741,CME,00,099,25086,3140,4172,913,7202,11176,355,1907,2277,1336,0,0,0,14853,20229,10233,4857,-759,44,-247,-44,-275,295,-103,326,808,-286,0,0,0,-338,423,-421,-1182,100.0,12.5,16.6,3.6,28.7,44.6,1.4,7.6,9.1,5.3,0.0,0.0,0.0,59.2,80.6,40.8,19.4,27,.,4,4,7,10,5,.,.,.,0,0,0,19,18,26.9,34.3,46.7,55.1,26.2,28.1,43.0,48.8,(CONTRACTS OF EUR 125,000),399741,CME ,099 ,F10,FutOnly
EURO FX/JAPANESE YEN XRATE - CHICAGO MERCANTILE EXCHANGE,260609,2026-06-09,399741,CME,00,099,25845,3096,4419,957,7477,10881,458,1581,1469,1622,0,0,0,15191,19806,10654,6039,4132,127,599,892,410,36,0,3,114,1607,0,0,0,3039,3248,1093,884,100.0,12.0,17.1,3.7,28.9,42.1,1.8,6.1,5.7,6.3,0.0,0.0,0.0,58.8,76.6,41.2,23.4,27,.,4,.,8,10,6,.,.,.,0,0,0,19,17,26.3,33.5,44.2,53.8,25.3,26.5,40.0,46.6,(CONTRACTS OF EUR 125,000),399741,CME ,099 ,F10,FutOnly
EURO FX/JAPANESE YEN XRATE - CHICAGO MERCANTILE EXCHANGE,260602,2026-06-02,399741,CME,00,099,21713,2969,3820,65,7067,10845,458,1578,1355,15,0,0,0,12152,16558,9561,5155,270,49,-15,0,116,-289,0,152,323,-11,0,0,0,306,8,-36,262,100.0,13.7,17.6,0.3,32.5,49.9,2.1,7.3,6.2,0.1,0.0,0.0,0.0,56.0,76.3,44.0,23.7,26,.,.,.,8,10,6,.,.,.,0,0,0,18,16,29.1,32.1,45.1,55.9,29.1,31.2,45.1,54.8,(CONTRACTS OF EUR 125,000),399741,CME ,099 ,F10,FutOnly
EURO FX/JAPANESE YEN XRATE - CHICAGO MERCANTILE EXCHANGE,260526,2026-05-26,399741,CME,00,099,21443,2920,3835,65,6951,11134,458,1426,1032,26,0,0,0,11846,16550,9597,4893,280,-6,853,0,-62,-418,79,954,58,21,0,0,0,986,593,-706,-313,100.0,13.6,17.9,0.3,32.4,51.9,2.1,6.7,4.8,0.1,0.0,0.0,0.0,55.2,77.2,44.8,22.8,26,.,.,.,8,10,6,.,.,.,0,0,0,18,16,28.7,32.5,44.4,55.6,28.7,31.6,44.4,54.3,(CONTRACTS OF EUR 125,000),399741,CME ,099 ,F10,FutOnly
EURO FX/JAPANESE YEN XRATE - CHICAGO MERCANTILE EXCHANGE,260519,2026-05-19,399741,CME,00,099,21163,2926,2982,65,7013,11552,379,472,974,5,0,0,0,10860,15957,10303,5206,-168,-438,284,0,33,-1162,5,-438,179,0,0,0,0,-838,-694,670,526,100.0,13.8,14.1,0.3,33.1,54.6,1.8,2.2,4.6,0.0,0.0,0.0,0.0,51.3,75.4,48.7,24.6,24,.,.,.,8,9,6,.,.,.,0,0,0,17,15,29.4,33.3,43.1,54.3,29.4,32.4,43.1,52.7,(CONTRACTS OF EUR 125,000),399741,CME ,099 ,F10,FutOnly
EURO FX/JAPANESE YEN XRATE - CHICAGO MERCANTILE EXCHANGE,260512,2026-05-12,399741,CME,00,099,21331,3364,2698,65,6980,12714,374,910,795,5,0,0,0,11698,16651,9633,4680,385,-90,-65,65,474,63,96,-127,109,0,0,0,0,418,268,-33,117,100.0,15.8,12.6,0.3,32.7,59.6,1.8,4.3,3.7,0.0,0.0,0.0,0.0,54.8,78.1,45.2,21.9,26,.,.,.,8,11,7,.,.,.,0,0,0,18,17,31.0,33.2,46.7,55.3,31.0,32.5,46.7,53.8,(CONTRACTS OF EUR 125,000),399741,CME ,099 ,F10,FutOnly
EURO FX/JAPANESE YEN XRATE - CHICAGO MERCANTILE EXCHANGE,260505,2026-05-05,399741,CME,00,099,20946,3454,2763,0,6506,12651,278,1037,686,5,0,0,0,11280,16383,9666,4563,-425,120,0,0,89,-209,0,-496,-317,5,0,0,0,-282,-521,-143,96,100.0,16.5,13.2,0.0,31.1,60.4,1.3,5.0,3.3,0.0,0.0,0.0,0.0,53.9,78.2,46.1,21.8,25,.,.,0,7,11,6,.,.,.,0,0,0,16,16,32.0,33.8,48.1,56.2,32.0,33.1,48.1,55.0,(CONTRACTS OF EUR 125,000),399741,CME ,099 ,F10,FutOnly
EURO FX/JAPANESE YEN XRATE - CHICAGO MERCANTILE EXCHANGE,260428,2026-04-28,399741,CME,00,099,21371,3334,2763,0,6417,12860,278,1533,1003,0,0,0,0,11562,16904,9809,4467,219,126,-71,0,23,476,3,38,120,0,0,0,0,190,528,29,-309,100.0,15.6,12.9,0.0,30.0,60.2,1.3,7.2,4.7,0.0,0.0,0.0,0.0,54.1,79.1,45.9,20.9,27,.,.,0,7,11,6,.,.,0,0,0,0,16,17,30.4,33.2,45.9,55.2,30.4,32.5,45.9,54.0,(CONTRACTS OF EUR 125,000),399741,CME ,099 ,F10,FutOnly
EURO FX/JAPANESE YEN XRATE - CHICAGO MERCANTILE EXCHANGE,260421,2026-04-21,399741,CME,00,099,21152,3208,2834,0,6394,12384,275,1495,883,0,0,0,0,11372,16376,9780,4776,1211,162,661,0,938,-9,4,-3,883,0,0,0,0,1101,1539,110,-328,100.0,15.2,13.4,0.0,30.2,58.5,1.3,7.1,4.2,0.0,0.0,0.0,0.0,53.8,77.4,46.2,22.6,26,.,.,0,7,10,5,.,.,0,0,0,0,15,16,30.0,34.0,45.7,56.2,30.0,33.3,45.7,55.0,(CONTRACTS OF EUR 125,000),399741,CME ,099 ,F10,FutOnly
EURO FX/JAPANESE YEN XRATE - CHICAGO MERCANTILE EXCHANGE,260414,2026-04-14,399741,CME,00,099,19941,3046,2173,0,5456,12393,271,1498,0,0,0,0,0,10271,14837,9670,5104,196,-11,0,0,184,-219,0,42,-427,0,0,0,0,215,-646,-19,842,100.0,15.3,10.9,0.0,27.4,62.1,1.4,7.5,0.0,0.0,0.0,0.0,0.0,51.5,74.4,48.5,25.6,22,.,.,0,6,10,5,.,0,0,0,0,0,14,13,30.8,36.1,45.4,59.7,30.8,35.4,45.4,58.4,(CONTRACTS OF EUR 125,000),399741,CME ,099 ,F10,FutOnly
EURO FX/JAPANESE YEN XRATE - CHICAGO MERCANTILE EXCHANGE,260407,2026-04-07,399741,CME,00,099,19745,3057,2173,0,5272,12612,271,1456,427,0,0,0,0,10056,15483,9689,4262,351,246,0,0,84,-24,36,-115,427,0,0,0,0,251,439,100,-88,100.0,15.5,11.0,0.0,26.7,63.9,1.4,7.4,2.2,0.0,0.0,0.0,0.0,50.9,78.4,49.1,21.6,23,.,.,0,6,10,5,.,.,0,0,0,0,14,14,31.0,37.9,44.9,61.4,31.0,37.2,44.9,60.1,(CONTRACTS OF EUR 125,000),399741,CME ,099 ,F10,FutOnly
EURO FX/JAPANESE YEN XRATE - CHICAGO MERCANTILE EXCHANGE,260331,2026-03-31,399741,CME,00,099,19394,2811,2173,0,5188,12636,235,1571,0,0,0,0,0,9805,15044,9589,4350,164,472,0,0,-50,-149,0,-383,0,-1,0,0,0,38,-150,126,314,100.0,14.5,11.2,0.0,26.8,65.2,1.2,8.1,0.0,0.0,0.0,0.0,0.0,50.6,77.6,49.4,22.4,22,.,.,0,6,10,5,.,0,0,0,0,0,14,13,30.2,38.6,44.5,62.4,30.2,38.0,44.5,61.3,(CONTRACTS OF EUR 125,000),399741,CME ,099 ,F10,FutOnly
EURO FX/JAPANESE YEN XRATE - CHICAGO MERCANTILE EXCHANGE,260324,2026-03-24,399741,CME,00,099,19230,2339,2173,0,5238,12785,235,1954,0,1,0,0,0,9767,15194,9463,4036,-15,424,-116,0,-192,-417,-3,-31,0,1,0,0,0,199,-535,-214,520,100.0,12.2,11.3,0.0,27.2,66.5,1.2,10.2,0.0,0.0,0.0,0.0,0.0,50.8,79.0,49.2,21.0,22,.,.,0,6,10,5,.,0,.,0,0,0,14,14,30.3,39.6,44.6,63.9,30.3,39.0,44.6,62.7,(CONTRACTS OF EUR 125,000),399741,CME ,099 ,F10,FutOnly
EURO FX/JAPANESE YEN XRATE - CHICAGO MERCANTILE EXCHANGE,260317,2026-03-17,399741,CME,00,099,19245,1915,2289,0,5430,13202,238,1985,0,0,0,0,0,9568,15729,9677,3516,-2702,662,-502,-1779,-7,38,-9,-305,0,0,0,0,0,-1438,-2252,-1264,-450,100.0,10.0,11.9,0.0,28.2,68.6,1.2,10.3,0.0,0.0,0.0,0.0,0.0,49.7,81.7,50.3,18.3,24,.,.,0,6,11,6,.,0,0,0,0,0,15,15,30.3,39.5,45.1,64.4,30.3,39.0,45.1,63.2,(CONTRACTS OF EUR 125,000),399741,CME ,099 ,F10,FutOnly
EURO FX/JAPANESE YEN XRATE - CHICAGO MERCANTILE EXCHANGE,260310,2026-03-10,399741,CME,00,099,21947,1253,2791,1779,5437,13164,247,2290,0,0,0,0,0,11006,17981,10941,3966,2293,-2,-17,1774,-1227,-6,-93,185,0,0,0,0,0,637,1658,1656,635,100.0,5.7,12.7,8.1,24.8,60.0,1.1,10.4,0.0,0.0,0.0,0.0,0.0,50.1,81.9,49.9,18.1,24,.,.,.,6,11,7,.,0,0,0,0,0,16,18,27.3,34.2,44.7,55.8,23.7,33.7,38.8,54.8,(CONTRACTS OF EUR 125,000),399741,CME ,099 ,F10,FutOnly
EURO FX/JAPANESE YEN XRATE - CHICAGO MERCANTILE EXCHANGE,260303,2026-03-03,399741,CME,00,099,19654,1255,2808,5,6664,13170,340,2105,0,0,0,0,0,10369,16323,9285,3331,215,-1,263,0,34,-43,83,147,0,-7,0,0,0,256,296,-41,-81,100.0,6.4,14.3,0.0,33.9,67.0,1.7,10.7,0.0,0.0,0.0,0.0,0.0,52.8,83.1,47.2,16.9,24,.,.,.,7,11,8,.,0,0,0,0,0,16,17,28.1,38.0,47.1,62.2,28.0,37.5,47.0,61.1,(CONTRACTS OF EUR 125,000),399741,CME ,099 ,F10,FutOnly
EURO FX/JAPANESE YEN XRATE - CHICAGO MERCANTILE EXCHANGE,260224,2026-02-24,399741,CME,00,099,19439,1256,2545,5,6630,13213,257,1958,0,7,0,0,0,10113,16027,9326,3412,280,0,216,0,337,16,96,-161,0,-2,0,0,0,270,326,10,-46,100.0,6.5,13.1,0.0,34.1,68.0,1.3,10.1,0.0,0.0,0.0,0.0,0.0,52.0,82.4,48.0,17.6,25,.,.,.,7,11,8,.,0,.,0,0,0,17,18,28.1,38.4,44.4,62.6,28.0,38.3,44.3,61.9,(CONTRACTS OF EUR 125,000),399741,CME ,099 ,F10,FutOnly
EURO FX/JAPANESE YEN XRATE - CHICAGO MERCANTILE EXCHANGE,260217,2026-02-17,399741,CME,00,099,19159,1256,2329,5,6293,13197,161,2119,0,9,0,0,0,9843,15701,9316,3458,-260,-496,82,5,-409,-89,3,450,0,-1,0,0,0,-448,0,188,-260,100.0,6.6,12.2,0.0,32.8,68.9,0.8,11.1,0.0,0.0,0.0,0.0,0.0,51.4,82.0,48.6,18.0,24,.,.,.,6,11,7,.,0,.,0,0,0,16,17,28.7,39.2,45.7,63.6,28.6,39.0,45.6,62.9,(CONTRACTS OF EUR 125,000),399741,CME ,099 ,F10,FutOnly
EURO FX/JAPANESE YEN XRATE - CHICAGO MERCANTILE EXCHANGE,260210,2026-02-10,399741,CME,00,099,19419,1752,2247,0,6702,13286,158,1669,0,10,0,0,0,10291,15701,9128,3718,309,0,407,0,623,138,2,-25,0,-4,0,0,0,596,543,-287,-234,100.0,9.0,11.6,0.0,34.5,68.4,0.8,8.6,0.0,0.1,0.0,0.0,0.0,53.0,80.9,47.0,19.1,24,.,.,0,7,10,6,.,0,.,0,0,0,15,16,28.0,39.3,45.1,63.6,27.9,39.1,45.0,62.9,(CONTRACTS OF EUR 125,000),399741,CME ,099 ,F10,FutOnly
EURO FX/JAPANESE YEN XRATE - CHICAGO MERCANTILE EXCHANGE,260203,2026-02-03,399741,CME,00,099,19110,1752,1840,0,6079,13148,156,1694,0,14,0,0,0,9695,15158,9415,3952,27,0,5,0,-1,-353,-8,-549,0,4,0,0,0,-554,-352,581,379,100.0,9.2,9.6,0.0,31.8,68.8,0.8,8.9,0.0,0.1,0.0,0.0,0.0,50.7,79.3,49.3,20.7,22,.,.,0,6,10,6,.,0,.,0,0,0,14,15,27.9,39.6,45.0,64.0,27.9,39.5,44.9,63.3,(CONTRACTS OF EUR 125,000),399741,CME ,099 ,F10,FutOnly
EURO FX/JAPANESE YEN XRATE - CHICAGO MERCANTILE EXCHANGE,260127,2026-01-27,399741,CME,00,099,19083,1752,1835,0,6080,13501,164,2243,0,10,0,0,0,10249,15510,8834,3573,410,3,-8,0,886,1008,91,848,0,10,0,0,0,1838,1101,-1428,-691,100.0,9.2,9.6,0.0,31.9,70.7,0.9,11.8,0.0,0.1,0.0,0.0,0.0,53.7,81.3,46.3,18.7,25,.,.,0,6,11,7,4,0,.,0,0,0,17,16,27.9,39.7,43.6,64.0,27.9,39.5,43.6,63.3,(CONTRACTS OF EUR 125,000),399741,CME ,099 ,F10,FutOnly
EURO FX/JAPANESE YEN XRATE - CHICAGO MERCANTILE EXCHANGE,260120,2026-01-20,399741,CME,00,099,18673,1749,1843,0,5194,12493,73,1395,0,0,0,0,0,8411,14409,10262,4264,883,495,0,0,110,783,0,-142,0,0,0,0,0,463,783,420,100,100.0,9.4,9.9,0.0,27.8,66.9,0.4,7.5,0.0,0.0,0.0,0.0,0.0,45.0,77.2,55.0,22.8,22,.,.,0,6,10,5,.,0,0,0,0,0,13,14,26.0,40.5,39.9,64.3,25.9,40.3,39.9,64.0,(CONTRACTS OF EUR 125,000),399741,CME ,099 ,F10,FutOnly
EURO FX/JAPANESE YEN XRATE - CHICAGO MERCANTILE EXCHANGE,260113,2026-01-13,399741,CME,00,099,17790,1254,1843,0,5084,11710,73,1537,0,0,0,0,0,7948,13626,9842,4164,-86,-105,0,0,290,563,-30,-297,0,0,0,-401,0,-142,132,56,-218,100.0,7.0,10.4,0.0,28.6,65.8,0.4,8.6,0.0,0.0,0.0,0.0,0.0,44.7,76.6,55.3,23.4,21,.,.,0,6,10,5,.,0,0,0,0,0,12,14,26.6,40.8,41.9,64.1,26.6,40.5,41.8,63.8,(CONTRACTS OF EUR 125,000),399741,CME ,099 ,F10,FutOnly
EURO FX/JAPANESE YEN XRATE - CHICAGO MERCANTILE EXCHANGE,260106,2026-01-06,399741,CME,00,099,17876,1359,1843,0,4794,11147,103,1834,0,0,0,401,0,8090,13494,9786,4382,466,2,1,0,89,135,-38,469,0,0,0,401,0,522,499,-56,-33,100.0,7.6,10.3,0.0,26.8,62.4,0.6,10.3,0.0,0.0,0.0,2.2,0.0,45.3,75.5,54.7,24.5,23,.,.,0,7,9,4,.,0,0,0,.,0,14,13,25.8,40.4,37.5,63.6,25.8,39.9,37.5,63.1,(CONTRACTS OF EUR 125,000),399741,CME ,099 ,F10,FutOnly
