Date,DE2Y
2004-09-06,2.64126153598198
2004-09-07,2.679765964552383
2004-09-08,2.706542324596484
2004-09-09,2.646224035851572
2004-09-10,2.5896544665374743
2004-09-13,2.6373725586839014
2004-09-14,2.621713604716833
2004-09-15,2.622747742409313
2004-09-16,2.634831682080543
2004-09-17,2.5916416271145075
2004-09-20,2.5901506606401137
2004-09-21,2.6037028847053394
2004-09-22,2.598986166418969
2004-09-23,2.526792012366617
2004-09-24,2.5781983312527053
2004-09-27,2.557154166079869
2004-09-28,2.5511725906982385
2004-09-29,2.5874234247080072
2004-09-30,2.590240480732285
2004-10-01,2.5682748710823478
2004-10-04,2.599665785972333
2004-10-05,2.575059869191582
2004-10-06,2.571848751177441
2004-10-07,2.5704321512161106
2004-10-08,2.5004617959736075
2004-10-11,2.501395423370252
2004-10-12,2.464857618029357
2004-10-13,2.4839194138875813
2004-10-14,2.4604935616986454
2004-10-15,2.4257162397092125
2004-10-18,2.428403591715432
2004-10-19,2.4425777254671512
2004-10-20,2.404825782000549
2004-10-21,2.4143052758941885
2004-10-22,2.426228753136075
2004-10-25,2.387554405284789
2004-10-26,2.3844537647463846
2004-10-27,2.393978587621939
2004-10-28,2.4674020254194184
2004-10-29,2.451040943684774
2004-11-01,2.430287913996176
2004-11-02,2.45966385815227
2004-11-03,2.4540485039980706
2004-11-04,2.451174265164553
2004-11-05,2.4482303915727126
2004-11-08,2.4475455677543465
2004-11-09,2.474258780690546
2004-11-10,2.45487576591217
2004-11-11,2.4144921094675738
2004-11-12,2.4064515642279933
2004-11-15,2.3953018202515244
2004-11-16,2.4232650567895724
2004-11-17,2.4277388942178075
2004-11-18,2.460379107692045
2004-11-19,2.443384090280291
2004-11-22,2.42049720744298
2004-11-23,2.4150233931963005
2004-11-24,2.387000570174249
2004-11-25,2.362620370782155
2004-11-26,2.3589057537556943
2004-11-29,2.3952941139078447
2004-11-30,2.370680092131093
2004-12-01,2.345243035292864
2004-12-02,2.393519235035368
2004-12-03,2.3661543080239724
2004-12-06,2.3134752880788536
2004-12-07,2.3022423822365403
2004-12-08,2.3292395986898007
2004-12-09,2.298521055723155
2004-12-10,2.3109222611315907
2004-12-13,2.3132426078195287
2004-12-14,2.317042064049497
2004-12-15,2.304307202545816
2004-12-16,2.35695558733028
2004-12-17,2.401153761730096
2004-12-20,2.3656842080398994
2004-12-21,2.4162849602608736
2004-12-22,2.4380285136669704
2004-12-23,2.40586772832376
2004-12-24,2.3894001951210337
2004-12-27,2.422209786688978
2004-12-28,2.398345133554494
2004-12-29,2.482686176462884
2004-12-30,2.4762205761859595
2004-12-31,2.473763721525008
2005-01-03,2.4309607852930823
2005-01-04,2.457144022981635
2005-01-05,2.479968705583551
2005-01-06,2.4155668048432823
2005-01-07,2.390158932480301
2005-01-10,2.386555325789565
2005-01-11,2.407134179574964
2005-01-12,2.411768553660144
2005-01-13,2.365086392470217
2005-01-14,2.379950751064485
2005-01-17,2.36657739120688
2005-01-18,2.3869434193072165
2005-01-19,2.3730141413980546
2005-01-20,2.4029504147397724
2005-01-21,2.39287422223298
2005-01-24,2.368144508767948
2005-01-25,2.3580174857404805
2005-01-26,2.386463401302589
2005-01-27,2.42112603708519
2005-01-28,2.3811468547973917
2005-01-31,2.3886389029077506
2005-02-01,2.385454292700506
2005-02-02,2.395443720900932
2005-02-03,2.420442534389815
2005-02-04,2.3956471444087795
2005-02-07,2.405985498716597
2005-02-08,2.4289237505422268
2005-02-09,2.395258925820005
2005-02-10,2.372003819183633
2005-02-11,2.368921669480821
2005-02-14,2.391610137804591
2005-02-15,2.41304397491706
2005-02-16,2.4061139333315045
2005-02-17,2.447784069697281
2005-02-18,2.473371809622753
2005-02-21,2.4881385898850863
2005-02-22,2.477229484640438
2005-02-23,2.4604092280252887
2005-02-24,2.47305446193277
2005-02-25,2.501777672364917
2005-02-28,2.488799221138912
2005-03-01,2.488387040340822
2005-03-02,2.5008842896834835
2005-03-03,2.472450941470216
2005-03-04,2.433136931145475
2005-03-07,2.4087882794071005
2005-03-08,2.4147726089738843
2005-03-09,2.447206944226165
2005-03-10,2.4411753925968984
2005-03-11,2.4349554663312465
2005-03-14,2.453505404830476
2005-03-15,2.433987333993608
2005-03-16,2.481814874767898
2005-03-17,2.4730280111564467
2005-03-18,2.494143443311308
2005-03-21,2.515168547174176
2005-03-22,2.510639660288008
2005-03-23,2.541144862160325
2005-03-24,2.534214689745226
2005-03-29,2.538591281364856
2005-03-30,2.5253052980800788
2005-03-31,2.471561627792572
2005-04-01,2.420002662425492
2005-04-04,2.4252729229906054
2005-04-05,2.4261631606101983
2005-04-06,2.415184422117401
2005-04-07,2.386420022614072
2005-04-08,2.3832437110822164
2005-04-11,2.3740836701264967
2005-04-12,2.3799338766190083
2005-04-13,2.3691854622503943
2005-04-14,2.371354426813319
2005-04-15,2.3258817112939374
2005-04-18,2.321241266090829
2005-04-19,2.293596172259186
2005-04-20,2.291675432809642
2005-04-21,2.2973283247379293
2005-04-22,2.2884812616085743
2005-04-25,2.2862602050395977
2005-04-26,2.2761745435373166
2005-04-27,2.261234289337814
2005-04-28,2.2447868245344718
2005-04-29,2.2454726759806487
2005-05-02,2.2295601035951607
2005-05-03,2.208103951088044
2005-05-04,2.224712344307941
2005-05-05,2.215864917653005
2005-05-06,2.2388215751746325
2005-05-09,2.2464399158754595
2005-05-10,2.2059651908488256
2005-05-11,2.2026005071685746
2005-05-12,2.214977485360979
2005-05-13,2.212616411245244
2005-05-16,2.218426112950952
2005-05-17,2.218322774644519
2005-05-18,2.210477322146059
2005-05-19,2.220724797577533
2005-05-20,2.2580057108523137
2005-05-23,2.24972277920196
2005-05-24,2.2058732244789137
2005-05-25,2.180298629971664
2005-05-26,2.195616116158752
2005-05-27,2.1826764919821167
2005-05-30,2.18144533093862
2005-05-31,2.166920221387585
2005-06-01,2.105484407364105
2005-06-02,2.103176897889991
2005-06-03,2.077196039510348
2005-06-06,2.084079297379979
2005-06-07,2.049681846390116
2005-06-08,2.0174074611317216
2005-06-09,2.046201943395045
2005-06-10,2.0710953880118983
2005-06-13,2.0645548617955685
2005-06-14,2.0706293565310103
2005-06-15,2.1263651056534654
2005-06-16,2.159163612497005
2005-06-17,2.147284222394036
2005-06-20,2.1188253767567558
2005-06-21,2.040734023358087
2005-06-22,2.001475202468643
2005-06-23,2.0131253549464723
2005-06-24,2.013498847512335
2005-06-27,2.0002464370535344
2005-06-28,2.0222989132790574
2005-06-29,2.002141226412383
2005-06-30,2.0087405216264917
2005-07-01,2.026369195672039
2005-07-04,2.081873535189521
2005-07-05,2.140429707889079
2005-07-06,2.144365057084474
2005-07-07,2.09627269134079
2005-07-08,2.1070653705049103
2005-07-11,2.1409248180825
2005-07-12,2.1563486338256985
2005-07-13,2.173002021967985
2005-07-14,2.1899680253831115
2005-07-15,2.1995302679981243
2005-07-18,2.181308270147848
2005-07-19,2.1939659182784057
2005-07-20,2.20317268404512
2005-07-21,2.1793332043021945
2005-07-22,2.1579617285450503
2005-07-25,2.1588976660699557
2005-07-26,2.182209352713893
2005-07-27,2.175121549903388
2005-07-28,2.190342144511324
2005-07-29,2.196330141012986
2005-08-01,2.242963576904289
2005-08-02,2.23931123712001
2005-08-03,2.2579855128516098
2005-08-04,2.258797350562882
2005-08-05,2.2920839524407857
2005-08-08,2.2970124774212985
2005-08-09,2.298595713496724
2005-08-10,2.2909478526289124
2005-08-11,2.2834728760462
2005-08-12,2.249012196811746
2005-08-15,2.2212462092334477
2005-08-16,2.1990734899984794
2005-08-17,2.187718600004509
2005-08-18,2.1758046984646446
2005-08-19,2.180987959115384
2005-08-22,2.1915076762985146
2005-08-23,2.1979715802315085
2005-08-24,2.196216437340069
2005-08-25,2.1821776281012677
2005-08-26,2.1957450139576222
2005-08-29,2.203163080378284
2005-08-30,2.223580585505104
2005-08-31,2.182163966277984
2005-09-01,2.1384688836598107
2005-09-02,2.112662885914128
2005-09-05,2.1041232822983016
2005-09-06,2.129561712350473
2005-09-07,2.135836746887776
2005-09-08,2.1295907085320813
2005-09-09,2.139886953983722
2005-09-12,2.180301303796925
2005-09-13,2.182172251878112
2005-09-14,2.1851137526758326
2005-09-15,2.2108913765233
2005-09-16,2.2243521753862234
2005-09-19,2.2156426586920137
2005-09-20,2.195043597775592
2005-09-21,2.179030656380892
2005-09-22,2.173301474847833
2005-09-23,2.2160768571929608
2005-09-26,2.257231201512201
2005-09-27,2.2568260775942344
2005-09-28,2.289866670865881
2005-09-29,2.327695285125408
2005-09-30,2.3295126534786603
2005-10-03,2.3671129585750887
2005-10-04,2.3433114228042147
2005-10-05,2.3465014917924503
2005-10-06,2.353191164498001
2005-10-07,2.3887491162028933
2005-10-10,2.3825236756888244
2005-10-11,2.4230519596744413
2005-10-12,2.429236554627936
2005-10-13,2.4395672259504173
2005-10-14,2.432277475176072
2005-10-17,2.4718894875596824
2005-10-18,2.4703564205462545
2005-10-19,2.429872751364328
2005-10-20,2.485790607387352
2005-10-21,2.4574032188278707
2005-10-24,2.450375616750516
2005-10-25,2.4899305497072364
2005-10-26,2.570526548945864
2005-10-27,2.568827925068803
2005-10-28,2.5908411037059818
2005-10-31,2.590394882861841
2005-11-01,2.617314789319368
2005-11-02,2.664784285460957
2005-11-03,2.6566235118193244
2005-11-04,2.6424611662609365
2005-11-07,2.7016727045351567
2005-11-08,2.6943420998536056
2005-11-09,2.730480350726681
2005-11-10,2.7307379186895564
2005-11-11,2.717697934728374
2005-11-14,2.708203199327671
2005-11-15,2.7249310920155327
2005-11-16,2.661796019558876
2005-11-17,2.696149792458587
2005-11-18,2.808596314189701
2005-11-21,2.808348125341495
2005-11-22,2.7763259552896336
2005-11-23,2.7485013981403075
2005-11-24,2.694148522952564
2005-11-25,2.701157892451584
2005-11-28,2.7359580915529103
2005-11-29,2.734290972189215
2005-11-30,2.7647747297680527
2005-12-01,2.684730254931728
2005-12-02,2.6896712020254085
2005-12-05,2.697110071843761
2005-12-06,2.692836457873148
2005-12-07,2.6954879493646726
2005-12-08,2.70740015401537
2005-12-09,2.7626742071081933
2005-12-12,2.7701153102373643
2005-12-13,2.781040524346635
2005-12-14,2.775203441279973
2005-12-15,2.78273155827365
2005-12-16,2.774694225686403
2005-12-19,2.7862462513891133
2005-12-20,2.8007204864048654
2005-12-21,2.8359387420944437
2005-12-22,2.8467832317735544
2005-12-23,2.845391506886233
2005-12-27,2.842875501860507
2005-12-28,2.82047987975353
2005-12-29,2.837143253962105
2005-12-30,2.805441849257548
2006-01-02,2.8596826955957013
2006-01-03,2.852530847150719
2006-01-04,2.763766378949027
2006-01-05,2.7364603523394315
2006-01-06,2.7402444414717246
2006-01-09,2.74495057145852
2006-01-10,2.783137147977277
2006-01-11,2.817473617690696
2006-01-12,2.7831944271483016
2006-01-13,2.7835399856202594
2006-01-16,2.7825424039665205
2006-01-17,2.767718991605337
2006-01-18,2.80314109090814
2006-01-19,2.84548202532935
2006-01-20,2.8494969198539337
2006-01-23,2.8622239302247348
2006-01-24,2.859873514598746
2006-01-25,2.8783470348483684
2006-01-26,2.873478375178367
2006-01-27,2.8948303537741467
2006-01-30,2.9294277067171617
2006-01-31,2.933042134238885
2006-02-01,2.937223737378553
2006-02-02,2.9643997802993822
2006-02-03,2.9500050260585207
2006-02-06,2.927057036672552
2006-02-07,2.913206722776918
2006-02-08,2.9193011553601083
2006-02-09,2.921602427414624
2006-02-10,2.888117581696847
2006-02-13,2.912941708153989
2006-02-14,2.916338894900738
2006-02-15,2.8926636306783404
2006-02-16,2.9200267574378933
2006-02-17,2.894816122558824
2006-02-20,2.8692297215477947
2006-02-21,2.901885122735372
2006-02-22,2.90921464295294
2006-02-23,2.954356364122561
2006-02-24,2.966544776461852
2006-02-27,2.994081099098313
2006-02-28,3.004790323614269
2006-03-01,3.022441710504463
2006-03-02,3.0551049925564424
2006-03-03,3.0906427961292957
2006-03-06,3.08998781369852
2006-03-07,3.0945845848248603
2006-03-08,3.108981548933316
2006-03-09,3.106322793722429
2006-03-10,3.1251580758168918
2006-03-13,3.1413386885411203
2006-03-14,3.1148696712532145
2006-03-15,3.141754936799241
2006-03-16,3.158638297516291
2006-03-17,3.192911158663585
2006-03-20,3.164199220278057
2006-03-21,3.1778110935280406
2006-03-22,3.1577662465184853
2006-03-23,3.153764822100489
2006-03-24,3.1568546450456783
2006-03-27,3.134113711034156
2006-03-28,3.2232736306913448
2006-03-29,3.249505480782549
2006-03-30,3.274429022808544
2006-03-31,3.2744868828643794
2006-04-03,3.3173239907014844
2006-04-04,3.30059379204074
2006-04-05,3.287936294874941
2006-04-06,3.238048098158836
2006-04-07,3.2360328705979686
2006-04-10,3.2564545005242382
2006-04-11,3.2505628866184084
2006-04-12,3.2460585459240545
2006-04-13,3.296060044028547
2006-04-18,3.296716386882199
2006-04-19,3.289681862188171
2006-04-20,3.282895194625358
2006-04-21,3.273235697213942
2006-04-24,3.284771420523711
2006-04-25,3.342821771990024
2006-04-26,3.3839393937024287
2006-04-27,3.3882976717303155
2006-04-28,3.382991846095796
2006-05-02,3.3858049969257022
2006-05-03,3.371917955556337
2006-05-04,3.3954583533466827
2006-05-05,3.3756272148836226
2006-05-08,3.3865800636552765
2006-05-09,3.412536602899706
2006-05-10,3.391076221827877
2006-05-11,3.423632482683778
2006-05-12,3.394367347318928
2006-05-15,3.3437148718007244
2006-05-16,3.3182523656155896
2006-05-17,3.34321252344788
2006-05-18,3.313112493815928
2006-05-19,3.309301017873138
2006-05-22,3.265457733745168
2006-05-23,3.277193016387136
2006-05-24,3.266727396839352
2006-05-25,3.265727413464461
2006-05-26,3.268593065212825
2006-05-29,3.292479943824134
2006-05-30,3.329884658335902
2006-05-31,3.370629055097798
2006-06-01,3.392518172005928
2006-06-02,3.364323460293266
2006-06-05,3.383725660699446
2006-06-06,3.4273107709897737
2006-06-07,3.4398470047066976
2006-06-08,3.3956840457452997
2006-06-09,3.3387845537205285
2006-06-12,3.327207545321755
2006-06-13,3.3068708682428403
2006-06-14,3.3364880920864266
2006-06-15,3.3746571977506803
2006-06-16,3.362925605241677
2006-06-19,3.403801402858188
2006-06-20,3.4220423837582588
2006-06-21,3.459641685987675
2006-06-22,3.4671180875732146
2006-06-23,3.4984304195177813
2006-06-26,3.528626881788897
2006-06-27,3.5599536740316675
2006-06-28,3.556185910155059
2006-06-29,3.533631065130698
2006-06-30,3.5527511483284613
2006-07-03,3.551424569943482
2006-07-04,3.5422916668756903
2006-07-05,3.581792185903859
2006-07-06,3.5902318555118207
2006-07-07,3.578712886858928
2006-07-10,3.589159291547558
2006-07-11,3.564630145437732
2006-07-12,3.584827635076908
2006-07-13,3.5476405293088487
2006-07-14,3.4968162487570638
2006-07-17,3.5058103467664203
2006-07-18,3.533933609193537
2006-07-19,3.557072372644197
2006-07-20,3.530123893754125
2006-07-21,3.4945602274749192
2006-07-24,3.496593681320718
2006-07-25,3.4881002188834094
2006-07-26,3.53249955173162
2006-07-27,3.48888911989852
2006-07-28,3.477087503198474
2006-07-31,3.4982348656727758
2006-08-01,3.501348971220354
2006-08-02,3.4975492305776017
2006-08-03,3.543631049853876
2006-08-04,3.511713963180757
2006-08-07,3.51498152580194
2006-08-08,3.5163017886589665
2006-08-09,3.538296854402936
2006-08-10,3.5280253805688506
2006-08-11,3.5717368226280755
2006-08-14,3.609774723636502
2006-08-15,3.586048537698728
2006-08-16,3.583440487829614
2006-08-17,3.5749301624297973
2006-08-18,3.5909065784064644
2006-08-21,3.5645174476640045
2006-08-22,3.4868130988564263
2006-08-23,3.492635859674768
2006-08-24,3.474710966027275
2006-08-25,3.4681830789059678
2006-08-28,3.468271029353039
2006-08-29,3.488173020957796
2006-08-30,3.484891030846558
2006-08-31,3.5014168878150245
2006-09-01,3.492624217854323
2006-09-04,3.490582231237255
2006-09-05,3.51331284420739
2006-09-06,3.556644111110636
2006-09-07,3.584045188732412
2006-09-08,3.553471968488294
2006-09-11,3.588415812466726
2006-09-12,3.608015454482605
2006-09-13,3.5985975897207108
2006-09-14,3.600294160829929
2006-09-15,3.5825223110631885
2006-09-18,3.6371534150761753
2006-09-19,3.600288032511517
2006-09-20,3.5864053300804684
2006-09-21,3.596120461659448
2006-09-22,3.513647824348172
2006-09-25,3.454699032138667
2006-09-26,3.468648405076257
2006-09-27,3.485775887522035
2006-09-28,3.514097012820728
2006-09-29,3.5173675982416484
2006-10-02,3.537177592446427
2006-10-03,3.473778722809633
2006-10-04,3.468190583775792
2006-10-05,3.468857984671801
2006-10-06,3.469510768900266
2006-10-09,3.5017181555582546
2006-10-10,3.527312488407108
2006-10-11,3.5408939065791207
2006-10-12,3.53770701216369
2006-10-13,3.554882056319934
2006-10-16,3.548323743853926
2006-10-17,3.5275749428977554
2006-10-18,3.525652004492439
2006-10-19,3.549121959670809
2006-10-20,3.5690951547307077
2006-10-23,3.596005530566733
2006-10-24,3.6024448147386137
2006-10-25,3.614710858178012
2006-10-26,3.6108276739773015
2006-10-27,3.5893475932297383
2006-10-30,3.587350225401304
2006-10-31,3.634640196252816
2006-11-01,3.572880681699521
2006-11-02,3.5945760365494097
2006-11-03,3.633707521830165
2006-11-06,3.6611183302427377
2006-11-07,3.645778837175638
2006-11-08,3.6543584965779967
2006-11-09,3.668640919537865
2006-11-10,3.625189088656305
2006-11-13,3.63222844457624
2006-11-14,3.620123624362111
2006-11-15,3.6454749118180096
2006-11-16,3.642721080226465
2006-11-17,3.641890659663708
2006-11-20,3.60789138511632
2006-11-21,3.618135789489696
2006-11-22,3.6026824445247474
2006-11-23,3.634853742883609
2006-11-24,3.602452809929929
2006-11-27,3.612357996502773
2006-11-28,3.5773110344524426
2006-11-29,3.586691269217704
2006-11-30,3.5968945533485
2006-12-01,3.587058312256922
2006-12-04,3.5437038203117237
2006-12-05,3.556920357903777
2006-12-06,3.5854381640035045
2006-12-07,3.609773461529665
2006-12-08,3.615132894529777
2006-12-11,3.656225368289258
2006-12-12,3.6612621206670095
2006-12-13,3.66862733093512
2006-12-14,3.703740976540472
2006-12-15,3.696432483840327
2006-12-18,3.734972813440786
2006-12-19,3.75187435331151
2006-12-20,3.762995025971009
2006-12-21,3.774597082572232
2006-12-22,3.782153767803624
2006-12-27,3.8126066117493553
2006-12-28,3.8137936192215895
2006-12-29,3.822321507444794
2007-01-02,3.800625931424477
2007-01-03,3.791158074245045
2007-01-04,3.800532535204709
2007-01-05,3.837320165385521
2007-01-08,3.8283411826196407
2007-01-09,3.834677535830304
2007-01-10,3.855421549130423
2007-01-11,3.828511888880151
2007-01-12,3.854918393089572
2007-01-15,3.8593981778264017
2007-01-16,3.851554705254077
2007-01-17,3.85300438675774
2007-01-18,3.8837151596441646
2007-01-19,3.8731431150775935
2007-01-22,3.870320892671941
2007-01-23,3.864933059222987
2007-01-24,3.88099146274257
2007-01-25,3.888613505189406
2007-01-26,3.918046167731628
2007-01-29,3.9191424268149766
2007-01-30,3.91031856517675
2007-01-31,3.915583176732055
2007-02-01,3.8764727530684464
2007-02-02,3.863036640414984
2007-02-05,3.83472781339984
2007-02-06,3.848168565402012
2007-02-07,3.8566485264801966
2007-02-08,3.886079866069134
2007-02-09,3.901493174577253
2007-02-12,3.904812662316302
2007-02-13,3.913384198197108
2007-02-14,3.902870231798323
2007-02-15,3.876762570815538
2007-02-16,3.8770253426032872
2007-02-19,3.904488693442916
2007-02-20,3.911606183610585
2007-02-21,3.90317911454501
2007-02-22,3.913313002433575
2007-02-23,3.9066434557017296
2007-02-26,3.871887447149806
2007-02-27,3.8456693633208094
2007-02-28,3.79879515562598
2007-03-01,3.7991623212584136
2007-03-02,3.78516174673014
2007-03-05,3.7625284794165657
2007-03-06,3.796965431385943
2007-03-07,3.8037492423435615
2007-03-08,3.819240221437517
2007-03-09,3.848354510028634
2007-03-12,3.84475301750669
2007-03-13,3.8396578542980606
2007-03-14,3.816014836539648
2007-03-15,3.830767711373353
2007-03-16,3.842409881390157
2007-03-19,3.8728059605431513
2007-03-20,3.864206223661911
2007-03-21,3.873799801353932
2007-03-22,3.849365242546772
2007-03-23,3.89005278709925
2007-03-26,3.8986666544730144
2007-03-27,3.912516839101906
2007-03-28,3.915428546789406
2007-03-29,3.935588929470111
2007-03-30,3.9478875203977566
2007-04-02,3.9699984567874136
2007-04-03,3.978389085532121
2007-04-04,3.963210883307901
2007-04-05,3.967587701616061
2007-04-10,4.007948049696657
2007-04-11,4.019894427338018
2007-04-12,4.038756790131504
2007-04-13,4.052050557360417
2007-04-16,4.055428160085747
2007-04-17,4.04607932518824
2007-04-18,4.039026066747033
2007-04-19,4.054483513055474
2007-04-20,4.068791408730245
2007-04-23,4.061739749991235
2007-04-24,4.0458329047645245
2007-04-25,4.060794952152574
2007-04-26,4.069890575478309
2007-04-27,4.090507242864858
2007-04-30,4.0642746586566405
2007-05-02,4.088542973910493
2007-05-03,4.10770390189691
2007-05-04,4.076221431739796
2007-05-07,4.108725739426079
2007-05-08,4.092661025800698
2007-05-09,4.103072473521828
2007-05-10,4.09895368801744
2007-05-11,4.078474920477558
2007-05-14,4.132669354734589
2007-05-15,4.159353088364684
2007-05-16,4.1915358477836255
2007-05-17,4.19533239600252
2007-05-18,4.202745911147444
2007-05-21,4.213954878095043
2007-05-22,4.216352695197094
2007-05-23,4.240967452650485
2007-05-24,4.241516449400836
2007-05-25,4.255904879926938
2007-05-28,4.258017130903426
2007-05-29,4.28359643877624
2007-05-30,4.2829250124751415
2007-05-31,4.310800441492837
2007-06-01,4.335812602957592
2007-06-04,4.341160344331239
2007-06-05,4.352472230501919
2007-06-06,4.3311051335906
2007-06-07,4.359167866485072
2007-06-08,4.360166455752248
2007-06-11,4.35776816511054
2007-06-12,4.394830040564592
2007-06-13,4.415537175420437
2007-06-14,4.388204527672395
2007-06-15,4.411716242614194
2007-06-18,4.406578768936011
2007-06-19,4.36691395856152
2007-06-20,4.417656478182396
2007-06-21,4.392478183962949
2007-06-22,4.407810390513195
2007-06-25,4.362821406416248
2007-06-26,4.366404849159677
2007-06-27,4.345207725388112
2007-06-28,4.3734196897918505
2007-06-29,4.384248369328264
2007-07-02,4.373851298562969
2007-07-03,4.364162649625657
2007-07-04,4.405748601803136
2007-07-05,4.43525464394684
2007-07-06,4.467104533519395
2007-07-09,4.449750893050269
2007-07-10,4.409660673902049
2007-07-11,4.384601986085947
2007-07-12,4.431061376640036
2007-07-13,4.436863879736184
2007-07-16,4.429333498258108
2007-07-17,4.438813981232348
2007-07-18,4.441625418726314
2007-07-19,4.443375190746555
2007-07-20,4.375223437877166
2007-07-23,4.358647438410943
2007-07-24,4.353921298307511
2007-07-25,4.34451769882285
2007-07-26,4.292204290280435
2007-07-27,4.25384585729638
2007-07-30,4.234419874440106
2007-07-31,4.277286144938119
2007-08-01,4.259808649521532
2007-08-02,4.299063053158083
2007-08-03,4.260258733925808
2007-08-06,4.241059769027331
2007-08-07,4.265940894692926
2007-08-08,4.328810542861916
2007-08-09,4.251608030084153
2007-08-10,4.184199560473562
2007-08-13,4.193666422303992
2007-08-14,4.213182214766779
2007-08-15,4.100789589683334
2007-08-16,3.968205681930184
2007-08-17,3.931081671439473
2007-08-20,3.949455708291672
2007-08-21,3.83225500687849
2007-08-22,4.004034436921235
2007-08-23,3.996590359570939
2007-08-24,3.987130345886644
2007-08-27,4.037161579864616
2007-08-28,3.9900108698176
2007-08-29,3.958385073648008
2007-08-30,3.9777159611694457
2007-08-31,4.030244517151535
2007-09-03,4.025270823679666
2007-09-04,4.005625413343992
2007-09-05,3.9852966588190952
2007-09-06,3.957294561495717
2007-09-07,3.884115606063674
2007-09-10,3.845561373707679
2007-09-11,3.859822717299295
2007-09-12,3.904316046712775
2007-09-13,3.95883501186462
2007-09-14,3.934248122557121
2007-09-17,3.967947793790696
2007-09-18,4.009802528257734
2007-09-19,4.012071777155313
2007-09-20,4.052372469025631
2007-09-21,4.023999522524881
2007-09-24,4.018116764234643
2007-09-25,3.99075087620668
2007-09-26,4.047355085399502
2007-09-27,4.058791703220607
2007-09-28,4.031737696353095
2007-10-01,3.999922096429356
2007-10-02,4.001088242276372
2007-10-03,3.970579614572309
2007-10-04,3.970367631311496
2007-10-05,3.9969540692992975
2007-10-08,4.007154905632998
2007-10-09,4.010215558336292
2007-10-10,4.055404814544445
2007-10-11,4.082108983787047
2007-10-12,4.135462602082177
2007-10-15,4.191742057359716
2007-10-16,4.16355190576715
2007-10-17,4.139501223682392
2007-10-18,4.0615022269011245
2007-10-19,4.008722204455061
2007-10-22,3.9715638790809695
2007-10-23,3.9884208716702494
2007-10-24,3.934977741537499
2007-10-25,3.912820511276455
2007-10-26,3.942059257235225
2007-10-29,3.945669967309353
2007-10-30,3.9881637589568935
2007-10-31,4.05807275552149
2007-11-01,4.020456897445468
2007-11-02,3.964267615253447
2007-11-05,3.9542180475363886
2007-11-06,3.983201780105325
2007-11-07,3.938144181120508
2007-11-08,3.900041204273777
2007-11-09,3.838475218283412
2007-11-12,3.859179199327503
2007-11-13,3.8631863758074094
2007-11-14,3.921583377456835
2007-11-15,3.87420222870196
2007-11-16,3.842808298477975
2007-11-19,3.807309726782674
2007-11-20,3.792077350169726
2007-11-21,3.731564813275713
2007-11-22,3.7128321554157977
2007-11-23,3.734275889195934
2007-11-26,3.748755713739816
2007-11-27,3.7170225666823455
2007-11-28,3.785827187836212
2007-11-29,3.7702369928570096
2007-11-30,3.8208513344591175
2007-12-03,3.783816717574744
2007-12-04,3.743811365803365
2007-12-05,3.756654975003032
2007-12-06,3.799054121401933
2007-12-07,3.8916665833212503
2007-12-10,3.936002865968723
2007-12-11,3.949047634405939
2007-12-12,3.9807971863401
2007-12-13,4.008101495668672
2007-12-14,4.004791827913885
2007-12-17,3.996457749219199
2007-12-18,4.011940020195954
2007-12-19,3.971310166177618
2007-12-20,3.9788435290241937
2007-12-21,3.986953585177517
2007-12-24,3.991296397732306
2007-12-27,4.035315875226671
2007-12-28,4.016561864971293
2007-12-31,4.0142926206861205
2008-01-02,3.929657788000105
2008-01-03,3.853391382254772
2008-01-04,3.7923273855001183
2008-01-07,3.820811581177058
2008-01-08,3.8589414131410886
2008-01-09,3.797863009049697
2008-01-10,3.8207441855116273
2008-01-11,3.787421080327424
2008-01-14,3.743256929983101
2008-01-15,3.705219241989009
2008-01-16,3.6694272367210345
2008-01-17,3.600737235276084
2008-01-18,3.5496157368045083
2008-01-21,3.4475552427732445
2008-01-22,3.3926150838797917
2008-01-23,3.345221586237684
2008-01-24,3.522776852623422
2008-01-25,3.5942309297486883
2008-01-28,3.4698515996979484
2008-01-29,3.505096104340224
2008-01-30,3.533491894380197
2008-01-31,3.423041482779869
2008-02-01,3.436603154582052
2008-02-04,3.4350604319416416
2008-02-05,3.308740014241675
2008-02-06,3.302894732128258
2008-02-07,3.201679022085894
2008-02-08,3.155189966177481
2008-02-11,3.125337563655205
2008-02-12,3.185293985173515
2008-02-13,3.2090590357548896
2008-02-14,3.259439942883749
2008-02-15,3.20005870590064
2008-02-18,3.275941863480473
2008-02-19,3.2826979066368143
2008-02-20,3.319251068692948
2008-02-21,3.421385397053723
2008-02-22,3.396157736163381
2008-02-25,3.3822554750634306
2008-02-26,3.4311194529892
2008-02-27,3.371630814147501
2008-02-28,3.324568125467479
2008-02-29,3.202318596602991
2008-03-03,3.2155378702929247
2008-03-04,3.256127677622037
2008-03-05,3.2746670000944613
2008-03-06,3.2967456145148013
2008-03-07,3.2913744464011216
2008-03-10,3.2561076574462438
2008-03-11,3.357820703104185
2008-03-12,3.369600443089335
2008-03-13,3.295037571781475
2008-03-14,3.32342754453706
2008-03-17,3.223790804939426
2008-03-18,3.315790154611523
2008-03-19,3.388472576983804
2008-03-20,3.4830006138351
2008-03-25,3.586924273434211
2008-03-26,3.6012892408192925
2008-03-27,3.575291650234232
2008-03-28,3.609927105482069
2008-03-31,3.5955453032314653
2008-04-01,3.6480304465012097
2008-04-02,3.650998444914145
2008-04-03,3.642309271444028
2008-04-04,3.6149163220507456
2008-04-07,3.6664616014944538
2008-04-08,3.665186177505424
2008-04-09,3.648584367636025
2008-04-10,3.5996254298401804
2008-04-11,3.568277504654142
2008-04-14,3.5976389213206863
2008-04-15,3.6552990486369152
2008-04-16,3.6918694495288937
2008-04-17,3.755204473522962
2008-04-18,3.877366824590743
2008-04-21,3.857903072161313
2008-04-22,4.003971060937189
2008-04-23,3.9351673513859113
2008-04-24,3.91822738107968
2008-04-25,3.920173373840616
2008-04-28,3.905611834497548
2008-04-29,3.862542569007776
2008-04-30,3.856624053714866
2008-05-02,3.906987020269593
2008-05-05,3.896489142526709
2008-05-06,3.810820271731741
2008-05-07,3.8409912497292735
2008-05-08,3.8027537474343287
2008-05-09,3.7395117512094735
2008-05-12,3.79072659380224
2008-05-13,3.886722213258217
2008-05-14,3.949224798738352
2008-05-15,4.018135229028566
2008-05-16,4.033534065997581
2008-05-19,4.019257027114115
2008-05-20,4.03416808123111
2008-05-21,4.120240686137047
2008-05-22,4.183687258778352
2008-05-23,4.204835845115998
2008-05-26,4.203011208666298
2008-05-27,4.195409203384551
2008-05-28,4.223127997569507
2008-05-29,4.307342015011799
2008-05-30,4.281174106483883
2008-06-02,4.248272920164446
2008-06-03,4.32546644195712
2008-06-04,4.269095924494285
2008-06-05,4.501077157114809
2008-06-06,4.587073185042647
2008-06-09,4.655862747169787
2008-06-10,4.590927115856964
2008-06-11,4.53546390426725
2008-06-12,4.574346637611254
2008-06-13,4.604433195539016
2008-06-16,4.713763744066501
2008-06-17,4.645706671611431
2008-06-18,4.636510521778339
2008-06-19,4.69254937843155
2008-06-20,4.622248444021901
2008-06-23,4.583726701999321
2008-06-24,4.5401792962007725
2008-06-25,4.583702787892584
2008-06-26,4.538368018593172
2008-06-27,4.498623143956031
2008-06-30,4.619391970344079
2008-07-01,4.575076562631095
2008-07-02,4.644998310867589
2008-07-03,4.512146917081721
2008-07-04,4.471853689918234
2008-07-07,4.431633744627096
2008-07-08,4.42588650515577
2008-07-09,4.4550400643564885
2008-07-10,4.429284708518429
2008-07-11,4.405612421488973
2008-07-14,4.393893384990228
2008-07-15,4.321495756986529
2008-07-16,4.356205607434846
2008-07-17,4.398676237097996
2008-07-18,4.500624761238413
2008-07-21,4.613105263637472
2008-07-22,4.565582372739627
2008-07-23,4.591811423535669
2008-07-24,4.459284036718529
2008-07-25,4.443596773046596
2008-07-28,4.394474220177009
2008-07-29,4.379401294954143
2008-07-30,4.351400256445103
2008-07-31,4.313970614539645
2008-08-01,4.307986127522716
2008-08-04,4.29465553907621
2008-08-05,4.277864773788823
2008-08-06,4.277865095879216
2008-08-07,4.135145240076662
2008-08-08,4.09620669219427
2008-08-11,4.122201608342043
2008-08-12,4.093050322769448
2008-08-13,4.061094987049099
2008-08-14,4.045177901398365
2008-08-15,4.0566085217035095
2008-08-18,4.026674629772687
2008-08-19,3.964004031281205
2008-08-20,3.997706010917928
2008-08-21,4.0930323849743
2008-08-22,4.141580529661992
2008-08-25,4.064642064979905
2008-08-26,4.002370724442574
2008-08-27,4.118394076338495
2008-08-28,4.181019428344739
2008-08-29,4.133201985617549
2008-09-01,4.045467518837324
2008-09-02,4.11791986446672
2008-09-03,4.091423456564536
2008-09-04,4.069691983294857
2008-09-05,3.9695230117624094
2008-09-08,4.022709041830825
2008-09-09,4.025413607674739
2008-09-10,4.00621491708429
2008-09-11,3.94940718673163
2008-09-12,3.99557849407291
2008-09-15,3.825532838307889
2008-09-16,3.747823556420789
2008-09-17,3.8324084348114495
2008-09-18,3.863050683335708
2008-09-19,4.002952234852318
2008-09-22,4.104286386762482
2008-09-23,4.03579578064334
2008-09-24,3.924702022200388
2008-09-25,3.930835394171251
2008-09-26,3.833298921026225
2008-09-29,3.650186350078678
2008-09-30,3.5866077675233203
2008-10-01,3.567885703977451
2008-10-02,3.4654836211503905
2008-10-03,3.294346960442284
2008-10-06,3.1339875029076447
2008-10-07,3.0799757610792744
2008-10-08,3.004103474850694
2008-10-09,3.0445969125297045
2008-10-10,2.9797433170860304
2008-10-13,3.0868685989454114
2008-10-14,3.1757722011931886
2008-10-15,3.2013560773299967
2008-10-16,3.109009727327017
2008-10-17,2.9111668479483503
2008-10-20,2.976643255783906
2008-10-21,2.9452938390404166
2008-10-22,2.8519616415114943
2008-10-23,2.829118817243598
2008-10-24,2.7720730176252117
2008-10-27,2.701886202165225
2008-10-28,2.6451854910049235
2008-10-29,2.675992468343116
2008-10-30,2.714049817553987
2008-10-31,2.675773159235401
2008-11-03,2.7348355429389297
2008-11-04,2.71316943117201
2008-11-05,2.734704448293237
2008-11-06,2.7266731803207755
2008-11-07,2.644836856593315
2008-11-10,2.6464263311915985
2008-11-11,2.609879779820514
2008-11-12,2.5396631780725296
2008-11-13,2.498134923404866
2008-11-14,2.562697925683422
2008-11-17,2.5042577848671748
2008-11-18,2.4872318005232774
2008-11-19,2.44486883934003
2008-11-20,2.3207846423574
2008-11-21,2.3566050660655185
2008-11-24,2.349061784559153
2008-11-25,2.4315593916870157
2008-11-26,2.420697894883505
2008-11-27,2.433308250568804
2008-11-28,2.3758833385913034
2008-12-01,2.3421903722185093
2008-12-02,2.342847835984947
2008-12-03,2.3069988536732677
2008-12-04,2.2986761573102603
2008-12-05,2.392703304266762
2008-12-08,2.4679348152901843
2008-12-09,2.560310999806296
2008-12-10,2.5428078121767967
2008-12-11,2.496050090929702
2008-12-12,2.4586443160749765
2008-12-15,2.469463289047267
2008-12-16,2.435050038965261
2008-12-17,2.261720665311201
2008-12-18,2.2343585298138144
2008-12-19,2.180806472850501
2008-12-22,2.1660527809341774
2008-12-23,2.1666691584873843
2008-12-24,2.158969867598572
2008-12-29,2.134761662027873
2008-12-30,2.1422049182456604
2008-12-31,2.137652319032287
2009-01-02,2.1017091083446244
2009-01-05,2.0638258051151634
2009-01-06,2.106721653636808
2009-01-07,2.023337517932728
2009-01-08,1.9630295217649123
2009-01-09,1.8606154842971567
2009-01-12,1.8587757296947165
2009-01-13,1.838591000911554
2009-01-14,1.825018175640769
2009-01-15,1.8397664650151684
2009-01-16,1.8719079153716964
2009-01-19,1.871544269817439
2009-01-20,1.8456400885956912
2009-01-21,1.827291654813521
2009-01-22,1.771341449269253
2009-01-23,1.7308058753596307
2009-01-26,1.9530935713583208
2009-01-27,1.983180631819436
2009-01-28,1.9055974392575177
2009-01-29,1.8487130497443505
2009-01-30,1.7872565045746085
2009-02-02,1.7492421730186667
2009-02-03,1.6937568951688535
2009-02-04,1.7535262097099067
2009-02-05,1.6479579859647029
2009-02-06,1.6496450713438624
2009-02-09,1.6902629258798507
2009-02-10,1.664999076823018
2009-02-11,1.6052124084069883
2009-02-12,1.559577453992815
2009-02-13,1.5802061930413358
2009-02-16,1.5083747406068255
2009-02-17,1.462526365754862
2009-02-18,1.4828658150188367
2009-02-19,1.6279962667184078
2009-02-20,1.575182113261187
2009-02-23,1.5865609386113158
2009-02-24,1.5238704625447963
2009-02-25,1.4922514045930042
2009-02-26,1.600294717712327
2009-02-27,1.5568905412475926
2009-03-02,1.491865892065321
2009-03-03,1.4731584297043223
2009-03-04,1.446070877279752
2009-03-05,1.4480660117490876
2009-03-06,1.4651317638173045
2009-03-09,1.5381162137947562
2009-03-10,1.5576785836912546
2009-03-11,1.6266667145123463
2009-03-12,1.5650275537792986
2009-03-13,1.5863776605436604
2009-03-16,1.5739832358796475
2009-03-17,1.597308645780126
2009-03-18,1.6125352833154754
2009-03-19,1.6073071357060782
2009-03-20,1.5206123294293583
2009-03-23,1.5431507268237263
2009-03-24,1.602728163730499
2009-03-25,1.620144140965146
2009-03-26,1.628757926922272
2009-03-27,1.524796341554677
2009-03-30,1.4802095913520985
2009-03-31,1.461562374259633
2009-04-01,1.4509317214647146
2009-04-02,1.5780602312690468
2009-04-03,1.658081243397216
2009-04-06,1.69861096524276
2009-04-07,1.6460171201504878
2009-04-08,1.6291264517266069
2009-04-09,1.627832149342022
2009-04-14,1.5809208741055427
2009-04-15,1.5341318588162995
2009-04-16,1.5902637585157486
2009-04-17,1.6359989041582463
2009-04-20,1.600154346753301
2009-04-21,1.5867635870211585
2009-04-22,1.63073106785201
2009-04-23,1.6231225934323803
2009-04-24,1.5840308337874736
2009-04-27,1.521417412151115
2009-04-28,1.5162574710589158
2009-04-29,1.5021595933046985
2009-04-30,1.526532644007114
2009-05-04,1.5215942016568729
2009-05-05,1.521834254344554
2009-05-06,1.4912801388379997
2009-05-07,1.547234014959942
2009-05-08,1.47471183126931
2009-05-11,1.4510045376298162
2009-05-12,1.4914647338107438
2009-05-13,1.413924326048332
2009-05-14,1.4198608868890434
2009-05-15,1.4133901188897111
2009-05-18,1.3903055277485177
2009-05-19,1.4430922720942423
2009-05-20,1.5094874681480328
2009-05-21,1.445250561891804
2009-05-22,1.4810964728346234
2009-05-25,1.5983032714572496
2009-05-26,1.5715287803229518
2009-05-27,1.5996985559154937
2009-05-28,1.5931917917261922
2009-05-29,1.528623404723418
2009-06-01,1.5386797633349216
2009-06-02,1.5054937318001156
2009-06-03,1.4698016033984025
2009-06-04,1.5944314741295795
2009-06-05,1.738508440221514
2009-06-08,1.777273254289308
2009-06-09,1.7580513883668945
2009-06-10,1.7513203899962926
2009-06-11,1.7945920532831754
2009-06-12,1.7395570172316506
2009-06-15,1.6964482173433373
2009-06-16,1.6760379938430692
2009-06-17,1.6100204714490922
2009-06-18,1.6167226933829448
2009-06-19,1.5967052475231416
2009-06-22,1.5438859748525071
2009-06-23,1.5726694273223774
2009-06-24,1.491239517297123
2009-06-25,1.4437169920745376
2009-06-26,1.4270589856004214
2009-06-29,1.469789012153666
2009-06-30,1.501303952617291
2009-07-01,1.4681709489277366
2009-07-02,1.3655778403701522
2009-07-03,1.3617039220219096
2009-07-06,1.3363164941692085
2009-07-07,1.3428103978465478
2009-07-08,1.3436997452714703
2009-07-09,1.3688330187038185
2009-07-10,1.3411432039579143
2009-07-13,1.3402810994631489
2009-07-14,1.3874131749374508
2009-07-15,1.4206733901882629
2009-07-16,1.3783576210894006
2009-07-17,1.405230524334801
2009-07-20,1.459213765132839
2009-07-21,1.438687299995582
2009-07-22,1.423171660596276
2009-07-23,1.4202438514647426
2009-07-24,1.4619220083249405
2009-07-27,1.528893199754634
2009-07-28,1.488340724044407
2009-07-29,1.478346160752584
2009-07-30,1.4857382345088146
2009-07-31,1.433445621490206
2009-08-03,1.472924785870817
2009-08-04,1.507536574075064
2009-08-05,1.580300239292347
2009-08-06,1.6132765618758187
2009-08-07,1.6875887089724624
2009-08-10,1.6815994220962802
2009-08-11,1.58896177179349
2009-08-12,1.5872078924097188
2009-08-13,1.5306380108066178
2009-08-14,1.4737668982240235
2009-08-17,1.465017143482647
2009-08-18,1.4780112601016264
2009-08-19,1.4459836933574075
2009-08-20,1.4536587021940166
2009-08-21,1.5220808640776364
2009-08-24,1.5271615557703786
2009-08-25,1.4830975643274746
2009-08-26,1.4621592851848626
2009-08-27,1.4619758089704886
2009-08-28,1.4672902758436366
2009-08-31,1.4593973277661634
2009-09-01,1.4366019138332904
2009-09-02,1.4097905763239804
2009-09-03,1.375544787974698
2009-09-04,1.34395029541113
2009-09-07,1.313083717900717
2009-09-08,1.31531507879585
2009-09-09,1.3420573325595833
2009-09-10,1.279506004080969
2009-09-11,1.2695627430619056
2009-09-14,1.2918810083890744
2009-09-15,1.3221317260644028
2009-09-16,1.342929286803528
2009-09-17,1.3784636283787746
2009-09-18,1.379095873977772
2009-09-21,1.3421070146853171
2009-09-22,1.344902312305153
2009-09-23,1.3472187923290777
2009-09-24,1.2951694845907906
2009-09-25,1.3062689208001894
2009-09-28,1.295176763728168
2009-09-29,1.3283700723173053
2009-09-30,1.3271789362654804
2009-10-01,1.3414905311952583
2009-10-02,1.299261015683344
2009-10-05,1.2977208089657253
2009-10-06,1.3230169524476378
2009-10-07,1.3281674655378743
2009-10-08,1.317371753704968
2009-10-09,1.4492140152469606
2009-10-12,1.4208696000621257
2009-10-13,1.3772927397920145
2009-10-14,1.4077834608762625
2009-10-15,1.4610978164139068
2009-10-16,1.4895880999122602
2009-10-19,1.4871722342636036
2009-10-20,1.4532321208987802
2009-10-21,1.4746760611662943
2009-10-22,1.466822290640578
2009-10-23,1.4922349107499335
2009-10-26,1.4851617132709378
2009-10-27,1.4063472554118648
2009-10-28,1.387510142185144
2009-10-29,1.465275078515753
2009-10-30,1.4290947232588862
2009-11-02,1.409240832609135
2009-11-03,1.3854257823187737
2009-11-04,1.427345221245402
2009-11-05,1.4317132591021156
2009-11-06,1.4325140293953895
2009-11-09,1.3677666547538516
2009-11-10,1.356148378220367
2009-11-11,1.361653045783459
2009-11-12,1.360397405540589
2009-11-13,1.3367088642856684
2009-11-16,1.334375436578601
2009-11-17,1.3360483494651652
2009-11-18,1.333996897725509
2009-11-19,1.3111087761783895
2009-11-20,1.3709606903591316
2009-11-23,1.395271798043403
2009-11-24,1.3668183059623624
2009-11-25,1.4067896999614289
2009-11-26,1.321875596051452
2009-11-27,1.3228206318334237
2009-11-30,1.3374993162706257
2009-12-01,1.316743032242481
2009-12-02,1.3197586956992196
2009-12-03,1.3575085104229012
2009-12-04,1.4124156131596493
2009-12-07,1.3786610228615173
2009-12-08,1.2898870606899937
2009-12-09,1.298267096626427
2009-12-10,1.324203864234751
2009-12-11,1.3557445176646303
2009-12-14,1.33036183123142
2009-12-15,1.3364150207378032
2009-12-16,1.3048383656879612
2009-12-17,1.2428618641135305
2009-12-18,1.2468432332039043
2009-12-21,1.2549047093148704
2009-12-22,1.268600879352255
2009-12-23,1.2710843393532985
2009-12-24,1.270305564451749
2009-12-28,1.3200331671718897
2009-12-29,1.3616959090002678
2009-12-30,1.382050737780384
2009-12-31,1.3788289608893545
2010-01-04,1.445750382301465
2010-01-05,1.4086188706949705
2010-01-06,1.4020826371085937
2010-01-07,1.3828672715324446
2010-01-08,1.350297608901346
2010-01-11,1.3188378222776906
2010-01-12,1.312689384042881
2010-01-13,1.3155748721799956
2010-01-14,1.3037890365896556
2010-01-15,1.2610600957648936
2010-01-18,1.282256771634284
2010-01-19,1.305395157829723
2010-01-20,1.2791481637695603
2010-01-21,1.2800295741924848
2010-01-22,1.2150696633421465
2010-01-25,1.2399394876104064
2010-01-26,1.231758815468551
2010-01-27,1.2358262873115429
2010-01-28,1.2475131330929412
2010-01-29,1.247835725828413
2010-02-01,1.2589080176881176
2010-02-02,1.2895384474444165
2010-02-03,1.3031671302327543
2010-02-04,1.288193751553741
2010-02-05,1.2458527285907994
2010-02-08,1.1974330166820848
2010-02-09,1.2009196849373756
2010-02-10,1.19849564807719
2010-02-11,1.228503529963204
2010-02-12,1.181848244099982
2010-02-15,1.1799983832022545
2010-02-16,1.187939206656123
2010-02-17,1.144834300589771
2010-02-18,1.1455584130613994
2010-02-19,1.1807974159447814
2010-02-22,1.1754675039377396
2010-02-23,1.0803152247317542
2010-02-24,1.0949768212197273
2010-02-25,1.0458154460215503
2010-02-26,1.0247537961082038
2010-03-01,1.0430014068847655
2010-03-02,1.0294662496046152
2010-03-03,1.071947885264941
2010-03-04,1.058625827564359
2010-03-05,1.0852605495858616
2010-03-08,1.0730176516175671
2010-03-09,1.0511781795409956
2010-03-10,1.0765120803052957
2010-03-11,1.1040372075033138
2010-03-12,1.1412232337883852
2010-03-15,1.1189829254640282
2010-03-16,1.1076894633670082
2010-03-17,1.0407365910074842
2010-03-18,1.072960757014453
2010-03-19,1.0848673333447865
2010-03-22,1.070457067815641
2010-03-23,1.0474185047586655
2010-03-24,1.0693782015384594
2010-03-25,1.0682095933896187
2010-03-26,1.0859947599848532
2010-03-29,1.0618389307835463
2010-03-30,1.072229148495592
2010-03-31,1.052205346378655
2010-04-01,1.0600457367244298
2010-04-06,1.0779342318612513
2010-04-07,1.0647264178683935
2010-04-08,1.0341264639625392
2010-04-09,1.089685681272145
2010-04-12,1.1060533487335733
2010-04-13,1.0674425222747732
2010-04-14,1.0609273578366811
2010-04-15,1.056532073355336
2010-04-16,1.017764634050193
2010-04-19,1.000345663520423
2010-04-20,1.0281759171237796
2010-04-21,1.0299177073214856
2010-04-22,1.0583355569179695
2010-04-23,1.0590752616289325
2010-04-26,1.0942932722671688
2010-04-27,1.0818434706876778
2010-04-28,1.0839866339333493
2010-04-29,1.065499328479545
2010-04-30,1.0114874126529525
2010-05-03,1.0202138921398358
2010-05-04,0.9822672871531488
2010-05-05,0.8623749489737376
2010-05-06,0.8017168710298794
2010-05-07,0.7411237578761241
2010-05-10,0.8173862124323876
2010-05-11,0.826316461079752
2010-05-12,0.8146509675595959
2010-05-13,0.8149994325246701
2010-05-14,0.7585432710872233
2010-05-17,0.8190142702286023
2010-05-18,0.8752493858117021
2010-05-19,0.8605219815022913
2010-05-20,0.823527582688188
2010-05-21,0.8329076688256707
2010-05-24,0.8265452252062986
2010-05-25,0.8379967703195128
2010-05-26,0.8939709252638386
2010-05-27,0.9339568432679386
2010-05-28,0.5774976198012052
2010-05-31,0.5660740246458493
2010-06-01,0.5609460536667172
2010-06-02,0.5690801835975128
2010-06-03,0.6017866605945734
2010-06-04,0.5804960317777108
2010-06-07,0.5908007123652737
2010-06-08,0.5796932975005862
2010-06-09,0.5626673356248979
2010-06-10,0.5802606875744245
2010-06-11,0.545571693895941
2010-06-14,0.5700470138303131
2010-06-15,0.6048937441916222
2010-06-16,0.5952646911488579
2010-06-17,0.6177452932034289
2010-06-18,0.6567241044581649
2010-06-21,0.7003969353219284
2010-06-22,0.6881577636941771
2010-06-23,0.6941932170339511
2010-06-24,0.6587237519966562
2010-06-25,0.6890579211137156
2010-06-28,0.6910238738456693
2010-06-29,0.6545374802051667
2010-06-30,0.6931339475492422
2010-07-01,0.7272795680542454
2010-07-02,0.726503118335402
2010-07-05,0.6892848187245066
2010-07-06,0.7264110406789157
2010-07-07,0.7076872105954382
2010-07-08,0.7747291998088117
2010-07-09,0.8006564898064337
2010-07-12,0.7611721351590837
2010-07-13,0.7662556534490175
2010-07-14,0.8180246701319913
2010-07-15,0.846244907235477
2010-07-16,0.8365375803303128
2010-07-19,0.8918873497899447
2010-07-20,0.8424413777234694
2010-07-21,0.8028954740758181
2010-07-22,0.790024387302888
2010-07-23,0.8082109123099253
2010-07-26,0.8589280429305566
2010-07-27,0.9293910477012872
2010-07-28,0.8984183266140255
2010-07-29,0.9052170980767228
2010-07-30,0.8718460158303822
2010-08-02,0.8920488239601094
2010-08-03,0.8165024050176861
2010-08-04,0.816198168857514
2010-08-05,0.8232689495354306
2010-08-06,0.8255562108902437
2010-08-09,0.7989643361021372
2010-08-10,0.7921923376357269
2010-08-11,0.7055474055572986
2010-08-12,0.6808865902311803
2010-08-13,0.680176235984082
2010-08-16,0.6618383356500919
2010-08-17,0.6862256088818275
2010-08-18,0.6650712172844644
2010-08-19,0.6629964114659244
2010-08-20,0.6351193303345752
2010-08-23,0.6424503742430945
2010-08-24,0.5816196474586919
2010-08-25,0.6074341108383785
2010-08-26,0.6311078119585909
2010-08-27,0.6368475375822524
2010-08-30,0.6167223353350599
2010-08-31,0.6238669481373098
2010-09-01,0.6478878017547554
2010-09-02,0.6437164800549824
2010-09-03,0.6744914024483162
2010-09-06,0.6686786481742517
2010-09-07,0.6219829552948553
2010-09-08,0.6723399802390451
2010-09-09,0.720436578453197
2010-09-10,0.7554651844057481
2010-09-13,0.7803908617217679
2010-09-14,0.7604303493657558
2010-09-15,0.7922779204288712
2010-09-16,0.8570688323569902
2010-09-17,0.8189263665105146
2010-09-20,0.8468793124856098
2010-09-21,0.8508820661617238
2010-09-22,0.821946784599797
2010-09-23,0.759001778971198
2010-09-24,0.7742141581724353
2010-09-27,0.7732356899317783
2010-09-28,0.7802909817425077
2010-09-29,0.837414674176352
2010-09-30,0.8993213420614998
2010-10-01,0.9292960561209652
2010-10-04,0.8756241975951959
2010-10-05,0.8646727400838192
2010-10-06,0.835726863515837
2010-10-07,0.855028381358661
2010-10-08,0.8619759866010623
2010-10-11,0.843770051186733
2010-10-12,0.8154666322674067
2010-10-13,0.8262047280419162
2010-10-14,0.8375186700826469
2010-10-15,0.8579904358470165
2010-10-18,0.9305297874700424
2010-10-19,0.9589729056487328
2010-10-20,0.9968416346883412
2010-10-21,1.0204166624127613
2010-10-22,1.0510683359087292
2010-10-25,1.0265555468420535
2010-10-26,1.080951325735253
2010-10-27,1.100520274054166
2010-10-28,1.088469481754902
2010-10-29,1.0622926331387073
2010-11-01,1.060206738224588
2010-11-02,1.0598566352112373
2010-11-03,1.0392865482834193
2010-11-04,1.0279130334090183
2010-11-05,0.9984822307343464
2010-11-08,1.000930788276455
2010-11-09,0.9992374781512184
2010-11-10,1.006728868976064
2010-11-11,0.9901973248293948
2010-11-12,1.0379072207373985
2010-11-15,1.0790308076406383
2010-11-16,1.0644043532270593
2010-11-17,1.068007708591178
2010-11-18,1.1001675990073183
2010-11-19,1.1173002044429452
2010-11-22,1.072033001742664
2010-11-23,0.9892369889822205
2010-11-24,0.999629446370606
2010-11-25,1.0184900423827474
2010-11-26,1.0162773168834516
2010-11-29,0.9992761574148794
2010-11-30,0.9853636444557368
2010-12-01,0.9962801845186664
2010-12-02,0.954148561089041
2010-12-03,0.9602289338198332
2010-12-06,0.9119056285552134
2010-12-07,0.938903995308184
2010-12-08,1.0071608330017665
2010-12-09,1.059150684253269
2010-12-10,1.0841755027803848
2010-12-13,1.0965954990989129
2010-12-14,1.0860566056230647
2010-12-15,1.0921314166216656
2010-12-16,1.1113209385406708
2010-12-17,1.1012216243753443
2010-12-20,1.0758047302195122
2010-12-21,1.0873115688045631
2010-12-22,1.022103316486249
2010-12-23,0.98780528107608
2010-12-24,0.9853774754330388
2010-12-27,1.0068919546740085
2010-12-28,0.9385299180330892
2010-12-29,0.9540148573541424
2010-12-30,0.932226222150604
2010-12-31,0.9286900958709948
2011-01-03,0.9023597218375276
2011-01-04,0.9155394309418649
2011-01-05,0.9485338373372728
2011-01-06,0.9810233793605811
2011-01-07,0.9550413257360512
2011-01-10,0.9472239154310148
2011-01-11,0.945509807401264
2011-01-12,1.0277471069025472
2011-01-13,1.1240949679981938
2011-01-14,1.1819352031737338
2011-01-17,1.1910427315754808
2011-01-18,1.25445925501167
2011-01-19,1.2211322905810684
2011-01-20,1.314482754212425
2011-01-21,1.3586012379190362
2011-01-24,1.3506951299256904
2011-01-25,1.3457308198063076
2011-01-26,1.388238571191843
2011-01-27,1.4060806704959743
2011-01-28,1.5021814735566863
2011-01-31,1.4815746164577306
2011-02-01,1.4796454720798158
2011-02-02,1.4928003052072931
2011-02-03,1.4564847536419654
2011-02-04,1.480573595793527
2011-02-07,1.4749775450134026
2011-02-08,1.502813546218753
2011-02-09,1.5267497424919432
2011-02-10,1.542959013332596
2011-02-11,1.5033275816061344
2011-02-14,1.5125437595682367
2011-02-15,1.5223838715579885
2011-02-16,1.4828638305583453
2011-02-17,1.445935618564536
2011-02-18,1.4850045025897576
2011-02-21,1.48575231477966
2011-02-22,1.5296359469292395
2011-02-23,1.5382565152116303
2011-02-24,1.5152105856262288
2011-02-25,1.5319145335135134
2011-02-28,1.5279470555864516
2011-03-01,1.544762114534315
2011-03-02,1.5343903169307236
2011-03-03,1.7237760780702396
2011-03-04,1.7378690823633345
2011-03-07,1.7486467879978391
2011-03-08,1.720362764872995
2011-03-09,1.7214230346008823
2011-03-10,1.6884689047611987
2011-03-11,1.6542024807274331
2011-03-14,1.6406249201723089
2011-03-15,1.5537466266774604
2011-03-16,1.518872742316954
2011-03-17,1.5734863257239318
2011-03-18,1.6115645061802302
2011-03-21,1.7012925191721755
2011-03-22,1.704393559407935
2011-03-23,1.6866731477576506
2011-03-24,1.6930454984131995
2011-03-25,1.7190619253468475
2011-03-28,1.7549238407854095
2011-03-29,1.7603796120392206
2011-03-30,1.7704255172825571
2011-03-31,1.7909984054775985
2011-04-01,1.8303352438779108
2011-04-04,1.8200142088601237
2011-04-05,1.8129744862753483
2011-04-06,1.8372293633540744
2011-04-07,1.848074018777877
2011-04-08,1.92210172594778
2011-04-11,1.917167695222388
2011-04-12,1.8672389152106503
2011-04-13,1.8960698561975864
2011-04-14,1.8624526531125964
2011-04-15,1.8780602156443704
2011-04-18,1.807506157997428
2011-04-19,1.847987936017556
2011-04-20,1.85991202772538
2011-04-21,1.824893105388012
2011-04-26,1.8115302169793708
2011-04-27,1.850832725296784
2011-04-28,1.84365284569326
2011-04-29,1.858867387985832
2011-05-02,1.8711125329630804
2011-05-03,1.88725073290046
2011-05-04,1.966887951411034
2011-05-05,1.8398074510161595
2011-05-06,1.827166409126098
2011-05-09,1.7788639513083009
2011-05-10,1.779040234557293
2011-05-11,1.7879269231868649
2011-05-12,1.7494716364744105
2011-05-13,1.769183957527665
2011-05-16,1.7920365434851433
2011-05-17,1.7846151851709655
2011-05-18,1.7902570280080885
2011-05-19,1.8366529077135116
2011-05-20,1.777187524497822
2011-05-23,1.7270333056284053
2011-05-24,1.7352979229567742
2011-05-25,1.6818058249048633
2011-05-26,1.6616691507598793
2011-05-27,1.6279755964783549
2011-05-30,1.6318658483846729
2011-05-31,1.6715277336245942
2011-06-01,1.6553804903256706
2011-06-02,1.66127499247834
2011-06-03,1.6740538747769471
2011-06-06,1.7076123264017284
2011-06-07,1.7391058893625728
2011-06-08,1.7241839613247514
2011-06-09,1.672534279254529
2011-06-10,1.635468308375538
2011-06-13,1.6174726452908947
2011-06-14,1.6539556503608313
2011-06-15,1.6235764682657068
2011-06-16,1.5594926841211512
2011-06-17,1.593208456737111
2011-06-20,1.6101553540896971
2011-06-21,1.6073466623874677
2011-06-22,1.5896738466620643
2011-06-23,1.486159885085634
2011-06-24,1.4863638632051803
2011-06-27,1.4883666904766275
2011-06-28,1.570028462839714
2011-06-29,1.6035915186665275
2011-06-30,1.6536397986912832
2011-07-01,1.704345863917965
2011-07-04,1.7166663225214196
2011-07-05,1.7096076770038102
2011-07-06,1.6483062641979545
2011-07-07,1.671505400082383
2011-07-08,1.5821329857571402
2011-07-11,1.465165436920005
2011-07-12,1.448153780328181
2011-07-13,1.4015933173290942
2011-07-14,1.4125732322731324
2011-07-15,1.3477030886893682
2011-07-18,1.331866243207807
2011-07-19,1.374186574067431
2011-07-20,1.3927849898440503
2011-07-21,1.503713095987106
2011-07-22,1.482426589640711
2011-07-25,1.4697954389499743
2011-07-26,1.4583741711818206
2011-07-27,1.376122724447802
2011-07-28,1.3707509460407332
2011-07-29,1.3197972515383596
2011-08-01,1.297536210307116
2011-08-02,1.2436368050795965
2011-08-03,1.2363827641025031
2011-08-04,1.14870522258095
2011-08-05,1.0212401908472144
2011-08-08,0.9300490317071852
2011-08-09,0.9200394797784064
2011-08-10,0.7705422678752025
2011-08-11,0.7755912258202056
2011-08-12,0.8520739501072265
2011-08-15,0.8829993482773735
2011-08-16,0.8800989945518662
2011-08-17,0.8746762741931968
2011-08-18,0.708004347713399
2011-08-19,0.7945711859656006
2011-08-22,0.8280856132493726
2011-08-23,0.7910065787250684
2011-08-24,0.8580940853160381
2011-08-25,0.8251646885571404
2011-08-26,0.7669905659288756
2011-08-29,0.9099913662558912
2011-08-30,0.815388252313858
2011-08-31,0.8594407727240168
2011-09-01,0.854494823411678
2011-09-02,0.7362420187231538
2011-09-05,0.6584679220285281
2011-09-06,0.6634122803768139
2011-09-07,0.6765648323743052
2011-09-08,0.6130942044361072
2011-09-09,0.5577893802855027
2011-09-12,0.5873322641040406
2011-09-13,0.6761421556307141
2011-09-14,0.7212099341057328
2011-09-15,0.8289232484643849
2011-09-16,0.7517730710429193
2011-09-19,0.6608027648407
2011-09-20,0.6610356307582927
2011-09-21,0.6681877502882847
2011-09-22,0.6556422866712757
2011-09-23,0.6219613545512498
2011-09-26,0.6286600130152616
2011-09-27,0.7781274225421048
2011-09-28,0.7826625792982571
2011-09-29,0.7859982743407885
2011-09-30,0.7458998687388385
2011-10-03,0.7144812796552028
2011-10-04,0.6586477916383147
2011-10-05,0.7308238350207672
2011-10-06,0.7818015318810915
2011-10-07,0.8196152225820095
2011-10-10,0.8477528979948554
2011-10-11,0.8423279560106921
2011-10-12,0.8876465509365947
2011-10-13,0.8470781576604779
2011-10-14,0.8809419701125075
2011-10-17,0.8070155812369069
2011-10-18,0.838507746834629
2011-10-19,0.86405000222838
2011-10-20,0.9227476564864744
2011-10-21,0.9249860752248832
2011-10-24,0.89090384362722
2011-10-25,0.8600583817987613
2011-10-26,0.7803082284231773
2011-10-27,0.859690221260278
2011-10-28,0.8654956837164804
2011-10-31,0.8090178255587928
2011-11-01,0.707845702098665
2011-11-02,0.7452982281241083
2011-11-03,0.6907732762295868
2011-11-04,0.6855013333162897
2011-11-07,0.7024431016172913
2011-11-08,0.7120750760643029
2011-11-09,0.7103392476296964
2011-11-10,0.786682469532511
2011-11-11,0.8357139988048069
2011-11-14,0.8431943681693967
2011-11-15,0.92894683298542
2011-11-16,0.969680507128852
2011-11-17,0.964948288982132
2011-11-18,0.9813113235873188
2011-11-21,0.9342657702919004
2011-11-22,0.9511970315056796
2011-11-23,1.0267463277610336
2011-11-24,1.0655430977701457
2011-11-25,1.0722131482763533
2011-11-28,0.986949397201971
2011-11-29,0.9534337063399712
2011-11-30,0.7427330006655184
2011-12-01,0.6798030353485647
2011-12-02,0.6800655007851826
2011-12-05,0.6753305400846963
2011-12-06,0.7053988119314052
2011-12-07,0.6661526068572456
2011-12-08,0.6464795011276747
2011-12-09,0.666454971280259
2011-12-12,0.6371075408724041
2011-12-13,0.6516521971744917
2011-12-14,0.6227447498876815
2011-12-15,0.5285656496411982
2011-12-16,0.4554167998626681
2011-12-19,0.5132696823515015
2011-12-20,0.5120142958145746
2011-12-21,0.5131010981106401
2011-12-22,0.515062613985265
2011-12-23,0.4649620604018265
2011-12-27,0.4234593579820909
2011-12-28,0.4150197066131567
2011-12-29,0.3909528516566973
2011-12-30,0.4062171579213949
2012-01-02,0.473965556310765
2012-01-03,0.4602450963680429
2012-01-04,0.4615639828484366
2012-01-05,0.5126434052915063
2012-01-06,0.5358372984830833
2012-01-09,0.527176238733172
2012-01-10,0.5340984782910163
2012-01-11,0.4673290891655781
2012-01-12,0.4052069912686731
2012-01-13,0.4220590251669975
2012-01-16,0.4104929715823195
2012-01-17,0.4516065666049409
2012-01-18,0.4689353930754625
2012-01-19,0.4754336655662303
2012-01-20,0.4867367870460894
2012-01-23,0.4966302716538264
2012-01-24,0.5086142549806936
2012-01-25,0.4920991701621175
2012-01-26,0.471317655680199
2012-01-27,0.4606197464727035
2012-01-30,0.4657829582047634
2012-01-31,0.4498906654590446
2012-02-01,0.4233339201368062
2012-02-02,0.3940914377319844
2012-02-03,0.3993153047690225
2012-02-06,0.3819687691110416
2012-02-07,0.3975814827309696
2012-02-08,0.4167944066620501
2012-02-09,0.4321859253094526
2012-02-10,0.4187912251943713
2012-02-13,0.4214992258767562
2012-02-14,0.4316900896451558
2012-02-15,0.4296381806779061
2012-02-16,0.4527999240639149
2012-02-17,0.471360713430955
2012-02-20,0.4789465131862656
2012-02-21,0.4784328818608743
2012-02-22,0.4660537581169843
2012-02-23,0.4477894803275477
2012-02-24,0.4300836454499044
2012-02-27,0.400480961128578
2012-02-28,0.389421136456848
2012-02-29,0.3727058498823243
2012-03-01,0.3647945621720172
2012-03-02,0.3362836149828734
2012-03-05,0.3414298896040293
2012-03-06,0.3446257187327255
2012-03-07,0.3387607012399689
2012-03-08,0.323014445986387
2012-03-09,0.3382687534298361
2012-03-12,0.3357116783419895
2012-03-13,0.356695023854507
2012-03-14,0.3916602304917616
2012-03-15,0.4285827820875676
2012-03-16,0.5014380360253732
2012-03-19,0.4865940857538078
2012-03-20,0.4892191885924934
2012-03-21,0.4659379152825207
2012-03-22,0.4443077977859424
2012-03-23,0.4154143957653824
2012-03-26,0.408979188941907
2012-03-27,0.4131385443144664
2012-03-28,0.3928663100435092
2012-03-29,0.3871826430048419
2012-03-30,0.3925908927875978
2012-04-02,0.3676337596146108
2012-04-03,0.3757082000942127
2012-04-04,0.3693711021046093
2012-04-05,0.362300041395625
2012-04-10,0.3526638861451605
2012-04-11,0.356461579862934
2012-04-12,0.3392878296790211
2012-04-13,0.3335392206732885
2012-04-16,0.3609292460585207
2012-04-17,0.3746268743337744
2012-04-18,0.3704888593173097
2012-04-19,0.4050052074423789
2012-04-20,0.4041683845250929
2012-04-23,0.4129624917222672
2012-04-24,0.3959189923511461
2012-04-25,0.3722353806187177
2012-04-26,0.3416511401684579
2012-04-27,0.3397193263822853
2012-04-30,0.3185770747288687
2012-05-02,0.2955928385536275
2012-05-03,0.3003595585282239
2012-05-04,0.2709537769822221
2012-05-07,0.2569229143406737
2012-05-08,0.2627630913526273
2012-05-09,0.2849625818619845
2012-05-10,0.2760797266245207
2012-05-11,0.2700408664861795
2012-05-14,0.267993528923574
2012-05-15,0.2823386715484455
2012-05-16,0.2881349937891082
2012-05-17,0.2487734227891982
2012-05-18,0.2623686982437805
2012-05-21,0.2536838777392045
2012-05-22,0.2474953477283845
2012-05-23,0.2222526891008982
2012-05-24,0.201082852322183
2012-05-25,0.1936454377682634
2012-05-28,0.1798333641094425
2012-05-29,0.1886153356311073
2012-05-30,0.187194095381332
2012-05-31,0.1688157885086862
2012-06-01,0.1367296664267048
2012-06-04,0.1582545342489094
2012-06-05,0.1551449941591149
2012-06-06,0.2083894909325208
2012-06-07,0.2446951683444771
2012-06-08,0.2155859509521409
2012-06-11,0.2392396186408873
2012-06-12,0.2842529802418774
2012-06-13,0.2896599695977055
2012-06-14,0.2770488102780888
2012-06-15,0.2392111034683965
2012-06-18,0.2224563729728395
2012-06-19,0.2500387119369085
2012-06-20,0.3034819488199085
2012-06-21,0.2722970532177582
2012-06-22,0.2773716705985531
2012-06-25,0.2395513963606799
2012-06-26,0.2564566622308657
2012-06-27,0.2610777912117052
2012-06-28,0.2547525517764022
2012-06-29,0.2686377686610068
2012-07-02,0.2389824127543791
2012-07-03,0.2023949787112053
2012-07-04,0.1948259746154068
2012-07-05,0.1274285940771173
2012-07-06,0.0458600105088846
2012-07-09,0.0395124840382816
2012-07-10,0.0433428151455697
2012-07-11,0.0129058678901277
2012-07-12,0.0048448056535166
2012-07-13,-0.0109128751157232
2012-07-16,-0.022951784440881
2012-07-17,-0.0174567287903348
2012-07-18,-0.0168494769355502
2012-07-19,-0.0141112724159269
2012-07-20,-0.0288546553993827
2012-07-23,0.0150636948094193
2012-07-24,0.0466652750956422
2012-07-25,0.0617709667301937
2012-07-26,0.0324602341009843
2012-07-27,0.0363776679769163
2012-07-30,-0.0065599489404801
2012-07-31,-0.022894358090622
2012-08-01,-0.0398076024842444
2012-08-02,-0.0350628033450277
2012-08-03,-0.0034084472596687
2012-08-06,-0.0187505475627975
2012-08-07,0.0036421176549437
2012-08-08,-0.0162495181268411
2012-08-09,-0.0130949172491856
2012-08-10,-0.0329149041660548
2012-08-13,-0.0121551985642103
2012-08-14,0.0049792965949482
2012-08-15,0.0182891989370519
2012-08-16,0.0079510697005176
2012-08-17,0.0160347352678904
2012-08-20,0.0210908685657438
2012-08-21,0.0298354244457064
2012-08-22,0.0320889710392151
2012-08-23,0.0170244808949577
2012-08-24,0.0050561308437666
2012-08-27,0.0119609230455886
2012-08-28,0.0202344723216558
2012-08-29,0.0302696856999649
2012-08-30,0.0081525628641339
2012-08-31,0.0148515904850805
2012-09-03,0.0229980887051999
2012-09-04,0.022505228090651
2012-09-05,0.014185294279942
2012-09-06,0.0667503228589541
2012-09-07,0.0753608194304868
2012-09-10,0.0867802551609524
2012-09-11,0.0830751021707678
2012-09-12,0.0981413778766295
2012-09-13,0.0835780756576616
2012-09-14,0.1286321856546672
2012-09-17,0.1306946651162266
2012-09-18,0.1121868379405417
2012-09-19,0.1074807729130555
2012-09-20,0.0983666441428483
2012-09-21,0.0988582327149534
2012-09-24,0.0985597942818024
2012-09-25,0.0976056769539779
2012-09-26,0.0841163808451956
2012-09-27,0.07976346980863
2012-09-28,0.0713007962426099
2012-10-01,0.089371173291072
2012-10-02,0.0845828862699273
2012-10-03,0.0774495090247398
2012-10-04,0.0791003271203587
2012-10-05,0.0879043015327121
2012-10-08,0.0717320575112987
2012-10-09,0.0759725258816232
2012-10-10,0.0639468608606477
2012-10-11,0.0747471470931078
2012-10-12,0.0611775371252889
2012-10-15,0.0621474469884599
2012-10-16,0.0899619182612867
2012-10-17,0.1126570379316103
2012-10-18,0.1288380641491833
2012-10-19,0.1287202969641163
2012-10-22,0.147915870176122
2012-10-23,0.1348646585913955
2012-10-24,0.1203902346709688
2012-10-25,0.1181411389286846
2012-10-26,0.0960084200166413
2012-10-29,0.0879155302482881
2012-10-30,0.0771323368520624
2012-10-31,0.085641221772831
2012-11-01,0.0820305055929511
2012-11-02,0.0665004505332778
2012-11-05,0.0594114734050679
2012-11-06,0.0510212565706851
2012-11-07,0.0189759423556563
2012-11-08,0.0218686054258729
2012-11-09,0.0150359133431834
2012-11-12,0.0172854201446006
2012-11-13,0.0120803187557574
2012-11-14,0.0269083246597414
2012-11-15,0.0184752867509843
2012-11-16,0.0127345193458712
2012-11-19,0.021899002743539
2012-11-20,0.0420100810069623
2012-11-21,0.0606925182331359
2012-11-22,0.057291204805062
2012-11-23,0.050509762161897
2012-11-26,0.0453161635883985
2012-11-27,0.0566913894513425
2012-11-28,0.0264400333851093
2012-11-29,0.039257108109068
2012-11-30,0.0364797140971484
2012-12-03,0.0472007257762343
2012-12-04,0.0504432236316265
2012-12-05,0.0293709536772355
2012-12-06,0.0087066678641432
2012-12-07,-0.0304089250847567
2012-12-10,-0.0321375695101431
2012-12-11,-0.025953295594181
2012-12-12,-0.0253739283371294
2012-12-13,-0.026086211516394
2012-12-14,-0.0249597005375652
2012-12-17,-0.0055362090904891
2012-12-18,0.0091410691613309
2012-12-19,0.0198436156563643
2012-12-20,0.0078688362378205
2012-12-21,0.0047949337682573
2012-12-24,-0.0012962017913817
2012-12-27,0.0047158787235659
2012-12-28,-0.0104175273747038
2012-12-31,-0.0130237684373786
2013-01-02,0.027952111825142
2013-01-03,0.0547676608729297
2013-01-04,0.098205372676003
2013-01-07,0.0978278120842492
2013-01-08,0.0836874430702701
2013-01-09,0.0740492001656627
2013-01-10,0.1055643121106686
2013-01-11,0.1319494153951619
2013-01-14,0.1312905682224849
2013-01-15,0.1350511711398438
2013-01-16,0.1357079397052087
2013-01-17,0.1971506784726044
2013-01-18,0.2069915177820003
2013-01-21,0.200438539936933
2013-01-22,0.1864453789194287
2013-01-23,0.1744197167353887
2013-01-24,0.173073549985919
2013-01-25,0.2742903082637027
2013-01-28,0.3279453544698656
2013-01-29,0.2993718721381295
2013-01-30,0.3339817640896507
2013-01-31,0.3152915375658032
2013-02-01,0.2615271127350991
2013-02-04,0.2577726221131127
2013-02-05,0.2751855869857831
2013-02-06,0.2642325444689879
2013-02-07,0.224765720330323
2013-02-08,0.218822785910703
2013-02-11,0.2169748789756869
2013-02-12,0.2347398728592096
2013-02-13,0.2492650171773109
2013-02-14,0.2192795214408383
2013-02-15,0.2161113737674176
2013-02-18,0.2136248955877908
2013-02-19,0.2162630927697435
2013-02-20,0.2329190789031745
2013-02-21,0.2040633078959079
2013-02-22,0.1654057059208047
2013-02-25,0.1914101375764887
2013-02-26,0.1301622050646953
2013-02-27,0.1020543962529307
2013-02-28,0.1023372457842355
2013-03-01,0.081328518377298
2013-03-04,0.0848603072323541
2013-03-05,0.0978331671887611
2013-03-06,0.0919894678126445
2013-03-07,0.1241055031007878
2013-03-08,0.1366065254396016
2013-03-11,0.1215589272276504
2013-03-12,0.1149138093502286
2013-03-13,0.1109933178173041
2013-03-14,0.1118020218650164
2013-03-15,0.100354712583067
2013-03-18,0.0781277259574984
2013-03-19,0.0729814242973865
2013-03-20,0.0808717210739033
2013-03-21,0.084993643680959
2013-03-22,0.0925643460593144
2013-03-25,0.080152844200489
2013-03-26,0.0851504517847967
2013-03-27,0.0637544366635114
2013-03-28,0.0665872863952619
2013-04-02,0.0879838440623514
2013-04-03,0.0759599211116164
2013-04-04,0.0575649166259202
2013-04-05,0.0523479491477063
2013-04-08,0.0585547612555683
2013-04-09,0.0746798868560709
2013-04-10,0.0966012953090924
2013-04-11,0.087317697224043
2013-04-12,0.0766081281668698
2013-04-15,0.0773429019402645
2013-04-16,0.080937684945535
2013-04-17,0.0700559584230151
2013-04-18,0.060249803375795
2013-04-19,0.0760057707043135
2013-04-22,0.0540156731464569
2013-04-23,0.0594065207813967
2013-04-24,0.0471932215814878
2013-04-25,0.0532393824671197
2013-04-26,0.0479047663329015
2013-04-29,0.0423920716144703
2013-04-30,0.0428256217003126
2013-05-02,0.0216280699387345
2013-05-03,0.0226878285772214
2013-05-06,0.0390413986150814
2013-05-07,0.051806291057113
2013-05-08,0.0514750494028346
2013-05-09,0.0403572135238392
2013-05-10,0.0699005322730799
2013-05-13,0.065094669776053
2013-05-14,0.0630670596013236
2013-05-15,0.0622383040592002
2013-05-16,0.041985659704097
2013-05-17,0.0279512921523701
2013-05-20,0.0378095328426097
2013-05-21,0.0579248063091908
2013-05-22,0.0401850717152498
2013-05-23,0.0573620007299129
2013-05-24,0.0752098141847956
2013-05-27,0.0791229766822079
2013-05-28,0.0813334871680209
2013-05-29,0.1252781776061948
2013-05-30,0.1378510406283708
2013-05-31,0.1278335009536828
2013-06-03,0.1488621685745279
2013-06-04,0.158832789100503
2013-06-05,0.1558095864344855
2013-06-06,0.2025777790295122
2013-06-07,0.2134486281554188
2013-06-10,0.2292713486318676
2013-06-11,0.2811996152240046
2013-06-12,0.2590111344102679
2013-06-13,0.2241357006171429
2013-06-14,0.1965227718054123
2013-06-17,0.1921459087835604
2013-06-18,0.2217903844943327
2013-06-19,0.2153270955688095
2013-06-20,0.3166024741197075
2013-06-21,0.3302874728296237
2013-06-24,0.4125432812806329
2013-06-25,0.3727712617871148
2013-06-26,0.3124204089903672
2013-06-27,0.2787013921775694
2013-06-28,0.2995856986837757
2013-07-01,0.2771933312113437
2013-07-02,0.248376189470389
2013-07-03,0.2450717996689269
2013-07-04,0.1835125109952686
2013-07-05,0.1926575799821632
2013-07-08,0.1558341450514153
2013-07-09,0.1504488443298886
2013-07-10,0.154571511171266
2013-07-11,0.1727886209496776
2013-07-12,0.1555360821788802
2013-07-15,0.1341544193672907
2013-07-16,0.1217680661650537
2013-07-17,0.1104451445241077
2013-07-18,0.1030118954163898
2013-07-19,0.093335160389639
2013-07-22,0.1105500801905057
2013-07-23,0.1592138372495912
2013-07-24,0.1815801744712843
2013-07-25,0.1780292343782483
2013-07-26,0.1754975779734859
2013-07-29,0.1801948431840543
2013-07-30,0.1766707083223262
2013-07-31,0.1845091969484911
2013-08-01,0.1847222585528207
2013-08-02,0.1758203821205777
2013-08-05,0.1812642470785141
2013-08-06,0.1946178822372344
2013-08-07,0.1941656576465971
2013-08-08,0.1927641461900631
2013-08-09,0.1915237453950338
2013-08-12,0.1899554837866346
2013-08-13,0.2377063533499388
2013-08-14,0.2451887954747609
2013-08-15,0.2637292522677437
2013-08-16,0.250979489158313
2013-08-19,0.2701363795902893
2013-08-20,0.2544150478066531
2013-08-21,0.2712726774633949
2013-08-22,0.2739923487433273
2013-08-23,0.3208533958845132
2013-08-26,0.2807134782494498
2013-08-27,0.2720560712355855
2013-08-28,0.2759354908311997
2013-08-29,0.268217176407747
2013-08-30,0.2727822960707846
2013-09-02,0.2906189133475063
2013-09-03,0.2894088801644279
2013-09-04,0.299443307086217
2013-09-05,0.3533788970112552
2013-09-06,0.2973915331011283
2013-09-09,0.2996166729265836
2013-09-10,0.327256662502184
2013-09-11,0.3016324215569881
2013-09-12,0.2736557179583503
2013-09-13,0.2790740752924878
2013-09-16,0.2639610326516042
2013-09-17,0.2736660620503444
2013-09-18,0.2879263320140524
2013-09-19,0.2411584383465137
2013-09-20,0.2569191924984459
2013-09-23,0.2351542109673823
2013-09-24,0.2219595253045341
2013-09-25,0.2354831449091885
2013-09-26,0.2346666756139739
2013-09-27,0.2104915848129795
2013-09-30,0.219325764165057
2013-10-01,0.2132588616350794
2013-10-02,0.2123663669138658
2013-10-03,0.2161506580607479
2013-10-04,0.2189390134565747
2013-10-07,0.2030730798711344
2013-10-08,0.222744945327026
2013-10-09,0.2216549635709324
2013-10-10,0.2310383370312898
2013-10-11,0.2220445309277834
2013-10-14,0.2213240546501254
2013-10-15,0.2291317898843758
2013-10-16,0.2623143676516357
2013-10-17,0.2286105102928632
2013-10-18,0.2087903111484799
2013-10-21,0.2147330354931389
2013-10-22,0.1936556173645445
2013-10-23,0.1878319402775443
2013-10-24,0.1955266283998344
2013-10-25,0.212379801880759
2013-10-28,0.210344333785251
2013-10-29,0.2099352281476489
2013-10-30,0.1856831357148278
2013-10-31,0.148712521112095
2013-11-01,0.1388034668993945
2013-11-04,0.1358649543742487
2013-11-05,0.1774067975877322
2013-11-06,0.1749262969602423
2013-11-07,0.1136431034026683
2013-11-08,0.1426435636319123
2013-11-11,0.1404817155207971
2013-11-12,0.1317226116017713
2013-11-13,0.1123485227659246
2013-11-14,0.1180882577405255
2013-11-15,0.1262480072273284
2013-11-18,0.1219137777018675
2013-11-19,0.1285453443494111
2013-11-20,0.1335583287206168
2013-11-21,0.1369851944341791
2013-11-22,0.1515011872938361
2013-11-25,0.1473285604093517
2013-11-26,0.1408993428195031
2013-11-27,0.1449526780929506
2013-11-28,0.1413852602534868
2013-11-29,0.1425077566575052
2013-12-02,0.1517112918867278
2013-12-03,0.1502850902175305
2013-12-04,0.171137437668595
2013-12-05,0.2125215597453187
2013-12-06,0.2256740092133995
2013-12-09,0.2261715397388553
2013-12-10,0.226637693830042
2013-12-11,0.2400453333779308
2013-12-12,0.2604608161469102
2013-12-13,0.261790556709045
2013-12-16,0.2602428243761689
2013-12-17,0.2504815644959386
2013-12-18,0.2531631371111982
2013-12-19,0.2574269176333685
2013-12-20,0.2601366284257311
2013-12-23,0.2519541118329451
2013-12-24,0.250463398178808
2013-12-27,0.2720007568628118
2013-12-30,0.2540546121730385
2013-12-31,0.2482694912188021
2014-01-02,0.2541735149590778
2014-01-03,0.2493429255966885
2014-01-06,0.240272391043641
2014-01-07,0.2436146136617489
2014-01-08,0.2461059738793487
2014-01-09,0.247340866454957
2014-01-10,0.2214768746335282
2014-01-13,0.2150492669731596
2014-01-14,0.2282490342670691
2014-01-15,0.2465700728848006
2014-01-16,0.2220829823394234
2014-01-17,0.2061207199541916
2014-01-20,0.2003644847578876
2014-01-21,0.1983559609182785
2014-01-22,0.2078992409172833
2014-01-23,0.1987189960530395
2014-01-24,0.1730981676970806
2014-01-27,0.1834622723055656
2014-01-28,0.1789498579464474
2014-01-29,0.1643540454413079
2014-01-30,0.1403023580507452
2014-01-31,0.1075917425352668
2014-02-03,0.1059171707134249
2014-02-04,0.1076109028482834
2014-02-05,0.1096821592033574
2014-02-06,0.1542773659145728
2014-02-07,0.1238674107544679
2014-02-10,0.1340463076509741
2014-02-11,0.1360091442200328
2014-02-12,0.1296222900001251
2014-02-13,0.1156591401488973
2014-02-14,0.1275318077119447
2014-02-17,0.1273280413545761
2014-02-18,0.1295156211938821
2014-02-19,0.1204131042185121
2014-02-20,0.1330460353127875
2014-02-21,0.1290578422176054
2014-02-24,0.1412346984224464
2014-02-25,0.1386314577582292
2014-02-26,0.115010379158579
2014-02-27,0.0961266176767847
2014-02-28,0.1554750532464797
2014-03-03,0.1335660669356491
2014-03-04,0.1237309061048206
2014-03-05,0.1319035076904682
2014-03-06,0.1739469783626015
2014-03-07,0.1914344404242554
2014-03-10,0.1781051231361123
2014-03-11,0.179734509217146
2014-03-12,0.1662084306515603
2014-03-13,0.1605218081213162
2014-03-14,0.1493733532375447
2014-03-17,0.1618114824798788
2014-03-18,0.1678601943924151
2014-03-19,0.1792655713644539
2014-03-20,0.2237131706092068
2014-03-21,0.2207849223799232
2014-03-24,0.2032457105493983
2014-03-25,0.1818032652959815
2014-03-26,0.1630278402725231
2014-03-27,0.141661418454793
2014-03-28,0.1518692874135343
2014-03-31,0.1717926110965528
2014-04-01,0.1773126315198685
2014-04-02,0.1898221416696195
2014-04-03,0.1892768692139976
2014-04-04,0.1684693596151061
2014-04-07,0.1575481446568631
2014-04-08,0.1715860462640943
2014-04-09,0.187303455486417
2014-04-10,0.1685462312404611
2014-04-11,0.1594431031206973
2014-04-14,0.1599222177366051
2014-04-15,0.1535168912205171
2014-04-16,0.1464901078468501
2014-04-17,0.1653160616415463
2014-04-22,0.1846907685482341
2014-04-23,0.1924935320662086
2014-04-24,0.1896396999170324
2014-04-25,0.1835522530291196
2014-04-28,0.1953905932829509
2014-04-29,0.1739222055400282
2014-04-30,0.1575993413145648
2014-05-02,0.1475326018555391
2014-05-05,0.1386184565922317
2014-05-06,0.155778652546207
2014-05-07,0.1667285653820251
2014-05-08,0.1368925954844972
2014-05-09,0.1261004379288532
2014-05-12,0.1344186171047665
2014-05-13,0.1075221882258912
2014-05-14,0.0867069864965626
2014-05-15,0.0663519556758545
2014-05-16,0.0828256233602084
2014-05-19,0.0790554411868345
2014-05-20,0.0786626876573737
2014-05-21,0.0880553684102158
2014-05-22,0.0721075593980926
2014-05-23,0.0683052993764987
2014-05-26,0.0604421950302782
2014-05-27,0.0520424230520202
2014-05-28,0.0445448971522388
2014-05-29,0.0508309574071206
2014-05-30,0.0638350763972521
2014-06-02,0.0509106008221325
2014-06-03,0.0684268854270615
2014-06-04,0.0569611914026433
2014-06-05,0.0487144499024352
2014-06-06,0.020977410784865
2014-06-09,0.0350881077151656
2014-06-10,0.042803845899225
2014-06-11,0.0299748481679009
2014-06-12,0.0169525883356693
2014-06-13,0.0127356189521408
2014-06-16,0.0096981057443938
2014-06-17,0.0228198145952891
2014-06-18,0.0198297853704163
2014-06-19,0.0075921940126608
2014-06-20,0.0228791299088975
2014-06-23,0.0108687561492319
2014-06-24,0.0152369102731069
2014-06-25,0.0037925193007604
2014-06-26,0.0021943269757711
2014-06-27,0.015370152214988
2014-06-30,0.016415252528116
2014-07-01,0.0012467245288907
2014-07-02,0.0096847532671517
2014-07-03,0.002060123826741
2014-07-04,-0.0074855369309672
2014-07-07,-0.0036564196774606
2014-07-08,-0.010569212085508
2014-07-09,-0.0068372771341631
2014-07-10,-0.0120032424632645
2014-07-11,-0.0103150380198155
2014-07-14,-0.0037722716389505
2014-07-15,-0.0128010304999683
2014-07-16,-0.0074118336128865
2014-07-17,-0.0108531271572203
2014-07-18,-0.0056607479640464
2014-07-21,-0.0038723973420666
2014-07-22,0.0024982995032023
2014-07-23,-0.002230724028029
2014-07-24,0.0027256470098158
2014-07-25,-0.0061203340424174
2014-07-28,-0.0019713981644229
2014-07-29,-0.0047377499964609
2014-07-30,0.00233109462823
2014-07-31,0.0056386898885172
2014-08-01,-0.005863682096113
2014-08-04,-0.0051649296774027
2014-08-05,0.0049305195408004
2014-08-06,-0.0151303640202717
2014-08-07,-0.012322050897807
2014-08-08,-0.0151757737490565
2014-08-11,-0.0187197727669747
2014-08-12,-0.0167397583543484
2014-08-13,-0.0217928831441058
2014-08-14,-0.0233872667110248
2014-08-15,-0.0238665211122826
2014-08-18,-0.0244165351673837
2014-08-19,-0.0291691302302425
2014-08-20,-0.0351419806886768
2014-08-21,-0.0304699696645283
2014-08-22,-0.0231021924326402
2014-08-25,-0.0616782062488852
2014-08-26,-0.0458402576226575
2014-08-27,-0.0565417743537386
2014-08-28,-0.0456866587391115
2014-08-29,-0.0473967107675532
2014-09-01,-0.0615991438754828
2014-09-02,-0.0536016685010647
2014-09-03,-0.0475523967673496
2014-09-04,-0.0978001663553964
2014-09-05,-0.1039730634904638
2014-09-08,-0.1046675991114423
2014-09-09,-0.097539630445246
2014-09-10,-0.0902472404855374
2014-09-11,-0.0911994986267723
2014-09-12,-0.0725965913227399
2014-09-15,-0.0870099932571002
2014-09-16,-0.0777497029410723
2014-09-17,-0.0900588688259178
2014-09-18,-0.0669291348569229
2014-09-19,-0.0837295255921461
2014-09-22,-0.0889171022880508
2014-09-23,-0.0676634389948822
2014-09-24,-0.0769941681516268
2014-09-25,-0.0901707520006849
2014-09-26,-0.0942846850941911
2014-09-29,-0.0922217562804594
2014-09-30,-0.0965022800761432
2014-10-01,-0.1059627800261151
2014-10-02,-0.0966497354415407
2014-10-03,-0.0779789095431975
2014-10-06,-0.086584127544727
2014-10-07,-0.0877690283081604
2014-10-08,-0.0869696347226067
2014-10-09,-0.099361839274533
2014-10-10,-0.0856488895963658
2014-10-13,-0.0715204288284803
2014-10-14,-0.0846027622470901
2014-10-15,-0.0946436037744784
2014-10-16,-0.0719161520790945
2014-10-17,-0.0626273708252416
2014-10-20,-0.0730473158596121
2014-10-21,-0.0657296646366396
2014-10-22,-0.0636410780250762
2014-10-23,-0.065295882048276
2014-10-24,-0.0652286989699124
2014-10-27,-0.0595127840021336
2014-10-28,-0.0639671087545257
2014-10-29,-0.0605834357779087
2014-10-30,-0.0779384077526401
2014-10-31,-0.0826690687449698
2014-11-03,-0.0786524595747577
2014-11-04,-0.0776693318663475
2014-11-05,-0.0821962963296334
2014-11-06,-0.0872766534648827
2014-11-07,-0.0886650127680819
2014-11-10,-0.0831299309479853
2014-11-11,-0.080708330029743
2014-11-12,-0.0840209364572466
2014-11-13,-0.0815239638960556
2014-11-14,-0.0834741019077225
2014-11-17,-0.0730568064581378
2014-11-18,-0.0752249968063596
2014-11-19,-0.0458306275497291
2014-11-20,-0.0558231583775308
2014-11-21,-0.0679493513680351
2014-11-24,-0.0704477347813306
2014-11-25,-0.0726130962495035
2014-11-26,-0.0709917761949028
2014-11-27,-0.0748038326726319
2014-11-28,-0.0667006797005105
2014-12-01,-0.0585325333820647
2014-12-02,-0.0514599609062331
2014-12-03,-0.0617956699173101
2014-12-04,-0.0610599386427632
2014-12-05,-0.056357774284768
2014-12-08,-0.0638372157580215
2014-12-09,-0.0615561461388685
2014-12-10,-0.0601446429641279
2014-12-11,-0.0616723782355475
2014-12-12,-0.06673375497685
2014-12-15,-0.0648555882157948
2014-12-16,-0.0697392670211427
2014-12-17,-0.0748951113534874
2014-12-18,-0.080096370326252
2014-12-19,-0.0873057683319236
2014-12-22,-0.0901097248538951
2014-12-23,-0.0932660807162206
2014-12-24,-0.0957752260596063
2014-12-29,-0.1035949295957125
2014-12-30,-0.1136337042352924
2014-12-31,-0.1162599667172621
2015-01-02,-0.1159417169391758
2015-01-05,-0.1136904946764816
2015-01-06,-0.1076053677063701
2015-01-07,-0.1167920912234565
2015-01-08,-0.1182212538996978
2015-01-09,-0.1264501051782476
2015-01-12,-0.1279719574150135
2015-01-13,-0.1310157509565424
2015-01-14,-0.1356224659371396
2015-01-15,-0.1612619141350202
2015-01-16,-0.1646247357850478
2015-01-19,-0.1674097951036328
2015-01-20,-0.1502237123274383
2015-01-21,-0.1122389197494431
2015-01-22,-0.1534603599926254
2015-01-23,-0.1431751844696015
2015-01-26,-0.1231669908270289
2015-01-27,-0.1180745230679589
2015-01-28,-0.1272113072234366
2015-01-29,-0.145216604205804
2015-01-30,-0.1420980107298464
2015-02-02,-0.1542298879030115
2015-02-03,-0.1593573289183394
2015-02-04,-0.1709638050429393
2015-02-05,-0.1685579383922515
2015-02-06,-0.1779871963982288
2015-02-09,-0.170895123023629
2015-02-10,-0.1763123241047375
2015-02-11,-0.1735606690941047
2015-02-12,-0.1819430883312873
2015-02-13,-0.1874567646667271
2015-02-16,-0.1885987868444323
2015-02-17,-0.1775887671017317
2015-02-18,-0.1855126001225484
2015-02-19,-0.1851740109489035
2015-02-20,-0.1889554971223837
2015-02-23,-0.1827884203536802
2015-02-24,-0.1747800252721574
2015-02-25,-0.1885157880819123
2015-02-26,-0.2067671927064989
2015-02-27,-0.2010120048677314
2015-03-02,-0.1860227618669232
2015-03-03,-0.1815655884101954
2015-03-04,-0.1744663742214082
2015-03-05,-0.1774210298950514
2015-03-06,-0.1861277071337647
2015-03-09,-0.1919520379084163
2015-03-10,-0.2108014720431157
2015-03-11,-0.2067221939761641
2015-03-12,-0.2122770537875463
2015-03-13,-0.2104870986177632
2015-03-16,-0.2009054681345352
2015-03-17,-0.1781305760359247
2015-03-18,-0.2051128307749669
2015-03-19,-0.2126192576172207
2015-03-20,-0.2143199236104517
2015-03-23,-0.1972612535228263
2015-03-24,-0.1956491082270998
2015-03-25,-0.201750693500046
2015-03-26,-0.2241479472175986
2015-03-27,-0.2238468568540319
2015-03-30,-0.2166273895230797
2015-03-31,-0.2243697700188303
2015-04-01,-0.2309630186338053
2015-04-02,-0.2271598415518857
2015-04-07,-0.2276459526367769
2015-04-08,-0.2562334065087719
2015-04-09,-0.2429611973163681
2015-04-10,-0.2418979200363386
2015-04-13,-0.2387911957662684
2015-04-14,-0.2377004472117725
2015-04-15,-0.2389721289170749
2015-04-16,-0.2426191488612529
2015-04-17,-0.23919360764877
2015-04-20,-0.227710009294351
2015-04-21,-0.233015221016145
2015-04-22,-0.2221565955152651
2015-04-23,-0.2533728477419401
2015-04-24,-0.2480600827247552
2015-04-27,-0.246189207626944
2015-04-28,-0.2583175905191692
2015-04-29,-0.2297789128412901
2015-04-30,-0.2066047888869402
2015-05-04,-0.2000631283330729
2015-05-05,-0.200934016722603
2015-05-06,-0.204930267634277
2015-05-07,-0.2045708562871209
2015-05-08,-0.2119405329840011
2015-05-11,-0.2072730527196868
2015-05-12,-0.1932700030890772
2015-05-13,-0.1914572585854959
2015-05-14,-0.1850300078831688
2015-05-15,-0.1924563173386315
2015-05-18,-0.192069556397382
2015-05-19,-0.2029762934947017
2015-05-20,-0.2103386826286259
2015-05-21,-0.2182421499845954
2015-05-22,-0.2129426469731725
2015-05-25,-0.2124344000671345
2015-05-26,-0.2203318969332559
2015-05-27,-0.2164861509024296
2015-05-28,-0.227272843818453
2015-05-29,-0.2268033169818473
2015-06-01,-0.2282004532156978
2015-06-02,-0.2000370288833297
2015-06-03,-0.1755933361055766
2015-06-04,-0.1980051506648352
2015-06-05,-0.1860264093005172
2015-06-08,-0.1818876893625096
2015-06-09,-0.1633009483921341
2015-06-10,-0.1791834578301598
2015-06-11,-0.1866227197991656
2015-06-12,-0.196859631080672
2015-06-15,-0.190340665764805
2015-06-16,-0.1963852631315004
2015-06-17,-0.1940205685838985
2015-06-18,-0.2065563302692641
2015-06-19,-0.2062361148384213
2015-06-22,-0.1935208746153482
2015-06-23,-0.2023818526341718
2015-06-24,-0.208747654689172
2015-06-25,-0.210862013615269
2015-06-26,-0.2095391441907286
2015-06-29,-0.2150425071665971
2015-06-30,-0.2282906410996241
2015-07-01,-0.2334664815093523
2015-07-02,-0.2554172114077973
2015-07-03,-0.266919610787713
2015-07-06,-0.2668487583900072
2015-07-07,-0.2683120059607122
2015-07-08,-0.2666777612899154
2015-07-09,-0.2636724543351212
2015-07-10,-0.2265040359021097
2015-07-13,-0.2260332907121121
2015-07-14,-0.2349619220356733
2015-07-15,-0.2516386919765743
2015-07-16,-0.2326919861351117
2015-07-17,-0.2426821390429585
2015-07-20,-0.2381686853804745
2015-07-21,-0.2355860987549496
2015-07-22,-0.2388041216162029
2015-07-23,-0.2397407641785272
2015-07-24,-0.2490858411671821
2015-07-27,-0.2464628863016578
2015-07-28,-0.2478856934584599
2015-07-29,-0.2515054625339772
2015-07-30,-0.2623903068150588
2015-07-31,-0.2559746368224578
2015-08-03,-0.2582786657904565
2015-08-04,-0.2592443215851514
2015-08-05,-0.2484276642423579
2015-08-06,-0.2553208382848175
2015-08-07,-0.2732564055479578
2015-08-10,-0.2718277392941759
2015-08-11,-0.2750638225251469
2015-08-12,-0.2808004620790525
2015-08-13,-0.2739934136366648
2015-08-14,-0.2702203431280827
2015-08-17,-0.2659437424844122
2015-08-18,-0.2516881716010013
2015-08-19,-0.2492054413369659
2015-08-20,-0.2641433179850962
2015-08-21,-0.2579606270131471
2015-08-24,-0.2597144344129025
2015-08-25,-0.2345069280257201
2015-08-26,-0.2284324642895721
2015-08-27,-0.2295354805476319
2015-08-28,-0.2301201681300648
2015-08-31,-0.218853389635659
2015-09-01,-0.2088921795318707
2015-09-02,-0.2162792822187533
2015-09-03,-0.2454451802612651
2015-09-04,-0.2493959051507062
2015-09-07,-0.2463184749770848
2015-09-08,-0.2385557811337095
2015-09-09,-0.2431834387265121
2015-09-10,-0.2457873294970887
2015-09-11,-0.2505472149715135
2015-09-14,-0.2522012645267337
2015-09-15,-0.2443341510800907
2015-09-16,-0.2379263315794346
2015-09-17,-0.2200187229861716
2015-09-18,-0.2527291689283564
2015-09-21,-0.2440196560044414
2015-09-22,-0.271899768858967
2015-09-23,-0.2633803344938412
2015-09-24,-0.2573197604401349
2015-09-25,-0.2523846658624924
2015-09-28,-0.262562906200078
2015-09-29,-0.2716460658344157
2015-09-30,-0.2369035150266789
2015-10-01,-0.2663562227013738
2015-10-02,-0.2768160387868628
2015-10-05,-0.2627378284744459
2015-10-06,-0.2466176015391381
2015-10-07,-0.2488159294456062
2015-10-08,-0.257908100017179
2015-10-09,-0.2538149709180519
2015-10-12,-0.2607401494524639
2015-10-13,-0.2578514340226023
2015-10-14,-0.2622569927354279
2015-10-15,-0.2719218459659513
2015-10-16,-0.2700408159782688
2015-10-19,-0.2703072973190021
2015-10-20,-0.2430973657142363
2015-10-21,-0.256546390994993
2015-10-22,-0.339282607056278
2015-10-23,-0.3195918155510844
2015-10-26,-0.3271515088476295
2015-10-27,-0.3393779121967633
2015-10-28,-0.3370569823714104
2015-10-29,-0.3255687237708908
2015-10-30,-0.3134306329592951
2015-11-02,-0.3011078925995116
2015-11-03,-0.3092907731140997
2015-11-04,-0.3212483298691939
2015-11-05,-0.3148318953690836
2015-11-06,-0.2923013308047464
2015-11-09,-0.3102295651204398
2015-11-10,-0.337890101900097
2015-11-11,-0.3442071457022342
2015-11-12,-0.3465440863992342
2015-11-13,-0.3590512165161508
2015-11-16,-0.3603345109024154
2015-11-17,-0.3666338683490435
2015-11-18,-0.3652064627187199
2015-11-19,-0.3640835804573328
2015-11-20,-0.3778022516955648
2015-11-23,-0.3803247858083995
2015-11-24,-0.3692845430685398
2015-11-25,-0.4034745285444003
2015-11-26,-0.4024209114362218
2015-11-27,-0.4084282689489589
2015-11-30,-0.4029375934540686
2015-12-01,-0.4151533267784195
2015-12-02,-0.4238947049376405
2015-12-03,-0.3107490979157594
2015-12-04,-0.2898968517119593
2015-12-07,-0.3013985001624606
2015-12-08,-0.3107648158997618
2015-12-09,-0.3231682646421721
2015-12-10,-0.3355199236130941
2015-12-11,-0.3515328543086333
2015-12-14,-0.3374421919074004
2015-12-15,-0.3331874519814715
2015-12-16,-0.335827803423995
2015-12-17,-0.3466937161796881
2015-12-18,-0.3597672803075467
2015-12-21,-0.3640305244257931
2015-12-22,-0.3474814447387437
2015-12-23,-0.3395482924225463
2015-12-28,-0.3395235966541774
2015-12-29,-0.3330933020074171
2015-12-30,-0.3462793725268485
2016-01-04,-0.3665054273992991
2016-01-05,-0.3753815263722542
2016-01-06,-0.386431902166759
2016-01-07,-0.3846199368024878
2016-01-08,-0.3932920890135101
2016-01-11,-0.3848407865944878
2016-01-12,-0.3759553399233164
2016-01-13,-0.383544619910019
2016-01-14,-0.3927776239134743
2016-01-15,-0.3953311055147646
2016-01-18,-0.3901011001073016
2016-01-19,-0.3817129452273011
2016-01-20,-0.4000462522212711
2016-01-21,-0.440355356567105
2016-01-22,-0.4335734587356485
2016-01-25,-0.4309698092067409
2016-01-26,-0.4409029947348681
2016-01-27,-0.4281538124661717
2016-01-28,-0.4358156486621043
2016-01-29,-0.4661021702851506
2016-02-01,-0.4537572371646048
2016-02-02,-0.4621372559289272
2016-02-03,-0.4685358892794129
2016-02-04,-0.4713468540548042
2016-02-05,-0.4719466723785555
2016-02-08,-0.4936818509244407
2016-02-09,-0.4926171345341155
2016-02-10,-0.4934598243074708
2016-02-11,-0.5085326176533576
2016-02-12,-0.4978669940923081
2016-02-15,-0.4919851594606443
2016-02-16,-0.4850931935000266
2016-02-17,-0.4855414334916066
2016-02-18,-0.4921240964040727
2016-02-19,-0.5033983518023968
2016-02-22,-0.5047193538657204
2016-02-23,-0.4897095113223528
2016-02-24,-0.499815126844731
2016-02-25,-0.5034167979053024
2016-02-26,-0.5200343755168992
2016-02-29,-0.5356489751050475
2016-03-01,-0.5346495724235156
2016-03-02,-0.5242208515373328
2016-03-03,-0.5464682441460171
2016-03-04,-0.5303135145160294
2016-03-07,-0.521627209723416
2016-03-08,-0.5440898626954027
2016-03-09,-0.5174358211491041
2016-03-10,-0.5145390299961488
2016-03-11,-0.4580612509924933
2016-03-14,-0.4615943454177369
2016-03-15,-0.4503382127007063
2016-03-16,-0.4555384064560908
2016-03-17,-0.4658045281798131
2016-03-18,-0.4810107254449249
2016-03-21,-0.475869113295106
2016-03-22,-0.4807904351438905
2016-03-23,-0.4828451188003777
2016-03-24,-0.4841943637289869
2016-03-29,-0.4971309158504207
2016-03-30,-0.4898750814466135
2016-03-31,-0.4904551380587385
2016-04-01,-0.4910320002159452
2016-04-04,-0.4817720703171373
2016-04-05,-0.493525104431443
2016-04-06,-0.4810990205211145
2016-04-07,-0.503008250674136
2016-04-08,-0.5065399004788673
2016-04-11,-0.5030699903519061
2016-04-12,-0.506718494249293
2016-04-13,-0.5079610628156558
2016-04-14,-0.5013686073112589
2016-04-15,-0.5148788033244784
2016-04-18,-0.5059509973949958
2016-04-19,-0.5097153708671964
2016-04-20,-0.5083897206151331
2016-04-21,-0.4947556758609434
2016-04-22,-0.4956804457562203
2016-04-25,-0.4966422345391441
2016-04-26,-0.4903056239766952
2016-04-27,-0.4916760076465265
2016-04-28,-0.5024612185860039
2016-04-29,-0.5024367071229285
2016-05-02,-0.4920232008417931
2016-05-03,-0.5137137199148838
2016-05-04,-0.5131077379910756
2016-05-05,-0.5272480022322288
2016-05-06,-0.5313993619148887
2016-05-09,-0.5306091888960514
2016-05-10,-0.5278352861141742
2016-05-11,-0.5310315452067593
2016-05-12,-0.5356264412634619
2016-05-13,-0.5328394602687903
2016-05-16,-0.5300966500595052
2016-05-17,-0.5292399141432229
2016-05-18,-0.5256699144400327
2016-05-19,-0.5263922306341104
2016-05-20,-0.5237914049151096
2016-05-23,-0.5242486095121834
2016-05-24,-0.5264285163856997
2016-05-25,-0.5367448751853288
2016-05-26,-0.5404244512651246
2016-05-27,-0.5418359231201775
2016-05-30,-0.5303685695230418
2016-05-31,-0.5254433705933028
2016-06-01,-0.5407720036540709
2016-06-02,-0.536377272587913
2016-06-03,-0.549558650981524
2016-06-06,-0.557753467030274
2016-06-07,-0.55381735905324
2016-06-08,-0.5536256500052579
2016-06-09,-0.5627771275088973
2016-06-10,-0.5638358134706216
2016-06-13,-0.5572569867817996
2016-06-14,-0.5834278612943815
2016-06-15,-0.5926883302677055
2016-06-16,-0.6042915572665621
2016-06-17,-0.6071444282841783
2016-06-20,-0.5920622314807407
2016-06-21,-0.5948912212276736
2016-06-22,-0.5880203918010172
2016-06-23,-0.5787020366839126
2016-06-24,-0.6609153406995811
2016-06-27,-0.6538958459647999
2016-06-28,-0.6510635395449369
2016-06-29,-0.6586551404377134
2016-06-30,-0.6609447949233811
2016-07-01,-0.6624122274277164
2016-07-04,-0.670603642691999
2016-07-05,-0.6794336473104918
2016-07-06,-0.6943759723719176
2016-07-07,-0.6924999137866767
2016-07-08,-0.6989374873134402
2016-07-11,-0.6974204352197781
2016-07-12,-0.6803150915887661
2016-07-13,-0.6887036162706339
2016-07-14,-0.6732482791569057
2016-07-15,-0.6698337843273543
2016-07-18,-0.6727876809601403
2016-07-19,-0.6628779827609343
2016-07-20,-0.6503627600622153
2016-07-21,-0.6421905251339513
2016-07-22,-0.6421943131982442
2016-07-25,-0.6386635725054512
2016-07-26,-0.6372741351974329
2016-07-27,-0.649851686447064
2016-07-28,-0.646781163784647
2016-07-29,-0.6532821141232463
2016-08-01,-0.6500928240134591
2016-08-02,-0.6365865391266756
2016-08-03,-0.6342446810831244
2016-08-04,-0.6496641019468421
2016-08-05,-0.6536273124392098
2016-08-08,-0.6522922004469391
2016-08-09,-0.6556834647013332
2016-08-10,-0.6644386922797696
2016-08-11,-0.6641990788521488
2016-08-12,-0.6619079013333562
2016-08-15,-0.6439503562590003
2016-08-16,-0.6417337325884587
2016-08-17,-0.6461065522724851
2016-08-18,-0.6507581921760859
2016-08-19,-0.6415643576607724
2016-08-22,-0.6516948367836761
2016-08-23,-0.6522142973538569
2016-08-24,-0.649624281719166
2016-08-25,-0.6422940389610345
2016-08-26,-0.6407491335888471
2016-08-29,-0.644183166649531
2016-08-30,-0.6485674383724378
2016-08-31,-0.6527914235767716
2016-09-01,-0.6471059011554274
2016-09-02,-0.6557528142814091
2016-09-05,-0.6565403917215455
2016-09-06,-0.674031655159951
2016-09-07,-0.6875109298048265
2016-09-08,-0.6640109294850696
2016-09-09,-0.6507076544593997
2016-09-12,-0.643232465522602
2016-09-13,-0.6425776372344636
2016-09-14,-0.6590481108366331
2016-09-15,-0.6564382717051118
2016-09-16,-0.664504168247575
2016-09-19,-0.6609658230670212
2016-09-20,-0.6694116939841024
2016-09-21,-0.6681860055833031
2016-09-22,-0.6822984144645581
2016-09-23,-0.687223056837464
2016-09-26,-0.6957096931962274
2016-09-27,-0.7205943365916183
2016-09-28,-0.7258134720783356
2016-09-29,-0.7203597138866451
2016-09-30,-0.7197846188872381
2016-10-03,-0.7156544803140741
2016-10-04,-0.7174527414999319
2016-10-05,-0.7093548690091929
2016-10-06,-0.7031509682518169
2016-10-07,-0.706597431400052
2016-10-10,-0.695485465366191
2016-10-11,-0.691527779023767
2016-10-12,-0.6915697548976358
2016-10-13,-0.6988370672175064
2016-10-14,-0.6973447773321304
2016-10-17,-0.6944750821078376
2016-10-18,-0.7076693260262203
2016-10-19,-0.7040522038450092
2016-10-20,-0.7081551731138709
2016-10-21,-0.6994689532118197
2016-10-24,-0.6972122649129755
2016-10-25,-0.6947690295808528
2016-10-26,-0.6790019742784144
2016-10-27,-0.6688664074947273
2016-10-28,-0.6653667918461434
2016-10-31,-0.6629803169261805
2016-11-01,-0.6475454835193584
2016-11-02,-0.6631184170969004
2016-11-03,-0.6735995280682472
2016-11-04,-0.6891673915738252
2016-11-07,-0.6806284562241189
2016-11-08,-0.6798056226614557
2016-11-09,-0.6977241472657165
2016-11-10,-0.6685426835553541
2016-11-11,-0.6570324399554854
2016-11-14,-0.6538070509001983
2016-11-15,-0.6692183650718859
2016-11-16,-0.6679589606131167
2016-11-17,-0.6737146476780875
2016-11-18,-0.698246164791307
2016-11-21,-0.7066063366200623
2016-11-22,-0.7483185639955732
2016-11-23,-0.7186396891929281
2016-11-24,-0.7592772761545308
2016-11-25,-0.775099033982614
2016-11-28,-0.7858398017334745
2016-11-29,-0.7799167720645501
2016-11-30,-0.7791404456553979
2016-12-01,-0.7724161910996514
2016-12-02,-0.7561872370416554
2016-12-05,-0.7332628116584026
2016-12-06,-0.7280016893689427
2016-12-07,-0.7145498301492923
2016-12-08,-0.720715106995522
2016-12-09,-0.7790583505233455
2016-12-12,-0.7660997047938514
2016-12-13,-0.756701277912601
2016-12-14,-0.7589732836867444
2016-12-15,-0.7798733009101593
2016-12-16,-0.8023620972778533
2016-12-19,-0.8020961600495555
2016-12-20,-0.8021165211760279
2016-12-21,-0.7981067804568953
2016-12-22,-0.8091624505208079
2016-12-23,-0.8132278638262234
2016-12-27,-0.8218313382605946
2016-12-28,-0.8315431519420957
2016-12-29,-0.8038552902505653
2016-12-30,-0.8000982626405939
2017-01-02,-0.8181670896921829
2017-01-03,-0.7987262447253185
2017-01-04,-0.796285835508109
2017-01-05,-0.7652190708344948
2017-01-06,-0.7393404161948007
2017-01-09,-0.7525120315583012
2017-01-10,-0.7596324357319775
2017-01-11,-0.7419533435486549
2017-01-12,-0.7451465108175364
2017-01-13,-0.7506443323557175
2017-01-16,-0.7565141688465564
2017-01-17,-0.7625813638965355
2017-01-18,-0.737065805358665
2017-01-19,-0.7333933734327163
2017-01-20,-0.7097726064369283
2017-01-23,-0.6855649827730188
2017-01-24,-0.685996877326958
2017-01-25,-0.6653688800020543
2017-01-26,-0.6712029991276816
2017-01-27,-0.672522497480518
2017-01-30,-0.677531441817492
2017-01-31,-0.6920974197856666
2017-02-01,-0.7146369609704131
2017-02-02,-0.7505927552112399
2017-02-03,-0.7588422284229477
2017-02-06,-0.7777718685984447
2017-02-07,-0.7822619182723862
2017-02-08,-0.8131281606106309
2017-02-09,-0.8053079347424195
2017-02-10,-0.7931039360966139
2017-02-13,-0.8020430442656616
2017-02-14,-0.8041668456169067
2017-02-15,-0.7959800892380877
2017-02-16,-0.7884900718255752
2017-02-17,-0.816393799380029
2017-02-20,-0.8400944040936063
2017-02-21,-0.8469779787736988
2017-02-22,-0.8960195704154796
2017-02-23,-0.8982817730464179
2017-02-24,-0.930352620503653
2017-02-27,-0.9177140263756982
2017-02-28,-0.8952173566631316
2017-03-01,-0.858238491163811
2017-03-02,-0.8591896552341876
2017-03-03,-0.8345048895204883
2017-03-06,-0.8342528240896661
2017-03-07,-0.8760784543091953
2017-03-08,-0.8562834172676519
2017-03-09,-0.8525922698015567
2017-03-10,-0.8460082687163366
2017-03-13,-0.8183605500553632
2017-03-14,-0.8067374517648407
2017-03-15,-0.8214102776950005
2017-03-16,-0.7950855603332143
2017-03-17,-0.7881153749701673
2017-03-20,-0.7709211107769978
2017-03-21,-0.735123021518203
2017-03-22,-0.771164167529363
2017-03-23,-0.7583462619413535
2017-03-24,-0.7370195780931019
2017-03-27,-0.7149242528069428
2017-03-28,-0.7179055957654068
2017-03-29,-0.7612406832210281
2017-03-30,-0.7436793606031067
2017-03-31,-0.7283535794793483
2017-04-03,-0.7873725092199209
2017-04-04,-0.8082878916815699
2017-04-05,-0.8052422419393412
2017-04-06,-0.7964778087425497
2017-04-07,-0.8155957220479637
2017-04-10,-0.8326779504899378
2017-04-11,-0.8434475701797961
2017-04-12,-0.8420067405528631
2017-04-13,-0.8572238046867451
2017-04-18,-0.8461778135959754
2017-04-19,-0.8057916346824627
2017-04-20,-0.7858766049869113
2017-04-21,-0.7857265720098505
2017-04-24,-0.6992764493428401
2017-04-25,-0.7018313864199337
2017-04-26,-0.7062749360115932
2017-04-27,-0.7268340139093548
2017-04-28,-0.7320803590402449
2017-05-02,-0.7383887936898423
2017-05-03,-0.7323488098328292
2017-05-04,-0.7207511610100701
2017-05-05,-0.6977623405115079
2017-05-08,-0.68914782305741
2017-05-09,-0.6756781996966628
2017-05-10,-0.6880337256432947
2017-05-11,-0.6724458729226326
2017-05-12,-0.6886235556510507
2017-05-15,-0.6748691147678381
2017-05-16,-0.662512507396138
2017-05-17,-0.6883640253095722
2017-05-18,-0.6941479229733769
2017-05-19,-0.679065299362259
2017-05-22,-0.6754649506161332
2017-05-23,-0.6626976395150592
2017-05-24,-0.6798279837873018
2017-05-25,-0.6938281072316945
2017-05-26,-0.7041108110412706
2017-05-29,-0.7289786695733911
2017-05-30,-0.7357365401249103
2017-05-31,-0.7359024097670401
2017-06-01,-0.7329104343205337
2017-06-02,-0.7480126616172376
2017-06-05,-0.731554756714436
2017-06-06,-0.7499016623670762
2017-06-07,-0.7559794884731783
2017-06-08,-0.746443367553991
2017-06-09,-0.754912508617716
2017-06-12,-0.7515382195343854
2017-06-13,-0.7212299234350379
2017-06-14,-0.7163713027236174
2017-06-15,-0.6591979497150158
2017-06-16,-0.6830524726628502
2017-06-19,-0.6696802639782211
2017-06-20,-0.6718376793094594
2017-06-21,-0.6599404815177126
2017-06-22,-0.6651717008279006
2017-06-23,-0.65032843183561
2017-06-26,-0.6557621455971772
2017-06-27,-0.610612879172467
2017-06-28,-0.6107385664629907
2017-06-29,-0.5982272964863675
2017-06-30,-0.5860358511646915
2017-07-03,-0.6063645902190862
2017-07-04,-0.6157263751251545
2017-07-05,-0.6023523562677431
2017-07-06,-0.5923981635402251
2017-07-07,-0.606108602539706
2017-07-10,-0.6168116260072152
2017-07-11,-0.6064346718529503
2017-07-12,-0.6190180632922981
2017-07-13,-0.6253842576283519
2017-07-14,-0.6325131195366183
2017-07-17,-0.6323908836858951
2017-07-18,-0.6392138720623652
2017-07-19,-0.6402525016168976
2017-07-20,-0.6436986689765849
2017-07-21,-0.6437726489582252
2017-07-24,-0.6556850816749629
2017-07-25,-0.6475712765100603
2017-07-26,-0.6528243823934616
2017-07-27,-0.664467069663166
2017-07-28,-0.658818577416131
2017-07-31,-0.6677879301542609
2017-08-01,-0.6708553997478397
2017-08-02,-0.6821703054825203
2017-08-03,-0.6764010134952034
2017-08-04,-0.6729454984207317
2017-08-07,-0.6753310028481394
2017-08-08,-0.6670214425523993
2017-08-09,-0.6814680212885964
2017-08-10,-0.6801208922186017
2017-08-11,-0.7031796004310147
2017-08-14,-0.7055315635241621
2017-08-15,-0.6890506176624234
2017-08-16,-0.6884724269699971
2017-08-17,-0.6805273178986448
2017-08-18,-0.7000984391392837
2017-08-21,-0.7020942395337286
2017-08-22,-0.7032135755090767
2017-08-23,-0.7185161811870229
2017-08-24,-0.7229737250576296
2017-08-25,-0.7114144011382173
2017-08-28,-0.7332824075870761
2017-08-29,-0.742497940722588
2017-08-30,-0.7244493855285317
2017-08-31,-0.7341663992199683
2017-09-01,-0.7264870387794229
2017-09-04,-0.7413051187851529
2017-09-05,-0.759554124330533
2017-09-06,-0.7471465701505293
2017-09-07,-0.7604467254267897
2017-09-08,-0.7633127457827316
2017-09-11,-0.7604673544174894
2017-09-12,-0.7399262933260928
2017-09-13,-0.7299451431121495
2017-09-14,-0.7206202211901234
2017-09-15,-0.7056445173470882
2017-09-18,-0.699522557437696
2017-09-19,-0.696656984425676
2017-09-20,-0.6986707373204375
2017-09-21,-0.6957818218409795
2017-09-22,-0.691673029154046
2017-09-25,-0.6778882429689128
2017-09-26,-0.7190046396221828
2017-09-27,-0.7024221582565922
2017-09-28,-0.7101638978835298
2017-09-29,-0.6999581196698683
2017-10-02,-0.7155326883760775
2017-10-03,-0.7122918772976821
2017-10-04,-0.7163426843514076
2017-10-05,-0.7033956093803466
2017-10-06,-0.6824731304138671
2017-10-09,-0.7063305132387336
2017-10-10,-0.70152675313693
2017-10-11,-0.6953399454251183
2017-10-12,-0.7124039816193077
2017-10-13,-0.7286280098888733
2017-10-16,-0.7462403070737462
2017-10-17,-0.7417228057703538
2017-10-18,-0.73042909406528
2017-10-19,-0.737267316936185
2017-10-20,-0.7184527558678964
2017-10-23,-0.7300149644696567
2017-10-24,-0.705378641506881
2017-10-25,-0.6973443201031024
2017-10-26,-0.7292970915131098
2017-10-27,-0.7485892550545188
2017-10-30,-0.7574911601902539
2017-10-31,-0.744982685394139
2017-11-01,-0.751392239768693
2017-11-02,-0.7437468896640738
2017-11-03,-0.756691930637797
2017-11-06,-0.7455083994131231
2017-11-07,-0.762951060536615
2017-11-08,-0.7658246034695289
2017-11-09,-0.7460245445267688
2017-11-10,-0.7476946647973985
2017-11-13,-0.7407622829979061
2017-11-14,-0.7331121895200834
2017-11-15,-0.7490579389949721
2017-11-16,-0.7371355963390904
2017-11-17,-0.7377633952978107
2017-11-20,-0.7402381427402762
2017-11-21,-0.739479472011026
2017-11-22,-0.718180875602509
2017-11-23,-0.7157607499590934
2017-11-24,-0.7118833481682696
2017-11-27,-0.7128897828242948
2017-11-28,-0.7223276691038363
2017-11-29,-0.7053485898847152
2017-11-30,-0.7021452827025936
2017-12-01,-0.7155631335293915
2017-12-04,-0.7215488853837471
2017-12-05,-0.7326212614239145
2017-12-06,-0.7551588157729876
2017-12-07,-0.767450613558939
2017-12-08,-0.7623042108258975
2017-12-11,-0.7478797616125608
2017-12-12,-0.743906845655637
2017-12-13,-0.7469175968417172
2017-12-14,-0.738588411901115
2017-12-15,-0.7382827626242525
2017-12-18,-0.7240255516569718
2017-12-19,-0.7105696042059124
2017-12-20,-0.6913950787301859
2017-12-21,-0.6699112092740309
2017-12-22,-0.6649866952696035
2017-12-27,-0.6731523010616778
2017-12-28,-0.637618189823689
2017-12-29,-0.6352172241188692
2018-01-02,-0.6184492733985723
2018-01-03,-0.6258495135872177
2018-01-04,-0.6092078650348185
2018-01-05,-0.610466326997031
2018-01-08,-0.6202436117552228
2018-01-09,-0.6158303015402957
2018-01-10,-0.6151396804484026
2018-01-11,-0.5646616875077592
2018-01-12,-0.5597776646191157
2018-01-15,-0.5778057363459306
2018-01-16,-0.5749339861922129
2018-01-17,-0.5706399095357986
2018-01-18,-0.5762719550166233
2018-01-19,-0.5854912862391126
2018-01-22,-0.5915804785073462
2018-01-23,-0.5833259436548168
2018-01-24,-0.5807932699295382
2018-01-25,-0.5451433564393389
2018-01-26,-0.5387041960601016
2018-01-29,-0.5075764573764943
2018-01-30,-0.5176578097556845
2018-01-31,-0.5247320548608307
2018-02-01,-0.5327598288112059
2018-02-02,-0.521751105664789
2018-02-05,-0.543226240574679
2018-02-06,-0.547235753362938
2018-02-07,-0.5448470227649107
2018-02-08,-0.5146026909352956
2018-02-09,-0.5456359457166666
2018-02-12,-0.5592832426489274
2018-02-13,-0.5624755786788898
2018-02-14,-0.5479182527473743
2018-02-15,-0.5396199499448961
2018-02-16,-0.5552945117676398
2018-02-19,-0.5495560353561562
2018-02-20,-0.556576740817512
2018-02-21,-0.5484844626377612
2018-02-22,-0.5560946036786856
2018-02-23,-0.5701424029787718
2018-02-26,-0.5725897805717945
2018-02-27,-0.5642931916123333
2018-02-28,-0.572716156433839
2018-03-01,-0.5817057429596186
2018-03-02,-0.5804957664433212
2018-03-05,-0.5803534240144961
2018-03-06,-0.5622852014496118
2018-03-07,-0.5585202152058821
2018-03-08,-0.5671559401157857
2018-03-09,-0.5715420545818306
2018-03-12,-0.5800019062003967
2018-03-13,-0.5890634617310768
2018-03-14,-0.5793483600312781
2018-03-15,-0.5862981806561312
2018-03-16,-0.591061555091895
2018-03-19,-0.5854879794608339
2018-03-20,-0.5876399456870267
2018-03-21,-0.5867594890438408
2018-03-22,-0.614247893129682
2018-03-23,-0.6017288877753648
2018-03-26,-0.5983788171555
2018-03-27,-0.6073070106820992
2018-03-28,-0.6083209264391796
2018-03-29,-0.609956169598294
2018-04-03,-0.6016023872693204
2018-04-04,-0.6032334389107241
2018-04-05,-0.5873391172779057
2018-04-06,-0.5904540552122226
2018-04-09,-0.5836820000940577
2018-04-10,-0.5702934950496834
2018-04-11,-0.5714193834071057
2018-04-12,-0.5755119500336336
2018-04-13,-0.5807393396290177
2018-04-16,-0.5792179391803032
2018-04-17,-0.5853195319813924
2018-04-18,-0.5753764775743457
2018-04-19,-0.556253014385411
2018-04-20,-0.5570122067315166
2018-04-23,-0.5498127375869091
2018-04-24,-0.5458236716106368
2018-04-25,-0.5505285972836571
2018-04-26,-0.5530571321939126
2018-04-27,-0.571883621723801
2018-04-30,-0.5709839086652089
2018-05-02,-0.5717191943072839
2018-05-03,-0.5778050843609961
2018-05-04,-0.5725845064516379
2018-05-07,-0.5769564920763957
2018-05-08,-0.5715153182288937
2018-05-09,-0.5645516371075718
2018-05-10,-0.5793114878060175
2018-05-11,-0.5679627449180273
2018-05-14,-0.5470994881826616
2018-05-15,-0.5379548794872218
2018-05-16,-0.5581990429113333
2018-05-17,-0.5595473370335631
2018-05-18,-0.5640119899574643
2018-05-21,-0.5909289594640343
2018-05-22,-0.5874825958606325
2018-05-23,-0.6045871736800219
2018-05-24,-0.6162522611573111
2018-05-25,-0.652919977306734
2018-05-28,-0.6925742478333854
2018-05-29,-0.7060217742182573
2018-05-30,-0.704692734567586
2018-05-31,-0.6913572167228086
2018-06-01,-0.6366566110034633
2018-06-04,-0.6318401252723831
2018-06-05,-0.6563043077504824
2018-06-06,-0.6225627072227509
2018-06-07,-0.6179630992906064
2018-06-08,-0.659559588167423
2018-06-11,-0.6234215982829872
2018-06-12,-0.6083517892430201
2018-06-13,-0.6121423826484209
2018-06-14,-0.6339709690008899
2018-06-15,-0.6442975094533487
2018-06-18,-0.6479226792752373
2018-06-19,-0.6616324852662947
2018-06-20,-0.6630035381399217
2018-06-21,-0.6857809034324696
2018-06-22,-0.6927997127879078
2018-06-25,-0.6862412487397576
2018-06-26,-0.6928244295043928
2018-06-27,-0.6871671533591153
2018-06-28,-0.6946496105669633
2018-06-29,-0.682019234848231
2018-07-02,-0.6966512530881479
2018-07-03,-0.6813203491243645
2018-07-04,-0.6718174626355884
2018-07-05,-0.6660347230530146
2018-07-06,-0.673036848684081
2018-07-09,-0.6566104998315749
2018-07-10,-0.6524142834464843
2018-07-11,-0.6467465672300445
2018-07-12,-0.655334751555313
2018-07-13,-0.6618555300797784
2018-07-16,-0.650205693134212
2018-07-17,-0.6527641140919949
2018-07-18,-0.6527274226924966
2018-07-19,-0.6547338028622907
2018-07-20,-0.6452680474940049
2018-07-23,-0.6318103241985362
2018-07-24,-0.6318903230625184
2018-07-25,-0.6271391784464617
2018-07-26,-0.6314733313781504
2018-07-27,-0.6283917353300756
2018-07-30,-0.6057251019936878
2018-07-31,-0.5930745643892292
2018-08-01,-0.578957669965229
2018-08-02,-0.5881901903912095
2018-08-03,-0.6141770125733528
2018-08-06,-0.6123697411858489
2018-08-07,-0.6109920554088202
2018-08-08,-0.613145263544622
2018-08-09,-0.6331357353538092
2018-08-10,-0.6573601351896077
2018-08-13,-0.6609658761325345
2018-08-14,-0.6547490261678375
2018-08-15,-0.6619919479459782
2018-08-16,-0.6580970738561627
2018-08-17,-0.6614776800260342
2018-08-20,-0.6625850716289747
2018-08-21,-0.6438010338448379
2018-08-22,-0.6324920242080339
2018-08-23,-0.6246828570218801
2018-08-24,-0.6169822173052131
2018-08-27,-0.6102311458994647
2018-08-28,-0.6043309385367692
2018-08-29,-0.5944592993412714
2018-08-30,-0.6236487301149181
2018-08-31,-0.6269550761316642
2018-09-03,-0.629976479303914
2018-09-04,-0.6108075097067847
2018-09-05,-0.5853458554141948
2018-09-06,-0.5929825361389325
2018-09-07,-0.5826719640489433
2018-09-10,-0.5722089711839828
2018-09-11,-0.561004628760049
2018-09-12,-0.5725057998482903
2018-09-13,-0.5679983741827668
2018-09-14,-0.5605720978127957
2018-09-17,-0.5514205114784421
2018-09-18,-0.5480354212514795
2018-09-19,-0.5453190145078155
2018-09-20,-0.5463463582445698
2018-09-21,-0.5571499695156126
2018-09-24,-0.5290102733464952
2018-09-25,-0.5211293884071297
2018-09-26,-0.5157521617244587
2018-09-27,-0.5171137323607828
2018-09-28,-0.5451433434200164
2018-10-01,-0.5466704212058655
2018-10-02,-0.5704635753485761
2018-10-03,-0.5572971496887638
2018-10-04,-0.5297809212467302
2018-10-05,-0.5300351284536937
2018-10-08,-0.5500029298457063
2018-10-09,-0.5508205539154529
2018-10-10,-0.534916618210934
2018-10-11,-0.5539960487259332
2018-10-12,-0.5687641720501739
2018-10-15,-0.5833541936704076
2018-10-16,-0.5852766797722095
2018-10-17,-0.5947330359118119
2018-10-18,-0.6061157247970304
2018-10-19,-0.6247621572754296
2018-10-22,-0.6096870309051292
2018-10-23,-0.619352158791024
2018-10-24,-0.6341105563889098
2018-10-25,-0.6350254888267433
2018-10-26,-0.6481863012177884
2018-10-29,-0.6344201329319574
2018-10-30,-0.6438386102317661
2018-10-31,-0.6299003250758028
2018-11-01,-0.6266445653498973
2018-11-02,-0.6241776021057177
2018-11-05,-0.6213209064226781
2018-11-06,-0.6182093225577026
2018-11-07,-0.5962768519598081
2018-11-08,-0.5985169949965838
2018-11-09,-0.6106086090793141
2018-11-12,-0.6206777931295688
2018-11-13,-0.6130013629351634
2018-11-14,-0.6117279331919923
2018-11-15,-0.6371934039544875
2018-11-16,-0.6331055645632961
2018-11-19,-0.6191972026062453
2018-11-20,-0.6307478425139985
2018-11-21,-0.6206905403776748
2018-11-22,-0.6150929514665568
2018-11-23,-0.6247578415630235
2018-11-26,-0.6116244687822103
2018-11-27,-0.624315731971878
2018-11-28,-0.6209453830514065
2018-11-29,-0.6346030542044003
2018-11-30,-0.6361893579852991
2018-12-03,-0.6340272104831399
2018-12-04,-0.6435197543158413
2018-12-05,-0.644105177996507
2018-12-06,-0.6593980870196914
2018-12-07,-0.6348795403011307
2018-12-10,-0.6109071935660184
2018-12-11,-0.6346566482785274
2018-12-12,-0.6178571174571239
2018-12-13,-0.6284936718746907
2018-12-14,-0.6441758730400409
2018-12-17,-0.6459667389600536
2018-12-18,-0.6482181008316523
2018-12-19,-0.6410470086646924
2018-12-20,-0.6411363859472017
2018-12-21,-0.6503375628094847
2018-12-27,-0.6574296853226222
2018-12-28,-0.6582477614142714
2019-01-02,-0.6696859306575575
2019-01-03,-0.6550761563498511
2019-01-04,-0.6349525512673866
2019-01-07,-0.6210712528190978
2019-01-08,-0.6101836216718608
2019-01-09,-0.6082947462457859
2019-01-10,-0.6188518735302635
2019-01-11,-0.6194097620120438
2019-01-14,-0.6226261163658182
2019-01-15,-0.6336027071066317
2019-01-16,-0.6230697436777972
2019-01-17,-0.6143232553539337
2019-01-18,-0.613590144100681
2019-01-21,-0.6073630554484319
2019-01-22,-0.6105981297848508
2019-01-23,-0.6079165653292922
2019-01-24,-0.6023392609377192
2019-01-25,-0.601070274898146
2019-01-28,-0.5952243820277361
2019-01-29,-0.5861937996465953
2019-01-30,-0.5781267653727178
2019-01-31,-0.5821824089825123
2019-02-01,-0.5921860987815881
2019-02-04,-0.5841666235759129
2019-02-05,-0.5793725945467001
2019-02-06,-0.5629819355965702
2019-02-07,-0.5821738291663858
2019-02-08,-0.5855405727967122
2019-02-11,-0.573459333790034
2019-02-12,-0.5699058679892293
2019-02-13,-0.5612781598970478
2019-02-14,-0.5687409542526516
2019-02-15,-0.5658124695924203
2019-02-18,-0.5690430417543038
2019-02-19,-0.578161372798073
2019-02-20,-0.5771470192903712
2019-02-21,-0.5618157659136149
2019-02-22,-0.5726652988338716
2019-02-25,-0.5596982557421413
2019-02-26,-0.5590257924509894
2019-02-27,-0.5475179026440604
2019-02-28,-0.5375636107662469
2019-03-01,-0.5281549818304465
2019-03-04,-0.5293991956781183
2019-03-05,-0.5352326889352756
2019-03-06,-0.5397265467853938
2019-03-07,-0.5657996321784897
2019-03-08,-0.5576015844075011
2019-03-11,-0.5593234469016841
2019-03-12,-0.561621327692805
2019-03-13,-0.5616213276928064
2019-03-14,-0.5587616361413779
2019-03-15,-0.5528089609832247
2019-03-18,-0.5482613798499969
2019-03-19,-0.5403502936584386
2019-03-20,-0.5414183288135965
2019-03-21,-0.5566675169529183
2019-03-22,-0.5797742010773383
2019-03-25,-0.5810348851975733
2019-03-26,-0.5744096676841375
2019-03-27,-0.6336362484205966
2019-03-28,-0.60881203630281
2019-03-29,-0.6201085047184351
2019-04-01,-0.6139492555569634
2019-04-02,-0.621512317049774
2019-04-03,-0.6019632851818493
2019-04-04,-0.6002265099541892
2019-04-05,-0.5931159299003705
2019-04-08,-0.5932649584687408
2019-04-09,-0.5902739541121611
2019-04-10,-0.6076042713492416
2019-04-11,-0.6042465766231917
2019-04-12,-0.5805791328098193
2019-04-15,-0.5770669927346144
2019-04-16,-0.5842043868016122
2019-04-17,-0.5839549638138495
2019-04-18,-0.5878664128337632
2019-04-23,-0.5904133871070396
2019-04-24,-0.6041421139434373
2019-04-25,-0.6082967786443816
2019-04-26,-0.6100129958848033
2019-04-29,-0.5964239875759829
2019-04-30,-0.5937872516143656
2019-05-02,-0.6000873403312013
2019-05-03,-0.6028842045558651
2019-05-06,-0.6005925396898464
2019-05-07,-0.6171764733071079
2019-05-08,-0.6301406076350231
2019-05-09,-0.6421989520516163
2019-05-10,-0.6284218376719939
2019-05-13,-0.6372164634621154
2019-05-14,-0.6491186024216993
2019-05-15,-0.6673523159222938
2019-05-16,-0.6460994567228195
2019-05-17,-0.6435465505444342
2019-05-20,-0.6415190254485661
2019-05-21,-0.6325419084004626
2019-05-22,-0.6300315355357142
2019-05-23,-0.644911171010798
2019-05-24,-0.6418244069969896
2019-05-27,-0.6526119193943036
2019-05-28,-0.6538724293326363
2019-05-29,-0.6589632586906573
2019-05-30,-0.6581493656620232
2019-05-31,-0.6869487790477953
2019-06-03,-0.667744133849427
2019-06-04,-0.6636206038230048
2019-06-05,-0.6789673458475405
2019-06-06,-0.6556330284016649
2019-06-07,-0.6753562063710934
2019-06-10,-0.6677216345315791
2019-06-11,-0.6726396598228512
2019-06-12,-0.6767997131658738
2019-06-13,-0.6771850818141538
2019-06-14,-0.6909511889344255
2019-06-17,-0.6861968373592258
2019-06-18,-0.7513282858665682
2019-06-19,-0.7325850418517139
2019-06-20,-0.7502258130218227
2019-06-21,-0.730615147065802
2019-06-24,-0.7344230257871969
2019-06-25,-0.7418314167036799
2019-06-26,-0.7391389710948935
2019-06-27,-0.7327475266939798
2019-06-28,-0.7454175604950399
2019-07-01,-0.7547355156908018
2019-07-02,-0.7659637314981933
2019-07-03,-0.7594465380483784
2019-07-04,-0.7615317014728036
2019-07-05,-0.7496887024846921
2019-07-08,-0.7537460779182013
2019-07-09,-0.7425618028663559
2019-07-10,-0.7354994723079602
2019-07-11,-0.7346504795854418
2019-07-12,-0.7394963071486664
2019-07-15,-0.7454693392032277
2019-07-16,-0.7497546605014906
2019-07-17,-0.7659429269211433
2019-07-18,-0.7678624129190514
2019-07-19,-0.783085288170112
2019-07-22,-0.7918250690954336
2019-07-23,-0.7968590379065397
2019-07-24,-0.7968210860509282
2019-07-25,-0.774022497114065
2019-07-26,-0.7732641794652628
2019-07-29,-0.7849729329031381
2019-07-30,-0.7764827989718261
2019-07-31,-0.793812569790453
2019-08-01,-0.7942923763353744
2019-08-02,-0.8046557741769287
2019-08-05,-0.8265067536357802
2019-08-06,-0.8337863947965345
2019-08-07,-0.8749885468596319
2019-08-08,-0.8693430437286427
2019-08-09,-0.8837306213328278
2019-08-12,-0.8930121348809403
2019-08-13,-0.8829760411957253
2019-08-14,-0.8895514990202948
2019-08-15,-0.9112549679728984
2019-08-16,-0.9233985204038322
2019-08-19,-0.9198765383693944
2019-08-20,-0.9336762119452442
2019-08-21,-0.9172898449955555
2019-08-22,-0.8866665054327787
2019-08-23,-0.9063060981700016
2019-08-26,-0.9080950831648344
2019-08-27,-0.9082361719830448
2019-08-28,-0.9171996584278236
2019-08-29,-0.9289429480154778
2019-08-30,-0.929722253152978
2019-09-02,-0.939790864671418
2019-09-03,-0.919734134055394
2019-09-04,-0.9117660578706808
2019-09-05,-0.896788555859112
2019-09-06,-0.8925224468590356
2019-09-09,-0.8739493652758625
2019-09-10,-0.866242826033917
2019-09-11,-0.8641644733314164
2019-09-12,-0.7856719125011047
2019-09-13,-0.7562898890602785
2019-09-16,-0.7572722837819343
2019-09-17,-0.7510507801912754
2019-09-18,-0.7647269014829745
2019-09-19,-0.7431638861604459
2019-09-20,-0.7485352443119453
2019-09-23,-0.7694007196870327
2019-09-24,-0.7688752505711265
2019-09-25,-0.7692103101581722
2019-09-26,-0.7805072195703793
2019-09-27,-0.7995267563221717
2019-09-30,-0.8056211899408283
2019-10-01,-0.7908502089447293
2019-10-02,-0.7977470724138405
2019-10-03,-0.8089466329546409
2019-10-04,-0.8054539697497898
2019-10-07,-0.8026056136446131
2019-10-08,-0.8153982141973222
2019-10-09,-0.79568940013993
2019-10-10,-0.7433487035419826
2019-10-11,-0.7365868934982363
2019-10-14,-0.7294032806181376
2019-10-15,-0.7188253751634717
2019-10-16,-0.700096586960687
2019-10-17,-0.6954869015318756
2019-10-18,-0.688731026668131
2019-10-21,-0.6885392435502777
2019-10-22,-0.6870855340117163
2019-10-23,-0.6892220858086979
2019-10-24,-0.6957795420716368
2019-10-25,-0.6896229144774986
2019-10-28,-0.6757013588316405
2019-10-29,-0.6705850708257928
2019-10-30,-0.663673282193824
2019-10-31,-0.6935057375135303
2019-11-01,-0.6943884298448246
2019-11-04,-0.6838892992027494
2019-11-05,-0.6684360365112432
2019-11-06,-0.6520705963560758
2019-11-07,-0.6444771707563213
2019-11-08,-0.639568231114851
2019-11-11,-0.6326553811899371
2019-11-12,-0.6421888344386075
2019-11-13,-0.6508297236343275
2019-11-14,-0.6634103828386069
2019-11-15,-0.6658398740645128
2019-11-18,-0.6598604158383816
2019-11-19,-0.6576599099355032
2019-11-20,-0.6663496258436856
2019-11-21,-0.659114962768844
2019-11-22,-0.6534085838875634
2019-11-25,-0.6590246526423176
2019-11-26,-0.6618538463010482
2019-11-27,-0.656612184574175
2019-11-28,-0.6581720303034269
2019-11-29,-0.6469481468626892
2019-12-02,-0.6348347399855161
2019-12-03,-0.6585722948169708
2019-12-04,-0.6623989149549878
2019-12-05,-0.639008102096422
2019-12-06,-0.6483586454217605
2019-12-09,-0.6539890539904865
2019-12-10,-0.6606419318015728
2019-12-11,-0.6646086953768018
2019-12-12,-0.6567774680092646
2019-12-13,-0.6450026729331788
2019-12-16,-0.6527907450943649
2019-12-17,-0.6573393547190531
2019-12-18,-0.6525160695004875
2019-12-19,-0.6457612611659065
2019-12-20,-0.6482873831644915
2019-12-23,-0.6588257442690719
2019-12-27,-0.6525141428086135
2019-12-30,-0.6183938631328096
2020-01-02,-0.6221803698032793
2020-01-03,-0.6383653293695475
2020-01-06,-0.6510860521593411
2020-01-07,-0.6505532481170522
2020-01-08,-0.6411880962933689
2020-01-09,-0.6147477149325238
2020-01-10,-0.6072432136451567
2020-01-13,-0.5963014988721551
2020-01-14,-0.5965589246791683
2020-01-15,-0.6072709181834575
2020-01-16,-0.6072732513273458
2020-01-17,-0.6070145348750962
2020-01-20,-0.6016910254530634
2020-01-21,-0.5939891079141244
2020-01-22,-0.6065684002724598
2020-01-23,-0.6241419985009498
2020-01-24,-0.6229442013081781
2020-01-27,-0.6435231090442168
2020-01-28,-0.6436538235766602
2020-01-29,-0.6541296067031421
2020-01-30,-0.6676917210795912
2020-01-31,-0.6798593217539244
2020-02-03,-0.6906003411458501
2020-02-04,-0.6558862861675152
2020-02-05,-0.647463688502329
2020-02-06,-0.6346901988929821
2020-02-07,-0.6511721804718329
2020-02-10,-0.6469573872707652
2020-02-11,-0.651099247761572
2020-02-12,-0.6459643682086207
2020-02-13,-0.6475079488225117
2020-02-14,-0.6600926043809632
2020-02-17,-0.6583096943690774
2020-02-18,-0.6482447810286645
2020-02-19,-0.6484782267427902
2020-02-20,-0.6490679272752273
2020-02-21,-0.6462501480417564
2020-02-24,-0.6820501428721668
2020-02-25,-0.6956320790141417
2020-02-26,-0.7011596309382404
2020-02-27,-0.749303372629412
2020-02-28,-0.7861478169195122
2020-03-02,-0.8215655385193132
2020-03-03,-0.7838295142001317
2020-03-04,-0.8230179240736515
2020-03-05,-0.8476439465657775
2020-03-06,-0.8666062985750864
2020-03-09,-0.965892055861969
2020-03-10,-0.922700962705394
2020-03-11,-0.9329277246060133
2020-03-12,-0.970606922563824
2020-03-13,-0.8904430244853283
2020-03-16,-0.8795889964768757
2020-03-17,-0.8658485462104912
2020-03-18,-0.7806965930970904
2020-03-19,-0.6634403533860915
2020-03-20,-0.6730640480236776
2020-03-23,-0.693319650247664
2020-03-24,-0.6334731439789434
2020-03-25,-0.5993216209389316
2020-03-26,-0.6317141147442435
2020-03-27,-0.7038356498954514
2020-03-30,-0.7174471893752639
2020-03-31,-0.7059234486470767
2020-04-01,-0.665138699425512
2020-04-02,-0.6550555449894486
2020-04-03,-0.6712101764223846
2020-04-06,-0.6552170503534307
2020-04-07,-0.6369650402703493
2020-04-08,-0.6138826232155159
2020-04-09,-0.6173872304145536
2020-04-14,-0.6430845078796787
2020-04-15,-0.6794089942236203
2020-04-16,-0.6599298182853839
2020-04-17,-0.6723165964832725
2020-04-20,-0.6669710606973567
2020-04-21,-0.6617669205882204
2020-04-22,-0.650390677601651
2020-04-23,-0.6676112189220427
2020-04-24,-0.6682177948354715
2020-04-27,-0.6416350624830867
2020-04-28,-0.6541156860866337
2020-04-29,-0.6790565189826618
2020-04-30,-0.7058396567979206
2020-05-04,-0.7092814585835292
2020-05-05,-0.7527758897815877
2020-05-06,-0.719573123700052
2020-05-07,-0.7150154073900183
2020-05-08,-0.7466045888742747
2020-05-11,-0.7121788490017025
2020-05-12,-0.6826620179294967
2020-05-13,-0.6975558077060944
2020-05-14,-0.7078179430104155
2020-05-15,-0.7105097153222082
2020-05-18,-0.6913245072891558
2020-05-19,-0.6449528129106095
2020-05-20,-0.6475184191636343
2020-05-21,-0.6610860130870044
2020-05-22,-0.6552363031244828
2020-05-25,-0.6513080173611852
2020-05-26,-0.6171328118959343
2020-05-27,-0.6143435370732875
2020-05-28,-0.6172633936910596
2020-05-29,-0.6337230426563956
2020-06-01,-0.636926342500955
2020-06-02,-0.6513272615767693
2020-06-03,-0.6273690668711129
2020-06-04,-0.6180316230037084
2020-06-05,-0.5984499871525037
2020-06-08,-0.6128359099966412
2020-06-09,-0.6151070036826876
2020-06-10,-0.6147581696238213
2020-06-11,-0.6478117604524893
2020-06-12,-0.6616308323007627
2020-06-15,-0.6664748502730378
2020-06-16,-0.6501666319103525
2020-06-17,-0.6562934664673015
2020-06-18,-0.6602239852784004
2020-06-19,-0.6688961946656087
2020-06-22,-0.6903409395805253
2020-06-23,-0.6572914915588717
2020-06-24,-0.6553657173748944
2020-06-25,-0.6889523960585144
2020-06-26,-0.6960943723733961
2020-06-29,-0.6934760210081872
2020-06-30,-0.6942297983987724
2020-07-01,-0.6584992734458543
2020-07-02,-0.6747187033441113
2020-07-03,-0.6827828420219215
2020-07-06,-0.6779290664820081
2020-07-07,-0.6731331202297737
2020-07-08,-0.6728094094578125
2020-07-09,-0.6770666968528376
2020-07-10,-0.6963104976438417
2020-07-13,-0.6635464906987121
2020-07-14,-0.6685730411318072
2020-07-15,-0.671516638463522
2020-07-16,-0.675547954251309
2020-07-17,-0.6759281047052594
2020-07-20,-0.6758834454521039
2020-07-21,-0.6694610728333728
2020-07-22,-0.6975974188849956
2020-07-23,-0.6803464039477767
2020-07-24,-0.6668192375330984
2020-07-27,-0.6819841002242155
2020-07-28,-0.6986608397616418
2020-07-29,-0.6936667462740904
2020-07-30,-0.7141933390597379
2020-07-31,-0.7097444067189911
2020-08-03,-0.7069000697945236
2020-08-04,-0.7204382253910993
2020-08-05,-0.7035286924436002
2020-08-06,-0.7086619960564051
2020-08-07,-0.7023407019846868
2020-08-10,-0.7096670453421101
2020-08-11,-0.6907066614492665
2020-08-12,-0.6835634223700748
2020-08-13,-0.6557476684377557
2020-08-14,-0.6615559944976579
2020-08-17,-0.6700849628487395
2020-08-18,-0.6764247452921381
2020-08-19,-0.6860944725252001
2020-08-20,-0.6949218318372963
2020-08-21,-0.695657779501436
2020-08-24,-0.6886536875812794
2020-08-25,-0.6587081357356639
2020-08-26,-0.6536152799640225
2020-08-27,-0.6663003729000545
2020-08-28,-0.6766281646341272
2020-08-31,-0.6632123237944327
2020-09-01,-0.6730447631906848
2020-09-02,-0.6908161699978574
2020-09-03,-0.7023198837018443
2020-09-04,-0.6971325409071865
2020-09-07,-0.6932453054227774
2020-09-08,-0.7061839973069444
2020-09-09,-0.6883831453323834
2020-09-10,-0.6734190916740923
2020-09-11,-0.6867271057710385
2020-09-14,-0.6993147118871432
2020-09-15,-0.6893081639340832
2020-09-16,-0.6925687769256501
2020-09-17,-0.6950089271802438
2020-09-18,-0.697591278074245
2020-09-21,-0.7156354765967787
2020-09-22,-0.7070263420946312
2020-09-23,-0.7063736602813764
2020-09-24,-0.7115182035786951
2020-09-25,-0.7067599440102943
2020-09-28,-0.696150785703308
2020-09-29,-0.690446026952444
2020-09-30,-0.6921246168744761
2020-10-01,-0.6887157551400662
2020-10-02,-0.7067746747247261
2020-10-05,-0.7054195357254387
2020-10-06,-0.7100388401972095
2020-10-07,-0.7019875406924472
2020-10-08,-0.7107742524282807
2020-10-09,-0.7302197510565054
2020-10-12,-0.7322134698874851
2020-10-13,-0.743718257612342
2020-10-14,-0.751626703919682
2020-10-15,-0.773528045369551
2020-10-16,-0.7803508864852851
2020-10-19,-0.7825839639081602
2020-10-20,-0.7850874671091104
2020-10-21,-0.7758851605865535
2020-10-22,-0.7756552065739117
2020-10-23,-0.7601686577485949
2020-10-26,-0.7567698810945278
2020-10-27,-0.7708681554496883
2020-10-28,-0.7943203358755464
2020-10-29,-0.80504037784128
2020-10-30,-0.8008034978971357
2020-11-02,-0.8054736234685094
2020-11-03,-0.7994413028228724
2020-11-04,-0.8057136727021157
2020-11-05,-0.7930464989380024
2020-11-06,-0.7880797655559721
2020-11-09,-0.7465241242931913
2020-11-10,-0.7300985466098062
2020-11-11,-0.733034870688483
2020-11-12,-0.7372659569746034
2020-11-13,-0.749401561496517
2020-11-16,-0.7474879750544052
2020-11-17,-0.7423284693877119
2020-11-18,-0.7440414497289098
2020-11-19,-0.7444025300446278
2020-11-20,-0.7596681481204786
2020-11-23,-0.7626826268025471
2020-11-24,-0.7645298227871775
2020-11-25,-0.7596652389051024
2020-11-26,-0.7626370414464843
2020-11-27,-0.7617949438589022
2020-11-30,-0.7521799828321072
2020-12-01,-0.7370835011639971
2020-12-02,-0.7320714788885962
2020-12-03,-0.7488252382529592
2020-12-04,-0.757104528119632
2020-12-07,-0.7768755045591593
2020-12-08,-0.7883969369893653
2020-12-09,-0.7931897989571532
2020-12-10,-0.7888186029013537
2020-12-11,-0.8057528242707397
2020-12-14,-0.7899959302693511
2020-12-15,-0.7899227791623034
2020-12-16,-0.7588096560766533
2020-12-17,-0.7666777777195573
2020-12-18,-0.7578680392703783
2020-12-21,-0.767790808723678
2020-12-22,-0.7651329987554898
2020-12-23,-0.7451138523536369
2020-12-28,-0.7607145936435282
2020-12-29,-0.7662432882365278
2020-12-30,-0.7668552891848657
2021-01-04,-0.7422394441399152
2021-01-05,-0.7456423623157782
2021-01-06,-0.7348771089019743
2021-01-07,-0.7427578696020181
2021-01-08,-0.7455574290583582
2021-01-11,-0.7329546122070121
2021-01-12,-0.7233943040983397
2021-01-13,-0.7308742014281062
2021-01-14,-0.7526998030332808
2021-01-15,-0.7446876313381345
2021-01-18,-0.7379967843328563
2021-01-19,-0.7319806833671101
2021-01-20,-0.7353937463970546
2021-01-21,-0.7264983768377415
2021-01-22,-0.7322325991152114
2021-01-25,-0.7473031319762802
2021-01-26,-0.7483315433446636
2021-01-27,-0.7587020519042351
2021-01-28,-0.7606500372131193
2021-01-29,-0.7531842013786023
2021-02-01,-0.7442385932230553
2021-02-02,-0.7348878390152893
2021-02-03,-0.7293314927043273
2021-02-04,-0.7218316035840808
2021-02-05,-0.7257777707833111
2021-02-08,-0.7232050986792229
2021-02-09,-0.7249517101563305
2021-02-10,-0.7294806093539137
2021-02-11,-0.7388284026215386
2021-02-12,-0.7272253572387539
2021-02-15,-0.7156542064911571
2021-02-16,-0.7135362140709551
2021-02-17,-0.710528011852297
2021-02-18,-0.6969385365043188
2021-02-19,-0.6998427108397194
2021-02-22,-0.7052711762255905
2021-02-23,-0.6987419029727815
2021-02-24,-0.694219232187862
2021-02-25,-0.6687169702088356
2021-02-26,-0.6666728489905649
2021-03-01,-0.7057485428150709
2021-03-02,-0.7048713615158655
2021-03-03,-0.7006932664966667
2021-03-04,-0.706431353310335
2021-03-05,-0.699934851527928
2021-03-08,-0.695112845113318
2021-03-09,-0.7030933783724569
2021-03-10,-0.6946252913217204
2021-03-11,-0.7061148334143348
2021-03-12,-0.69881274728571
2021-03-15,-0.7107793190902008
2021-03-16,-0.7188370507015471
2021-03-17,-0.7114903339865102
2021-03-18,-0.7061214287039854
2021-03-19,-0.7192259415197968
2021-03-22,-0.7285539909807512
2021-03-23,-0.7361175091270953
2021-03-24,-0.7380452675540978
2021-03-25,-0.7475971077974899
2021-03-26,-0.7446467063569162
2021-03-29,-0.7419210841683452
2021-03-30,-0.7116457151088644
2021-03-31,-0.7218383025045352
2021-04-01,-0.7351040088646468
2021-04-06,-0.7295479763020196
2021-04-07,-0.7359563137227567
2021-04-08,-0.7441287853895631
2021-04-09,-0.7230008683670881
2021-04-12,-0.7285855777413879
2021-04-13,-0.7280082829898502
2021-04-14,-0.723509506194471
2021-04-15,-0.7237446225488942
2021-04-16,-0.7244369445405097
2021-04-19,-0.702425126686308
2021-04-20,-0.7089520307639328
2021-04-21,-0.7188459139666592
2021-04-22,-0.7174951081828183
2021-04-23,-0.7161519393624745
2021-04-26,-0.7144762985788389
2021-04-27,-0.7143457268612363
2021-04-28,-0.710662420411257
2021-04-29,-0.6957146059585582
2021-04-30,-0.7046917694532093
2021-05-03,-0.703688586478338
2021-05-04,-0.7157312980522623
2021-05-05,-0.7148311349423206
2021-05-06,-0.717496654021955
2021-05-07,-0.7124529378611264
2021-05-10,-0.7103027281080596
2021-05-11,-0.6947408312320396
2021-05-12,-0.6811335779388028
2021-05-13,-0.6783972290018521
2021-05-14,-0.675530282453942
2021-05-17,-0.6716553080918322
2021-05-18,-0.6738621824869879
2021-05-19,-0.6773940143272392
2021-05-20,-0.6697850970383399
2021-05-21,-0.6812941980176412
2021-05-24,-0.678837356995694
2021-05-25,-0.6912817136223088
2021-05-26,-0.702084447086821
2021-05-27,-0.6939145552232271
2021-05-28,-0.698541340121489
2021-05-31,-0.6935810688240931
2021-06-01,-0.6958247265916453
2021-06-02,-0.704789031314917
2021-06-03,-0.7046650890332393
2021-06-04,-0.7121918928032871
2021-06-07,-0.7077222363758577
2021-06-08,-0.7088261248071954
2021-06-09,-0.7259153206945892
2021-06-10,-0.7213565619919637
2021-06-11,-0.7254201057063727
2021-06-14,-0.719710533902524
2021-06-15,-0.7144775363760896
2021-06-16,-0.7169604049320211
2021-06-17,-0.7071526445436853
2021-06-18,-0.704005557819039
2021-06-21,-0.6882652226017199
2021-06-22,-0.6916945045152081
2021-06-23,-0.6963474035699209
2021-06-24,-0.6975785065062854
2021-06-25,-0.6903543421324105
2021-06-28,-0.6926208447854767
2021-06-29,-0.6915549458226322
2021-06-30,-0.6975142228883702
2021-07-01,-0.7051665737873147
2021-07-02,-0.7118871514456897
2021-07-05,-0.7041627841966973
2021-07-06,-0.7150367268257831
2021-07-07,-0.7246165740793096
2021-07-08,-0.7311877311064714
2021-07-09,-0.7218079162157296
2021-07-12,-0.7205715462822535
2021-07-13,-0.7178384880520152
2021-07-14,-0.7215853209086713
2021-07-15,-0.7310942023705036
2021-07-16,-0.7369927435850301
2021-07-19,-0.739063183118831
2021-07-20,-0.7664669255325203
2021-07-21,-0.763884906546648
2021-07-22,-0.7689008862518654
2021-07-23,-0.7747967285703887
2021-07-26,-0.7771063595863219
2021-07-27,-0.7923405478388634
2021-07-28,-0.8001788723696266
2021-07-29,-0.8002441383034964
2021-07-30,-0.803462493440618
2021-08-02,-0.8073620982997873
2021-08-03,-0.8173601293124746
2021-08-04,-0.8219306018635972
2021-08-05,-0.8263499844486377
2021-08-06,-0.802592480076969
2021-08-09,-0.799762347164197
2021-08-10,-0.7989362832154403
2021-08-11,-0.7905221279810342
2021-08-12,-0.7905877030814996
2021-08-13,-0.7862938428774973
2021-08-16,-0.7902665669077913
2021-08-17,-0.7900480548947515
2021-08-18,-0.793723179344918
2021-08-19,-0.79183616417973
2021-08-20,-0.7960151546551062
2021-08-23,-0.7940994190893744
2021-08-24,-0.7896935209390508
2021-08-25,-0.7824657141663569
2021-08-26,-0.7752687412144037
2021-08-27,-0.7723546007914206
2021-08-30,-0.7751859443485756
2021-08-31,-0.7652988842901691
2021-09-01,-0.7647790566397767
2021-09-02,-0.7693184055061459
2021-09-03,-0.7600206032738288
2021-09-06,-0.7602533513244918
2021-09-07,-0.7457248689891807
2021-09-08,-0.7406805964332168
2021-09-09,-0.7544410981945318
2021-09-10,-0.7504663276541699
2021-09-13,-0.7526492760982915
2021-09-14,-0.7558236026865965
2021-09-15,-0.7483624846221291
2021-09-16,-0.7451800822588832
2021-09-17,-0.7385584218867942
2021-09-20,-0.7587669192190343
2021-09-21,-0.7598248127680034
2021-09-22,-0.753264230809602
2021-09-23,-0.7364293694205342
2021-09-24,-0.7235101398658355
2021-09-27,-0.7231632600328715
2021-09-28,-0.7139845543304291
2021-09-29,-0.7270764135142707
2021-09-30,-0.7205593344489154
2021-10-01,-0.7405819279765105
2021-10-04,-0.7358192666038468
2021-10-05,-0.7373154832039166
2021-10-06,-0.7288828921281862
2021-10-07,-0.7365661190874833
2021-10-08,-0.7279963923448021
2021-10-11,-0.7115130776491747
2021-10-12,-0.7002512420270901
2021-10-13,-0.6993801393907397
2021-10-14,-0.7152465809094655
2021-10-15,-0.7063158942470058
2021-10-18,-0.6747413381272667
2021-10-19,-0.6482065625887967
2021-10-20,-0.6792518114238382
2021-10-21,-0.6670748661422958
2021-10-22,-0.6539529747519657
2021-10-25,-0.673690917616621
2021-10-26,-0.678387108637974
2021-10-27,-0.6844507927586461
2021-10-28,-0.6567131604234899
2021-10-29,-0.6204530610444323
2021-11-01,-0.6268713299752195
2021-11-02,-0.694802224707137
2021-11-03,-0.6875023296438476
2021-11-04,-0.7610705963060755
2021-11-05,-0.7678611814891549
2021-11-08,-0.7699792844479969
2021-11-09,-0.7839397339261898
2021-11-10,-0.7741501294737438
2021-11-11,-0.7588925586573714
2021-11-12,-0.79376272801374
2021-11-15,-0.7783003925566612
2021-11-16,-0.7989809301312487
2021-11-17,-0.7954490169719501
2021-11-18,-0.8053769728093692
2021-11-19,-0.8352859173976488
2021-11-22,-0.8266478396747017
2021-11-23,-0.8066083178652383
2021-11-24,-0.8137260172293082
2021-11-25,-0.7937782644770848
2021-11-26,-0.8236519019145954
2021-11-29,-0.8007803859707749
2021-11-30,-0.815302296062935
2021-12-01,-0.7706538701269614
2021-12-02,-0.7970025266751781
2021-12-03,-0.7777108271390292
2021-12-06,-0.7801502046549125
2021-12-07,-0.754293113426014
2021-12-08,-0.7338073859538166
2021-12-09,-0.7488531122231881
2021-12-10,-0.738370332543218
2021-12-13,-0.7294249648180999
2021-12-15,-0.7188150970830582
2021-12-16,-0.7273367449934716
2021-12-17,-0.7485385643052411
2021-12-20,-0.7525318798806149
2021-12-21,-0.7359855489969354
2021-12-22,-0.7231278751523309
2021-12-23,-0.7059900726584725
2021-12-24,-0.7093807846341704
2021-12-27,-0.6975704336495276
2021-12-28,-0.6924155424668954
2021-12-29,-0.6908961536381781
2021-12-30,-0.6769596447303683
2021-12-31,-0.6791412595704998
2022-01-03,-0.6559376363513905
2022-01-04,-0.6638086099788518
2022-01-05,-0.6475092857009637
2022-01-06,-0.6312339595900811
2022-01-07,-0.6250582636624391
2022-01-10,-0.6135119868152241
2022-01-11,-0.6066184538571995
2022-01-12,-0.62531946325656
2022-01-13,-0.6248821468324515
2022-01-14,-0.6235704044869905
2022-01-17,-0.602419054430118
2022-01-18,-0.6091201808607027
2022-01-19,-0.6046993836195562
2022-01-20,-0.6159522652135672
2022-01-21,-0.6414681604292305
2022-01-24,-0.6679475437076472
2022-01-25,-0.6759778570166484
2022-01-26,-0.6603936121848029
2022-01-27,-0.6361883070775249
2022-01-28,-0.6226717661571399
2022-01-31,-0.5723570248265979
2022-02-01,-0.5669112734354598
2022-02-02,-0.5529669060560485
2022-02-03,-0.4645218830392759
2022-02-04,-0.3622726529045721
2022-02-07,-0.3527596155932522
2022-02-08,-0.365077130763598
2022-02-09,-0.4123902532709222
2022-02-10,-0.396698395106084
2022-02-11,-0.3828441414670824
2022-02-14,-0.4279352906222389
2022-02-15,-0.4013934968713242
2022-02-16,-0.4308901631136352
2022-02-17,-0.4602262721458929
2022-02-18,-0.5043540215882567
2022-02-21,-0.5051736215441771
2022-02-22,-0.4204507238064412
2022-02-23,-0.4055933888167344
2022-02-24,-0.4694515593699333
2022-02-25,-0.4437749480296711
2022-02-28,-0.5354174156368479
2022-03-01,-0.6965438763221039
2022-03-02,-0.6395848138375584
2022-03-03,-0.5785847097316048
2022-03-04,-0.7239300362136691
2022-03-07,-0.6800927184720482
2022-03-08,-0.6115725485694394
2022-03-09,-0.5363091734110639
2022-03-10,-0.4584350707006255
2022-03-11,-0.419282412037874
2022-03-14,-0.3906481102744199
2022-03-15,-0.4377377466646663
2022-03-16,-0.4145261895389907
2022-03-17,-0.3920460641525141
2022-03-18,-0.4079214777089608
2022-03-21,-0.3695621731778926
2022-03-22,-0.2940145162542533
2022-03-23,-0.3092066847639731
2022-03-24,-0.2676303768150232
2022-03-25,-0.2104403926610665
2022-03-28,-0.1562310508688047
2022-03-29,-0.0952709192134473
2022-03-30,0.0026723205705239
2022-03-31,-0.0860211316812611
2022-04-01,-0.073710986535096
2022-04-04,-0.1206523183830432
2022-04-05,-0.0881039062184485
2022-04-06,-0.0504010465983206
2022-04-07,-0.0248235337778313
2022-04-08,0.0002118141201652
2022-04-11,0.0924968811126158
2022-04-12,0.0425049816843396
2022-04-13,0.0333275134807315
2022-04-14,-0.0050763138180855
2022-04-19,0.0326801585745299
2022-04-20,0.0191201643846334
2022-04-21,0.1113868881802422
2022-04-22,0.2271535268389248
2022-04-25,0.129554306960502
2022-04-26,0.1133224484371844
2022-04-27,0.0595690481821526
2022-04-28,0.1433436300236419
2022-04-29,0.2135319527189509
2022-05-02,0.1837790842289686
2022-05-03,0.1832622380517965
2022-05-04,0.2522903406876478
2022-05-05,0.2256145394788817
2022-05-06,0.3034313573916782
2022-05-09,0.2224448579596809
2022-05-10,0.1459363740167569
2022-05-11,0.1285399082983644
2022-05-12,0.0199708637280027
2022-05-13,0.098476436729582
2022-05-16,0.095722798602015
2022-05-17,0.2332090002313305
2022-05-18,0.3009662686947734
2022-05-19,0.2310551635921518
2022-05-20,0.2043525727801238
2022-05-23,0.222211310998305
2022-05-24,0.2481674748256792
2022-05-25,0.1828944249145099
2022-05-26,0.138385089835455
2022-05-27,0.1698534526565822
2022-05-30,0.2800903120292579
2022-05-31,0.3577958329266786
2022-06-01,0.3255372202075079
2022-06-02,0.4658892760065525
2022-06-03,0.4967912223999766
2022-06-06,0.5317709717792423
2022-06-07,0.521797901802723
2022-06-08,0.6079255148787319
2022-06-09,0.7529191688977015
2022-06-10,0.8736798606327709
2022-06-13,1.0517982973762572
2022-06-14,1.107925929014396
2022-06-15,1.0673652802534512
2022-06-16,1.1474280494847655
2022-06-17,1.075471824739418
2022-06-20,1.1034486636097345
2022-06-21,1.0812423879450916
2022-06-22,0.9802818496975902
2022-06-23,0.782891247822028
2022-06-24,0.8394502349136217
2022-06-27,0.8496721081427552
2022-06-28,0.9224681847355996
2022-06-29,0.8995320097198638
2022-06-30,0.6429685731460477
2022-07-01,0.5038708023308338
2022-07-04,0.6098044569218812
2022-07-05,0.4374668734716946
2022-07-06,0.3569876804532379
2022-07-07,0.4927924924942291
2022-07-08,0.4718698969210767
2022-07-11,0.4038580007337751
2022-07-12,0.293818994727552
2022-07-13,0.3857500826295407
2022-07-14,0.5023355094984915
2022-07-15,0.445794826058272
2022-07-18,0.4887826033157134
2022-07-19,0.5716304530668107
2022-07-20,0.5409764075454857
2022-07-21,0.5829219344370368
2022-07-22,0.3877630066190698
2022-07-25,0.4241851904738203
2022-07-26,0.3092699120763464
2022-07-27,0.351422958683389
2022-07-28,0.2279899572195516
2022-07-29,0.2543910607748882
2022-08-01,0.206210462690846
2022-08-02,0.2346754247057516
2022-08-03,0.3457380873305089
2022-08-04,0.3159630846369179
2022-08-05,0.430584908970558
2022-08-08,0.3925202181585741
2022-08-09,0.4593522948865773
2022-08-10,0.4009288006593223
2022-08-11,0.4297783408322031
2022-08-12,0.4472355062487843
2022-08-15,0.4368989823936386
2022-08-16,0.4741722948702058
2022-08-17,0.6364130651496627
2022-08-18,0.667685743619475
2022-08-19,0.7322906271220644
2022-08-22,0.7977765397950236
2022-08-23,0.824596071427095
2022-08-24,0.8442686900836867
2022-08-25,0.7731331466604079
2022-08-26,0.8822836426417826
2022-08-29,0.9687377921993434
2022-08-30,0.9910933484952588
2022-08-31,1.0755895221438925
2022-09-01,1.071420116302356
2022-09-02,0.978366094840494
2022-09-05,1.006273521657424
2022-09-06,1.001828262410104
2022-09-07,0.8827529867824424
2022-09-08,1.0085898110864164
2022-09-09,1.1944739168797565
2022-09-12,1.2029409655619787
2022-09-13,1.2885520518595577
2022-09-14,1.3030152924592215
2022-09-15,1.3754707982924606
2022-09-16,1.4520247492905076
2022-09-19,1.4609124317361897
2022-09-20,1.6138090171454076
2022-09-21,1.62103824867088
2022-09-22,1.747941824640474
2022-09-23,1.8146768785320344
2022-09-26,1.868977705683478
2022-09-27,1.8867192043588563
2022-09-28,1.778489176985148
2022-09-29,1.7967836028619484
2022-09-30,1.6662186292632288
2022-10-03,1.6021755567912894
2022-10-04,1.4885984061504232
2022-10-05,1.55954502423572
2022-10-06,1.7044343200207606
2022-10-07,1.795358400889012
2022-10-10,1.7649356967305192
2022-10-11,1.8418460361551316
2022-10-12,1.808553386016209
2022-10-13,1.8664951735060964
2022-10-14,1.8322400829438272
2022-10-17,1.8506720095265785
2022-10-18,1.9037067953834337
2022-10-19,2.038661790069524
2022-10-20,2.095670331544454
2022-10-21,2.058615316587561
2022-10-24,1.992367967609861
2022-10-25,1.9410446671701629
2022-10-26,1.940309370631436
2022-10-27,1.8644542593872964
2022-10-28,1.8698075731858244
2022-10-31,1.9202924618193091
2022-11-01,1.8869579955011613
2022-11-02,1.8972637618865544
2022-11-03,1.9661528533413088
2022-11-04,2.0325129604837144
2022-11-07,2.103372136231835
2022-11-08,2.130112955056374
2022-11-09,2.130112955056365
2022-11-10,1.9723529416909635
2022-11-11,2.1101425624250028
2022-11-14,2.087091098942852
2022-11-15,2.1014146577584576
2022-11-16,2.084008661499306
2022-11-17,2.0612989488610167
2022-11-18,2.018950084966263
2022-11-21,2.0047775559055783
2022-11-22,2.0457049057857546
2022-11-23,2.0584494834149383
2022-11-24,2.004722711900357
2022-11-25,2.095491886377564
2022-11-28,2.078470592703055
2022-11-29,2.000685294735888
2022-11-30,2.0378229449647427
2022-12-01,1.922140242759317
2022-12-02,1.957771136629288
2022-12-05,1.990850016047067
2022-12-06,1.9406936410728115
2022-12-07,1.906255100980616
2022-12-08,1.929789257221064
2022-12-09,2.031453341217061
2022-12-12,2.035024669781803
2022-12-13,1.9767289639652827
2022-12-14,1.9879907657421152
2022-12-15,2.15306390863348
2022-12-16,2.353045986264086
2022-12-19,2.317665015367384
2022-12-20,2.3842690999251674
2022-12-21,2.3820105554882285
2022-12-22,2.4496776493245087
2022-12-23,2.4879402870114675
2022-12-27,2.4920564331104176
2022-12-28,2.4961170374074646
2022-12-29,2.511002322187056
2022-12-30,2.565336451215762
2023-01-02,2.5829542998750057
2023-01-03,2.546283778786453
2023-01-04,2.483008964506129
2023-01-05,2.5383481512088126
2023-01-06,2.51956357950473
2023-01-09,2.4683140364569285
2023-01-10,2.516520986693499
2023-01-11,2.490685499222022
2023-01-12,2.4353470700411144
2023-01-13,2.417843795472366
2023-01-16,2.433451054475837
2023-01-17,2.418051341047806
2023-01-18,2.284162711099747
2023-01-19,2.3732918577247277
2023-01-20,2.4418335055022475
2023-01-23,2.45094911579032
2023-01-24,2.468910902801844
2023-01-25,2.383698149213637
2023-01-26,2.430065262899688
2023-01-27,2.471055684076287
2023-01-30,2.543510404967572
2023-01-31,2.5071773696943893
2023-02-01,2.523092110729766
2023-02-02,2.4115555678889424
2023-02-03,2.4148278319108263
2023-02-06,2.4683538902568105
2023-02-07,2.4972408966526087
2023-02-08,2.5893589029066173
2023-02-09,2.5508368316472145
2023-02-10,2.6244977897457047
2023-02-13,2.675666502704129
2023-02-14,2.7505892299672565
2023-02-15,2.7467068493087465
2023-02-16,2.7819962242555727
2023-02-17,2.753165841778893
2023-02-20,2.756359997525653
2023-02-21,2.8502222654765177
2023-02-22,2.820118609068605
2023-02-23,2.812225332855386
2023-02-24,2.9392259172414485
2023-02-27,2.955940428720977
2023-02-28,3.0819028976254854
2023-03-01,3.107496639510386
2023-03-02,3.092462369186412
2023-03-03,3.1235908566897423
2023-03-06,3.21255737471705
2023-03-07,3.165240311941172
2023-03-08,3.1939231086350777
2023-03-09,3.1669737211522246
2023-03-10,2.9391974219533576
2023-03-13,2.582924545124204
2023-03-14,2.850468326166118
2023-03-15,2.4157954055747446
2023-03-16,2.4729174732066603
2023-03-17,2.369973346543386
2023-03-20,2.2723030397636004
2023-03-21,2.455111966123495
2023-03-22,2.637997598353074
2023-03-23,2.4841834609511038
2023-03-24,2.3040471855891558
2023-03-27,2.4779187277228067
2023-03-28,2.485753086842742
2023-03-29,2.54143094329267
2023-03-30,2.665786479413865
2023-03-31,2.6178698624258403
2023-04-03,2.6273474139960062
2023-04-04,2.6356119444608197
2023-04-05,2.501501831047471
2023-04-06,2.4693855880900277
2023-04-11,2.621938679621374
2023-04-12,2.6898515579233964
2023-04-13,2.6758730124022394
2023-04-14,2.7721003136868423
2023-04-17,2.794299125300649
2023-04-18,2.8027190806913023
2023-04-19,2.876840210382918
2023-04-20,2.8369815110996783
2023-04-21,2.8448744048913435
2023-04-24,2.873230652667898
2023-04-25,2.765111287626422
2023-04-26,2.6950072587995644
2023-04-27,2.7512450355515217
2023-04-28,2.6848043965691053
2023-05-02,2.6927415498791043
2023-05-03,2.563151661274414
2023-05-04,2.5553335300283497
2023-05-05,2.5031414451536937
2023-05-08,2.5678561174972647
2023-05-09,2.572856405963255
2023-05-10,2.51295480231844
2023-05-11,2.46253122937565
2023-05-12,2.5155727016596314
2023-05-15,2.5446029134814303
2023-05-16,2.561432719568333
2023-05-17,2.6000707891195223
2023-05-18,2.67928689239477
2023-05-19,2.7471737737
2023-05-22,2.7279288532
2023-05-23,2.7872740983
2023-05-24,2.7467516756
2023-05-25,2.8093492376
2023-05-26,2.8494210987
2023-05-29,2.8356765135
2023-05-30,2.7775186808
2023-05-31,2.6441031237
2023-06-01,2.621862071
2023-06-02,2.7101764811
2023-06-05,2.8103150572
2023-06-06,2.7772506474
2023-06-07,2.814904492
2023-06-08,2.8156737674
2023-06-09,2.851706748
2023-06-12,2.8282479493
2023-06-13,2.879761289
2023-06-14,2.9274793648
2023-06-15,2.9810342345
2023-06-16,3.0461809705
2023-06-19,3.0491716145
2023-06-20,3.0586385717
2023-06-21,3.0874790329
2023-06-22,3.1331520191
2023-06-23,3.0262011384
2023-06-26,3.0240954207
2023-06-27,3.0181871169
2023-06-28,3.0438746421
2023-06-29,3.0941406989
2023-06-30,3.1194082381
2023-07-03,3.1278154899
2023-07-04,3.1379404893
2023-07-05,3.1022951761
2023-07-06,3.2281563247
2023-07-07,3.1791189338
2023-07-10,3.1796892627
2023-07-11,3.2061389059
2023-07-12,3.1939926581
2023-07-13,3.0970746443
2023-07-14,3.0844499382
2023-07-17,3.1144875226
2023-07-18,2.9994428532
2023-07-19,3.0135869229
2023-07-20,3.1096135054
2023-07-21,3.0692936148
2023-07-24,3.0134729353
2023-07-25,3.0261300338
2023-07-26,3.1032051396
2023-07-27,3.0132001128
2023-07-28,3.0319643724
2023-07-31,3.0155475324
2023-08-01,3.0373738202
2023-08-02,2.9597561893
2023-08-03,2.9364916411
2023-08-04,2.9998271575
2023-08-07,2.9500983445
2023-08-08,2.8769242493
2023-08-09,2.9263636467
2023-08-10,2.9381063931
2023-08-11,2.968814151
2023-08-14,3.0002788884
2023-08-15,3.0593355164
2023-08-16,3.0305812298
2023-08-17,3.0497014785
2023-08-18,2.963525779
2023-08-21,3.0394879713
2023-08-22,3.0446173245
2023-08-23,2.934804265
2023-08-24,2.9513054486
2023-08-25,2.9918215004
2023-08-28,3.0095787621
2023-08-29,3.0461419089
2023-08-30,3.0078964075
2023-08-31,2.9548772685
2023-09-01,2.9158876556
2023-09-04,2.96216615
2023-09-05,2.9756205578
2023-09-06,3.0172667986
2023-09-07,3.0539134053
2023-09-08,3.0298050404
2023-09-11,3.0247079348
2023-09-12,3.0456917307
2023-09-13,3.0857729928
2023-09-14,3.0858386268
2023-09-15,3.1408985551
2023-09-18,3.1933303353
2023-09-19,3.2157679102
2023-09-20,3.1974932651
2023-09-21,3.2096075111
2023-09-22,3.1857524853
2023-09-25,3.1999134289
2023-09-26,3.1883778339
2023-09-27,3.1735727157
2023-09-28,3.2565522841
2023-09-29,3.1572218833
2023-10-02,3.1711296866
2023-10-03,3.1649616523
2023-10-04,3.1955840764
2023-10-05,3.1187784649
2023-10-06,3.1028853198
2023-10-09,3.0521526217
2023-10-10,3.0514113255
2023-10-11,3.0614074113
2023-10-12,3.0935073995
2023-10-13,3.0527420436
2023-10-16,3.08895947
2023-10-17,3.1621624987
2023-10-18,3.1703723649
2023-10-19,3.200917778
2023-10-20,3.1165339022
2023-10-23,3.1484631297
2023-10-24,3.0950318402
2023-10-25,3.1016687815
2023-10-26,3.0572836914
2023-10-27,3.0392520295
2023-10-30,3.0290351186
2023-10-31,2.9879266452
2023-11-01,2.9764181668
2023-11-02,2.9532301252
2023-11-03,2.9533432273
2023-11-06,3.0049265289
2023-11-07,3.0134784955
2023-11-08,2.9855487514
2023-11-09,3.0000366509
2023-11-10,3.0472267959
2023-11-13,3.0713345527
2023-11-14,3.0162404941
2023-11-15,2.9767360733
2023-11-16,2.9380674081
2023-11-17,2.9253266084
2023-11-20,2.9716816978
2023-11-21,2.9623133778
2023-11-22,2.9477727578
2023-11-23,2.9941343536
2023-11-24,3.0207169197
2023-11-27,2.9748875466
2023-11-28,2.9113210465
2023-11-29,2.7922998704
2023-11-30,2.8061242815
2023-12-01,2.7018369649
2023-12-04,2.6382268674
2023-12-05,2.6304272202
2023-12-06,2.6400281518
2023-12-07,2.6109618289
2023-12-08,2.6870166383
2023-12-11,2.6808021842
2023-12-12,2.6846527347
2023-12-13,2.6676521659
2023-12-14,2.5793904722
2023-12-15,2.5667243104
2023-12-18,2.5722233274
2023-12-19,2.5350216439
2023-12-20,2.5144620976
2023-12-21,2.4790505151
2023-12-22,2.4243853894
2023-12-27,2.424210111
2023-12-28,2.4143239472
2023-12-29,2.4363455063
2024-01-02,2.4381982119
2024-01-03,2.4464644861
2024-01-04,2.4951679082
2024-01-05,2.57754173
2024-01-08,2.5624614331
2024-01-09,2.5599655325
2024-01-10,2.5780494152
2024-01-11,2.5647437386
2024-01-12,2.5251907164
2024-01-15,2.5544563312
2024-01-16,2.5579114471
2024-01-17,2.6661449844
2024-01-18,2.6768131019
2024-01-19,2.6601461212
2024-01-22,2.6444992404
2024-01-23,2.6721226703
2024-01-24,2.663037387
2024-01-25,2.5950024031
2024-01-26,2.5873884106
2024-01-29,2.530533517
2024-01-30,2.5229616619
2024-01-31,2.4737329487
2024-02-01,2.4718578156
2024-02-02,2.5665608501
2024-02-05,2.6225322873
2024-02-06,2.6304437348
2024-02-07,2.6142635533
2024-02-08,2.6703657991
2024-02-09,2.7200920439
2024-02-12,2.7150454203
2024-02-13,2.7570764919
2024-02-14,2.7822301815
2024-02-15,2.7610694685
2024-02-16,2.8339608318
2024-02-19,2.836763829
2024-02-20,2.7955100414
2024-02-21,2.8245174859
2024-02-22,2.8704212885
2024-02-23,2.8509066911
2024-02-26,2.9029634891
2024-02-27,2.9063723664
2024-02-28,2.9113834927
2024-02-29,2.9012443273
2024-03-01,2.8997453122
2024-03-04,2.8804907504
2024-03-05,2.8523626568
2024-03-06,2.8473304056
2024-03-07,2.8529528524
2024-03-08,2.7745423427
2024-03-11,2.8039501177
2024-03-12,2.842023547
2024-03-13,2.8389592329
2024-03-14,2.8719249526
2024-03-15,2.9044036442
2024-03-18,2.9015674337
2024-03-19,2.8799697964
2024-03-20,2.8888368353
2024-03-21,2.8619899929
2024-03-22,2.8142077684
2024-03-25,2.8436140029
2024-03-26,2.8446520188
2024-03-27,2.7940012216
2024-03-28,2.7981962094
2024-04-02,2.8169937607
2024-04-03,2.8340042643
2024-04-04,2.8021367279
2024-04-05,2.8304301161
2024-04-08,2.8453378402
2024-04-09,2.844529147
2024-04-10,2.890368268
2024-04-11,2.900117997
2024-04-12,2.8092030862
2024-04-15,2.8315737776
2024-04-16,2.8579131238
2024-04-17,2.8689112024
2024-04-18,2.8823985611
2024-04-19,2.920971954
2024-04-22,2.8859431272
2024-04-23,2.8798383983
2024-04-24,2.9343412144
2024-04-25,2.9873046997
2024-04-26,2.9516982017
2024-04-29,2.9228527419
2024-04-30,2.9967567161
2024-05-02,2.9691102147
2024-05-03,2.9053014011
2024-05-06,2.909517873
2024-05-07,2.8988787532
2024-05-08,2.915182553
2024-05-09,2.9257582575
2024-05-10,2.9442451164
2024-05-13,2.9305148009
2024-05-14,2.9395315903
2024-05-15,2.8943669893
2024-05-16,2.8959022268
2024-05-17,2.9387147944
2024-05-20,2.9329042182
2024-05-21,2.91930996
2024-05-22,2.9535232779
2024-05-23,3.0028329815
2024-05-24,3.0330994089
2024-05-27,2.9737393125
2024-05-28,2.9725027088
2024-05-29,3.0272376639
2024-05-30,3.0169714126
2024-05-31,3.0193484923
2024-06-03,2.9779859652
2024-06-04,2.9277644372
2024-06-05,2.935561114
2024-06-06,2.9664368423
2024-06-07,3.0231188867
2024-06-10,3.0191670638
2024-06-11,2.9634554635
2024-06-12,2.9281543851
2024-06-13,2.8987005515
2024-06-14,2.7627458678
2024-06-17,2.7914537869
2024-06-18,2.7938622283
2024-06-19,2.8108394712
2024-06-20,2.8161233418
2024-06-21,2.7675013428
2024-06-24,2.8073327872
2024-06-25,2.7992322474
2024-06-26,2.8076536727
2024-06-27,2.809586269
2024-06-28,2.7993707466
2024-07-01,2.8738448081
2024-07-02,2.8849534405
2024-07-03,2.9017080189
2024-07-04,2.8941333562
2024-07-05,2.8742369158
2024-07-08,2.843711286
2024-07-09,2.8615695202
2024-07-10,2.8584445118
2024-07-11,2.7946898478
2024-07-12,2.8310235521
2024-07-15,2.7754653648
2024-07-16,2.7614783971
2024-07-17,2.7626279177
2024-07-18,2.7456871835
2024-07-19,2.7681083283
2024-07-22,2.7666766314
2024-07-23,2.7539063343
2024-07-24,2.721389585
2024-07-25,2.7027505058
2024-07-26,2.6906245201
2024-07-29,2.6688958534
2024-07-30,2.6109896462
2024-07-31,2.5822152139
2024-08-01,2.5606727906
2024-08-02,2.4705683801
2024-08-05,2.3095484768
2024-08-06,2.3366425227
2024-08-07,2.4235840543
2024-08-08,2.4313380332
2024-08-09,2.4002093268
2024-08-12,2.4018433469
2024-08-13,2.3682264916
2024-08-14,2.3650988634
2024-08-15,2.4398204079
2024-08-16,2.4216635162
2024-08-19,2.4232229273
2024-08-20,2.3907306734
2024-08-21,2.3497079812
2024-08-22,2.3542595388
2024-08-23,2.381168929
2024-08-26,2.369541087
2024-08-27,2.3926134933
2024-08-28,2.3545063473
2024-08-29,2.3180484558
2024-08-30,2.3591456102
2024-09-02,2.3984183282
2024-09-03,2.381162134
2024-09-04,2.3375777023
2024-09-05,2.2623239828
2024-09-06,2.2812464132
2024-09-09,2.2272159765
2024-09-10,2.2133271902
2024-09-11,2.1390237934
2024-09-12,2.1754847132
2024-09-13,2.1629372456
2024-09-16,2.1777910624
2024-09-17,2.1607422865
2024-09-18,2.2050798971
2024-09-19,2.1915578525
2024-09-20,2.2099509708
2024-09-23,2.1511405872
2024-09-24,2.0943300472
2024-09-25,2.0974194602
2024-09-26,2.0416181686
2024-09-27,2.0119940033
2024-09-30,2.0342844512
2024-10-01,1.9456250509
2024-10-02,2.0007264821
2024-10-03,2.0212892241
2024-10-04,2.1022005749
2024-10-07,2.1576127679
2024-10-08,2.1763718703
2024-10-09,2.1768275104
2024-10-10,2.1884832799
2024-10-11,2.1920214757
2024-10-14,2.1784237067
2024-10-15,2.1480490822
2024-10-16,2.1075010731
2024-10-17,2.1011632395
2024-10-18,2.0328800201
2024-10-21,2.1254694639
2024-10-22,2.1273525065
2024-10-23,2.0778460531
2024-10-24,2.0604909137
2024-10-25,2.0891054524
2024-10-28,2.047174035
2024-10-29,2.0905380679
2024-10-30,2.1631326224
2024-10-31,2.2433129773
2024-11-01,2.1952562375
2024-11-04,2.2221182741
2024-11-05,2.2263637944
2024-11-06,2.1549863148
2024-11-07,2.1580280616
2024-11-08,2.1485568177
2024-11-11,2.0986940577
2024-11-12,2.0692720316
2024-11-13,2.0985880386
2024-11-14,2.0649425177
2024-11-15,2.087979243
2024-11-18,2.1396008737
2024-11-19,2.100254494
2024-11-20,2.1028413895
2024-11-21,2.0626525434
2024-11-22,1.9917460703
2024-11-25,1.9688081202
2024-11-26,2.0073401995
2024-11-27,1.9921060501
2024-11-28,1.971644599
2024-11-29,1.9120084184
2024-12-02,1.8564459333
2024-12-03,1.8753282922
2024-12-04,1.9043105134
2024-12-05,1.9630802353
2024-12-06,1.9622855999
2024-12-09,1.9488705956
2024-12-10,1.9444423681
2024-12-11,1.9140376769
2024-12-12,1.9672665227
2024-12-13,1.9997336276
2024-12-16,2.000605868
2024-12-17,1.9851802289
2024-12-18,1.9759524375
2024-12-19,2.0137551282
2024-12-20,1.960729092
2024-12-23,1.9977993063
2024-12-24,2.0031476754
2024-12-27,2.0076965659
2024-12-30,2.0111511629
2025-01-02,2.0076200899
2025-01-03,2.0886587479
2025-01-06,2.1595698444
2025-01-07,2.103299616
2025-01-08,2.1490938371
2025-01-09,2.1646834993
2025-01-10,2.2202151764
2025-01-13,2.2442257115
2025-01-14,2.2686086924
2025-01-15,2.2012399722
2025-01-16,2.235734602
2025-01-17,2.2064343832
2025-01-20,2.2057366848
2025-01-21,2.1747840711
2025-01-22,2.1747840711
2025-01-23,2.1875774122
2025-01-24,2.2401136815
2025-01-27,2.2016690685
2025-01-28,2.2021654345
2025-01-29,2.1948520403
2025-01-30,2.1240844937
2025-01-31,2.0552152666
2025-02-03,1.9872366835
2025-02-04,1.9974569542
2025-02-05,1.9988268412
2025-02-06,2.0061366048
2025-02-07,2.0135594267
2025-02-10,1.9758389315
2025-02-11,2.0216543109
2025-02-12,2.0731938112
2025-02-13,2.0349752962
2025-02-14,2.0624994984
2025-02-17,2.0773110811
2025-02-18,2.0741708107
2025-02-19,2.1285716169
2025-02-20,2.1062244707
2025-02-21,2.0427070281
2025-02-24,2.026742961
2025-02-25,2.015339264
2025-02-26,2.0144299849
2025-02-27,1.992752704
2025-02-28,1.974536006
2025-03-03,2.0318952758
2025-03-04,1.9743120874
2025-03-05,2.1420782115
2025-03-06,2.2259304935
2025-03-07,2.180223707
2025-03-10,2.1478681152
2025-03-11,2.1484797044
2025-03-12,2.1770756347
2025-03-13,2.1416020912
2025-03-14,2.1719678102
2025-03-17,2.1424126111
2025-03-18,2.1649719311
2025-03-19,2.1373179128
2025-03-20,2.1097935149
2025-03-21,2.1078266368
2025-03-24,2.1035268227
2025-03-25,2.1131294674
2025-03-26,2.0864188814
2025-03-27,2.0491543401
2025-03-28,2.0213322345
2025-03-31,1.9946853961
2025-04-01,1.9946997438
2025-04-02,1.9895064102
2025-04-03,1.9439000041
2025-04-04,1.8215221075
2025-04-07,1.7878631774
2025-04-08,1.9048767912
2025-04-09,1.7508397125
2025-04-10,1.8313708594
2025-04-11,1.7300159396
2025-04-14,1.7391264376
2025-04-15,1.7747438536
2025-04-16,1.7290503897
2025-04-17,1.7046384892
2025-04-22,1.6718726322
2025-04-23,1.7433495911
2025-04-24,1.6777609946
2025-04-25,1.715780973
2025-04-28,1.7363224447
2025-04-29,1.745149545
2025-04-30,1.6995058817
2025-05-02,1.7503686787
2025-05-05,1.7418307971
2025-05-06,1.7671821893
2025-05-07,1.7320107645
2025-05-08,1.7413589325
2025-05-09,1.773598502
2025-05-12,1.8797796809
2025-05-13,1.8788957042
2025-05-14,1.8873503967
2025-05-15,1.8674987143
2025-05-16,1.8362162012
2025-05-19,1.8145949522
2025-05-20,1.8402949154
2025-05-21,1.8425789682
2025-05-22,1.8221230663
2025-05-23,1.7386811942
2025-05-26,1.7792641337
2025-05-27,1.7746946262
2025-05-28,1.7958959811
2025-05-29,1.7724631081
2025-05-30,1.780577865
2025-06-02,1.8072703241
2025-06-03,1.7609713344
2025-06-04,1.7934058136
2025-06-05,1.8250862266
2025-06-06,1.8622240107
2025-06-09,1.8561998473
2025-06-10,1.8336509094
2025-06-11,1.8054730197
2025-06-12,1.7980167692
2025-06-13,1.8343448481
2025-06-16,1.8311404697
2025-06-17,1.8499896246
2025-06-18,1.8339061542
2025-06-19,1.8271326556
2025-06-20,1.836071063
2025-06-23,1.8549831431
2025-06-24,1.8486111052
2025-06-25,1.8509723862
2025-06-26,1.816880051
2025-06-27,1.8455372589
2025-06-30,1.8448999837
2025-07-01,1.8239814624
2025-07-02,1.8483808664
2025-07-03,1.8348212146
2025-07-04,1.8059469442
2025-07-07,1.83026981
2025-07-08,1.8665369634
2025-07-09,1.8470333959
2025-07-10,1.8672876318
2025-07-11,1.903209113
2025-07-14,1.8699459982
2025-07-15,1.8413199979
2025-07-16,1.8309948522
2025-07-17,1.827158467
2025-07-18,1.8421399825
2025-07-21,1.8098318192
2025-07-22,1.7986465081
2025-07-23,1.7905376433
2025-07-24,1.8858153399
2025-07-25,1.9267637335
2025-07-28,1.8843251375
2025-07-29,1.9076732152
2025-07-30,1.9284117853
2025-07-31,1.9362248244
2025-08-01,1.8822516117
2025-08-04,1.8777986574
2025-08-05,1.8794618579
2025-08-06,1.8796763767
2025-08-07,1.8910557398
2025-08-08,1.9353984474
2025-08-11,1.9399036004
2025-08-12,1.9512619362
2025-08-13,1.9143562536
2025-08-14,1.9217794248
2025-08-15,1.9296540424
2025-08-18,1.9361723298
2025-08-19,1.9299063054
2025-08-20,1.9028262007
2025-08-21,1.9395964645
2025-08-22,1.9473188478
2025-08-25,1.9578977321
2025-08-26,1.9200470906
2025-08-27,1.9044242003
2025-08-28,1.914518753
2025-08-29,1.9213686405
2025-09-01,1.928922292
2025-09-02,1.9547879495
2025-09-03,1.9325486542
2025-09-04,1.9264749155
2025-09-05,1.9033183028
2025-09-08,1.895973612
2025-09-09,1.9051122605
2025-09-10,1.9141822433
2025-09-11,1.9532167861
2025-09-12,1.9790847728
2025-09-15,1.9720407965
2025-09-16,1.9778896988
2025-09-17,1.9643942273
2025-09-18,1.9780242937
2025-09-19,1.9896402238
2025-09-22,1.9852879818
2025-09-23,1.9956466397
2025-09-24,1.9873716479
2025-09-25,2.0094562374
2025-09-26,1.9994178834
2025-09-29,1.9956701695
2025-09-30,1.9908238068
2025-10-01,1.9761886629
2025-10-02,1.9917023576
2025-10-03,1.9939644259
2025-10-06,1.98083288
2025-10-07,1.9857003252
2025-10-08,1.9630022754
2025-10-09,1.9726228378
2025-10-10,1.9587396731
2025-10-13,1.9306945555
2025-10-14,1.9168815171
2025-10-15,1.9001731195
2025-10-16,1.9037734982
2025-10-17,1.8984483024
2025-10-20,1.8984182214
2025-10-21,1.8885775465
2025-10-22,1.8988944421
2025-10-23,1.9077101748
2025-10-24,1.9492572548
2025-10-27,1.9525802229
2025-10-28,1.9502180776
2025-10-29,1.9449959952
2025-10-30,1.966546382
2025-10-31,1.9496455975
2025-11-03,1.9601849719
2025-11-04,1.9545242785
2025-11-05,1.9539552601
2025-11-06,1.9634247745
2025-11-07,1.9723170296
2025-11-10,1.9713384534
2025-11-11,1.9708878517
2025-11-12,1.9757924828
2025-11-13,1.9946614329
2025-11-14,1.9897807117
2025-11-17,2.001966068
2025-11-18,1.9800858891
2025-11-19,1.9897453776
2025-11-20,2.0067656218
2025-11-21,1.9777959808
2025-11-24,1.9981241414
2025-11-25,1.9924426405
2025-11-26,1.9959402407
2025-11-27,1.9992870109
2025-11-28,2.0086159249
2025-12-01,2.0361617384
2025-12-02,2.0262999062
2025-12-03,2.0245242654
2025-12-04,2.0453654549
2025-12-05,2.052909768
2025-12-08,2.1127957698
2025-12-09,2.1151576926
2025-12-10,2.1334987566
2025-12-11,2.1223183223
2025-12-12,2.1260062539
2025-12-15,2.1145348663
2025-12-16,2.1131495875
2025-12-17,2.1027460322
2025-12-18,2.100313418
2025-12-19,2.1198446236
2025-12-22,2.1227241736
2025-12-23,2.1201323564
2025-12-24,2.1214520268
2025-12-29,2.0890805136
2025-12-30,2.1004409369
2025-12-31,2.108454926
2026-01-02,2.1097118774
2026-01-05,2.1166888082
2026-01-06,2.0811808209
2026-01-07,2.0676284816
2026-01-08,2.0789036096
2026-01-09,2.0896572574
2026-01-12,2.0774595775
2026-01-13,2.0777781125
2026-01-14,2.0614395345
2026-01-15,2.0696657104
2026-01-16,2.0876313209
2026-01-19,2.0600532983
2026-01-20,2.0547042686
2026-01-21,2.0537035653
2026-01-22,2.0855734238
2026-01-23,2.1048870037
2026-01-26,2.0873579681
2026-01-27,2.0805342608
2026-01-28,2.0530366858
2026-01-29,2.036202589
2026-01-30,2.0495671759
2026-02-02,2.0631603149
2026-02-03,2.0813185732
2026-02-04,2.0624879741
2026-02-05,2.0587574086
2026-02-06,2.043146305
2026-02-09,2.032594875
2026-02-10,2.0294694015
2026-02-11,2.0353981842
2026-02-12,2.0269946228
2026-02-13,1.9972761628
2026-02-16,2.0047470579
2026-02-17,2.0029126282
2026-02-18,2.0125980441
2026-02-19,2.0165098289
2026-02-20,2.0134776273
2026-02-23,2.0077993115
2026-02-24,2.0065503018
2026-02-25,2.0088303801
2026-02-26,2.0032308997
2026-02-27,1.9805043076
2026-03-02,2.030707584
2026-03-03,2.133731533
2026-03-04,2.098893153
2026-03-05,2.1676114472
2026-03-06,2.2233174688
2026-03-09,2.2505716678
2026-03-10,2.1757420376
2026-03-11,2.3138180443
2026-03-12,2.3517295137
2026-03-13,2.3632504207
2026-03-16,2.340172575
2026-03-17,2.3318529669
2026-03-18,2.4052936167
2026-03-19,2.4681846638
2026-03-20,2.5854170099
2026-03-23,2.5182150027
2026-03-24,2.5894585133
2026-03-25,2.5571657133
2026-03-26,2.6236868951
2026-03-27,2.6447072056
2026-03-30,2.6005623576
2026-03-31,2.5889838861
2026-04-01,2.5482024884
2026-04-02,2.5948155184
2026-04-07,2.6592217899
2026-04-08,2.4414899676
2026-04-09,2.5237103254
2026-04-10,2.5310621219
2026-04-13,2.5855339022
2026-04-14,2.5445231091
2026-04-15,2.4953056634
2026-04-16,2.4885726292
2026-04-17,2.4099992558
2026-04-20,2.4209588043
2026-04-21,2.4560076038
2026-04-22,2.4912944573
2026-04-23,2.5376409998
2026-04-24,2.5420491489
2026-04-27,2.530043291
2026-04-28,2.601788104
2026-04-29,2.665172473
2026-04-30,2.6058943243
2026-05-04,2.6404350044
2026-05-05,2.6390993225
2026-05-06,2.5384893356
2026-05-07,2.5130682789
2026-05-08,2.5402702863
2026-05-11,2.5923630642
2026-05-12,2.6582573787
2026-05-13,2.6562503742
2026-05-14,2.6059369849
2026-05-15,2.6867609973
2026-05-18,2.6399098709
2026-05-19,2.6893209753
2026-05-20,2.6729796871
2026-05-21,2.6286870284
2026-05-22,2.5735265749
2026-05-25,2.4784887624
2026-05-26,2.5304227883
2026-05-27,2.5242753911
2026-05-28,2.5253148055
2026-05-29,2.5006714674
2026-06-01,2.5777190557
2026-06-02,2.5557837052
2026-06-03,2.5889111082
2026-06-04,2.5816369773
2026-06-05,2.6015235946
2026-06-08,2.623581458
2026-06-09,2.6189683991
2026-06-10,2.6354295416
2026-06-11,2.6089401632
2026-06-12,2.5775819706
2026-06-15,2.5184709728
2026-06-16,2.5154495371
2026-06-17,2.5267491655
2026-06-18,2.5543756811
2026-06-19,2.5758917711
2026-06-22,2.5451244434
2026-06-23,2.5038709417
2026-06-24,2.4861849189
2026-06-25,2.4756991249
2026-06-26,2.4528794927
2026-06-29,2.476732268
2026-06-30,2.4760833371
2026-07-01,2.4738910102
2026-07-02,2.4543322029
2026-07-03,2.4707016791
2026-07-06,2.484644142
2026-07-07,2.5291403048
2026-07-08,2.6192816299
2026-07-09,2.6146246593
2026-07-10,2.5992991792
2026-07-13,2.6446073262
2026-07-14,2.6874859602
2026-07-15,2.6761872416
2026-07-16,2.6989120043
2026-07-17,2.6977042564
2026-07-20,2.7099382231
2026-07-21,2.7373771255
2026-07-22,2.7617110552
2026-07-23,2.8005546841
2026-07-24,2.7719528205
2026-07-27,2.7295925773
2026-07-28,2.7075644189
2026-07-29,2.7319809842
2026-07-30,2.7130737913
2026-07-31,2.7607858384
2026-08-03,2.7020530741
2026-08-04,2.662325091
2026-08-05,2.6703142615
2026-08-06,2.6725142222
2026-08-07,2.6658514849
2026-08-10,2.7207716313
2026-08-11,2.7087020959
2026-08-12,2.700507465
2026-08-13,2.6909507954
2026-08-14,2.7276488205
2026-08-17,2.7360418851
2026-08-18,2.7804608813
2026-08-19,2.7807523845
2026-08-20,2.7913954426
2026-08-21,2.7610795861
2026-08-24,2.7963537279
