Datetime,Open,High,Low,Close,Volume
2023-11-08 00:00:00,1.0698620080947876,1.0702054500579834,1.0689470767974854,1.069290041923523,0
2023-11-08 04:00:00,1.0691757202148438,1.0695186853408811,1.0679197311401367,1.068261981010437,0
2023-11-08 08:00:00,1.068261981010437,1.068376064300537,1.0663254261016846,1.0679197311401367,0
2023-11-08 12:00:00,1.0680338144302368,1.0710078477859497,1.0663254261016846,1.070778489112854,0
2023-11-08 16:00:00,1.070893168449402,1.071811318397522,1.0704345703125,1.0704345703125,0
2023-11-08 20:00:00,1.070549249649048,1.0713521242141724,1.0704345703125,1.0713521242141724,0
2023-11-09 00:00:00,1.0714668035507202,1.071926236152649,1.070549249649048,1.0711225271224976,0
2023-11-09 04:00:00,1.0711225271224976,1.0714668035507202,1.0704345703125,1.070778489112854,0
2023-11-09 08:00:00,1.070778489112854,1.071237325668335,1.068376064300537,1.0691757202148438,0
2023-11-09 12:00:00,1.0691757202148438,1.0727311372756958,1.0690613985061646,1.071811318397522,0
2023-11-09 16:00:00,1.071811318397522,1.071926236152649,1.066439151763916,1.067121982574463,0
2023-11-09 20:00:00,1.067121982574463,1.0678056478500366,1.0665528774261477,1.066894292831421,0
2023-11-10 00:00:00,1.067008137702942,1.0678056478500366,1.0666667222976685,1.067235827445984,0
2023-11-10 04:00:00,1.067235827445984,1.067463755607605,1.0659844875335691,1.0665528774261477,0
2023-11-10 08:00:00,1.0667804479599,1.0691757202148438,1.0667804479599,1.0680338144302368,0
2023-11-10 12:00:00,1.0680338144302368,1.0695186853408811,1.0667804479599,1.067235827445984,0
2023-11-10 16:00:00,1.067235827445984,1.0689470767974854,1.0666667222976685,1.068261981010437,0
2023-11-10 20:00:00,1.0681477785110474,1.0689470767974854,1.0680338144302368,1.0686043500900269,0
2023-11-13 00:00:00,1.069290041923523,1.069290041923523,1.068376064300537,1.0688328742980957,0
2023-11-13 04:00:00,1.0689470767974854,1.0698620080947876,1.0687185525894165,1.06963312625885,0
2023-11-13 08:00:00,1.0695186853408811,1.0703200101852417,1.0688328742980957,1.0689470767974854,0
2023-11-13 12:00:00,1.0689470767974854,1.0695186853408811,1.066894292831421,1.0691757202148438,0
2023-11-13 16:00:00,1.069404363632202,1.070893168449402,1.0688328742980957,1.0704345703125,0
2023-11-13 20:00:00,1.070549249649048,1.0710078477859497,1.0699764490127563,1.0704345703125,0
2023-11-14 00:00:00,1.070549249649048,1.070549249649048,1.0697474479675293,1.0699764490127563,0
2023-11-14 04:00:00,1.0699764490127563,1.0711225271224976,1.06963312625885,1.070893168449402,0
2023-11-14 08:00:00,1.0710078477859497,1.073306918144226,1.0698620080947876,1.0721560716629028,0
2023-11-14 12:00:00,1.0721560716629028,1.084481120109558,1.0721560716629028,1.0840108394622805,0
2023-11-14 16:00:00,1.0841283798217771,1.0884946584701538,1.0841283798217771,1.0884946584701538,0
2023-11-14 20:00:00,1.0884946584701538,1.0889687538146973,1.0876659154891968,1.088139295578003,0
2023-11-15 00:00:00,1.088139295578003,1.0886130332946775,1.0868383646011353,1.0884946584701538,0
2023-11-15 04:00:00,1.0884946584701538,1.0887316465377808,1.0868383646011353,1.0875475406646729,0
2023-11-15 08:00:00,1.0875475406646729,1.0882576704025269,1.0847163200378418,1.08695650100708,0
2023-11-15 12:00:00,1.08695650100708,1.0882576704025269,1.0834236145019531,1.08672034740448,0
2023-11-15 16:00:00,1.08695650100708,1.0871928930282593,1.084481120109558,1.0849517583847046,0
2023-11-15 20:00:00,1.0849517583847046,1.0856584310531616,1.0845986604690552,1.0856584310531616,0
2023-11-16 00:00:00,1.0856584310531616,1.085894227027893,1.0833063125610352,1.0835410356521606,0
2023-11-16 04:00:00,1.0835410356521606,1.0848339796066284,1.0835410356521606,1.084481120109558,0
2023-11-16 08:00:00,1.084481120109558,1.0862481594085691,1.0842459201812744,1.0855406522750854,0
2023-11-16 12:00:00,1.0854227542877195,1.0897995233535769,1.0842459201812744,1.088139295578003,0
2023-11-16 16:00:00,1.088020920753479,1.0884946584701538,1.0849517583847046,1.085894227027893,0
2023-11-16 20:00:00,1.086130142211914,1.086130142211914,1.0847163200378418,1.0856584310531616,0
2023-11-17 00:00:00,1.0856584310531616,1.0860122442245483,1.0851871967315674,1.0856584310531616,0
2023-11-17 04:00:00,1.0857763290405271,1.085894227027893,1.0838934183120728,1.0841283798217771,0
2023-11-17 08:00:00,1.0834236145019531,1.0876659154891968,1.0828369855880735,1.08695650100708,0
2023-11-17 12:00:00,1.0866022109985352,1.089561939239502,1.086130142211914,1.0890873670578003,0
2023-11-17 16:00:00,1.089205980300903,1.0907504558563232,1.0877841711044312,1.0903936624526978,0
2023-11-17 20:00:00,1.090274691581726,1.0918222665786743,1.0900371074676514,1.0917030572891235,0
2023-11-20 00:00:00,1.0907504558563232,1.0927767753601074,1.0900371074676514,1.0927767753601074,0
2023-11-20 04:00:00,1.0927767753601074,1.093732833862305,1.0917030572891235,1.0918222665786743,0
2023-11-20 08:00:00,1.092060685157776,1.0943313837051392,1.091941475868225,1.0925379991531372,0
2023-11-20 12:00:00,1.0925379991531372,1.0946906805038452,1.0922993421554563,1.0940918922424316,0
2023-11-20 16:00:00,1.0942115783691406,1.0954102277755735,1.0938525199890137,1.0949305295944214,0
2023-11-20 20:00:00,1.0949305295944214,1.09505033493042,1.0940918922424316,1.0948106050491333,0
2023-11-21 00:00:00,1.0948106050491333,1.096731662750244,1.094570875167847,1.096611499786377,0
2023-11-21 04:00:00,1.096611499786377,1.0968520641326904,1.0954102277755735,1.095650315284729,0
2023-11-21 08:00:00,1.0957703590393066,1.096611499786377,1.0942115783691406,1.0942115783691406,0
2023-11-21 12:00:00,1.0943313837051392,1.0963709354400637,1.0934937000274658,1.093732833862305,0
2023-11-21 16:00:00,1.0939722061157229,1.0946906805038452,1.0903936624526978,1.0918222665786743,0
2023-11-21 20:00:00,1.0918222665786743,1.0921800136566162,1.0911074876785278,1.091941475868225,0
2023-11-22 00:00:00,1.092060685157776,1.0925379991531372,1.091226577758789,1.0917030572891235,0
2023-11-22 04:00:00,1.0917030572891235,1.091941475868225,1.0899182558059692,1.0918222665786743,0
2023-11-22 08:00:00,1.092060685157776,1.0922993421554563,1.0887316465377808,1.0903936624526978,0
2023-11-22 12:00:00,1.090274691581726,1.092060685157776,1.0856584310531616,1.0868383646011353,0
2023-11-22 16:00:00,1.0868383646011353,1.0890873670578003,1.0864840745925903,1.0887316465377808,0
2023-11-22 20:00:00,1.0886130332946775,1.089680790901184,1.0884946584701538,1.0890873670578003,0
2023-11-23 00:00:00,1.089205980300903,1.090869426727295,1.0890873670578003,1.0907504558563232,0
2023-11-23 04:00:00,1.0907504558563232,1.091941475868225,1.0903936624526978,1.0917030572891235,0
2023-11-23 08:00:00,1.0915838479995728,1.0930156707763672,1.0903936624526978,1.0917030572891235,0
2023-11-23 12:00:00,1.0918222665786743,1.0918222665786743,1.0890873670578003,1.091226577758789,0
2023-11-23 16:00:00,1.091226577758789,1.091226577758789,1.0906314849853516,1.0907504558563232,0
2023-11-23 20:00:00,1.0906314849853516,1.0911074876785278,1.0906314849853516,1.0907504558563232,0
2023-11-24 00:00:00,1.090869426727295,1.091226577758789,1.0897995233535769,1.0901559591293335,0
2023-11-24 04:00:00,1.090274691581726,1.0914647579193115,1.0900371074676514,1.0911074876785278,0
2023-11-24 08:00:00,1.0911074876785278,1.0922993421554563,1.09051251411438,1.0917030572891235,0
2023-11-24 12:00:00,1.0917030572891235,1.0946906805038452,1.0911074876785278,1.0942115783691406,0
2023-11-24 16:00:00,1.0942115783691406,1.095170259475708,1.093135118484497,1.0949305295944214,0
2023-11-24 20:00:00,1.0949305295944214,1.095170259475708,1.0943313837051392,1.0943313837051392,0
2023-11-27 00:00:00,1.0943313837051392,1.0952903032302856,1.0930156707763672,1.0949305295944214,0
2023-11-27 04:00:00,1.0948106050491333,1.0961307287216189,1.094570875167847,1.09505033493042,0
2023-11-27 08:00:00,1.0949305295944214,1.0958904027938845,1.0942115783691406,1.095650315284729,0
2023-11-27 12:00:00,1.095650315284729,1.0957703590393066,1.0928961038589478,1.0936132669448853,0
2023-11-27 16:00:00,1.0936132669448853,1.0958904027938845,1.093135118484497,1.0958904027938845,0
2023-11-27 20:00:00,1.0958904027938845,1.0961307287216189,1.09505033493042,1.0961307287216189,0
2023-11-28 00:00:00,1.0963709354400637,1.096611499786377,1.095650315284729,1.0957703590393066,0
2023-11-28 04:00:00,1.0958904027938845,1.0958904027938845,1.0938525199890137,1.0938525199890137,0
2023-11-28 08:00:00,1.0940918922424316,1.0960105657577517,1.0940918922424316,1.0952903032302856,0
2023-11-28 12:00:00,1.095170259475708,1.100231051445007,1.09505033493042,1.098418354988098,0
2023-11-28 16:00:00,1.098538875579834,1.1012003421783447,1.0976948738098145,1.099384307861328,0
2023-11-28 20:00:00,1.099384307861328,1.1008366346359253,1.097935914993286,1.100594401359558,0
2023-11-29 00:00:00,1.1008366346359253,1.1019283533096311,1.1001100540161133,1.1001100540161133,0
2023-11-29 04:00:00,1.0999890565872192,1.100715398788452,1.098659634590149,1.098659634590149,0
2023-11-29 08:00:00,1.098780393600464,1.1001100540161133,1.0973334312438965,1.098780393600464,0
2023-11-29 12:00:00,1.0989010334014893,1.0995051860809326,1.0964912176132202,1.0978153944015503,0
2023-11-29 16:00:00,1.0976948738098145,1.0996261835098269,1.0964912176132202,1.098538875579834,0
2023-11-29 20:00:00,1.098538875579834,1.098659634590149,1.0969723463058472,1.0975743532180786,0
2023-11-30 00:00:00,1.0975743532180786,1.098659634590149,1.0970927476882937,1.0976948738098145,0
2023-11-30 04:00:00,1.0976948738098145,1.098418354988098,1.0946906805038452,1.0954102277755735,0
2023-11-30 08:00:00,1.0955302715301514,1.0961307287216189,1.091226577758789,1.0918222665786743,0
2023-11-30 12:00:00,1.091941475868225,1.0943313837051392,1.089680790901184,1.0911074876785278,0
2023-11-30 16:00:00,1.0913456678390503,1.091941475868225,1.0887316465377808,1.0893245935440063,0
2023-11-30 20:00:00,1.0893245935440063,1.0897995233535769,1.0882576704025269,1.0894432067871094,0
2023-12-01 00:00:00,1.089561939239502,1.0915838479995728,1.089561939239502,1.0903936624526978,0
2023-12-01 04:00:00,1.090274691581726,1.0914647579193115,1.0897995233535769,1.0897995233535769,0
2023-12-01 08:00:00,1.0899182558059692,1.0906314849853516,1.0886130332946775,1.0900371074676514,0
2023-12-01 12:00:00,1.0901559591293335,1.0903936624526978,1.0837758779525757,1.0840108394622805,0
2023-12-01 16:00:00,1.0835410356521606,1.089561939239502,1.0835410356521606,1.0875475406646729,0
2023-12-01 20:00:00,1.0875475406646729,1.0887316465377808,1.0874292850494385,1.0884946584701538,0
2023-12-04 00:00:00,1.0888501405715942,1.0888501405715942,1.08695650100708,1.0883761644363403,0
2023-12-04 04:00:00,1.0882576704025269,1.0882576704025269,1.0853049755096436,1.0855406522750854,0
2023-12-04 08:00:00,1.0860122442245483,1.0883761644363403,1.0860122442245483,1.0871928930282593,0
2023-12-04 12:00:00,1.0871928930282593,1.0877841711044312,1.0808473825454712,1.081548810005188,0
2023-12-04 16:00:00,1.0817828178405762,1.0831888914108276,1.0814317464828491,1.0831888914108276,0
2023-12-04 20:00:00,1.0830715894699097,1.0841283798217771,1.0830715894699097,1.0840108394622805,0
2023-12-05 00:00:00,1.0840108394622805,1.0848339796066284,1.0837758779525757,1.0842459201812744,0
2023-12-05 04:00:00,1.0842459201812744,1.0849517583847046,1.0807305574417114,1.080964207649231,0
2023-12-05 08:00:00,1.0810810327529907,1.084481120109558,1.0810810327529907,1.0821340084075928,0
2023-12-05 12:00:00,1.0822510719299316,1.0841283798217771,1.0804970264434814,1.080964207649231,0
2023-12-05 16:00:00,1.080964207649231,1.081548810005188,1.0781670808792114,1.0787487030029297,0
2023-12-05 20:00:00,1.0786322355270386,1.080263614654541,1.078515887260437,1.0796804428100586,0
2023-12-06 00:00:00,1.0797970294952393,1.0801469087600708,1.079097867012024,1.0800302028656006,0
2023-12-06 04:00:00,1.07991361618042,1.0804970264434814,1.0781670808792114,1.0794472694396973,0
2023-12-06 08:00:00,1.079214334487915,1.0800302028656006,1.077818512916565,1.078399658203125,0
2023-12-06 12:00:00,1.078283429145813,1.0806137323379517,1.07758629322052,1.079214334487915,0
2023-12-06 16:00:00,1.0794472694396973,1.0801469087600708,1.0770059823989868,1.0771219730377195,0
2023-12-06 20:00:00,1.0771219730377195,1.0773539543151855,1.0761945247650146,1.0768898725509644,0
2023-12-07 00:00:00,1.0770059823989868,1.077470064163208,1.0761945247650146,1.076310396194458,0
2023-12-07 04:00:00,1.076310396194458,1.078399658203125,1.0759629011154177,1.078399658203125,0
2023-12-07 08:00:00,1.078283429145813,1.0787487030029297,1.076658010482788,1.0773539543151855,0
2023-12-07 12:00:00,1.077470064163208,1.0800302028656006,1.076310396194458,1.0786322355270386,0
2023-12-07 16:00:00,1.0788650512695312,1.0818997621536257,1.0788650512695312,1.0801469087600708,0
2023-12-07 20:00:00,1.0801469087600708,1.0807305574417114,1.079214334487915,1.0793308019638062,0
2023-12-08 00:00:00,1.0794472694396973,1.080263614654541,1.0787487030029297,1.0794472694396973,0
2023-12-08 04:00:00,1.0794472694396973,1.0794472694396973,1.07758629322052,1.0781670808792114,0
2023-12-08 08:00:00,1.078399658203125,1.0794472694396973,1.07758629322052,1.0786322355270386,0
2023-12-08 12:00:00,1.0786322355270386,1.0788650512695312,1.0730764865875244,1.0771219730377195,0
2023-12-08 16:00:00,1.0768898725509644,1.0772379636764526,1.0743446350097656,1.0761945247650146,0
2023-12-08 20:00:00,1.0761945247650146,1.0768898725509644,1.0760787725448608,1.0764262676239014,0
2023-12-11 00:00:00,1.0770059823989868,1.07758629322052,1.076658010482788,1.076774001121521,0
2023-12-11 04:00:00,1.076774001121521,1.0773539543151855,1.0757315158843994,1.0758472681045532,0
2023-12-11 08:00:00,1.0757315158843994,1.0781670808792114,1.0755001306533811,1.0771219730377195,0
2023-12-11 12:00:00,1.0771219730377195,1.0773539543151855,1.0744600296020508,1.0746910572052002,0
2023-12-11 16:00:00,1.0746910572052002,1.0772379636764526,1.0746910572052002,1.0764262676239014,0
2023-12-11 20:00:00,1.0765421390533447,1.0768898725509644,1.0759629011154177,1.076774001121521,0
2023-12-12 00:00:00,1.076774001121521,1.0772379636764526,1.0764262676239014,1.0771219730377195,0
2023-12-12 04:00:00,1.0771219730377195,1.0786322355270386,1.076774001121521,1.0780508518218994,0
2023-12-12 08:00:00,1.077818512916565,1.080964207649231,1.077702283859253,1.07991361618042,0
2023-12-12 12:00:00,1.0800302028656006,1.082719802856445,1.0770059823989868,1.0786322355270386,0
2023-12-12 16:00:00,1.0786322355270386,1.0800302028656006,1.078399658203125,1.0793308019638062,0
2023-12-12 20:00:00,1.079214334487915,1.0803803205490112,1.079214334487915,1.0801469087600708,0
2023-12-13 00:00:00,1.0801469087600708,1.080263614654541,1.0788650512695312,1.0789813995361328,0
2023-12-13 04:00:00,1.0789813995361328,1.0797970294952393,1.078399658203125,1.0788650512695312,0
2023-12-13 08:00:00,1.0787487030029297,1.0794472694396973,1.07758629322052,1.0787487030029297,0
2023-12-13 12:00:00,1.0786322355270386,1.0810810327529907,1.078399658203125,1.0797970294952393,0
2023-12-13 16:00:00,1.0797970294952393,1.0894432067871094,1.078283429145813,1.0890873670578003,0
2023-12-13 20:00:00,1.0888501405715942,1.089680790901184,1.08695650100708,1.0886130332946775,0
2023-12-14 00:00:00,1.0886130332946775,1.0918222665786743,1.0882576704025269,1.0907504558563232,0
2023-12-14 04:00:00,1.090869426727295,1.091226577758789,1.0884946584701538,1.0884946584701538,0
2023-12-14 08:00:00,1.0884946584701538,1.0933741331100464,1.0883761644363403,1.0932546854019165,0
2023-12-14 12:00:00,1.0936132669448853,1.0998680591583252,1.0913456678390503,1.0997470617294312,0
2023-12-14 16:00:00,1.0997470617294312,1.1012003421783447,1.0982975959777832,1.099384307861328,0
2023-12-14 20:00:00,1.0995051860809326,1.0999890565872192,1.0991426706314087,1.0996261835098269,0
2023-12-15 00:00:00,1.0996261835098269,1.1003520488739014,1.098056435585022,1.100231051445007,0
2023-12-15 04:00:00,1.1001100540161133,1.100594401359558,1.098418354988098,1.0997470617294312,0
2023-12-15 08:00:00,1.0998680591583252,1.1001100540161133,1.095170259475708,1.0970927476882937,0
2023-12-15 12:00:00,1.0970927476882937,1.0972130298614502,1.090869426727295,1.0917030572891235,0
2023-12-15 16:00:00,1.0918222665786743,1.091941475868225,1.0893245935440063,1.0901559591293335,0
2023-12-15 20:00:00,1.090274691581726,1.0911074876785278,1.089561939239502,1.0900371074676514,0
2023-12-18 00:00:00,1.0899182558059692,1.0917030572891235,1.089680790901184,1.0914647579193115,0
2023-12-18 04:00:00,1.0913456678390503,1.0932546854019165,1.091226577758789,1.0925379991531372,0
2023-12-18 08:00:00,1.0921800136566162,1.0930156707763672,1.0911074876785278,1.0915838479995728,0
2023-12-18 12:00:00,1.091941475868225,1.0932546854019165,1.0913456678390503,1.0917030572891235,0
2023-12-18 16:00:00,1.0917030572891235,1.093135118484497,1.0915838479995728,1.092060685157776,0
2023-12-18 20:00:00,1.091941475868225,1.0927767753601074,1.0917030572891235,1.0926573276519775,0
2023-12-19 00:00:00,1.0926573276519775,1.0932546854019165,1.091941475868225,1.0928961038589478,0
2023-12-19 04:00:00,1.0928961038589478,1.0943313837051392,1.092418551445007,1.0932546854019165,0
2023-12-19 08:00:00,1.093135118484497,1.09505033493042,1.093135118484497,1.0939722061157229,0
2023-12-19 12:00:00,1.0942115783691406,1.0990219116210938,1.0942115783691406,1.0989010334014893,0
2023-12-19 16:00:00,1.098780393600464,1.0989010334014893,1.0973334312438965,1.097935914993286,0
2023-12-19 20:00:00,1.097935914993286,1.098780393600464,1.0975743532180786,1.0982975959777832,0
2023-12-20 00:00:00,1.0981770753860474,1.0981770753860474,1.0970927476882937,1.0972130298614502,0
2023-12-20 04:00:00,1.0973334312438965,1.0973334312438965,1.0955302715301514,1.0969723463058472,0
2023-12-20 08:00:00,1.096611499786377,1.0973334312438965,1.0938525199890137,1.0940918922424316,0
2023-12-20 12:00:00,1.0940918922424316,1.0976948738098145,1.093732833862305,1.0973334312438965,0
2023-12-20 16:00:00,1.0976948738098145,1.0978153944015503,1.094570875167847,1.0949305295944214,0
2023-12-20 20:00:00,1.0946906805038452,1.09505033493042,1.0933741331100464,1.0946906805038452,0
2023-12-21 00:00:00,1.094570875167847,1.095650315284729,1.094570875167847,1.095170259475708,0
2023-12-21 04:00:00,1.095170259475708,1.0958904027938845,1.0946906805038452,1.09505033493042,0
2023-12-21 08:00:00,1.09505033493042,1.098780393600464,1.0938525199890137,1.0982975959777832,0
2023-12-21 12:00:00,1.098418354988098,1.1003520488739014,1.0978153944015503,1.0992635488510132,0
2023-12-21 16:00:00,1.0992635488510132,1.1003520488739014,1.0981770753860474,1.100231051445007,0
2023-12-21 20:00:00,1.1001100540161133,1.1015641689300537,1.0996261835098269,1.1009578704833984,0
2023-12-22 00:00:00,1.1009578704833984,1.101321578025818,1.0998680591583252,1.1001100540161133,0
2023-12-22 04:00:00,1.1001100540161133,1.101078987121582,1.0998680591583252,1.100473165512085,0
2023-12-22 08:00:00,1.100594401359558,1.103265643119812,1.1003520488739014,1.1027790307998655,0
2023-12-22 12:00:00,1.1030223369598389,1.1043622493743896,1.100594401359558,1.1014429330825806,0
2023-12-22 16:00:00,1.1016855239868164,1.102657437324524,1.1003520488739014,1.1018069982528689,0
2023-12-22 20:00:00,1.1018069982528689,1.1019283533096311,1.101078987121582,1.1014429330825806,0
2023-12-25 00:00:00,1.101321578025818,1.1027790307998655,1.0998680591583252,1.1009578704833984,0
2023-12-25 04:00:00,1.101078987121582,1.1024142503738403,1.100594401359558,1.102292776107788,0
2023-12-25 16:00:00,1.1018069982528689,1.102292776107788,1.1015641689300537,1.1021713018417358,0
2023-12-25 20:00:00,1.1012003421783447,1.102657437324524,1.0997470617294312,1.102292776107788,0
2023-12-26 00:00:00,1.1021713018417358,1.103265643119812,1.1019283533096311,1.1031439304351809,0
2023-12-26 04:00:00,1.1030223369598389,1.1031439304351809,1.1024142503738403,1.102535843849182,0
2023-12-26 08:00:00,1.102535843849182,1.1029006242752075,1.101321578025818,1.1016855239868164,0
2023-12-26 12:00:00,1.1015641689300537,1.1035091876983645,1.1012003421783447,1.1029006242752075,0
2023-12-26 16:00:00,1.1027790307998655,1.1047282218933103,1.1027790307998655,1.1047282218933103,0
2023-12-26 20:00:00,1.1048502922058103,1.1049723625183103,1.1042402982711792,1.1044842004776,0
2023-12-27 00:00:00,1.1044842004776,1.1044842004776,1.1031439304351809,1.1038745641708374,0
2023-12-27 04:00:00,1.103996515274048,1.1052166223526,1.103996515274048,1.1043622493743896,0
2023-12-27 08:00:00,1.1043622493743896,1.1061947345733645,1.1042402982711792,1.1061947345733645,0
2023-12-27 12:00:00,1.1060723066329956,1.1117286682128906,1.1052166223526,1.110864281654358,0
2023-12-27 16:00:00,1.110864281654358,1.1124708652496338,1.1102476119995115,1.1104941368103027,0
2023-12-27 20:00:00,1.1104941368103027,1.1112345457077026,1.1102476119995115,1.1111111640930176,0
2023-12-28 00:00:00,1.1111111640930176,1.1124708652496338,1.1111111640930176,1.1120996475219729,0
2023-12-28 04:00:00,1.1120996475219729,1.1128422021865845,1.110864281654358,1.1119760274887085,0
2023-12-28 08:00:00,1.1117286682128906,1.1140819787979126,1.110987663269043,1.1122233867645264,0
2023-12-28 12:00:00,1.1122233867645264,1.1122233867645264,1.1076650619506836,1.110987663269043,0
2023-12-28 16:00:00,1.110864281654358,1.110864281654358,1.1058276891708374,1.1068068742752075,0
2023-12-28 20:00:00,1.1068068742752075,1.1072970628738403,1.1060723066329956,1.1069294214248655,0
2023-12-29 00:00:00,1.107051968574524,1.1086474657058716,1.1066844463348389,1.1068068742752075,0
2023-12-29 04:00:00,1.1068068742752075,1.1079105138778689,1.106439471244812,1.1069294214248655,0
2023-12-29 08:00:00,1.1068068742752075,1.108033299446106,1.1048502922058103,1.1079105138778689,0
2023-12-29 12:00:00,1.1079105138778689,1.1082788705825806,1.1047282218933103,1.1052166223526,0
2023-12-29 16:00:00,1.1049723625183103,1.1069294214248655,1.1041183471679688,1.1043622493743896,0
2023-12-29 20:00:00,1.1042402982711792,1.1053388118743896,1.1037527322769165,1.103996515274048,0
2024-01-01 16:00:00,1.1055831909179688,1.1055831909179688,1.1053388118743896,1.1053388118743896,0
2024-01-01 20:00:00,1.1053388118743896,1.1053388118743896,1.1038745641708374,1.103996515274048,0
2024-01-02 00:00:00,1.103996515274048,1.1046061515808103,1.1021713018417358,1.1027790307998655,0
2024-01-02 04:00:00,1.1027790307998655,1.1041183471679688,1.1019283533096311,1.1020498275756836,0
2024-01-02 08:00:00,1.102292776107788,1.1041183471679688,1.0969723463058472,1.0972130298614502,0
2024-01-02 12:00:00,1.0972130298614502,1.0974539518356323,1.094570875167847,1.0946906805038452,0
2024-01-02 16:00:00,1.0948106050491333,1.0963709354400637,1.094570875167847,1.0949305295944214,0
2024-01-02 20:00:00,1.0949305295944214,1.0952903032302856,1.0942115783691406,1.0944511890411377,0
2024-01-03 00:00:00,1.0944511890411377,1.0964912176132202,1.0944511890411377,1.0963709354400637,0
2024-01-03 04:00:00,1.0963709354400637,1.096611499786377,1.0955302715301514,1.0963709354400637,0
2024-01-03 08:00:00,1.0962508916854858,1.096731662750244,1.091941475868225,1.0922993421554563,0
2024-01-03 12:00:00,1.0925379991531372,1.0939722061157229,1.090274691581726,1.090869426727295,0
2024-01-03 16:00:00,1.0909883975982666,1.0927767753601074,1.0897995233535769,1.092060685157776,0
2024-01-03 20:00:00,1.0921800136566162,1.093135118484497,1.0918222665786743,1.0928961038589478,0
2024-01-04 00:00:00,1.0928961038589478,1.0933741331100464,1.091941475868225,1.0928961038589478,0
2024-01-04 04:00:00,1.0928961038589478,1.094570875167847,1.092418551445007,1.0940918922424316,0
2024-01-04 08:00:00,1.0940918922424316,1.0973334312438965,1.0938525199890137,1.095170259475708,0
2024-01-04 12:00:00,1.09505033493042,1.096731662750244,1.0938525199890137,1.0957703590393066,0
2024-01-04 16:00:00,1.0958904027938845,1.096611499786377,1.094570875167847,1.09505033493042,0
2024-01-04 20:00:00,1.09505033493042,1.0954102277755735,1.0946906805038452,1.09505033493042,0
2024-01-05 00:00:00,1.0948106050491333,1.0957703590393066,1.0942115783691406,1.0942115783691406,0
2024-01-05 04:00:00,1.0942115783691406,1.0944511890411377,1.0926573276519775,1.0926573276519775,0
2024-01-05 08:00:00,1.0927767753601074,1.093135118484497,1.0906314849853516,1.0917030572891235,0
2024-01-05 12:00:00,1.0918222665786743,1.0997470617294312,1.0883761644363403,1.098056435585022,0
2024-01-05 16:00:00,1.0981770753860474,1.0981770753860474,1.0934937000274658,1.0948106050491333,0
2024-01-05 20:00:00,1.0946906805038452,1.0949305295944214,1.0939722061157229,1.0944511890411377,0
2024-01-08 00:00:00,1.0943313837051392,1.0955302715301514,1.0934937000274658,1.0934937000274658,0
2024-01-08 04:00:00,1.0936132669448853,1.0955302715301514,1.0933741331100464,1.0946906805038452,0
2024-01-08 08:00:00,1.0946906805038452,1.095170259475708,1.0927767753601074,1.0940918922424316,0
2024-01-08 12:00:00,1.0940918922424316,1.0976948738098145,1.0940918922424316,1.0972130298614502,0
2024-01-08 16:00:00,1.0973334312438965,1.0981770753860474,1.0952903032302856,1.0963709354400637,0
2024-01-08 20:00:00,1.0963709354400637,1.0963709354400637,1.095170259475708,1.0952903032302856,0
2024-01-09 00:00:00,1.0955302715301514,1.0968520641326904,1.0952903032302856,1.0964912176132202,0
2024-01-09 04:00:00,1.0964912176132202,1.096611499786377,1.0949305295944214,1.0958904027938845,0
2024-01-09 08:00:00,1.0960105657577517,1.0960105657577517,1.093135118484497,1.0934937000274658,0
2024-01-09 12:00:00,1.0934937000274658,1.0954102277755735,1.0921800136566162,1.0921800136566162,0
2024-01-09 16:00:00,1.092060685157776,1.0942115783691406,1.0913456678390503,1.0927767753601074,0
2024-01-09 20:00:00,1.0928961038589478,1.0936132669448853,1.0927767753601074,1.0934937000274658,0
2024-01-10 00:00:00,1.0936132669448853,1.0939722061157229,1.0930156707763672,1.0932546854019165,0
2024-01-10 04:00:00,1.0932546854019165,1.0946906805038452,1.0926573276519775,1.093135118484497,0
2024-01-10 08:00:00,1.093135118484497,1.0957703590393066,1.0928961038589478,1.0948106050491333,0
2024-01-10 12:00:00,1.0949305295944214,1.0972130298614502,1.0936132669448853,1.0969723463058472,0
2024-01-10 16:00:00,1.0970927476882937,1.0973334312438965,1.0955302715301514,1.0973334312438965,0
2024-01-10 20:00:00,1.0973334312438965,1.0978153944015503,1.0964912176132202,1.0976948738098145,0
2024-01-11 00:00:00,1.0976948738098145,1.098780393600464,1.0975743532180786,1.098418354988098,0
2024-01-11 04:00:00,1.0982975959777832,1.0991426706314087,1.0978153944015503,1.0982975959777832,0
2024-01-11 08:00:00,1.0981770753860474,1.098538875579834,1.0961307287216189,1.0981770753860474,0
2024-01-11 12:00:00,1.0981770753860474,1.0992635488510132,1.0934937000274658,1.0948106050491333,0
2024-01-11 16:00:00,1.0949305295944214,1.098538875579834,1.0942115783691406,1.098538875579834,0
2024-01-11 20:00:00,1.098538875579834,1.098538875579834,1.0960105657577517,1.098418354988098,0
2024-01-12 00:00:00,1.098538875579834,1.0991426706314087,1.0975743532180786,1.098056435585022,0
2024-01-12 04:00:00,1.098056435585022,1.098659634590149,1.0964912176132202,1.0969723463058472,0
2024-01-12 08:00:00,1.0970927476882937,1.098538875579834,1.09505033493042,1.0954102277755735,0
2024-01-12 12:00:00,1.0954102277755735,1.0989010334014893,1.0939722061157229,1.0969723463058472,0
2024-01-12 16:00:00,1.0968520641326904,1.0976948738098145,1.09505033493042,1.0958904027938845,0
2024-01-12 20:00:00,1.0958904027938845,1.0961307287216189,1.095170259475708,1.0955302715301514,0
2024-01-15 00:00:00,1.0948106050491333,1.0972130298614502,1.0944511890411377,1.096731662750244,0
2024-01-15 04:00:00,1.096731662750244,1.0970927476882937,1.0955302715301514,1.0957703590393066,0
2024-01-15 08:00:00,1.0960105657577517,1.0972130298614502,1.0936132669448853,1.0949305295944214,0
2024-01-15 12:00:00,1.0948106050491333,1.0960105657577517,1.0940918922424316,1.0952903032302856,0
2024-01-15 16:00:00,1.0954102277755735,1.095650315284729,1.09505033493042,1.0954102277755735,0
2024-01-15 20:00:00,1.0954102277755735,1.0955302715301514,1.0948106050491333,1.0948106050491333,0
2024-01-16 00:00:00,1.0946906805038452,1.0949305295944214,1.0918222665786743,1.0921800136566162,0
2024-01-16 04:00:00,1.0921800136566162,1.0928961038589478,1.091226577758789,1.092060685157776,0
2024-01-16 08:00:00,1.091941475868225,1.0925379991531372,1.0877841711044312,1.0894432067871094,0
2024-01-16 12:00:00,1.089561939239502,1.0900371074676514,1.087074637413025,1.0888501405715942,0
2024-01-16 16:00:00,1.087902545928955,1.089680790901184,1.0866022109985352,1.0876659154891968,0
2024-01-16 20:00:00,1.0876659154891968,1.088139295578003,1.087311029434204,1.088139295578003,0
2024-01-17 00:00:00,1.088139295578003,1.0887316465377808,1.0868383646011353,1.08695650100708,0
2024-01-17 04:00:00,1.0868383646011353,1.0876659154891968,1.085894227027893,1.087311029434204,0
2024-01-17 08:00:00,1.0874292850494385,1.0886130332946775,1.0863661766052246,1.0882576704025269,0
2024-01-17 12:00:00,1.088139295578003,1.0883761644363403,1.0848339796066284,1.0853049755096436,0
2024-01-17 16:00:00,1.0853049755096436,1.088139295578003,1.0851871967315674,1.0877841711044312,0
2024-01-17 20:00:00,1.0876659154891968,1.0888501405715942,1.0874292850494385,1.0888501405715942,0
2024-01-18 00:00:00,1.0889687538146973,1.0903936624526978,1.0884946584701538,1.0897995233535769,0
2024-01-18 04:00:00,1.0897995233535769,1.0909883975982666,1.0890873670578003,1.089205980300903,0
2024-01-18 08:00:00,1.0889687538146973,1.0901559591293335,1.088020920753479,1.089205980300903,0
2024-01-18 12:00:00,1.0893245935440063,1.089680790901184,1.0851871967315674,1.0854227542877195,0
2024-01-18 16:00:00,1.0855406522750854,1.087311029434204,1.0853049755096436,1.0864840745925903,0
2024-01-18 20:00:00,1.0864840745925903,1.088139295578003,1.0863661766052246,1.088139295578003,0
2024-01-19 00:00:00,1.0882576704025269,1.089205980300903,1.087902545928955,1.089205980300903,0
2024-01-19 04:00:00,1.089205980300903,1.089205980300903,1.087902545928955,1.0883761644363403,0
2024-01-19 08:00:00,1.088020920753479,1.089561939239502,1.087074637413025,1.0890873670578003,0
2024-01-19 12:00:00,1.0890873670578003,1.089205980300903,1.087074637413025,1.0884946584701538,0
2024-01-19 16:00:00,1.0884946584701538,1.0899182558059692,1.0883761644363403,1.089561939239502,0
2024-01-19 20:00:00,1.089561939239502,1.0900371074676514,1.0894432067871094,1.0899182558059692,0
2024-01-22 00:00:00,1.089561939239502,1.091226577758789,1.0894432067871094,1.09051251411438,0
2024-01-22 04:00:00,1.09051251411438,1.091226577758789,1.0900371074676514,1.0901559591293335,0
2024-01-22 08:00:00,1.0901559591293335,1.09051251411438,1.0886130332946775,1.0893245935440063,0
2024-01-22 12:00:00,1.0893245935440063,1.0901559591293335,1.0883761644363403,1.0888501405715942,0
2024-01-22 16:00:00,1.0888501405715942,1.090274691581726,1.0883761644363403,1.0887316465377808,0
2024-01-22 20:00:00,1.0888501405715942,1.0889687538146973,1.088020920753479,1.088139295578003,0
2024-01-23 00:00:00,1.087902545928955,1.0897995233535769,1.087902545928955,1.089561939239502,0
2024-01-23 04:00:00,1.0894432067871094,1.0918222665786743,1.0894432067871094,1.091226577758789,0
2024-01-23 08:00:00,1.091226577758789,1.091226577758789,1.0863661766052246,1.08695650100708,0
2024-01-23 12:00:00,1.0868383646011353,1.0877841711044312,1.0824854373931885,1.0834236145019531,0
2024-01-23 16:00:00,1.0836584568023682,1.0850694179534912,1.0828369855880735,1.0848339796066284,0
2024-01-23 20:00:00,1.0848339796066284,1.0862481594085691,1.0847163200378418,1.0860122442245483,0
2024-01-24 00:00:00,1.0860122442245483,1.0863661766052246,1.0854227542877195,1.086130142211914,0
2024-01-24 04:00:00,1.0862481594085691,1.088139295578003,1.086130142211914,1.0876659154891968,0
2024-01-24 08:00:00,1.088020920753479,1.0909883975982666,1.08672034740448,1.089561939239502,0
2024-01-24 12:00:00,1.089680790901184,1.0933741331100464,1.0890873670578003,1.0903936624526978,0
2024-01-24 16:00:00,1.0903936624526978,1.0911074876785278,1.0884946584701538,1.0890873670578003,0
2024-01-24 20:00:00,1.0890873670578003,1.0893245935440063,1.088139295578003,1.0884946584701538,0
2024-01-25 00:00:00,1.0883761644363403,1.0884946584701538,1.087311029434204,1.088139295578003,0
2024-01-25 04:00:00,1.088139295578003,1.0893245935440063,1.0877841711044312,1.0890873670578003,0
2024-01-25 08:00:00,1.089205980300903,1.0901559591293335,1.0886130332946775,1.0897995233535769,0
2024-01-25 12:00:00,1.0897995233535769,1.0900371074676514,1.0833063125610352,1.0834236145019531,0
2024-01-25 16:00:00,1.0833063125610352,1.0854227542877195,1.082719802856445,1.0838934183120728,0
2024-01-25 20:00:00,1.0838934183120728,1.0851871967315674,1.0836584568023682,1.0849517583847046,0
2024-01-26 00:00:00,1.0848339796066284,1.0851871967315674,1.0840108394622805,1.0848339796066284,0
2024-01-26 04:00:00,1.0848339796066284,1.0848339796066284,1.081548810005188,1.08236825466156,0
2024-01-26 08:00:00,1.0822510719299316,1.087902545928955,1.0821340084075928,1.0876659154891968,0
2024-01-26 12:00:00,1.0877841711044312,1.0884946584701538,1.085894227027893,1.08672034740448,0
2024-01-26 16:00:00,1.08672034740448,1.087311029434204,1.0857763290405271,1.086130142211914,0
2024-01-26 20:00:00,1.0860122442245483,1.0864840745925903,1.0855406522750854,1.0857763290405271,0
2024-01-29 00:00:00,1.0845986604690552,1.0851871967315674,1.0842459201812744,1.0848339796066284,0
2024-01-29 04:00:00,1.0848339796066284,1.0853049755096436,1.0838934183120728,1.0840108394622805,0
2024-01-29 08:00:00,1.0841283798217771,1.084481120109558,1.0817828178405762,1.0824854373931885,0
2024-01-29 12:00:00,1.082602620124817,1.0840108394622805,1.0800302028656006,1.080263614654541,0
2024-01-29 16:00:00,1.080263614654541,1.0822510719299316,1.0800302028656006,1.0821340084075928,0
2024-01-29 20:00:00,1.0824854373931885,1.0842459201812744,1.0824854373931885,1.0836584568023682,0
2024-01-30 00:00:00,1.0837758779525757,1.084481120109558,1.0833063125610352,1.0833063125610352,0
2024-01-30 04:00:00,1.0833063125610352,1.0836584568023682,1.081548810005188,1.082602620124817,0
2024-01-30 08:00:00,1.0830715894699097,1.0850694179534912,1.0818997621536257,1.084481120109558,0
2024-01-30 12:00:00,1.084481120109558,1.085894227027893,1.0831888914108276,1.0840108394622805,0
2024-01-30 16:00:00,1.0840108394622805,1.0849517583847046,1.0835410356521606,1.0848339796066284,0
2024-01-30 20:00:00,1.0849517583847046,1.0851871967315674,1.0841283798217771,1.0845986604690552,0
2024-01-31 00:00:00,1.0845986604690552,1.0850694179534912,1.0818997621536257,1.0821340084075928,0
2024-01-31 04:00:00,1.0821340084075928,1.0824854373931885,1.080964207649231,1.0820168256759644,0
2024-01-31 08:00:00,1.0818997621536257,1.0843634605407717,1.0813149213790894,1.0842459201812744,0
2024-01-31 12:00:00,1.0843634605407717,1.0888501405715942,1.0836584568023682,1.0864840745925903,0
2024-01-31 16:00:00,1.0863661766052246,1.087074637413025,1.0822510719299316,1.0842459201812744,0
2024-01-31 20:00:00,1.0843634605407717,1.0843634605407717,1.0797970294952393,1.0807305574417114,0
2024-02-01 00:00:00,1.0807305574417114,1.0824854373931885,1.0804970264434814,1.0814317464828491,0
2024-02-01 04:00:00,1.081548810005188,1.081548810005188,1.0787487030029297,1.079563856124878,0
2024-02-01 08:00:00,1.079563856124878,1.081548810005188,1.078283429145813,1.08119797706604,0
2024-02-01 12:00:00,1.0813149213790894,1.0834236145019531,1.0810810327529907,1.0829542875289917,0
2024-02-01 16:00:00,1.0833063125610352,1.0877841711044312,1.0833063125610352,1.0875475406646729,0
2024-02-01 20:00:00,1.0874292850494385,1.087902545928955,1.087074637413025,1.0876659154891968,0
2024-02-02 00:00:00,1.0876659154891968,1.0882576704025269,1.087311029434204,1.088020920753479,0
2024-02-02 04:00:00,1.088020920753479,1.0889687538146973,1.0875475406646729,1.0884946584701538,0
2024-02-02 08:00:00,1.0884946584701538,1.0900371074676514,1.0877841711044312,1.0886130332946775,0
2024-02-02 12:00:00,1.0886130332946775,1.0888501405715942,1.0786322355270386,1.0804970264434814,0
2024-02-02 16:00:00,1.0806137323379517,1.0806137323379517,1.078399658203125,1.0794472694396973,0
2024-02-02 20:00:00,1.079563856124878,1.0800302028656006,1.0789813995361328,1.0794472694396973,0
2024-02-05 00:00:00,1.07758629322052,1.078515887260437,1.0771219730377195,1.0781670808792114,0
2024-02-05 04:00:00,1.0781670808792114,1.0787487030029297,1.07758629322052,1.078283429145813,0
2024-02-05 08:00:00,1.078283429145813,1.0788650512695312,1.0750375986099243,1.0757315158843994,0
2024-02-05 12:00:00,1.0758472681045532,1.0759629011154177,1.0726161003112793,1.072846293449402,0
2024-02-05 16:00:00,1.072961449623108,1.0749220848083496,1.072846293449402,1.0745755434036257,0
2024-02-05 20:00:00,1.0745755434036257,1.0746910572052002,1.0739984512329102,1.0744600296020508,0
2024-02-06 00:00:00,1.0744600296020508,1.0751532316207886,1.0744600296020508,1.074806571006775,0
2024-02-06 04:00:00,1.0746910572052002,1.0765421390533447,1.0746910572052002,1.0756157636642456,0
2024-02-06 08:00:00,1.0758472681045532,1.0761945247650146,1.0727311372756958,1.0742292404174805,0
2024-02-06 12:00:00,1.0742292404174805,1.0750375986099243,1.0726161003112793,1.0745755434036257,0
2024-02-06 16:00:00,1.0745755434036257,1.0758472681045532,1.0743446350097656,1.0752688646316528,0
2024-02-06 20:00:00,1.0752688646316528,1.0759629011154177,1.0752688646316528,1.0759629011154177,0
2024-02-07 00:00:00,1.0758472681045532,1.0770059823989868,1.0758472681045532,1.0761945247650146,0
2024-02-07 04:00:00,1.0761945247650146,1.07758629322052,1.0759629011154177,1.077470064163208,0
2024-02-07 08:00:00,1.07758629322052,1.077702283859253,1.0761945247650146,1.077470064163208,0
2024-02-07 12:00:00,1.0773539543151855,1.0786322355270386,1.0759629011154177,1.0759629011154177,0
2024-02-07 16:00:00,1.0759629011154177,1.077818512916565,1.0759629011154177,1.077470064163208,0
2024-02-07 20:00:00,1.07758629322052,1.0780508518218994,1.0772379636764526,1.077818512916565,0
2024-02-08 00:00:00,1.077818512916565,1.0787487030029297,1.077818512916565,1.078515887260437,0
2024-02-08 04:00:00,1.078515887260437,1.079097867012024,1.077934741973877,1.078399658203125,0
2024-02-08 08:00:00,1.078399658203125,1.0788650512695312,1.0764262676239014,1.0765421390533447,0
2024-02-08 12:00:00,1.0764262676239014,1.0770059823989868,1.0744600296020508,1.0765421390533447,0
2024-02-08 16:00:00,1.0765421390533447,1.078399658203125,1.0764262676239014,1.077818512916565,0
2024-02-08 20:00:00,1.077934741973877,1.078283429145813,1.077702283859253,1.0780508518218994,0
2024-02-09 00:00:00,1.0781670808792114,1.0781670808792114,1.0773539543151855,1.077470064163208,0
2024-02-09 04:00:00,1.0773539543151855,1.078515887260437,1.0772379636764526,1.078283429145813,0
2024-02-09 08:00:00,1.078515887260437,1.0787487030029297,1.0765421390533447,1.077470064163208,0
2024-02-09 12:00:00,1.07758629322052,1.0796804428100586,1.076774001121521,1.0788650512695312,0
2024-02-09 16:00:00,1.0787487030029297,1.0793308019638062,1.078283429145813,1.078515887260437,0
2024-02-09 20:00:00,1.078515887260437,1.079214334487915,1.078283429145813,1.0787487030029297,0
2024-02-12 00:00:00,1.0800302028656006,1.080263614654541,1.0794472694396973,1.0794472694396973,0
2024-02-12 04:00:00,1.0794472694396973,1.0807305574417114,1.0793308019638062,1.0807305574417114,0
2024-02-12 08:00:00,1.0803803205490112,1.0803803205490112,1.076658010482788,1.0773539543151855,0
2024-02-12 12:00:00,1.0772379636764526,1.07758629322052,1.0759629011154177,1.0770059823989868,0
2024-02-12 16:00:00,1.0771219730377195,1.0788650512695312,1.0768898725509644,1.0772379636764526,0
2024-02-12 20:00:00,1.0772379636764526,1.077818512916565,1.0772379636764526,1.077470064163208,0
2024-02-13 00:00:00,1.077470064163208,1.077702283859253,1.0764262676239014,1.0765421390533447,0
2024-02-13 04:00:00,1.0764262676239014,1.0780508518218994,1.0764262676239014,1.077470064163208,0
2024-02-13 08:00:00,1.07758629322052,1.078515887260437,1.0761945247650146,1.0781670808792114,0
2024-02-13 12:00:00,1.0781670808792114,1.0796804428100586,1.070549249649048,1.071926236152649,0
2024-02-13 16:00:00,1.072041153907776,1.0723860263824463,1.0703200101852417,1.0703200101852417,0
2024-02-13 20:00:00,1.0704345703125,1.0715816020965576,1.0703200101852417,1.0711225271224976,0
2024-02-14 00:00:00,1.0711225271224976,1.0716965198516846,1.0706638097763062,1.0715816020965576,0
2024-02-14 04:00:00,1.0715816020965576,1.0721560716629028,1.070893168449402,1.0711225271224976,0
2024-02-14 08:00:00,1.0710078477859497,1.0711225271224976,1.0698620080947876,1.0711225271224976,0
2024-02-14 12:00:00,1.0711225271224976,1.0727311372756958,1.0704345703125,1.0725010633468628,0
2024-02-14 16:00:00,1.0723860263824463,1.0736525058746338,1.0723860263824463,1.0731916427612305,0
2024-02-14 20:00:00,1.0730764865875244,1.0735372304916382,1.072846293449402,1.073422074317932,0
2024-02-15 00:00:00,1.0735372304916382,1.073767900466919,1.072846293449402,1.072846293449402,0
2024-02-15 04:00:00,1.072846293449402,1.0742292404174805,1.0727311372756958,1.0735372304916382,0
2024-02-15 08:00:00,1.0735372304916382,1.0742292404174805,1.0731916427612305,1.0738831758499146,0
2024-02-15 12:00:00,1.0738831758499146,1.0786322355270386,1.0738831758499146,1.0765421390533447,0
2024-02-15 16:00:00,1.0765421390533447,1.077470064163208,1.0758472681045532,1.0772379636764526,0
2024-02-15 20:00:00,1.0772379636764526,1.077934741973877,1.0771219730377195,1.07758629322052,0
2024-02-16 00:00:00,1.07758629322052,1.077702283859253,1.076310396194458,1.076310396194458,0
2024-02-16 04:00:00,1.076310396194458,1.0770059823989868,1.0759629011154177,1.0764262676239014,0
2024-02-16 08:00:00,1.0764262676239014,1.078283429145813,1.076310396194458,1.0781670808792114,0
2024-02-16 12:00:00,1.077934741973877,1.0780508518218994,1.0736525058746338,1.0773539543151855,0
2024-02-16 16:00:00,1.077470064163208,1.0789813995361328,1.076658010482788,1.0780508518218994,0
2024-02-16 20:00:00,1.077934741973877,1.0780508518218994,1.07758629322052,1.077934741973877,0
2024-02-19 00:00:00,1.0787487030029297,1.079214334487915,1.077818512916565,1.077818512916565,0
2024-02-19 04:00:00,1.077818512916565,1.079214334487915,1.077818512916565,1.078515887260437,0
2024-02-19 08:00:00,1.078515887260437,1.0789813995361328,1.07758629322052,1.0780508518218994,0
2024-02-19 12:00:00,1.077934741973877,1.0781670808792114,1.0765421390533447,1.0770059823989868,0
2024-02-19 16:00:00,1.0770059823989868,1.0786322355270386,1.0765421390533447,1.0781670808792114,0
2024-02-19 20:00:00,1.0780508518218994,1.078515887260437,1.077702283859253,1.077818512916565,0
2024-02-20 00:00:00,1.077934741973877,1.077934741973877,1.0765421390533447,1.0771219730377195,0
2024-02-20 04:00:00,1.0771219730377195,1.077702283859253,1.0768898725509644,1.0773539543151855,0
2024-02-20 08:00:00,1.07758629322052,1.08119797706604,1.0772379636764526,1.0801469087600708,0
2024-02-20 12:00:00,1.0801469087600708,1.0841283798217771,1.07991361618042,1.082602620124817,0
2024-02-20 16:00:00,1.082602620124817,1.0828369855880735,1.080964207649231,1.080964207649231,0
2024-02-20 20:00:00,1.080964207649231,1.081548810005188,1.0808473825454712,1.0814317464828491,0
2024-02-21 00:00:00,1.0810810327529907,1.0821340084075928,1.0808473825454712,1.0821340084075928,0
2024-02-21 04:00:00,1.0820168256759644,1.0821340084075928,1.080964207649231,1.0814317464828491,0
2024-02-21 08:00:00,1.0813149213790894,1.0816657543182373,1.0794472694396973,1.0801469087600708,0
2024-02-21 12:00:00,1.080263614654541,1.0822510719299316,1.0800302028656006,1.0808473825454712,0
2024-02-21 16:00:00,1.0808473825454712,1.0822510719299316,1.0803803205490112,1.0820168256759644,0
2024-02-21 20:00:00,1.0818997621536257,1.082602620124817,1.081548810005188,1.08236825466156,0
2024-02-22 00:00:00,1.08236825466156,1.0834236145019531,1.0822510719299316,1.0828369855880735,0
2024-02-22 04:00:00,1.0828369855880735,1.0856584310531616,1.0828369855880735,1.0856584310531616,0
2024-02-22 08:00:00,1.0857763290405271,1.0888501405715942,1.0848339796066284,1.0860122442245483,0
2024-02-22 12:00:00,1.086130142211914,1.086130142211914,1.0807305574417114,1.0813149213790894,0
2024-02-22 16:00:00,1.0813149213790894,1.0828369855880735,1.0813149213790894,1.082602620124817,0
2024-02-22 20:00:00,1.082602620124817,1.0829542875289917,1.0822510719299316,1.0828369855880735,0
2024-02-23 00:00:00,1.0828369855880735,1.0834236145019531,1.0820168256759644,1.0828369855880735,0
2024-02-23 04:00:00,1.0828369855880735,1.0834236145019531,1.0824854373931885,1.0831888914108276,0
2024-02-23 08:00:00,1.0833063125610352,1.0835410356521606,1.0816657543182373,1.0829542875289917,0
2024-02-23 12:00:00,1.0829542875289917,1.0841283798217771,1.081548810005188,1.08236825466156,0
2024-02-23 16:00:00,1.08236825466156,1.0831888914108276,1.0818997621536257,1.082602620124817,0
2024-02-23 20:00:00,1.082602620124817,1.082719802856445,1.0821340084075928,1.0822510719299316,0
2024-02-26 00:00:00,1.0822510719299316,1.0822510719299316,1.0816657543182373,1.0821340084075928,0
2024-02-26 04:00:00,1.0821340084075928,1.0838934183120728,1.0821340084075928,1.0834236145019531,0
2024-02-26 08:00:00,1.0834236145019531,1.0856584310531616,1.0830715894699097,1.0854227542877195,0
2024-02-26 12:00:00,1.0855406522750854,1.0862481594085691,1.0842459201812744,1.0854227542877195,0
2024-02-26 16:00:00,1.0853049755096436,1.085894227027893,1.0842459201812744,1.0849517583847046,0
2024-02-26 20:00:00,1.0849517583847046,1.0855406522750854,1.0849517583847046,1.0853049755096436,0
2024-02-27 00:00:00,1.0854227542877195,1.0856584310531616,1.0848339796066284,1.0856584310531616,0
2024-02-27 04:00:00,1.0856584310531616,1.0864840745925903,1.0850694179534912,1.085894227027893,0
2024-02-27 08:00:00,1.085894227027893,1.0868383646011353,1.0845986604690552,1.0860122442245483,0
2024-02-27 12:00:00,1.0860122442245483,1.0866022109985352,1.0836584568023682,1.0851871967315674,0
2024-02-27 16:00:00,1.0849517583847046,1.0860122442245483,1.0843634605407717,1.0847163200378418,0
2024-02-27 20:00:00,1.0847163200378418,1.0851871967315674,1.084481120109558,1.084481120109558,0
2024-02-28 00:00:00,1.084481120109558,1.0848339796066284,1.0835410356521606,1.0837758779525757,0
2024-02-28 04:00:00,1.0837758779525757,1.0838934183120728,1.0820168256759644,1.082602620124817,0
2024-02-28 08:00:00,1.082602620124817,1.082602620124817,1.0801469087600708,1.0820168256759644,0
2024-02-28 12:00:00,1.0820168256759644,1.0840108394622805,1.080964207649231,1.0836584568023682,0
2024-02-28 16:00:00,1.0837758779525757,1.0848339796066284,1.0835410356521606,1.0836584568023682,0
2024-02-28 20:00:00,1.0836584568023682,1.0843634605407717,1.0836584568023682,1.0841283798217771,0
2024-02-29 00:00:00,1.0841283798217771,1.0842459201812744,1.0831888914108276,1.0840108394622805,0
2024-02-29 04:00:00,1.0838934183120728,1.0841283798217771,1.0829542875289917,1.0830715894699097,0
2024-02-29 08:00:00,1.0835410356521606,1.0856584310531616,1.0833063125610352,1.0837758779525757,0
2024-02-29 12:00:00,1.0836584568023682,1.0857763290405271,1.0822510719299316,1.0824854373931885,0
2024-02-29 16:00:00,1.08236825466156,1.0824854373931885,1.07991361618042,1.0804970264434814,0
2024-02-29 20:00:00,1.0807305574417114,1.08119797706604,1.0804970264434814,1.0808473825454712,0
2024-03-01 00:00:00,1.080964207649231,1.0824854373931885,1.0808473825454712,1.0820168256759644,0
2024-03-01 04:00:00,1.0820168256759644,1.0820168256759644,1.08119797706604,1.0816657543182373,0
2024-03-01 08:00:00,1.0814317464828491,1.0822510719299316,1.080263614654541,1.0821340084075928,0
2024-03-01 12:00:00,1.0820168256759644,1.084481120109558,1.080263614654541,1.0838934183120728,0
2024-03-01 16:00:00,1.0837758779525757,1.0845986604690552,1.082602620124817,1.084481120109558,0
2024-03-01 20:00:00,1.0843634605407717,1.0843634605407717,1.0836584568023682,1.0838934183120728,0
2024-03-04 00:00:00,1.084481120109558,1.0850694179534912,1.0841283798217771,1.0847163200378418,0
2024-03-04 04:00:00,1.0847163200378418,1.0856584310531616,1.0845986604690552,1.0856584310531616,0
2024-03-04 08:00:00,1.0857763290405271,1.0860122442245483,1.0841283798217771,1.0860122442245483,0
2024-03-04 12:00:00,1.0860122442245483,1.0866022109985352,1.0843634605407717,1.0866022109985352,0
2024-03-04 16:00:00,1.0866022109985352,1.08695650100708,1.085894227027893,1.085894227027893,0
2024-03-04 20:00:00,1.0860122442245483,1.0862481594085691,1.0856584310531616,1.0857763290405271,0
2024-03-05 00:00:00,1.0856584310531616,1.085894227027893,1.0850694179534912,1.0857763290405271,0
2024-03-05 04:00:00,1.0856584310531616,1.0856584310531616,1.084481120109558,1.0848339796066284,0
2024-03-05 08:00:00,1.0851871967315674,1.085894227027893,1.0847163200378418,1.0851871967315674,0
2024-03-05 12:00:00,1.0851871967315674,1.087902545928955,1.0845986604690552,1.0874292850494385,0
2024-03-05 16:00:00,1.0874292850494385,1.0874292850494385,1.0854227542877195,1.0855406522750854,0
2024-03-05 20:00:00,1.0856584310531616,1.086130142211914,1.0851871967315674,1.085894227027893,0
2024-03-06 00:00:00,1.085894227027893,1.085894227027893,1.0845986604690552,1.0854227542877195,0
2024-03-06 04:00:00,1.0853049755096436,1.0868383646011353,1.0853049755096436,1.0864840745925903,0
2024-03-06 08:00:00,1.0863661766052246,1.0882576704025269,1.0862481594085691,1.087902545928955,0
2024-03-06 12:00:00,1.088020920753479,1.0911074876785278,1.087074637413025,1.0911074876785278,0
2024-03-06 16:00:00,1.0907504558563232,1.0918222665786743,1.089680790901184,1.0900371074676514,0
2024-03-06 20:00:00,1.0899182558059692,1.09051251411438,1.089561939239502,1.090274691581726,0
2024-03-07 00:00:00,1.090274691581726,1.0909883975982666,1.089680790901184,1.0903936624526978,0
2024-03-07 04:00:00,1.0903936624526978,1.090869426727295,1.0894432067871094,1.089680790901184,0
2024-03-07 08:00:00,1.089680790901184,1.09051251411438,1.0890873670578003,1.089680790901184,0
2024-03-07 12:00:00,1.0897995233535769,1.0932546854019165,1.087074637413025,1.0932546854019165,0
2024-03-07 16:00:00,1.0932546854019165,1.095170259475708,1.0927767753601074,1.0949305295944214,0
2024-03-07 20:00:00,1.09505033493042,1.0952903032302856,1.094570875167847,1.0952903032302856,0
2024-03-08 00:00:00,1.0954102277755735,1.0958904027938845,1.0948106050491333,1.09505033493042,0
2024-03-08 04:00:00,1.095170259475708,1.0954102277755735,1.0936132669448853,1.093732833862305,0
2024-03-08 08:00:00,1.0936132669448853,1.0942115783691406,1.0930156707763672,1.0936132669448853,0
2024-03-08 12:00:00,1.0938525199890137,1.097935914993286,1.0928961038589478,1.0964912176132202,0
2024-03-08 16:00:00,1.0963709354400637,1.0963709354400637,1.0936132669448853,1.0944511890411377,0
2024-03-08 20:00:00,1.094570875167847,1.094570875167847,1.093732833862305,1.0942115783691406,0
2024-03-11 00:00:00,1.094570875167847,1.0949305295944214,1.0940918922424316,1.0944511890411377,0
2024-03-11 04:00:00,1.0944511890411377,1.09505033493042,1.0939722061157229,1.0946906805038452,0
2024-03-11 08:00:00,1.094570875167847,1.09505033493042,1.0936132669448853,1.094570875167847,0
2024-03-11 12:00:00,1.094570875167847,1.094570875167847,1.0918222665786743,1.093135118484497,0
2024-03-11 16:00:00,1.0930156707763672,1.0932546854019165,1.0921800136566162,1.0928961038589478,0
2024-03-11 20:00:00,1.0928961038589478,1.0933741331100464,1.0926573276519775,1.0933741331100464,0
2024-03-12 00:00:00,1.0933741331100464,1.0940918922424316,1.0930156707763672,1.0939722061157229,0
2024-03-12 04:00:00,1.0938525199890137,1.0942115783691406,1.0934937000274658,1.0934937000274658,0
2024-03-12 08:00:00,1.0934937000274658,1.0938525199890137,1.0925379991531372,1.093732833862305,0
2024-03-12 12:00:00,1.093732833862305,1.0944511890411377,1.0906314849853516,1.092060685157776,0
2024-03-12 16:00:00,1.0921800136566162,1.0928961038589478,1.0915838479995728,1.0928961038589478,0
2024-03-12 20:00:00,1.0928961038589478,1.0932546854019165,1.0927767753601074,1.0930156707763672,0
2024-03-13 00:00:00,1.0930156707763672,1.0933741331100464,1.0926573276519775,1.093135118484497,0
2024-03-13 04:00:00,1.093135118484497,1.0934937000274658,1.092418551445007,1.0930156707763672,0
2024-03-13 08:00:00,1.0930156707763672,1.0946906805038452,1.0922993421554563,1.094570875167847,0
2024-03-13 12:00:00,1.0944511890411377,1.09505033493042,1.0934937000274658,1.094570875167847,0
2024-03-13 16:00:00,1.0946906805038452,1.096611499786377,1.0943313837051392,1.09505033493042,0
2024-03-13 20:00:00,1.09505033493042,1.095650315284729,1.0949305295944214,1.095650315284729,0
2024-03-14 00:00:00,1.095650315284729,1.0957703590393066,1.0944511890411377,1.094570875167847,0
2024-03-14 04:00:00,1.094570875167847,1.094570875167847,1.0936132669448853,1.0938525199890137,0
2024-03-14 08:00:00,1.0939722061157229,1.0948106050491333,1.0938525199890137,1.0943313837051392,0
2024-03-14 12:00:00,1.0944511890411377,1.0946906805038452,1.0886130332946775,1.0890873670578003,0
2024-03-14 16:00:00,1.0890873670578003,1.089561939239502,1.0883761644363403,1.0893245935440063,0
2024-03-14 20:00:00,1.0893245935440063,1.0894432067871094,1.0884946584701538,1.0886130332946775,0
2024-03-15 00:00:00,1.0887316465377808,1.0887316465377808,1.0875475406646729,1.088020920753479,0
2024-03-15 04:00:00,1.088020920753479,1.0887316465377808,1.0876659154891968,1.0882576704025269,0
2024-03-15 08:00:00,1.0883761644363403,1.090274691581726,1.088139295578003,1.089680790901184,0
2024-03-15 12:00:00,1.089680790901184,1.0897995233535769,1.0884946584701538,1.0890873670578003,0
2024-03-15 16:00:00,1.0889687538146973,1.0894432067871094,1.0887316465377808,1.089205980300903,0
2024-03-15 20:00:00,1.089205980300903,1.089561939239502,1.0889687538146973,1.089561939239502,0
2024-03-18 00:00:00,1.0886130332946775,1.0894432067871094,1.0883761644363403,1.0888501405715942,0
2024-03-18 04:00:00,1.0888501405715942,1.0899182558059692,1.0888501405715942,1.0894432067871094,0
2024-03-18 08:00:00,1.0894432067871094,1.090869426727295,1.0894432067871094,1.0906314849853516,0
2024-03-18 12:00:00,1.09051251411438,1.0907504558563232,1.0883761644363403,1.0888501405715942,0
2024-03-18 16:00:00,1.0887316465377808,1.0887316465377808,1.08695650100708,1.0871928930282593,0
2024-03-18 20:00:00,1.0871928930282593,1.0876659154891968,1.0871928930282593,1.0876659154891968,0
2024-03-19 00:00:00,1.0876659154891968,1.087902545928955,1.08695650100708,1.0877841711044312,0
2024-03-19 04:00:00,1.0876659154891968,1.088020920753479,1.0855406522750854,1.0856584310531616,0
2024-03-19 08:00:00,1.085894227027893,1.085894227027893,1.0837758779525757,1.0853049755096436,0
2024-03-19 12:00:00,1.0854227542877195,1.0868383646011353,1.0848339796066284,1.0862481594085691,0
2024-03-19 16:00:00,1.086130142211914,1.0868383646011353,1.0857763290405271,1.0868383646011353,0
2024-03-19 20:00:00,1.08672034740448,1.087074637413025,1.0864840745925903,1.0866022109985352,0
2024-03-20 00:00:00,1.0864840745925903,1.087311029434204,1.086130142211914,1.087311029434204,0
2024-03-20 04:00:00,1.087311029434204,1.0875475406646729,1.0868383646011353,1.08695650100708,0
2024-03-20 08:00:00,1.0868383646011353,1.0868383646011353,1.0840108394622805,1.0845986604690552,0
2024-03-20 12:00:00,1.0847163200378418,1.085894227027893,1.0841283798217771,1.0856584310531616,0
2024-03-20 16:00:00,1.0856584310531616,1.0925379991531372,1.0856584310531616,1.092418551445007,0
2024-03-20 20:00:00,1.0921800136566162,1.0939722061157229,1.0921800136566162,1.0939722061157229,0
2024-03-21 00:00:00,1.093732833862305,1.0942115783691406,1.0933741331100464,1.093732833862305,0
2024-03-21 04:00:00,1.0938525199890137,1.094570875167847,1.0928961038589478,1.093135118484497,0
2024-03-21 08:00:00,1.0928961038589478,1.093135118484497,1.089205980300903,1.091226577758789,0
2024-03-21 12:00:00,1.0911074876785278,1.091941475868225,1.085894227027893,1.0863661766052246,0
2024-03-21 16:00:00,1.0864840745925903,1.08695650100708,1.085894227027893,1.085894227027893,0
2024-03-21 20:00:00,1.0860122442245483,1.0866022109985352,1.085894227027893,1.0864840745925903,0
2024-03-22 00:00:00,1.0866022109985352,1.087074637413025,1.0840108394622805,1.0841283798217771,0
2024-03-22 04:00:00,1.0841283798217771,1.084481120109558,1.0824854373931885,1.082719802856445,0
2024-03-22 08:00:00,1.0830715894699097,1.0830715894699097,1.08119797706604,1.0817828178405762,0
2024-03-22 12:00:00,1.0820168256759644,1.0833063125610352,1.0814317464828491,1.0818997621536257,0
2024-03-22 16:00:00,1.0818997621536257,1.0818997621536257,1.0804970264434814,1.0808473825454712,0
2024-03-22 20:00:00,1.0808473825454712,1.0814317464828491,1.0808473825454712,1.0814317464828491,0
2024-03-25 00:00:00,1.0810810327529907,1.0824854373931885,1.0804970264434814,1.0816657543182373,0
2024-03-25 04:00:00,1.0816657543182373,1.082602620124817,1.0814317464828491,1.0818997621536257,0
2024-03-25 08:00:00,1.081548810005188,1.0833063125610352,1.080964207649231,1.0830715894699097,0
2024-03-25 12:00:00,1.0831888914108276,1.084481120109558,1.0831888914108276,1.0840108394622805,0
2024-03-25 16:00:00,1.0840108394622805,1.0842459201812744,1.0836584568023682,1.0842459201812744,0
2024-03-25 20:00:00,1.0842459201812744,1.0843634605407717,1.0838934183120728,1.0840108394622805,0
2024-03-26 00:00:00,1.0840108394622805,1.0847163200378418,1.0838934183120728,1.0840108394622805,0
2024-03-26 04:00:00,1.0840108394622805,1.0855406522750854,1.0840108394622805,1.0843634605407717,0
2024-03-26 08:00:00,1.084481120109558,1.08672034740448,1.0842459201812744,1.0860122442245483,0
2024-03-26 12:00:00,1.0860122442245483,1.086130142211914,1.0828369855880735,1.0828369855880735,0
2024-03-26 16:00:00,1.0830715894699097,1.0838934183120728,1.082719802856445,1.0831888914108276,0
2024-03-26 20:00:00,1.0831888914108276,1.0836584568023682,1.0831888914108276,1.0835410356521606,0
2024-03-27 00:00:00,1.0835410356521606,1.0835410356521606,1.08236825466156,1.0829542875289917,0
2024-03-27 04:00:00,1.0829542875289917,1.0835410356521606,1.082602620124817,1.082719802856445,0
2024-03-27 08:00:00,1.0830715894699097,1.0841283798217771,1.0822510719299316,1.0822510719299316,0
2024-03-27 12:00:00,1.08236825466156,1.0824854373931885,1.0814317464828491,1.08236825466156,0
2024-03-27 16:00:00,1.08236825466156,1.0830715894699097,1.0820168256759644,1.0830715894699097,0
2024-03-27 20:00:00,1.0829542875289917,1.0833063125610352,1.0813149213790894,1.081548810005188,0
2024-03-28 00:00:00,1.0816657543182373,1.0828369855880735,1.0810810327529907,1.0824854373931885,0
2024-03-28 04:00:00,1.0824854373931885,1.0829542875289917,1.0803803205490112,1.0804970264434814,0
2024-03-28 08:00:00,1.0804970264434814,1.0804970264434814,1.077818512916565,1.0786322355270386,0
2024-03-28 12:00:00,1.0787487030029297,1.0821340084075928,1.0787487030029297,1.0803803205490112,0
2024-03-28 16:00:00,1.080263614654541,1.0808473825454712,1.0787487030029297,1.079097867012024,0
2024-03-28 20:00:00,1.079097867012024,1.0797970294952393,1.0788650512695312,1.0794472694396973,0
2024-03-29 00:00:00,1.0794472694396973,1.0794472694396973,1.077702283859253,1.077702283859253,0
2024-03-29 04:00:00,1.077818512916565,1.078399658203125,1.0771219730377195,1.0771219730377195,0
2024-03-29 08:00:00,1.0771219730377195,1.0794472694396973,1.0771219730377195,1.079097867012024,0
2024-03-29 12:00:00,1.079097867012024,1.0804970264434814,1.0787487030029297,1.0793308019638062,0
2024-03-29 16:00:00,1.079563856124878,1.079563856124878,1.0789813995361328,1.0793308019638062,0
2024-03-29 20:00:00,1.0793308019638062,1.0800302028656006,1.079097867012024,1.0796804428100586,0
2024-04-01 00:00:00,1.0789813995361328,1.080263614654541,1.0788650512695312,1.079097867012024,0
2024-04-01 04:00:00,1.079097867012024,1.0794472694396973,1.0786322355270386,1.0789813995361328,0
2024-04-01 08:00:00,1.0789813995361328,1.0794472694396973,1.078283429145813,1.078399658203125,0
2024-04-01 12:00:00,1.078515887260437,1.079097867012024,1.0742292404174805,1.0746910572052002,0
2024-04-01 16:00:00,1.074806571006775,1.074806571006775,1.073422074317932,1.074113845825195,0
2024-04-01 20:00:00,1.0739984512329102,1.074806571006775,1.0739984512329102,1.0743446350097656,0
2024-04-02 00:00:00,1.0742292404174805,1.0742292404174805,1.073306918144226,1.0738831758499146,0
2024-04-02 04:00:00,1.073767900466919,1.0738831758499146,1.072846293449402,1.0730764865875244,0
2024-04-02 08:00:00,1.0730764865875244,1.074806571006775,1.072961449623108,1.074806571006775,0
2024-04-02 12:00:00,1.074806571006775,1.0781670808792114,1.0746910572052002,1.0768898725509644,0
2024-04-02 16:00:00,1.0768898725509644,1.0773539543151855,1.0765421390533447,1.076658010482788,0
2024-04-02 20:00:00,1.076658010482788,1.0780508518218994,1.076310396194458,1.0771219730377195,0
2024-04-03 00:00:00,1.0771219730377195,1.077818512916565,1.0768898725509644,1.077818512916565,0
2024-04-03 04:00:00,1.077702283859253,1.0781670808792114,1.0770059823989868,1.0773539543151855,0
2024-04-03 08:00:00,1.0773539543151855,1.0780508518218994,1.076658010482788,1.077934741973877,0
2024-04-03 12:00:00,1.077934741973877,1.082719802856445,1.07758629322052,1.082602620124817,0
2024-04-03 16:00:00,1.082602620124817,1.0840108394622805,1.08236825466156,1.0837758779525757,0
2024-04-03 20:00:00,1.0836584568023682,1.0841283798217771,1.0831888914108276,1.0840108394622805,0
2024-04-04 00:00:00,1.0840108394622805,1.0847163200378418,1.0837758779525757,1.0845986604690552,0
2024-04-04 04:00:00,1.0845986604690552,1.0849517583847046,1.0842459201812744,1.0843634605407717,0
2024-04-04 08:00:00,1.0842459201812744,1.0868383646011353,1.0842459201812744,1.0863661766052246,0
2024-04-04 12:00:00,1.0862481594085691,1.087902545928955,1.0854227542877195,1.087074637413025,0
2024-04-04 16:00:00,1.087074637413025,1.087074637413025,1.0850694179534912,1.0853049755096436,0
2024-04-04 20:00:00,1.0853049755096436,1.0853049755096436,1.0835410356521606,1.0838934183120728,0
2024-04-05 00:00:00,1.0840108394622805,1.0845986604690552,1.082719802856445,1.0828369855880735,0
2024-04-05 04:00:00,1.0828369855880735,1.0835410356521606,1.082602620124817,1.0831888914108276,0
2024-04-05 08:00:00,1.0835410356521606,1.0848339796066284,1.0834236145019531,1.0837758779525757,0
2024-04-05 12:00:00,1.0837758779525757,1.0849517583847046,1.079563856124878,1.0822510719299316,0
2024-04-05 16:00:00,1.0820168256759644,1.0847163200378418,1.0820168256759644,1.0837758779525757,0
2024-04-05 20:00:00,1.0837758779525757,1.0841283798217771,1.0835410356521606,1.0841283798217771,0
2024-04-08 00:00:00,1.0830715894699097,1.0845986604690552,1.082602620124817,1.0843634605407717,0
2024-04-08 04:00:00,1.0843634605407717,1.084481120109558,1.0833063125610352,1.0837758779525757,0
2024-04-08 08:00:00,1.0835410356521606,1.0840108394622805,1.08236825466156,1.0835410356521606,0
2024-04-08 12:00:00,1.0835410356521606,1.085894227027893,1.0824854373931885,1.0855406522750854,0
2024-04-08 16:00:00,1.0856584310531616,1.0864840745925903,1.0849517583847046,1.0860122442245483,0
2024-04-08 20:00:00,1.0860122442245483,1.0863661766052246,1.0857763290405271,1.0862481594085691,0
2024-04-09 00:00:00,1.0863661766052246,1.0866022109985352,1.085894227027893,1.0860122442245483,0
2024-04-09 04:00:00,1.0860122442245483,1.0866022109985352,1.0854227542877195,1.0855406522750854,0
2024-04-09 08:00:00,1.0855406522750854,1.087311029434204,1.0853049755096436,1.087311029434204,0
2024-04-09 12:00:00,1.0871928930282593,1.0887316465377808,1.0857763290405271,1.0860122442245483,0
2024-04-09 16:00:00,1.0860122442245483,1.0862481594085691,1.0853049755096436,1.0856584310531616,0
2024-04-09 20:00:00,1.0855406522750854,1.0864840745925903,1.0850694179534912,1.086130142211914,0
2024-04-10 00:00:00,1.086130142211914,1.0862481594085691,1.0854227542877195,1.0856584310531616,0
2024-04-10 04:00:00,1.0856584310531616,1.085894227027893,1.0851871967315674,1.0856584310531616,0
2024-04-10 08:00:00,1.0856584310531616,1.0868383646011353,1.0854227542877195,1.0868383646011353,0
2024-04-10 12:00:00,1.0866022109985352,1.0868383646011353,1.0750375986099243,1.0756157636642456,0
2024-04-10 16:00:00,1.0757315158843994,1.0757315158843994,1.0731916427612305,1.0738831758499146,0
2024-04-10 20:00:00,1.0738831758499146,1.0750375986099243,1.0738831758499146,1.0746910572052002,0
2024-04-11 00:00:00,1.0746910572052002,1.0749220848083496,1.074113845825195,1.074806571006775,0
2024-04-11 04:00:00,1.0749220848083496,1.0751532316207886,1.0730764865875244,1.0730764865875244,0
2024-04-11 08:00:00,1.0731916427612305,1.0752688646316528,1.072846293449402,1.073306918144226,0
2024-04-11 12:00:00,1.073306918144226,1.0757315158843994,1.0703200101852417,1.070893168449402,0
2024-04-11 16:00:00,1.070778489112854,1.0736525058746338,1.0706638097763062,1.072961449623108,0
2024-04-11 20:00:00,1.072961449623108,1.073422074317932,1.072846293449402,1.0731916427612305,0
2024-04-12 00:00:00,1.0730764865875244,1.0731916427612305,1.0726161003112793,1.0730764865875244,0
2024-04-12 04:00:00,1.072961449623108,1.072961449623108,1.0684902667999268,1.0684902667999268,0
2024-04-12 08:00:00,1.0687185525894165,1.0689470767974854,1.064736008644104,1.0649627447128296,0
2024-04-12 12:00:00,1.0649627447128296,1.0660980939865112,1.062699317932129,1.0633772611618042,0
2024-04-12 16:00:00,1.06326425075531,1.065303087234497,1.06326425075531,1.0642826557159424,0
2024-04-12 20:00:00,1.0641694068908691,1.064736008644104,1.064056158065796,1.0646226406097412,0
2024-04-15 00:00:00,1.065303087234497,1.065757155418396,1.0642826557159424,1.0654165744781494,0
2024-04-15 04:00:00,1.0654165744781494,1.0666667222976685,1.0649627447128296,1.065757155418396,0
2024-04-15 08:00:00,1.065757155418396,1.0665528774261477,1.0654165744781494,1.0660980939865112,0
2024-04-15 12:00:00,1.0660980939865112,1.0667804479599,1.0625863075256348,1.062925100326538,0
2024-04-15 16:00:00,1.062925100326538,1.0649627447128296,1.0625863075256348,1.0628122091293335,0
2024-04-15 20:00:00,1.0628122091293335,1.0630381107330322,1.0623606443405151,1.0630381107330322,0
2024-04-16 00:00:00,1.062925100326538,1.063151240348816,1.060895323753357,1.0613458156585691,0
2024-04-16 04:00:00,1.0613458156585691,1.0623606443405151,1.060557842254639,1.0612331628799438,0
2024-04-16 08:00:00,1.0614584684371948,1.0637166500091553,1.0614584684371948,1.062925100326538,0
2024-04-16 12:00:00,1.062925100326538,1.0656436681747437,1.0628122091293335,1.063490390777588,0
2024-04-16 16:00:00,1.063490390777588,1.0641694068908691,1.0604453086853027,1.063490390777588,0
2024-04-16 20:00:00,1.0633772611618042,1.0633772611618042,1.0615711212158203,1.062134861946106,0
2024-04-17 00:00:00,1.0622477531433103,1.063829779624939,1.062022089958191,1.0637166500091553,0
2024-04-17 04:00:00,1.0637166500091553,1.0639430284500122,1.0610079765319824,1.0639430284500122,0
2024-04-17 08:00:00,1.0637166500091553,1.0650761127471924,1.062699317932129,1.0641694068908691,0
2024-04-17 12:00:00,1.0641694068908691,1.0654165744781494,1.06326425075531,1.063829779624939,0
2024-04-17 16:00:00,1.0639430284500122,1.0681477785110474,1.0639430284500122,1.0673497915267944,0
2024-04-17 20:00:00,1.067235827445984,1.0678056478500366,1.0667804479599,1.0675777196884155,0
2024-04-18 00:00:00,1.0675777196884155,1.0681477785110474,1.0667804479599,1.0681477785110474,0
2024-04-18 04:00:00,1.0680338144302368,1.069290041923523,1.0678056478500366,1.0689470767974854,0
2024-04-18 08:00:00,1.0687185525894165,1.0690613985061646,1.0673497915267944,1.0678056478500366,0
2024-04-18 12:00:00,1.0679197311401367,1.068261981010437,1.0650761127471924,1.0656436681747437,0
2024-04-18 16:00:00,1.065757155418396,1.0667804479599,1.0646226406097412,1.0648492574691772,0
2024-04-18 20:00:00,1.0648492574691772,1.065303087234497,1.0643960237503052,1.0643960237503052,0
2024-04-19 00:00:00,1.0643960237503052,1.064736008644104,1.0614584684371948,1.0622477531433103,0
2024-04-19 04:00:00,1.062022089958191,1.0650761127471924,1.062022089958191,1.064736008644104,0
2024-04-19 08:00:00,1.0648492574691772,1.066439151763916,1.0646226406097412,1.0649627447128296,0
2024-04-19 12:00:00,1.0649627447128296,1.0680338144302368,1.064736008644104,1.0673497915267944,0
2024-04-19 16:00:00,1.067235827445984,1.0673497915267944,1.0643960237503052,1.0654165744781494,0
2024-04-19 20:00:00,1.065303087234497,1.0660980939865112,1.065303087234497,1.0660980939865112,0
2024-04-22 00:00:00,1.0662117004394531,1.0673497915267944,1.0655300617218018,1.0667804479599,0
2024-04-22 04:00:00,1.0666667222976685,1.067235827445984,1.0663254261016846,1.0666667222976685,0
2024-04-22 08:00:00,1.0667804479599,1.067008137702942,1.0650761127471924,1.065303087234497,0
2024-04-22 12:00:00,1.065303087234497,1.065303087234497,1.062699317932129,1.064736008644104,0
2024-04-22 16:00:00,1.064736008644104,1.0663254261016846,1.0643960237503052,1.0662117004394531,0
2024-04-22 20:00:00,1.0660980939865112,1.0660980939865112,1.065303087234497,1.065757155418396,0
2024-04-23 00:00:00,1.065757155418396,1.0663254261016846,1.0655300617218018,1.0660980939865112,0
2024-04-23 04:00:00,1.0662117004394531,1.0662117004394531,1.0641694068908691,1.0648492574691772,0
2024-04-23 08:00:00,1.0648492574691772,1.0695186853408811,1.064736008644104,1.065870761871338,0
2024-04-23 12:00:00,1.065870761871338,1.0711225271224976,1.065870761871338,1.0700910091400146,0
2024-04-23 16:00:00,1.0700910091400146,1.0710078477859497,1.069404363632202,1.0706638097763062,0
2024-04-23 20:00:00,1.0706638097763062,1.0710078477859497,1.0703200101852417,1.070549249649048,0
2024-04-24 00:00:00,1.0706638097763062,1.0715816020965576,1.0703200101852417,1.0713521242141724,0
2024-04-24 04:00:00,1.0713521242141724,1.0713521242141724,1.06963312625885,1.06963312625885,0
2024-04-24 08:00:00,1.0697474479675293,1.0698620080947876,1.0684902667999268,1.0691757202148438,0
2024-04-24 12:00:00,1.0689470767974854,1.0704345703125,1.0681477785110474,1.0690613985061646,0
2024-04-24 16:00:00,1.0691757202148438,1.0699764490127563,1.068376064300537,1.06963312625885,0
2024-04-24 20:00:00,1.0695186853408811,1.070893168449402,1.0695186853408811,1.0699764490127563,0
2024-04-25 00:00:00,1.0699764490127563,1.071237325668335,1.0699764490127563,1.0710078477859497,0
2024-04-25 04:00:00,1.0710078477859497,1.0730764865875244,1.0706638097763062,1.0725010633468628,0
2024-04-25 08:00:00,1.0723860263824463,1.0731916427612305,1.0714668035507202,1.0727311372756958,0
2024-04-25 12:00:00,1.0726161003112793,1.074113845825195,1.068261981010437,1.0714668035507202,0
2024-04-25 16:00:00,1.0714668035507202,1.074113845825195,1.071237325668335,1.0730764865875244,0
2024-04-25 20:00:00,1.0730764865875244,1.073767900466919,1.0726161003112793,1.0731916427612305,0
2024-04-26 00:00:00,1.0731916427612305,1.073306918144226,1.0722709894180298,1.0726161003112793,0
2024-04-26 04:00:00,1.0726161003112793,1.0739984512329102,1.0721560716629028,1.073767900466919,0
2024-04-26 08:00:00,1.073767900466919,1.075384497642517,1.072961449623108,1.0731916427612305,0
2024-04-26 12:00:00,1.0731916427612305,1.0736525058746338,1.0680338144302368,1.0680338144302368,0
2024-04-26 16:00:00,1.0684902667999268,1.070893168449402,1.0678056478500366,1.070893168449402,0
2024-04-26 20:00:00,1.070893168449402,1.070893168449402,1.069404363632202,1.0698620080947876,0
2024-04-29 00:00:00,1.0704345703125,1.0722709894180298,1.0703200101852417,1.072041153907776,0
2024-04-29 04:00:00,1.072041153907776,1.0736525058746338,1.071811318397522,1.071926236152649,0
2024-04-29 08:00:00,1.0714668035507202,1.0727311372756958,1.0700910091400146,1.072041153907776,0
2024-04-29 12:00:00,1.0721560716629028,1.072961449623108,1.069290041923523,1.0716965198516846,0
2024-04-29 16:00:00,1.0716965198516846,1.073306918144226,1.0714668035507202,1.0727311372756958,0
2024-04-29 20:00:00,1.0726161003112793,1.0730764865875244,1.071811318397522,1.072041153907776,0
2024-04-30 00:00:00,1.0721560716629028,1.0721560716629028,1.070549249649048,1.0710078477859497,0
2024-04-30 04:00:00,1.0710078477859497,1.0711225271224976,1.069404363632202,1.070778489112854,0
2024-04-30 08:00:00,1.0710078477859497,1.073767900466919,1.0697474479675293,1.0730764865875244,0
2024-04-30 12:00:00,1.072961449623108,1.072961449623108,1.0691757202148438,1.069404363632202,0
2024-04-30 16:00:00,1.0695186853408811,1.0700910091400146,1.0678056478500366,1.0680338144302368,0
2024-04-30 20:00:00,1.0680338144302368,1.068376064300537,1.0667804479599,1.067121982574463,0
2024-05-01 00:00:00,1.067008137702942,1.067008137702942,1.0659844875335691,1.0660980939865112,0
2024-05-01 04:00:00,1.0662117004394531,1.0662117004394531,1.065303087234497,1.0654165744781494,0
2024-05-01 08:00:00,1.0655300617218018,1.0675777196884155,1.0655300617218018,1.067235827445984,0
2024-05-01 12:00:00,1.067121982574463,1.0690613985061646,1.067008137702942,1.0686043500900269,0
2024-05-01 16:00:00,1.0687185525894165,1.073422074317932,1.0673497915267944,1.0731916427612305,0
2024-05-01 20:00:00,1.0730764865875244,1.0730764865875244,1.0690613985061646,1.072041153907776,0
2024-05-02 00:00:00,1.071926236152649,1.0725010633468628,1.0711225271224976,1.0721560716629028,0
2024-05-02 04:00:00,1.0721560716629028,1.072961449623108,1.0715816020965576,1.072041153907776,0
2024-05-02 08:00:00,1.071926236152649,1.0730764865875244,1.0698620080947876,1.0706638097763062,0
2024-05-02 12:00:00,1.070778489112854,1.0714668035507202,1.0678056478500366,1.069290041923523,0
2024-05-02 16:00:00,1.0691757202148438,1.073306918144226,1.0689470767974854,1.073306918144226,0
2024-05-02 20:00:00,1.0731916427612305,1.0739984512329102,1.0726161003112793,1.073306918144226,0
2024-05-03 00:00:00,1.0731916427612305,1.0742292404174805,1.0727311372756958,1.0736525058746338,0
2024-05-03 04:00:00,1.0736525058746338,1.074113845825195,1.073306918144226,1.073422074317932,0
2024-05-03 08:00:00,1.0731916427612305,1.0751532316207886,1.072846293449402,1.0745755434036257,0
2024-05-03 12:00:00,1.0746910572052002,1.0813149213790894,1.0746910572052002,1.0770059823989868,0
2024-05-03 16:00:00,1.0768898725509644,1.078283429145813,1.0761945247650146,1.0771219730377195,0
2024-05-03 20:00:00,1.0771219730377195,1.0772379636764526,1.0764262676239014,1.076658010482788,0
2024-05-06 00:00:00,1.0765421390533447,1.077470064163208,1.0758472681045532,1.0768898725509644,0
2024-05-06 04:00:00,1.0768898725509644,1.0770059823989868,1.076310396194458,1.076658010482788,0
2024-05-06 08:00:00,1.076658010482788,1.077818512916565,1.0760787725448608,1.07758629322052,0
2024-05-06 12:00:00,1.077470064163208,1.0793308019638062,1.0772379636764526,1.078283429145813,0
2024-05-06 16:00:00,1.078283429145813,1.078283429145813,1.077470064163208,1.077818512916565,0
2024-05-06 20:00:00,1.077818512916565,1.077818512916565,1.0768898725509644,1.0771219730377195,0
2024-05-07 00:00:00,1.0771219730377195,1.077934741973877,1.0764262676239014,1.076658010482788,0
2024-05-07 04:00:00,1.076658010482788,1.0772379636764526,1.0758472681045532,1.076658010482788,0
2024-05-07 08:00:00,1.076658010482788,1.0772379636764526,1.0758472681045532,1.0772379636764526,0
2024-05-07 12:00:00,1.0772379636764526,1.0789813995361328,1.076658010482788,1.077934741973877,0
2024-05-07 16:00:00,1.0780508518218994,1.078515887260437,1.0750375986099243,1.075384497642517,0
2024-05-07 20:00:00,1.0755001306533811,1.076310396194458,1.0752688646316528,1.075384497642517,0
2024-05-08 00:00:00,1.075384497642517,1.0757315158843994,1.074113845825195,1.0744600296020508,0
2024-05-08 04:00:00,1.0744600296020508,1.0751532316207886,1.0742292404174805,1.0746910572052002,0
2024-05-08 08:00:00,1.074806571006775,1.0756157636642456,1.0738831758499146,1.0752688646316528,0
2024-05-08 12:00:00,1.0752688646316528,1.0757315158843994,1.0743446350097656,1.0751532316207886,0
2024-05-08 16:00:00,1.0751532316207886,1.0759629011154177,1.0744600296020508,1.074806571006775,0
2024-05-08 20:00:00,1.074806571006775,1.0759629011154177,1.0745755434036257,1.0752688646316528,0
2024-05-09 00:00:00,1.0752688646316528,1.0752688646316528,1.0744600296020508,1.0750375986099243,0
2024-05-09 04:00:00,1.0750375986099243,1.0755001306533811,1.0739984512329102,1.0739984512329102,0
2024-05-09 08:00:00,1.0739984512329102,1.0743446350097656,1.072961449623108,1.073767900466919,0
2024-05-09 12:00:00,1.0736525058746338,1.078283429145813,1.072846293449402,1.077934741973877,0
2024-05-09 16:00:00,1.077934741973877,1.078515887260437,1.0772379636764526,1.078515887260437,0
2024-05-09 20:00:00,1.078399658203125,1.0788650512695312,1.0781670808792114,1.0787487030029297,0
2024-05-10 00:00:00,1.0787487030029297,1.0788650512695312,1.077702283859253,1.077818512916565,0
2024-05-10 04:00:00,1.077702283859253,1.078515887260437,1.07758629322052,1.077934741973877,0
2024-05-10 08:00:00,1.0781670808792114,1.0788650512695312,1.077934741973877,1.0781670808792114,0
2024-05-10 12:00:00,1.0781670808792114,1.079214334487915,1.0764262676239014,1.076658010482788,0
2024-05-10 16:00:00,1.076658010482788,1.0781670808792114,1.0765421390533447,1.07758629322052,0
2024-05-10 20:00:00,1.077702283859253,1.077934741973877,1.0771219730377195,1.0772379636764526,0
2024-05-13 00:00:00,1.07758629322052,1.077818512916565,1.0768898725509644,1.077470064163208,0
2024-05-13 04:00:00,1.0773539543151855,1.077818512916565,1.0771219730377195,1.0771219730377195,0
2024-05-13 08:00:00,1.077470064163208,1.079097867012024,1.0772379636764526,1.078515887260437,0
2024-05-13 12:00:00,1.078515887260437,1.080964207649231,1.078399658203125,1.0806137323379517,0
2024-05-13 16:00:00,1.0806137323379517,1.0806137323379517,1.0789813995361328,1.0793308019638062,0
2024-05-13 20:00:00,1.0793308019638062,1.0794472694396973,1.0789813995361328,1.079214334487915,0
2024-05-14 00:00:00,1.079214334487915,1.079563856124878,1.0787487030029297,1.0789813995361328,0
2024-05-14 04:00:00,1.0789813995361328,1.079214334487915,1.0786322355270386,1.079097867012024,0
2024-05-14 08:00:00,1.0789813995361328,1.0801469087600708,1.077934741973877,1.0800302028656006,0
2024-05-14 12:00:00,1.0800302028656006,1.0828369855880735,1.0772379636764526,1.082719802856445,0
2024-05-14 16:00:00,1.082719802856445,1.082719802856445,1.0816657543182373,1.0822510719299316,0
2024-05-14 20:00:00,1.0822510719299316,1.0828369855880735,1.0818997621536257,1.0820168256759644,0
2024-05-15 00:00:00,1.0818997621536257,1.0829542875289917,1.0816657543182373,1.0828369855880735,0
2024-05-15 04:00:00,1.0828369855880735,1.0833063125610352,1.08236825466156,1.0833063125610352,0
2024-05-15 08:00:00,1.0833063125610352,1.0837758779525757,1.082602620124817,1.082719802856445,0
2024-05-15 12:00:00,1.082719802856445,1.0868383646011353,1.0824854373931885,1.085894227027893,0
2024-05-15 16:00:00,1.0860122442245483,1.0883761644363403,1.085894227027893,1.088020920753479,0
2024-05-15 20:00:00,1.088139295578003,1.0893245935440063,1.088139295578003,1.089205980300903,0
2024-05-16 00:00:00,1.089205980300903,1.089680790901184,1.0884946584701538,1.0889687538146973,0
2024-05-16 04:00:00,1.0889687538146973,1.0893245935440063,1.0877841711044312,1.088020920753479,0
2024-05-16 08:00:00,1.088020920753479,1.0884946584701538,1.08695650100708,1.0875475406646729,0
2024-05-16 12:00:00,1.0875475406646729,1.0876659154891968,1.085894227027893,1.087311029434204,0
2024-05-16 16:00:00,1.087311029434204,1.087902545928955,1.0868383646011353,1.087311029434204,0
2024-05-16 20:00:00,1.087311029434204,1.087311029434204,1.08672034740448,1.0871928930282593,0
2024-05-17 00:00:00,1.087074637413025,1.087074637413025,1.0857763290405271,1.0860122442245483,0
2024-05-17 04:00:00,1.0860122442245483,1.08695650100708,1.085894227027893,1.0864840745925903,0
2024-05-17 08:00:00,1.08672034740448,1.087074637413025,1.0838934183120728,1.0841283798217771,0
2024-05-17 12:00:00,1.0841283798217771,1.087902545928955,1.0838934183120728,1.087902545928955,0
2024-05-17 16:00:00,1.087902545928955,1.088020920753479,1.08695650100708,1.087902545928955,0
2024-05-17 20:00:00,1.0877841711044312,1.087902545928955,1.0871928930282593,1.0871928930282593,0
2024-05-20 00:00:00,1.087311029434204,1.087902545928955,1.0871928930282593,1.0876659154891968,0
2024-05-20 04:00:00,1.0877841711044312,1.0887316465377808,1.0876659154891968,1.0882576704025269,0
2024-05-20 08:00:00,1.088020920753479,1.0883761644363403,1.08695650100708,1.0874292850494385,0
2024-05-20 12:00:00,1.0874292850494385,1.0874292850494385,1.0857763290405271,1.0868383646011353,0
2024-05-20 16:00:00,1.08672034740448,1.087311029434204,1.086130142211914,1.08672034740448,0
2024-05-20 20:00:00,1.08672034740448,1.0868383646011353,1.085894227027893,1.086130142211914,0
2024-05-21 00:00:00,1.0862481594085691,1.0864840745925903,1.0854227542877195,1.085894227027893,0
2024-05-21 04:00:00,1.085894227027893,1.0866022109985352,1.0857763290405271,1.0863661766052246,0
2024-05-21 08:00:00,1.0864840745925903,1.0876659154891968,1.0862481594085691,1.08695650100708,0
2024-05-21 12:00:00,1.087074637413025,1.087311029434204,1.0848339796066284,1.0862481594085691,0
2024-05-21 16:00:00,1.0862481594085691,1.0862481594085691,1.0849517583847046,1.0855406522750854,0
2024-05-21 20:00:00,1.0855406522750854,1.0860122442245483,1.0854227542877195,1.0860122442245483,0
2024-05-22 00:00:00,1.085894227027893,1.0866022109985352,1.0857763290405271,1.0862481594085691,0
2024-05-22 04:00:00,1.0862481594085691,1.0866022109985352,1.0855406522750854,1.0864840745925903,0
2024-05-22 08:00:00,1.0863661766052246,1.0866022109985352,1.0840108394622805,1.0840108394622805,0
2024-05-22 12:00:00,1.0838934183120728,1.0843634605407717,1.0824854373931885,1.0836584568023682,0
2024-05-22 16:00:00,1.0836584568023682,1.0849517583847046,1.0821340084075928,1.08236825466156,0
2024-05-22 20:00:00,1.0824854373931885,1.0828369855880735,1.0821340084075928,1.0828369855880735,0
2024-05-23 00:00:00,1.0828369855880735,1.0833063125610352,1.082602620124817,1.0831888914108276,0
2024-05-23 04:00:00,1.0831888914108276,1.0835410356521606,1.0824854373931885,1.0830715894699097,0
2024-05-23 08:00:00,1.0829542875289917,1.0850694179534912,1.081548810005188,1.0848339796066284,0
2024-05-23 12:00:00,1.0848339796066284,1.0863661766052246,1.082719802856445,1.082719802856445,0
2024-05-23 16:00:00,1.0828369855880735,1.0833063125610352,1.0807305574417114,1.0808473825454712,0
2024-05-23 20:00:00,1.0808473825454712,1.0822510719299316,1.0808473825454712,1.0816657543182373,0
2024-05-24 00:00:00,1.0816657543182373,1.0817828178405762,1.0810810327529907,1.08119797706604,0
2024-05-24 04:00:00,1.08119797706604,1.0820168256759644,1.0808473825454712,1.0816657543182373,0
2024-05-24 08:00:00,1.0817828178405762,1.0847163200378418,1.0817828178405762,1.0843634605407717,0
2024-05-24 12:00:00,1.0842459201812744,1.0856584310531616,1.0837758779525757,1.0849517583847046,0
2024-05-24 16:00:00,1.0849517583847046,1.086130142211914,1.0849517583847046,1.0853049755096436,0
2024-05-24 20:00:00,1.0853049755096436,1.0854227542877195,1.0849517583847046,1.0849517583847046,0
2024-05-27 00:00:00,1.0853049755096436,1.0854227542877195,1.0849517583847046,1.0853049755096436,0
2024-05-27 04:00:00,1.0853049755096436,1.0854227542877195,1.0847163200378418,1.0854227542877195,0
2024-05-27 08:00:00,1.0854227542877195,1.08695650100708,1.0848339796066284,1.0866022109985352,0
2024-05-27 12:00:00,1.08672034740448,1.08672034740448,1.084481120109558,1.086130142211914,0
2024-05-27 16:00:00,1.086130142211914,1.0866022109985352,1.085894227027893,1.0860122442245483,0
2024-05-27 20:00:00,1.0860122442245483,1.0863661766052246,1.085894227027893,1.0862481594085691,0
2024-05-28 00:00:00,1.0863661766052246,1.087902545928955,1.0862481594085691,1.087902545928955,0
2024-05-28 04:00:00,1.0877841711044312,1.0882576704025269,1.0875475406646729,1.0877841711044312,0
2024-05-28 08:00:00,1.0877841711044312,1.0882576704025269,1.08695650100708,1.088139295578003,0
2024-05-28 12:00:00,1.088139295578003,1.089205980300903,1.086130142211914,1.0876659154891968,0
2024-05-28 16:00:00,1.0877841711044312,1.0882576704025269,1.0857763290405271,1.086130142211914,0
2024-05-28 20:00:00,1.086130142211914,1.0864840745925903,1.0857763290405271,1.085894227027893,0
2024-05-29 00:00:00,1.0860122442245483,1.0860122442245483,1.0849517583847046,1.0849517583847046,0
2024-05-29 04:00:00,1.0849517583847046,1.0857763290405271,1.0847163200378418,1.0855406522750854,0
2024-05-29 08:00:00,1.0856584310531616,1.086130142211914,1.0833063125610352,1.0850694179534912,0
2024-05-29 12:00:00,1.0849517583847046,1.086130142211914,1.081548810005188,1.0816657543182373,0
2024-05-29 16:00:00,1.0817828178405762,1.0820168256759644,1.0808473825454712,1.080964207649231,0
2024-05-29 20:00:00,1.0808473825454712,1.080964207649231,1.080263614654541,1.0803803205490112,0
2024-05-30 00:00:00,1.0803803205490112,1.0807305574417114,1.0796804428100586,1.0800302028656006,0
2024-05-30 04:00:00,1.0800302028656006,1.0801469087600708,1.079097867012024,1.07991361618042,0
2024-05-30 08:00:00,1.0797970294952393,1.0822510719299316,1.0796804428100586,1.0820168256759644,0
2024-05-30 12:00:00,1.0820168256759644,1.0847163200378418,1.0816657543182373,1.0843634605407717,0
2024-05-30 16:00:00,1.0843634605407717,1.0848339796066284,1.0838934183120728,1.0838934183120728,0
2024-05-30 20:00:00,1.0838934183120728,1.0838934183120728,1.0829542875289917,1.0836584568023682,0
2024-05-31 00:00:00,1.0836584568023682,1.0836584568023682,1.0814317464828491,1.081548810005188,0
2024-05-31 04:00:00,1.0814317464828491,1.0828369855880735,1.0814317464828491,1.082719802856445,0
2024-05-31 08:00:00,1.082719802856445,1.0854227542877195,1.0820168256759644,1.0853049755096436,0
2024-05-31 12:00:00,1.0853049755096436,1.0884946584701538,1.0851871967315674,1.086130142211914,0
2024-05-31 16:00:00,1.085894227027893,1.086130142211914,1.0843634605407717,1.084481120109558,0
2024-05-31 20:00:00,1.084481120109558,1.0854227542877195,1.084481120109558,1.0854227542877195,0
2024-06-03 00:00:00,1.0854227542877195,1.086130142211914,1.0853049755096436,1.0856584310531616,0
2024-06-03 04:00:00,1.0856584310531616,1.086130142211914,1.0849517583847046,1.085894227027893,0
2024-06-03 08:00:00,1.086130142211914,1.086130142211914,1.0830715894699097,1.0840108394622805,0
2024-06-03 12:00:00,1.0841283798217771,1.0884946584701538,1.0841283798217771,1.087311029434204,0
2024-06-03 16:00:00,1.0874292850494385,1.0900371074676514,1.0874292850494385,1.0900371074676514,0
2024-06-03 20:00:00,1.0899182558059692,1.0913456678390503,1.0899182558059692,1.0911074876785278,0
2024-06-04 00:00:00,1.0909883975982666,1.0918222665786743,1.090869426727295,1.0911074876785278,0
2024-06-04 04:00:00,1.0911074876785278,1.0913456678390503,1.0899182558059692,1.0900371074676514,0
2024-06-04 08:00:00,1.0901559591293335,1.0901559591293335,1.08672034740448,1.08695650100708,0
2024-06-04 12:00:00,1.08695650100708,1.0884946584701538,1.0863661766052246,1.0882576704025269,0
2024-06-04 16:00:00,1.0882576704025269,1.0889687538146973,1.0877841711044312,1.0884946584701538,0
2024-06-04 20:00:00,1.0884946584701538,1.0886130332946775,1.087902545928955,1.0882576704025269,0
2024-06-05 00:00:00,1.0882576704025269,1.0888501405715942,1.088139295578003,1.0886130332946775,0
2024-06-05 04:00:00,1.0886130332946775,1.0886130332946775,1.0875475406646729,1.0882576704025269,0
2024-06-05 08:00:00,1.087902545928955,1.088139295578003,1.0868383646011353,1.0871928930282593,0
2024-06-05 12:00:00,1.0871928930282593,1.089205980300903,1.0863661766052246,1.08695650100708,0
2024-06-05 16:00:00,1.08695650100708,1.087902545928955,1.0857763290405271,1.087902545928955,0
2024-06-05 20:00:00,1.0877841711044312,1.087902545928955,1.087074637413025,1.0875475406646729,0
2024-06-06 00:00:00,1.0876659154891968,1.0897995233535769,1.0875475406646729,1.0894432067871094,0
2024-06-06 04:00:00,1.0894432067871094,1.089680790901184,1.088020920753479,1.0887316465377808,0
2024-06-06 08:00:00,1.0889687538146973,1.0890873670578003,1.0874292850494385,1.087902545928955,0
2024-06-06 12:00:00,1.088020920753479,1.0901559591293335,1.0866022109985352,1.088139295578003,0
2024-06-06 16:00:00,1.0882576704025269,1.089680790901184,1.0882576704025269,1.089561939239502,0
2024-06-06 20:00:00,1.089680790901184,1.089680790901184,1.0890873670578003,1.089561939239502,0
2024-06-07 00:00:00,1.089561939239502,1.0900371074676514,1.0889687538146973,1.0900371074676514,0
2024-06-07 04:00:00,1.0900371074676514,1.0900371074676514,1.0890873670578003,1.0894432067871094,0
2024-06-07 08:00:00,1.089561939239502,1.0901559591293335,1.0886130332946775,1.0890873670578003,0
2024-06-07 12:00:00,1.089205980300903,1.0903936624526978,1.0814317464828491,1.081548810005188,0
2024-06-07 16:00:00,1.081548810005188,1.081548810005188,1.0803803205490112,1.0808473825454712,0
2024-06-07 20:00:00,1.0808473825454712,1.080964207649231,1.080263614654541,1.0803803205490112,0
2024-06-10 00:00:00,1.0780508518218994,1.078399658203125,1.0770059823989868,1.0771219730377195,0
2024-06-10 04:00:00,1.0771219730377195,1.0771219730377195,1.0751532316207886,1.075384497642517,0
2024-06-10 08:00:00,1.0756157636642456,1.0770059823989868,1.0736525058746338,1.0739984512329102,0
2024-06-10 12:00:00,1.0739984512329102,1.076310396194458,1.073767900466919,1.073767900466919,0
2024-06-10 16:00:00,1.0736525058746338,1.0765421390533447,1.0736525058746338,1.0765421390533447,0
2024-06-10 20:00:00,1.0764262676239014,1.0771219730377195,1.076310396194458,1.0768898725509644,0
2024-06-11 00:00:00,1.076774001121521,1.0771219730377195,1.0764262676239014,1.0771219730377195,0
2024-06-11 04:00:00,1.0771219730377195,1.077702283859253,1.076774001121521,1.0772379636764526,0
2024-06-11 08:00:00,1.0771219730377195,1.0772379636764526,1.0739984512329102,1.0742292404174805,0
2024-06-11 12:00:00,1.0743446350097656,1.0743446350097656,1.0722709894180298,1.0725010633468628,0
2024-06-11 16:00:00,1.0725010633468628,1.074806571006775,1.0725010633468628,1.0746910572052002,0
2024-06-11 20:00:00,1.0746910572052002,1.0751532316207886,1.0739984512329102,1.0743446350097656,0
2024-06-12 00:00:00,1.0744600296020508,1.0745755434036257,1.073767900466919,1.0744600296020508,0
2024-06-12 04:00:00,1.0744600296020508,1.0749220848083496,1.0738831758499146,1.0744600296020508,0
2024-06-12 08:00:00,1.0745755434036257,1.076310396194458,1.0738831758499146,1.0760787725448608,0
2024-06-12 12:00:00,1.0760787725448608,1.0851871967315674,1.0760787725448608,1.0850694179534912,0
2024-06-12 16:00:00,1.0849517583847046,1.0854227542877195,1.0813149213790894,1.0820168256759644,0
2024-06-12 20:00:00,1.081548810005188,1.0820168256759644,1.0807305574417114,1.0813149213790894,0
2024-06-13 00:00:00,1.0814317464828491,1.0818997621536257,1.0807305574417114,1.0810810327529907,0
2024-06-13 04:00:00,1.0810810327529907,1.08119797706604,1.0803803205490112,1.0804970264434814,0
2024-06-13 08:00:00,1.0807305574417114,1.0818997621536257,1.0796804428100586,1.0796804428100586,0
2024-06-13 12:00:00,1.0796804428100586,1.0816657543182373,1.076658010482788,1.0773539543151855,0
2024-06-13 16:00:00,1.077470064163208,1.077470064163208,1.0736525058746338,1.0742292404174805,0
2024-06-13 20:00:00,1.0742292404174805,1.0745755434036257,1.0738831758499146,1.0742292404174805,0
2024-06-14 00:00:00,1.074113845825195,1.0746910572052002,1.0738831758499146,1.0745755434036257,0
2024-06-14 04:00:00,1.0745755434036257,1.0746910572052002,1.071926236152649,1.0727311372756958,0
2024-06-14 08:00:00,1.0727311372756958,1.072846293449402,1.067463755607605,1.0700910091400146,0
2024-06-14 12:00:00,1.0699764490127563,1.070778489112854,1.067121982574463,1.0689470767974854,0
2024-06-14 16:00:00,1.0690613985061646,1.070778489112854,1.0688328742980957,1.0703200101852417,0
2024-06-14 20:00:00,1.0702054500579834,1.0711225271224976,1.0702054500579834,1.070893168449402,0
2024-06-17 00:00:00,1.0710078477859497,1.0710078477859497,1.0702054500579834,1.0706638097763062,0
2024-06-17 04:00:00,1.0706638097763062,1.070893168449402,1.0690613985061646,1.0699764490127563,0
2024-06-17 08:00:00,1.0699764490127563,1.0716965198516846,1.06963312625885,1.071237325668335,0
2024-06-17 12:00:00,1.071237325668335,1.0722709894180298,1.0710078477859497,1.072041153907776,0
2024-06-17 16:00:00,1.071926236152649,1.0739984512329102,1.071811318397522,1.0738831758499146,0
2024-06-17 20:00:00,1.0738831758499146,1.0742292404174805,1.073306918144226,1.074113845825195,0
2024-06-18 00:00:00,1.074113845825195,1.0743446350097656,1.0727311372756958,1.0727311372756958,0
2024-06-18 04:00:00,1.0727311372756958,1.0736525058746338,1.0721560716629028,1.0736525058746338,0
2024-06-18 08:00:00,1.0736525058746338,1.073767900466919,1.071811318397522,1.072041153907776,0
2024-06-18 12:00:00,1.072041153907776,1.0764262676239014,1.0713521242141724,1.0742292404174805,0
2024-06-18 16:00:00,1.074113845825195,1.0745755434036257,1.0735372304916382,1.0742292404174805,0
2024-06-18 20:00:00,1.0742292404174805,1.0751532316207886,1.0738831758499146,1.0743446350097656,0
2024-06-19 00:00:00,1.0743446350097656,1.0745755434036257,1.0738831758499146,1.0742292404174805,0
2024-06-19 04:00:00,1.074113845825195,1.0743446350097656,1.0731916427612305,1.073306918144226,0
2024-06-19 08:00:00,1.073422074317932,1.0752688646316528,1.072846293449402,1.0751532316207886,0
2024-06-19 12:00:00,1.0752688646316528,1.0756157636642456,1.0744600296020508,1.0751532316207886,0
2024-06-19 16:00:00,1.0750375986099243,1.0752688646316528,1.0744600296020508,1.0745755434036257,0
2024-06-19 20:00:00,1.0746910572052002,1.0749220848083496,1.0745755434036257,1.0749220848083496,0
2024-06-20 00:00:00,1.074806571006775,1.0751532316207886,1.0742292404174805,1.0742292404174805,0
2024-06-20 04:00:00,1.0742292404174805,1.074806571006775,1.073422074317932,1.0735372304916382,0
2024-06-20 08:00:00,1.0735372304916382,1.073767900466919,1.0715816020965576,1.0731916427612305,0
2024-06-20 12:00:00,1.0731916427612305,1.0735372304916382,1.0716965198516846,1.0725010633468628,0
2024-06-20 16:00:00,1.0725010633468628,1.0725010633468628,1.0706638097763062,1.0714668035507202,0
2024-06-20 20:00:00,1.0713521242141724,1.0713521242141724,1.0702054500579834,1.070549249649048,0
2024-06-21 00:00:00,1.070549249649048,1.072041153907776,1.070549249649048,1.072041153907776,0
2024-06-21 04:00:00,1.071926236152649,1.0723860263824463,1.071237325668335,1.071237325668335,0
2024-06-21 08:00:00,1.071237325668335,1.071237325668335,1.067463755607605,1.068376064300537,0
2024-06-21 12:00:00,1.0686043500900269,1.0700910091400146,1.0681477785110474,1.068376064300537,0
2024-06-21 16:00:00,1.068376064300537,1.0699764490127563,1.068376064300537,1.0697474479675293,0
2024-06-21 20:00:00,1.0697474479675293,1.0699764490127563,1.069290041923523,1.0697474479675293,0
2024-06-24 00:00:00,1.06963312625885,1.0698620080947876,1.0687185525894165,1.069290041923523,0
2024-06-24 04:00:00,1.069290041923523,1.0710078477859497,1.069290041923523,1.070549249649048,0
2024-06-24 08:00:00,1.0706638097763062,1.073306918144226,1.070549249649048,1.073306918144226,0
2024-06-24 12:00:00,1.0731916427612305,1.0750375986099243,1.072961449623108,1.073306918144226,0
2024-06-24 16:00:00,1.073306918144226,1.0739984512329102,1.0725010633468628,1.0738831758499146,0
2024-06-24 20:00:00,1.073767900466919,1.074113845825195,1.0730764865875244,1.0736525058746338,0
2024-06-25 00:00:00,1.0735372304916382,1.0739984512329102,1.073422074317932,1.0739984512329102,0
2024-06-25 04:00:00,1.0739984512329102,1.074806571006775,1.073422074317932,1.073422074317932,0
2024-06-25 08:00:00,1.073422074317932,1.0738831758499146,1.0723860263824463,1.0726161003112793,0
2024-06-25 12:00:00,1.0727311372756958,1.0727311372756958,1.069290041923523,1.0703200101852417,0
2024-06-25 16:00:00,1.0704345703125,1.072041153907776,1.0704345703125,1.071926236152649,0
2024-06-25 20:00:00,1.071926236152649,1.072041153907776,1.0714668035507202,1.0715816020965576,0
2024-06-26 00:00:00,1.0714668035507202,1.072041153907776,1.070893168449402,1.0713521242141724,0
2024-06-26 04:00:00,1.071237325668335,1.0715816020965576,1.0697474479675293,1.0697474479675293,0
2024-06-26 08:00:00,1.0698620080947876,1.0702054500579834,1.0684902667999268,1.0688328742980957,0
2024-06-26 12:00:00,1.0688328742980957,1.0697474479675293,1.066894292831421,1.0684902667999268,0
2024-06-26 16:00:00,1.068376064300537,1.069290041923523,1.0678056478500366,1.068261981010437,0
2024-06-26 20:00:00,1.068261981010437,1.0687185525894165,1.0678056478500366,1.068376064300537,0
2024-06-27 00:00:00,1.068376064300537,1.069404363632202,1.0680338144302368,1.0691757202148438,0
2024-06-27 04:00:00,1.0691757202148438,1.0700910091400146,1.0691757202148438,1.06963312625885,0
2024-06-27 08:00:00,1.06963312625885,1.0706638097763062,1.068376064300537,1.0706638097763062,0
2024-06-27 12:00:00,1.0706638097763062,1.072961449623108,1.06963312625885,1.0714668035507202,0
2024-06-27 16:00:00,1.0714668035507202,1.0714668035507202,1.0703200101852417,1.070893168449402,0
2024-06-27 20:00:00,1.070893168449402,1.0710078477859497,1.0704345703125,1.0706638097763062,0
2024-06-28 00:00:00,1.070778489112854,1.0713521242141724,1.0688328742980957,1.06963312625885,0
2024-06-28 04:00:00,1.06963312625885,1.0700910091400146,1.0688328742980957,1.0699764490127563,0
2024-06-28 08:00:00,1.0700910091400146,1.071237325668335,1.0695186853408811,1.071237325668335,0
2024-06-28 12:00:00,1.071237325668335,1.0725010633468628,1.06963312625885,1.0721560716629028,0
2024-06-28 16:00:00,1.071926236152649,1.0727311372756958,1.071237325668335,1.0714668035507202,0
2024-06-28 20:00:00,1.0713521242141724,1.0716965198516846,1.070893168449402,1.0715816020965576,0
2024-07-01 00:00:00,1.0739984512329102,1.0761945247650146,1.073767900466919,1.0758472681045532,0
2024-07-01 04:00:00,1.0757315158843994,1.077934741973877,1.0755001306533811,1.0772379636764526,0
2024-07-01 08:00:00,1.0773539543151855,1.07758629322052,1.0751532316207886,1.0751532316207886,0
2024-07-01 12:00:00,1.0752688646316528,1.0765421390533447,1.0731916427612305,1.073422074317932,0
2024-07-01 16:00:00,1.073306918144226,1.0736525058746338,1.0723860263824463,1.0731916427612305,0
2024-07-01 20:00:00,1.073306918144226,1.0745755434036257,1.073306918144226,1.074113845825195,0
2024-07-02 00:00:00,1.0739984512329102,1.0742292404174805,1.0735372304916382,1.073767900466919,0
2024-07-02 04:00:00,1.073767900466919,1.073767900466919,1.072846293449402,1.072846293449402,0
2024-07-02 08:00:00,1.0727311372756958,1.0730764865875244,1.0713521242141724,1.072041153907776,0
2024-07-02 12:00:00,1.071926236152649,1.074806571006775,1.071811318397522,1.0745755434036257,0
2024-07-02 16:00:00,1.0746910572052002,1.0746910572052002,1.073422074317932,1.0745755434036257,0
2024-07-02 20:00:00,1.0745755434036257,1.0756157636642456,1.0744600296020508,1.0751532316207886,0
2024-07-03 00:00:00,1.0751532316207886,1.0757315158843994,1.0743446350097656,1.0746910572052002,0
2024-07-03 04:00:00,1.0746910572052002,1.0751532316207886,1.0738831758499146,1.0751532316207886,0
2024-07-03 08:00:00,1.0752688646316528,1.076658010482788,1.0752688646316528,1.0761945247650146,0
2024-07-03 12:00:00,1.0761945247650146,1.0818997621536257,1.0758472681045532,1.0808473825454712,0
2024-07-03 16:00:00,1.0806137323379517,1.0810810327529907,1.0780508518218994,1.078283429145813,0
2024-07-03 20:00:00,1.078399658203125,1.0800302028656006,1.078399658203125,1.079214334487915,0
2024-07-04 00:00:00,1.0793308019638062,1.0797970294952393,1.0789813995361328,1.0789813995361328,0
2024-07-04 04:00:00,1.0789813995361328,1.079563856124878,1.0786322355270386,1.079563856124878,0
2024-07-04 08:00:00,1.0796804428100586,1.0806137323379517,1.079214334487915,1.0803803205490112,0
2024-07-04 12:00:00,1.0803803205490112,1.08119797706604,1.0797970294952393,1.0810810327529907,0
2024-07-04 16:00:00,1.0810810327529907,1.0816657543182373,1.0810810327529907,1.081548810005188,0
2024-07-04 20:00:00,1.081548810005188,1.0817828178405762,1.0813149213790894,1.0814317464828491,0
2024-07-05 00:00:00,1.0814317464828491,1.0821340084075928,1.08119797706604,1.0821340084075928,0
2024-07-05 04:00:00,1.0821340084075928,1.0828369855880735,1.0821340084075928,1.08236825466156,0
2024-07-05 08:00:00,1.0822510719299316,1.0834236145019531,1.0820168256759644,1.0828369855880735,0
2024-07-05 12:00:00,1.082719802856445,1.0843634605407717,1.0814317464828491,1.082602620124817,0
2024-07-05 16:00:00,1.082719802856445,1.0840108394622805,1.08236825466156,1.0840108394622805,0
2024-07-05 20:00:00,1.0840108394622805,1.0845986604690552,1.0840108394622805,1.0843634605407717,0
2024-07-08 00:00:00,1.082719802856445,1.0833063125610352,1.0822510719299316,1.0829542875289917,0
2024-07-08 04:00:00,1.0828369855880735,1.0838934183120728,1.0817828178405762,1.0824854373931885,0
2024-07-08 08:00:00,1.08236825466156,1.0845986604690552,1.08236825466156,1.0833063125610352,0
2024-07-08 12:00:00,1.0831888914108276,1.0848339796066284,1.0830715894699097,1.0836584568023682,0
2024-07-08 16:00:00,1.0837758779525757,1.0838934183120728,1.082719802856445,1.0828369855880735,0
2024-07-08 20:00:00,1.0829542875289917,1.0831888914108276,1.082602620124817,1.0828369855880735,0
2024-07-09 00:00:00,1.0828369855880735,1.0836584568023682,1.0822510719299316,1.0829542875289917,0
2024-07-09 04:00:00,1.0829542875289917,1.0834236145019531,1.082719802856445,1.082719802856445,0
2024-07-09 08:00:00,1.0828369855880735,1.0833063125610352,1.0818997621536257,1.0824854373931885,0
2024-07-09 12:00:00,1.0824854373931885,1.0828369855880735,1.081548810005188,1.0818997621536257,0
2024-07-09 16:00:00,1.0818997621536257,1.0822510719299316,1.0808473825454712,1.0816657543182373,0
2024-07-09 20:00:00,1.0816657543182373,1.0820168256759644,1.0814317464828491,1.0817828178405762,0
2024-07-10 00:00:00,1.0817828178405762,1.0820168256759644,1.0814317464828491,1.0820168256759644,0
2024-07-10 04:00:00,1.0820168256759644,1.082602620124817,1.0817828178405762,1.082602620124817,0
2024-07-10 08:00:00,1.0824854373931885,1.082719802856445,1.081548810005188,1.0824854373931885,0
2024-07-10 12:00:00,1.0824854373931885,1.0831888914108276,1.08236825466156,1.082719802856445,0
2024-07-10 16:00:00,1.082602620124817,1.0831888914108276,1.0820168256759644,1.082719802856445,0
2024-07-10 20:00:00,1.0828369855880735,1.0836584568023682,1.082719802856445,1.0835410356521606,0
2024-07-11 00:00:00,1.0835410356521606,1.0843634605407717,1.0834236145019531,1.0840108394622805,0
2024-07-11 04:00:00,1.0840108394622805,1.0842459201812744,1.0835410356521606,1.0837758779525757,0
2024-07-11 08:00:00,1.0836584568023682,1.0855406522750854,1.0835410356521606,1.0851871967315674,0
2024-07-11 12:00:00,1.0851871967315674,1.0901559591293335,1.0848339796066284,1.0882576704025269,0
2024-07-11 16:00:00,1.088139295578003,1.0882576704025269,1.0863661766052246,1.087074637413025,0
2024-07-11 20:00:00,1.087074637413025,1.087311029434204,1.08672034740448,1.08695650100708,0
2024-07-12 00:00:00,1.08695650100708,1.0877841711044312,1.08672034740448,1.0868383646011353,0
2024-07-12 04:00:00,1.08695650100708,1.0875475406646729,1.08672034740448,1.08672034740448,0
2024-07-12 08:00:00,1.0868383646011353,1.0894432067871094,1.0864840745925903,1.0893245935440063,0
2024-07-12 12:00:00,1.0893245935440063,1.0911074876785278,1.088020920753479,1.0911074876785278,0
2024-07-12 16:00:00,1.091226577758789,1.0913456678390503,1.0903936624526978,1.090869426727295,0
2024-07-12 20:00:00,1.090869426727295,1.0914647579193115,1.0906314849853516,1.0909883975982666,0
2024-07-15 00:00:00,1.0890873670578003,1.0894432067871094,1.0886130332946775,1.0894432067871094,0
2024-07-15 04:00:00,1.0894432067871094,1.0899182558059692,1.0889687538146973,1.0893245935440063,0
2024-07-15 08:00:00,1.0893245935440063,1.0922993421554563,1.0887316465377808,1.091226577758789,0
2024-07-15 12:00:00,1.0913456678390503,1.092060685157776,1.09051251411438,1.092060685157776,0
2024-07-15 16:00:00,1.092060685157776,1.092418551445007,1.089680790901184,1.090274691581726,0
2024-07-15 20:00:00,1.0903936624526978,1.0903936624526978,1.089680790901184,1.0897995233535769,0
2024-07-16 00:00:00,1.0897995233535769,1.0901559591293335,1.089205980300903,1.0894432067871094,0
2024-07-16 04:00:00,1.0894432067871094,1.0897995233535769,1.0887316465377808,1.089205980300903,0
2024-07-16 08:00:00,1.0893245935440063,1.0906314849853516,1.089205980300903,1.0901559591293335,0
2024-07-16 12:00:00,1.090274691581726,1.0907504558563232,1.0875475406646729,1.088139295578003,0
2024-07-16 16:00:00,1.088139295578003,1.0900371074676514,1.088139295578003,1.0899182558059692,0
2024-07-16 20:00:00,1.0899182558059692,1.0907504558563232,1.0897995233535769,1.09051251411438,0
2024-07-17 00:00:00,1.09051251411438,1.090869426727295,1.0899182558059692,1.0907504558563232,0
2024-07-17 04:00:00,1.0906314849853516,1.0909883975982666,1.0900371074676514,1.0900371074676514,0
2024-07-17 08:00:00,1.0901559591293335,1.0948106050491333,1.0897995233535769,1.0933741331100464,0
2024-07-17 12:00:00,1.0933741331100464,1.09505033493042,1.0932546854019165,1.0934937000274658,0
2024-07-17 16:00:00,1.0934937000274658,1.0942115783691406,1.0927767753601074,1.0938525199890137,0
2024-07-17 20:00:00,1.0939722061157229,1.0943313837051392,1.0938525199890137,1.0942115783691406,0
2024-07-18 00:00:00,1.0942115783691406,1.0944511890411377,1.0934937000274658,1.0938525199890137,0
2024-07-18 04:00:00,1.0938525199890137,1.0940918922424316,1.093135118484497,1.0934937000274658,0
2024-07-18 08:00:00,1.0933741331100464,1.0940918922424316,1.0928961038589478,1.0936132669448853,0
2024-07-18 12:00:00,1.0936132669448853,1.0938525199890137,1.090869426727295,1.0918222665786743,0
2024-07-18 16:00:00,1.0918222665786743,1.091941475868225,1.0899182558059692,1.0901559591293335,0
2024-07-18 20:00:00,1.0901559591293335,1.0903936624526978,1.089680790901184,1.0900371074676514,0
2024-07-19 00:00:00,1.0900371074676514,1.09051251411438,1.0889687538146973,1.0894432067871094,0
2024-07-19 04:00:00,1.089561939239502,1.089561939239502,1.0887316465377808,1.0888501405715942,0
2024-07-19 08:00:00,1.0888501405715942,1.0893245935440063,1.088020920753479,1.0887316465377808,0
2024-07-19 12:00:00,1.0887316465377808,1.089561939239502,1.0882576704025269,1.089205980300903,0
2024-07-19 16:00:00,1.0893245935440063,1.0894432067871094,1.087902545928955,1.088139295578003,0
2024-07-19 20:00:00,1.0882576704025269,1.0886130332946775,1.088020920753479,1.0886130332946775,0
2024-07-22 00:00:00,1.090274691581726,1.0906314849853516,1.0887316465377808,1.089561939239502,0
2024-07-22 04:00:00,1.089561939239502,1.089680790901184,1.0882576704025269,1.0883761644363403,0
2024-07-22 08:00:00,1.0883761644363403,1.0897995233535769,1.0883761644363403,1.089205980300903,0
2024-07-22 12:00:00,1.0894432067871094,1.0894432067871094,1.0876659154891968,1.0887316465377808,0
2024-07-22 16:00:00,1.0888501405715942,1.0894432067871094,1.088020920753479,1.089205980300903,0
2024-07-22 20:00:00,1.089205980300903,1.089680790901184,1.0888501405715942,1.0894432067871094,0
2024-07-23 00:00:00,1.0894432067871094,1.089680790901184,1.0890873670578003,1.0894432067871094,0
2024-07-23 04:00:00,1.089561939239502,1.0899182558059692,1.0882576704025269,1.0887316465377808,0
2024-07-23 08:00:00,1.0888501405715942,1.089205980300903,1.0860122442245483,1.0864840745925903,0
2024-07-23 12:00:00,1.0864840745925903,1.0871928930282593,1.0847163200378418,1.0847163200378418,0
2024-07-23 16:00:00,1.0850694179534912,1.086130142211914,1.0850694179534912,1.0855406522750854,0
2024-07-23 20:00:00,1.0855406522750854,1.085894227027893,1.0851871967315674,1.0854227542877195,0
2024-07-24 00:00:00,1.0854227542877195,1.0855406522750854,1.084481120109558,1.0845986604690552,0
2024-07-24 04:00:00,1.0845986604690552,1.0856584310531616,1.0845986604690552,1.0845986604690552,0
2024-07-24 08:00:00,1.0845986604690552,1.0855406522750854,1.0829542875289917,1.0847163200378418,0
2024-07-24 12:00:00,1.0845986604690552,1.08695650100708,1.0842459201812744,1.0856584310531616,0
2024-07-24 16:00:00,1.0857763290405271,1.0860122442245483,1.0840108394622805,1.0840108394622805,0
2024-07-24 20:00:00,1.0841283798217771,1.0845986604690552,1.0836584568023682,1.0841283798217771,0
2024-07-25 00:00:00,1.0842459201812744,1.0845986604690552,1.0837758779525757,1.0842459201812744,0
2024-07-25 04:00:00,1.0842459201812744,1.0848339796066284,1.0836584568023682,1.0837758779525757,0
2024-07-25 08:00:00,1.0837758779525757,1.086130142211914,1.0831888914108276,1.0854227542877195,0
2024-07-25 12:00:00,1.0855406522750854,1.0860122442245483,1.0834236145019531,1.0856584310531616,0
2024-07-25 16:00:00,1.085894227027893,1.0871928930282593,1.0850694179534912,1.0850694179534912,0
2024-07-25 20:00:00,1.0850694179534912,1.0856584310531616,1.0840108394622805,1.0850694179534912,0
2024-07-26 00:00:00,1.0849517583847046,1.0863661766052246,1.0849517583847046,1.0857763290405271,0
2024-07-26 04:00:00,1.085894227027893,1.0863661766052246,1.0853049755096436,1.0853049755096436,0
2024-07-26 08:00:00,1.0855406522750854,1.086130142211914,1.0845986604690552,1.0860122442245483,0
2024-07-26 12:00:00,1.085894227027893,1.087074637413025,1.0854227542877195,1.085894227027893,0
2024-07-26 16:00:00,1.085894227027893,1.08695650100708,1.0856584310531616,1.0860122442245483,0
2024-07-26 20:00:00,1.085894227027893,1.0862481594085691,1.0857763290405271,1.0857763290405271,0
2024-07-29 00:00:00,1.085894227027893,1.087311029434204,1.0854227542877195,1.08672034740448,0
2024-07-29 04:00:00,1.08672034740448,1.0868383646011353,1.0857763290405271,1.086130142211914,0
2024-07-29 08:00:00,1.086130142211914,1.086130142211914,1.0829542875289917,1.0838934183120728,0
2024-07-29 12:00:00,1.0838934183120728,1.0838934183120728,1.0806137323379517,1.0818997621536257,0
2024-07-29 16:00:00,1.0818997621536257,1.0829542875289917,1.0817828178405762,1.0824854373931885,0
2024-07-29 20:00:00,1.082602620124817,1.0828369855880735,1.0822510719299316,1.082602620124817,0
2024-07-30 00:00:00,1.0824854373931885,1.0824854373931885,1.0817828178405762,1.0820168256759644,0
2024-07-30 04:00:00,1.0821340084075928,1.0828369855880735,1.0820168256759644,1.08236825466156,0
2024-07-30 08:00:00,1.0822510719299316,1.0838934183120728,1.0820168256759644,1.0837758779525757,0
2024-07-30 12:00:00,1.0836584568023682,1.0836584568023682,1.080263614654541,1.0808473825454712,0
2024-07-30 16:00:00,1.0807305574417114,1.0820168256759644,1.080263614654541,1.0814317464828491,0
2024-07-30 20:00:00,1.0814317464828491,1.0820168256759644,1.08119797706604,1.0817828178405762,0
2024-07-31 00:00:00,1.0817828178405762,1.0830715894699097,1.081548810005188,1.0829542875289917,0
2024-07-31 04:00:00,1.0829542875289917,1.0833063125610352,1.0820168256759644,1.0828369855880735,0
2024-07-31 08:00:00,1.0824854373931885,1.0837758779525757,1.0810810327529907,1.0835410356521606,0
2024-07-31 12:00:00,1.0836584568023682,1.0851871967315674,1.0821340084075928,1.0824854373931885,0
2024-07-31 16:00:00,1.0824854373931885,1.0830715894699097,1.0807305574417114,1.0829542875289917,0
2024-07-31 20:00:00,1.0830715894699097,1.0835410356521606,1.0821340084075928,1.082719802856445,0
2024-08-01 00:00:00,1.082719802856445,1.0836584568023682,1.0824854373931885,1.0829542875289917,0
2024-08-01 04:00:00,1.0829542875289917,1.0837758779525757,1.0814317464828491,1.0818997621536257,0
2024-08-01 08:00:00,1.0821340084075928,1.0821340084075928,1.0781670808792114,1.0787487030029297,0
2024-08-01 12:00:00,1.0787487030029297,1.0821340084075928,1.0787487030029297,1.079563856124878,0
2024-08-01 16:00:00,1.0794472694396973,1.07991361618042,1.078399658203125,1.0787487030029297,0
2024-08-01 20:00:00,1.0786322355270386,1.0797970294952393,1.0781670808792114,1.0793308019638062,0
2024-08-02 00:00:00,1.079214334487915,1.0796804428100586,1.078515887260437,1.0793308019638062,0
2024-08-02 04:00:00,1.0794472694396973,1.0810810327529907,1.0794472694396973,1.07991361618042,0
2024-08-02 08:00:00,1.0794472694396973,1.082719802856445,1.0789813995361328,1.082602620124817,0
2024-08-02 12:00:00,1.0828369855880735,1.0928961038589478,1.0828369855880735,1.0925379991531372,0
2024-08-02 16:00:00,1.0925379991531372,1.0927767753601074,1.0907504558563232,1.0915838479995728,0
2024-08-02 20:00:00,1.0914647579193115,1.091941475868225,1.0911074876785278,1.0913456678390503,0
2024-08-05 00:00:00,1.0909883975982666,1.0926573276519775,1.090869426727295,1.0925379991531372,0
2024-08-05 04:00:00,1.0925379991531372,1.0942115783691406,1.089680790901184,1.090869426727295,0
2024-08-05 08:00:00,1.0907504558563232,1.0976948738098145,1.0907504558563232,1.0949305295944214,0
2024-08-05 12:00:00,1.0952903032302856,1.1009578704833984,1.0946906805038452,1.0981770753860474,0
2024-08-05 16:00:00,1.0982975959777832,1.098659634590149,1.095170259475708,1.0952903032302856,0
2024-08-05 20:00:00,1.0954102277755735,1.0964912176132202,1.09505033493042,1.0957703590393066,0
2024-08-06 00:00:00,1.0958904027938845,1.096611499786377,1.0948106050491333,1.0955302715301514,0
2024-08-06 04:00:00,1.0955302715301514,1.0958904027938845,1.0938525199890137,1.0940918922424316,0
2024-08-06 08:00:00,1.0939722061157229,1.0943313837051392,1.090869426727295,1.0911074876785278,0
2024-08-06 12:00:00,1.091226577758789,1.093732833862305,1.0907504558563232,1.093732833862305,0
2024-08-06 16:00:00,1.093732833862305,1.093732833862305,1.092418551445007,1.093135118484497,0
2024-08-06 20:00:00,1.093135118484497,1.093732833862305,1.0926573276519775,1.0932546854019165,0
2024-08-07 00:00:00,1.0932546854019165,1.0933741331100464,1.0915838479995728,1.091941475868225,0
2024-08-07 04:00:00,1.091941475868225,1.092060685157776,1.0909883975982666,1.0917030572891235,0
2024-08-07 08:00:00,1.091941475868225,1.0930156707763672,1.091226577758789,1.092060685157776,0
2024-08-07 12:00:00,1.0921800136566162,1.093732833862305,1.0915838479995728,1.0934937000274658,0
2024-08-07 16:00:00,1.0934937000274658,1.0938525199890137,1.092060685157776,1.0922993421554563,0
2024-08-07 20:00:00,1.092418551445007,1.0930156707763672,1.0921800136566162,1.0928961038589478,0
2024-08-08 00:00:00,1.0930156707763672,1.0938525199890137,1.0926573276519775,1.093732833862305,0
2024-08-08 04:00:00,1.093732833862305,1.0946906805038452,1.0932546854019165,1.094570875167847,0
2024-08-08 08:00:00,1.094570875167847,1.0948106050491333,1.092418551445007,1.0928961038589478,0
2024-08-08 12:00:00,1.0928961038589478,1.0936132669448853,1.0886130332946775,1.090869426727295,0
2024-08-08 16:00:00,1.090869426727295,1.091941475868225,1.090869426727295,1.091941475868225,0
2024-08-08 20:00:00,1.092060685157776,1.0922993421554563,1.0917030572891235,1.092060685157776,0
2024-08-09 00:00:00,1.0921800136566162,1.0926573276519775,1.0914647579193115,1.092418551445007,0
2024-08-09 04:00:00,1.092418551445007,1.0930156707763672,1.0921800136566162,1.0930156707763672,0
2024-08-09 08:00:00,1.0930156707763672,1.093135118484497,1.0917030572891235,1.0921800136566162,0
2024-08-09 12:00:00,1.092060685157776,1.0933741331100464,1.0913456678390503,1.0925379991531372,0
2024-08-09 16:00:00,1.0925379991531372,1.0930156707763672,1.0918222665786743,1.0921800136566162,0
2024-08-09 20:00:00,1.0922993421554563,1.092418551445007,1.0917030572891235,1.0917030572891235,0
2024-08-12 00:00:00,1.0915838479995728,1.0926573276519775,1.0915838479995728,1.092060685157776,0
2024-08-12 04:00:00,1.0921800136566162,1.0926573276519775,1.0915838479995728,1.092418551445007,0
2024-08-12 08:00:00,1.092418551445007,1.0932546854019165,1.091941475868225,1.0930156707763672,0
2024-08-12 12:00:00,1.0930156707763672,1.0936132669448853,1.0918222665786743,1.0933741331100464,0
2024-08-12 16:00:00,1.0933741331100464,1.0942115783691406,1.0925379991531372,1.0933741331100464,0
2024-08-12 20:00:00,1.0933741331100464,1.093732833862305,1.0927767753601074,1.0936132669448853,0
2024-08-13 00:00:00,1.0936132669448853,1.0940918922424316,1.0932546854019165,1.0938525199890137,0
2024-08-13 04:00:00,1.0938525199890137,1.0944511890411377,1.0936132669448853,1.0936132669448853,0
2024-08-13 08:00:00,1.093732833862305,1.093732833862305,1.0918222665786743,1.0925379991531372,0
2024-08-13 12:00:00,1.0927767753601074,1.0964912176132202,1.0925379991531372,1.0958904027938845,0
2024-08-13 16:00:00,1.0957703590393066,1.100231051445007,1.095170259475708,1.100231051445007,0
2024-08-13 20:00:00,1.1001100540161133,1.100231051445007,1.0989010334014893,1.0999890565872192,0
2024-08-14 00:00:00,1.0998680591583252,1.1001100540161133,1.099384307861328,1.099384307861328,0
2024-08-14 04:00:00,1.099384307861328,1.1003520488739014,1.0990219116210938,1.1003520488739014,0
2024-08-14 08:00:00,1.1001100540161133,1.1031439304351809,1.0999890565872192,1.102535843849182,0
2024-08-14 12:00:00,1.102535843849182,1.1049723625183103,1.1008366346359253,1.1038745641708374,0
2024-08-14 16:00:00,1.1038745641708374,1.1038745641708374,1.1014429330825806,1.1019283533096311,0
2024-08-14 20:00:00,1.1018069982528689,1.1019283533096311,1.100594401359558,1.1015641689300537,0
2024-08-15 00:00:00,1.1016855239868164,1.1016855239868164,1.100715398788452,1.1012003421783447,0
2024-08-15 04:00:00,1.1012003421783447,1.1018069982528689,1.101078987121582,1.1018069982528689,0
2024-08-15 08:00:00,1.1018069982528689,1.1018069982528689,1.100715398788452,1.101321578025818,0
2024-08-15 12:00:00,1.101321578025818,1.1016855239868164,1.0954102277755735,1.098538875579834,0
2024-08-15 16:00:00,1.098659634590149,1.0992635488510132,1.0974539518356323,1.098056435585022,0
2024-08-15 20:00:00,1.098056435585022,1.0982975959777832,1.0973334312438965,1.0975743532180786,0
2024-08-16 00:00:00,1.0974539518356323,1.098538875579834,1.0974539518356323,1.098418354988098,0
2024-08-16 04:00:00,1.098418354988098,1.0989010334014893,1.097935914993286,1.098418354988098,0
2024-08-16 08:00:00,1.098538875579834,1.0997470617294312,1.098056435585022,1.0997470617294312,0
2024-08-16 12:00:00,1.0997470617294312,1.100715398788452,1.098538875579834,1.099384307861328,0
2024-08-16 16:00:00,1.0995051860809326,1.1024142503738403,1.099384307861328,1.1024142503738403,0
2024-08-16 20:00:00,1.102292776107788,1.103265643119812,1.1021713018417358,1.1031439304351809,0
2024-08-19 00:00:00,1.1029006242752075,1.1038745641708374,1.102657437324524,1.1033873558044434,0
2024-08-19 04:00:00,1.1033873558044434,1.1053388118743896,1.1033873558044434,1.1044842004776,0
2024-08-19 08:00:00,1.1046061515808103,1.1053388118743896,1.1033873558044434,1.103996515274048,0
2024-08-19 12:00:00,1.1038745641708374,1.1075423955917358,1.1035091876983645,1.1068068742752075,0
2024-08-19 16:00:00,1.1066844463348389,1.1087703704833984,1.1063170433044434,1.1085245609283447,0
2024-08-19 20:00:00,1.108401656150818,1.109139323234558,1.1082788705825806,1.1087703704833984,0
2024-08-20 00:00:00,1.1088933944702148,1.1090162992477417,1.1079105138778689,1.1079105138778689,0
2024-08-20 04:00:00,1.108033299446106,1.1085245609283447,1.1076650619506836,1.1085245609283447,0
2024-08-20 08:00:00,1.1085245609283447,1.109139323234558,1.1075423955917358,1.1085245609283447,0
2024-08-20 12:00:00,1.1085245609283447,1.1119760274887085,1.108033299446106,1.1114816665649414,0
2024-08-20 16:00:00,1.1113580465316772,1.1125946044921875,1.1104941368103027,1.1123470067977903,0
2024-08-20 20:00:00,1.1122233867645264,1.1133378744125366,1.1122233867645264,1.1132138967514038,0
2024-08-21 00:00:00,1.1132138967514038,1.1135857105255127,1.1122233867645264,1.1124708652496338,0
2024-08-21 04:00:00,1.1125946044921875,1.1125946044921875,1.1117286682128906,1.1120996475219729,0
2024-08-21 08:00:00,1.1122233867645264,1.113089919090271,1.1113580465316772,1.1128422021865845,0
2024-08-21 12:00:00,1.1125946044921875,1.1132138967514038,1.1104941368103027,1.1128422021865845,0
2024-08-21 16:00:00,1.1129660606384275,1.1176930665969849,1.1129660606384275,1.1164453029632568,0
2024-08-21 20:00:00,1.1163206100463867,1.1163206100463867,1.1150758266448977,1.115946888923645,0
2024-08-22 00:00:00,1.115946888923645,1.1161960363388062,1.1144545078277588,1.1147029399871826,0
2024-08-22 04:00:00,1.1147029399871826,1.1153244972229004,1.1144545078277588,1.1153244972229004,0
2024-08-22 08:00:00,1.1153244972229004,1.1161960363388062,1.113089919090271,1.114951491355896,0
2024-08-22 12:00:00,1.1148271560668943,1.1148271560668943,1.1102476119995115,1.1118524074554443,0
2024-08-22 16:00:00,1.1118524074554443,1.1120996475219729,1.1103708744049072,1.1113580465316772,0
2024-08-22 20:00:00,1.1113580465316772,1.1119760274887085,1.110864281654358,1.1117286682128906,0
2024-08-23 00:00:00,1.1117286682128906,1.1132138967514038,1.111605167388916,1.1129660606384275,0
2024-08-23 04:00:00,1.1128422021865845,1.1133378744125366,1.1123470067977903,1.1132138967514038,0
2024-08-23 08:00:00,1.1132138967514038,1.1135857105255127,1.1117286682128906,1.1123470067977903,0
2024-08-23 12:00:00,1.1122233867645264,1.1186933517456057,1.110987663269043,1.118067979812622,0
2024-08-23 16:00:00,1.117817997932434,1.1204482316970823,1.1168192625045776,1.11906898021698,0
2024-08-23 20:00:00,1.11906898021698,1.1199462413787842,1.118943691253662,1.119444727897644,0
2024-08-26 00:00:00,1.119194269180298,1.1204482316970823,1.118943691253662,1.11906898021698,0
2024-08-26 04:00:00,1.118943691253662,1.119194269180298,1.118067979812622,1.1184431314468384,0
2024-08-26 08:00:00,1.1185681819915771,1.1186933517456057,1.1173185110092163,1.1175681352615356,0
2024-08-26 12:00:00,1.1176930665969849,1.118067979812622,1.1155734062194824,1.1179429292678833,0
2024-08-26 16:00:00,1.1179429292678833,1.1179429292678833,1.1163206100463867,1.1166945695877075,0
2024-08-26 20:00:00,1.1168192625045776,1.1168192625045776,1.1161960363388062,1.1165698766708374,0
2024-08-27 00:00:00,1.1165698766708374,1.1173185110092163,1.1163206100463867,1.1170687675476074,0
2024-08-27 04:00:00,1.1170687675476074,1.1175681352615356,1.1164453029632568,1.1165698766708374,0
2024-08-27 08:00:00,1.1165698766708374,1.1181930303573608,1.1165698766708374,1.1169440746307373,0
2024-08-27 12:00:00,1.1169440746307373,1.1173185110092163,1.1154489517211914,1.1169440746307373,0
2024-08-27 16:00:00,1.1169440746307373,1.119444727897644,1.1161960363388062,1.118943691253662,0
2024-08-27 20:00:00,1.1188185214996338,1.11906898021698,1.1184431314468384,1.1188185214996338,0
2024-08-28 00:00:00,1.1186933517456057,1.1188185214996338,1.1169440746307373,1.1169440746307373,0
2024-08-28 04:00:00,1.1170687675476074,1.117193579673767,1.1139578819274902,1.1150758266448977,0
2024-08-28 08:00:00,1.1153244972229004,1.1161960363388062,1.1124708652496338,1.1128422021865845,0
2024-08-28 12:00:00,1.1128422021865845,1.1139578819274902,1.110864281654358,1.1133378744125366,0
2024-08-28 16:00:00,1.1132138967514038,1.1133378744125366,1.110864281654358,1.1119760274887085,0
2024-08-28 20:00:00,1.1119760274887085,1.1128422021865845,1.111605167388916,1.1127183437347412,0
2024-08-29 00:00:00,1.1127183437347412,1.113709807395935,1.1125946044921875,1.11346173286438,0
2024-08-29 04:00:00,1.11346173286438,1.1143302917480469,1.1129660606384275,1.113089919090271,0
2024-08-29 08:00:00,1.1129660606384275,1.11346173286438,1.1075423955917358,1.1101243495941162,0
2024-08-29 12:00:00,1.1100010871887207,1.1102476119995115,1.1059499979019165,1.1072970628738403,0
2024-08-29 16:00:00,1.107419729232788,1.109139323234558,1.107051968574524,1.1082788705825806,0
2024-08-29 20:00:00,1.1081559658050537,1.1085245609283447,1.1077877283096311,1.1082788705825806,0
2024-08-30 00:00:00,1.1082788705825806,1.1086474657058716,1.1072970628738403,1.1075423955917358,0
2024-08-30 04:00:00,1.1075423955917358,1.1087703704833984,1.1075423955917358,1.1087703704833984,0
2024-08-30 08:00:00,1.1087703704833984,1.1097548007965088,1.1077877283096311,1.1082788705825806,0
2024-08-30 12:00:00,1.1082788705825806,1.109139323234558,1.1058276891708374,1.107174515724182,0
2024-08-30 16:00:00,1.107174515724182,1.107419729232788,1.1047282218933103,1.1054610013961792,0
2024-08-30 20:00:00,1.1054610013961792,1.1058276891708374,1.1050944328308103,1.1053388118743896,0
2024-09-02 00:00:00,1.1049723625183103,1.1059499979019165,1.1044842004776,1.1054610013961792,0
2024-09-02 04:00:00,1.1054610013961792,1.1072970628738403,1.1047282218933103,1.1069294214248655,0
2024-09-02 08:00:00,1.1069294214248655,1.108033299446106,1.1058276891708374,1.1069294214248655,0
2024-09-02 12:00:00,1.1069294214248655,1.107419729232788,1.1061947345733645,1.107174515724182,0
2024-09-02 16:00:00,1.107174515724182,1.107419729232788,1.1065618991851809,1.107419729232788,0
2024-09-02 20:00:00,1.107419729232788,1.1076650619506836,1.107051968574524,1.107051968574524,0
2024-09-03 00:00:00,1.107051968574524,1.1072970628738403,1.1063170433044434,1.1066844463348389,0
2024-09-03 04:00:00,1.1065618991851809,1.1065618991851809,1.1054610013961792,1.106439471244812,0
2024-09-03 08:00:00,1.1065618991851809,1.107051968574524,1.1037527322769165,1.1038745641708374,0
2024-09-03 12:00:00,1.1038745641708374,1.1068068742752075,1.1037527322769165,1.1044842004776,0
2024-09-03 16:00:00,1.1044842004776,1.1049723625183103,1.1030223369598389,1.1041183471679688,0
2024-09-03 20:00:00,1.1041183471679688,1.1050944328308103,1.1041183471679688,1.1048502922058103,0
2024-09-04 00:00:00,1.1049723625183103,1.1059499979019165,1.1048502922058103,1.1055831909179688,0
2024-09-04 04:00:00,1.105705499649048,1.1063170433044434,1.1049723625183103,1.105705499649048,0
2024-09-04 08:00:00,1.1054610013961792,1.1065618991851809,1.1050944328308103,1.1055831909179688,0
2024-09-04 12:00:00,1.105705499649048,1.1097548007965088,1.1043622493743896,1.109385371208191,0
2024-09-04 16:00:00,1.109139323234558,1.1095085144042969,1.1069294214248655,1.1079105138778689,0
2024-09-04 20:00:00,1.1079105138778689,1.1090162992477417,1.1077877283096311,1.1087703704833984,0
2024-09-05 00:00:00,1.1087703704833984,1.1088933944702148,1.1079105138778689,1.1082788705825806,0
2024-09-05 04:00:00,1.1082788705825806,1.1090162992477417,1.1077877283096311,1.1086474657058716,0
2024-09-05 08:00:00,1.1086474657058716,1.1103708744049072,1.1082788705825806,1.1102476119995115,0
2024-09-05 12:00:00,1.1101243495941162,1.1122233867645264,1.1079105138778689,1.1081559658050537,0
2024-09-05 16:00:00,1.1082788705825806,1.111605167388916,1.1081559658050537,1.1106175184249878,0
2024-09-05 20:00:00,1.1106175184249878,1.111605167388916,1.1106175184249878,1.1112345457077026,0
2024-09-06 00:00:00,1.1113580465316772,1.1117286682128906,1.1112345457077026,1.1114816665649414,0
2024-09-06 04:00:00,1.1114816665649414,1.1123470067977903,1.1113580465316772,1.1123470067977903,0
2024-09-06 08:00:00,1.1123470067977903,1.1123470067977903,1.110987663269043,1.110987663269043,0
2024-09-06 12:00:00,1.110987663269043,1.1154489517211914,1.107051968574524,1.1104941368103027,0
2024-09-06 16:00:00,1.1104941368103027,1.113709807395935,1.107419729232788,1.1088933944702148,0
2024-09-06 20:00:00,1.1088933944702148,1.1092623472213743,1.1085245609283447,1.1088933944702148,0
2024-09-09 00:00:00,1.109139323234558,1.109385371208191,1.108401656150818,1.108401656150818,0
2024-09-09 04:00:00,1.108401656150818,1.1085245609283447,1.106439471244812,1.1068068742752075,0
2024-09-09 08:00:00,1.1068068742752075,1.1068068742752075,1.103996515274048,1.1043622493743896,0
2024-09-09 12:00:00,1.1044842004776,1.1054610013961792,1.1038745641708374,1.1044842004776,0
2024-09-09 16:00:00,1.1044842004776,1.105705499649048,1.103996515274048,1.1046061515808103,0
2024-09-09 20:00:00,1.1046061515808103,1.1046061515808103,1.1037527322769165,1.1041183471679688,0
2024-09-10 00:00:00,1.103996515274048,1.1041183471679688,1.103265643119812,1.1037527322769165,0
2024-09-10 04:00:00,1.1038745641708374,1.1052166223526,1.1037527322769165,1.1052166223526,0
2024-09-10 08:00:00,1.1046061515808103,1.1049723625183103,1.1035091876983645,1.1043622493743896,0
2024-09-10 12:00:00,1.1044842004776,1.1046061515808103,1.1019283533096311,1.1021713018417358,0
2024-09-10 16:00:00,1.1021713018417358,1.103265643119812,1.1021713018417358,1.1027790307998655,0
2024-09-10 20:00:00,1.1027790307998655,1.1030223369598389,1.1018069982528689,1.102292776107788,0
2024-09-11 00:00:00,1.102292776107788,1.1047282218933103,1.1020498275756836,1.1036310195922852,0
2024-09-11 04:00:00,1.1036310195922852,1.1054610013961792,1.1035091876983645,1.1048502922058103,0
2024-09-11 08:00:00,1.1048502922058103,1.1053388118743896,1.103996515274048,1.1052166223526,0
2024-09-11 12:00:00,1.1053388118743896,1.105705499649048,1.100594401359558,1.101321578025818,0
2024-09-11 16:00:00,1.1014429330825806,1.102535843849182,1.1012003421783447,1.1021713018417358,0
2024-09-11 20:00:00,1.1020498275756836,1.1030223369598389,1.1014429330825806,1.1014429330825806,0
2024-09-12 00:00:00,1.1015641689300537,1.1016855239868164,1.1009578704833984,1.101321578025818,0
2024-09-12 04:00:00,1.101321578025818,1.102535843849182,1.1012003421783447,1.1012003421783447,0
2024-09-12 08:00:00,1.1012003421783447,1.102657437324524,1.1009578704833984,1.102535843849182,0
2024-09-12 12:00:00,1.1024142503738403,1.1049723625183103,1.1015641689300537,1.1043622493743896,0
2024-09-12 16:00:00,1.1041183471679688,1.1065618991851809,1.1035091876983645,1.1065618991851809,0
2024-09-12 20:00:00,1.106439471244812,1.1079105138778689,1.1063170433044434,1.1075423955917358,0
2024-09-13 00:00:00,1.1075423955917358,1.1092623472213743,1.1075423955917358,1.1088933944702148,0
2024-09-13 04:00:00,1.1088933944702148,1.1092623472213743,1.1077877283096311,1.1082788705825806,0
2024-09-13 08:00:00,1.1081559658050537,1.1103708744049072,1.1075423955917358,1.1092623472213743,0
2024-09-13 12:00:00,1.1095085144042969,1.1103708744049072,1.1082788705825806,1.1092623472213743,0
2024-09-13 16:00:00,1.109139323234558,1.109385371208191,1.108033299446106,1.1081559658050537,0
2024-09-13 20:00:00,1.108033299446106,1.108401656150818,1.1076650619506836,1.1079105138778689,0
2024-09-16 00:00:00,1.1088933944702148,1.1095085144042969,1.1088933944702148,1.1092623472213743,0
2024-09-16 04:00:00,1.1092623472213743,1.1118524074554443,1.109139323234558,1.1117286682128906,0
2024-09-16 08:00:00,1.1114816665649414,1.1132138967514038,1.1112345457077026,1.1125946044921875,0
2024-09-16 12:00:00,1.1124708652496338,1.113833785057068,1.1119760274887085,1.1127183437347412,0
2024-09-16 16:00:00,1.1125946044921875,1.1133378744125366,1.1119760274887085,1.1123470067977903,0
2024-09-16 20:00:00,1.1123470067977903,1.113709807395935,1.1122233867645264,1.1129660606384275,0
2024-09-17 00:00:00,1.113089919090271,1.11346173286438,1.1125946044921875,1.113089919090271,0
2024-09-17 04:00:00,1.1129660606384275,1.113709807395935,1.1124708652496338,1.1125946044921875,0
2024-09-17 08:00:00,1.1123470067977903,1.114951491355896,1.1119760274887085,1.113709807395935,0
2024-09-17 12:00:00,1.113709807395935,1.1145787239074707,1.1114816665649414,1.1127183437347412,0
2024-09-17 16:00:00,1.1128422021865845,1.1128422021865845,1.1114816665649414,1.1125946044921875,0
2024-09-17 20:00:00,1.1124708652496338,1.1125946044921875,1.1114816665649414,1.1120996475219729,0
2024-09-18 00:00:00,1.1120996475219729,1.1133378744125366,1.1120996475219729,1.113089919090271,0
2024-09-18 04:00:00,1.113089919090271,1.113089919090271,1.1119760274887085,1.1120996475219729,0
2024-09-18 08:00:00,1.1122233867645264,1.1143302917480469,1.1120996475219729,1.1133378744125366,0
2024-09-18 12:00:00,1.1133378744125366,1.1143302917480469,1.1112345457077026,1.1120996475219729,0
2024-09-18 16:00:00,1.1119760274887085,1.11906898021698,1.111605167388916,1.1153244972229004,0
2024-09-18 20:00:00,1.1145787239074707,1.114951491355896,1.1100010871887207,1.1124708652496338,0
2024-09-19 00:00:00,1.1123470067977903,1.1124708652496338,1.107419729232788,1.1104941368103027,0
2024-09-19 04:00:00,1.1104941368103027,1.1148271560668943,1.1102476119995115,1.1148271560668943,0
2024-09-19 08:00:00,1.114951491355896,1.1181930303573608,1.1143302917480469,1.117193579673767,0
2024-09-19 12:00:00,1.1175681352615356,1.1176930665969849,1.1120996475219729,1.1132138967514038,0
2024-09-19 16:00:00,1.1132138967514038,1.1170687675476074,1.1129660606384275,1.1168192625045776,0
2024-09-19 20:00:00,1.1169440746307373,1.1169440746307373,1.1161960363388062,1.1164453029632568,0
2024-09-20 00:00:00,1.1163206100463867,1.1166945695877075,1.116071343421936,1.1164453029632568,0
2024-09-20 04:00:00,1.1165698766708374,1.1181930303573608,1.1164453029632568,1.1179429292678833,0
2024-09-20 08:00:00,1.1179429292678833,1.1184431314468384,1.1156978607177734,1.1161960363388062,0
2024-09-20 12:00:00,1.1161960363388062,1.1179429292678833,1.1140819787979126,1.1147029399871826,0
2024-09-20 16:00:00,1.1145787239074707,1.117817997932434,1.1139578819274902,1.1168192625045776,0
2024-09-20 20:00:00,1.1166945695877075,1.1169440746307373,1.115946888923645,1.1165698766708374,0
2024-09-23 00:00:00,1.1165698766708374,1.1166945695877075,1.115946888923645,1.1165698766708374,0
2024-09-23 04:00:00,1.1165698766708374,1.1170687675476074,1.1158223152160645,1.116071343421936,0
2024-09-23 08:00:00,1.115946888923645,1.1161960363388062,1.1087703704833984,1.1117286682128906,0
2024-09-23 12:00:00,1.111605167388916,1.1145787239074707,1.1112345457077026,1.1135857105255127,0
2024-09-23 16:00:00,1.113833785057068,1.1139578819274902,1.1119760274887085,1.1119760274887085,0
2024-09-23 20:00:00,1.1119760274887085,1.1120996475219729,1.1112345457077026,1.1114816665649414,0
2024-09-24 00:00:00,1.1113580465316772,1.111605167388916,1.1106175184249878,1.110864281654358,0
2024-09-24 04:00:00,1.110987663269043,1.1122233867645264,1.110864281654358,1.1118524074554443,0
2024-09-24 08:00:00,1.1118524074554443,1.114951491355896,1.1117286682128906,1.113089919090271,0
2024-09-24 12:00:00,1.1129660606384275,1.1165698766708374,1.1125946044921875,1.1154489517211914,0
2024-09-24 16:00:00,1.1153244972229004,1.1170687675476074,1.114951491355896,1.1169440746307373,0
2024-09-24 20:00:00,1.1168192625045776,1.119194269180298,1.1168192625045776,1.119194269180298,0
2024-09-25 00:00:00,1.118943691253662,1.1198208332061768,1.1186933517456057,1.1196954250335691,0
2024-09-25 04:00:00,1.1196954250335691,1.1201971769332886,1.11906898021698,1.1193194389343262,0
2024-09-25 08:00:00,1.1195701360702517,1.1198208332061768,1.1181930303573608,1.11906898021698,0
2024-09-25 12:00:00,1.11906898021698,1.1215791702270508,1.1169440746307373,1.1174432039260864,0
2024-09-25 16:00:00,1.1175681352615356,1.1176930665969849,1.1125946044921875,1.1139578819274902,0
2024-09-25 20:00:00,1.113709807395935,1.113833785057068,1.1128422021865845,1.1135857105255127,0
2024-09-26 00:00:00,1.11346173286438,1.1144545078277588,1.1132138967514038,1.1144545078277588,0
2024-09-26 04:00:00,1.1144545078277588,1.115946888923645,1.1140819787979126,1.1156978607177734,0
2024-09-26 08:00:00,1.1158223152160645,1.116071343421936,1.1129660606384275,1.1156978607177734,0
2024-09-26 12:00:00,1.115946888923645,1.1176930665969849,1.1129660606384275,1.1168192625045776,0
2024-09-26 16:00:00,1.1169440746307373,1.119194269180298,1.1169440746307373,1.1181930303573608,0
2024-09-26 20:00:00,1.1181930303573608,1.1186933517456057,1.1175681352615356,1.1179429292678833,0
2024-09-27 00:00:00,1.1179429292678833,1.118067979812622,1.1165698766708374,1.117193579673767,0
2024-09-27 04:00:00,1.117193579673767,1.117817997932434,1.1144545078277588,1.1153244972229004,0
2024-09-27 08:00:00,1.1150758266448977,1.1174432039260864,1.1128422021865845,1.1166945695877075,0
2024-09-27 12:00:00,1.1166945695877075,1.1205737590789795,1.1156978607177734,1.1181930303573608,0
2024-09-27 16:00:00,1.118067979812622,1.118067979812622,1.114951491355896,1.1170687675476074,0
2024-09-27 20:00:00,1.1169440746307373,1.1170687675476074,1.1161960363388062,1.1168192625045776,0
2024-09-30 00:00:00,1.1173185110092163,1.1176930665969849,1.115946888923645,1.1163206100463867,0
2024-09-30 04:00:00,1.1164453029632568,1.117193579673767,1.115946888923645,1.1170687675476074,0
2024-09-30 08:00:00,1.1170687675476074,1.1212018728256226,1.1163206100463867,1.1193194389343262,0
2024-09-30 12:00:00,1.1193194389343262,1.1205737590789795,1.1145787239074707,1.1163206100463867,0
2024-09-30 16:00:00,1.1163206100463867,1.1166945695877075,1.1118524074554443,1.1135857105255127,0
2024-09-30 20:00:00,1.1132138967514038,1.1145787239074707,1.1124708652496338,1.1145787239074707,0
2024-10-01 00:00:00,1.1144545078277588,1.1145787239074707,1.1132138967514038,1.1142061948776243,0
2024-10-01 04:00:00,1.1142061948776243,1.1147029399871826,1.11346173286438,1.113709807395935,0
2024-10-01 08:00:00,1.113833785057068,1.113833785057068,1.1087703704833984,1.1090162992477417,0
2024-10-01 12:00:00,1.1092623472213743,1.1102476119995115,1.1063170433044434,1.1079105138778689,0
2024-10-01 16:00:00,1.108033299446106,1.108033299446106,1.1049723625183103,1.1075423955917358,0
2024-10-01 20:00:00,1.1076650619506836,1.108033299446106,1.1069294214248655,1.107174515724182,0
2024-10-02 00:00:00,1.107051968574524,1.1076650619506836,1.1066844463348389,1.1069294214248655,0
2024-10-02 04:00:00,1.107051968574524,1.1076650619506836,1.1058276891708374,1.107051968574524,0
2024-10-02 08:00:00,1.1069294214248655,1.1085245609283447,1.1065618991851809,1.107051968574524,0
2024-10-02 12:00:00,1.107051968574524,1.1079105138778689,1.1038745641708374,1.1038745641708374,0
2024-10-02 16:00:00,1.1038745641708374,1.105705499649048,1.1036310195922852,1.1041183471679688,0
2024-10-02 20:00:00,1.1041183471679688,1.1055831909179688,1.103996515274048,1.1049723625183103,0
2024-10-03 00:00:00,1.1049723625183103,1.1050944328308103,1.1038745641708374,1.1038745641708374,0
2024-10-03 04:00:00,1.1038745641708374,1.1046061515808103,1.1027790307998655,1.1041183471679688,0
2024-10-03 08:00:00,1.103996515274048,1.1049723625183103,1.1031439304351809,1.1046061515808103,0
2024-10-03 12:00:00,1.1046061515808103,1.1049723625183103,1.1012003421783447,1.1021713018417358,0
2024-10-03 16:00:00,1.1019283533096311,1.1038745641708374,1.1015641689300537,1.1029006242752075,0
2024-10-03 20:00:00,1.1029006242752075,1.1038745641708374,1.1027790307998655,1.1037527322769165,0
2024-10-04 00:00:00,1.1037527322769165,1.1042402982711792,1.1031439304351809,1.1033873558044434,0
2024-10-04 04:00:00,1.1033873558044434,1.1038745641708374,1.1027790307998655,1.1035091876983645,0
2024-10-04 08:00:00,1.1035091876983645,1.1037527322769165,1.1024142503738403,1.1030223369598389,0
2024-10-04 12:00:00,1.103265643119812,1.1038745641708374,1.0962508916854858,1.0972130298614502,0
2024-10-04 16:00:00,1.0972130298614502,1.0975743532180786,1.0954102277755735,1.0975743532180786,0
2024-10-04 20:00:00,1.0974539518356323,1.098056435585022,1.0972130298614502,1.0972130298614502,0
2024-10-07 00:00:00,1.0973334312438965,1.098056435585022,1.0970927476882937,1.0974539518356323,0
2024-10-07 04:00:00,1.0974539518356323,1.0976948738098145,1.096731662750244,1.0974539518356323,0
2024-10-07 08:00:00,1.0973334312438965,1.098056435585022,1.0958904027938845,1.0969723463058472,0
2024-10-07 12:00:00,1.0968520641326904,1.098780393600464,1.096611499786377,1.0978153944015503,0
2024-10-07 16:00:00,1.0978153944015503,1.0990219116210938,1.0972130298614502,1.0972130298614502,0
2024-10-07 20:00:00,1.0970927476882937,1.0981770753860474,1.0968520641326904,1.098056435585022,0
2024-10-08 00:00:00,1.0981770753860474,1.098780393600464,1.0975743532180786,1.098418354988098,0
2024-10-08 04:00:00,1.098538875579834,1.0991426706314087,1.098418354988098,1.098659634590149,0
2024-10-08 08:00:00,1.098659634590149,1.0999890565872192,1.0981770753860474,1.0990219116210938,0
2024-10-08 12:00:00,1.098780393600464,1.0992635488510132,1.0969723463058472,1.0974539518356323,0
2024-10-08 16:00:00,1.0973334312438965,1.0981770753860474,1.096611499786377,1.0975743532180786,0
2024-10-08 20:00:00,1.0974539518356323,1.098538875579834,1.0973334312438965,1.0982975959777832,0
2024-10-09 00:00:00,1.098418354988098,1.098418354988098,1.0972130298614502,1.0974539518356323,0
2024-10-09 04:00:00,1.0974539518356323,1.097935914993286,1.0964912176132202,1.096611499786377,0
2024-10-09 08:00:00,1.096731662750244,1.0973334312438965,1.0955302715301514,1.0969723463058472,0
2024-10-09 12:00:00,1.0968520641326904,1.0969723463058472,1.0944511890411377,1.09505033493042,0
2024-10-09 16:00:00,1.09505033493042,1.0958904027938845,1.0939722061157229,1.0939722061157229,0
2024-10-09 20:00:00,1.0939722061157229,1.094570875167847,1.0939722061157229,1.0943313837051392,0
2024-10-10 00:00:00,1.0943313837051392,1.0949305295944214,1.0942115783691406,1.094570875167847,0
2024-10-10 04:00:00,1.0944511890411377,1.0948106050491333,1.0939722061157229,1.0940918922424316,0
2024-10-10 08:00:00,1.0940918922424316,1.094570875167847,1.093135118484497,1.0942115783691406,0
2024-10-10 12:00:00,1.0942115783691406,1.0952903032302856,1.0918222665786743,1.0925379991531372,0
2024-10-10 16:00:00,1.0926573276519775,1.0932546854019165,1.0903936624526978,1.0926573276519775,0
2024-10-10 20:00:00,1.0925379991531372,1.0940918922424316,1.0925379991531372,1.093732833862305,0
2024-10-11 00:00:00,1.093732833862305,1.0940918922424316,1.0932546854019165,1.0939722061157229,0
2024-10-11 04:00:00,1.0940918922424316,1.0943313837051392,1.0936132669448853,1.0942115783691406,0
2024-10-11 08:00:00,1.0943313837051392,1.095650315284729,1.0933741331100464,1.0938525199890137,0
2024-10-11 12:00:00,1.093732833862305,1.0952903032302856,1.0928961038589478,1.094570875167847,0
2024-10-11 16:00:00,1.094570875167847,1.0955302715301514,1.0942115783691406,1.0942115783691406,0
2024-10-11 20:00:00,1.0942115783691406,1.0942115783691406,1.0934937000274658,1.0940918922424316,0
2024-10-14 00:00:00,1.0930156707763672,1.093135118484497,1.091941475868225,1.0927767753601074,0
2024-10-14 04:00:00,1.0927767753601074,1.0933741331100464,1.0925379991531372,1.0928961038589478,0
2024-10-14 08:00:00,1.0927767753601074,1.0939722061157229,1.0925379991531372,1.0926573276519775,0
2024-10-14 12:00:00,1.0926573276519775,1.0928961038589478,1.090869426727295,1.0917030572891235,0
2024-10-14 16:00:00,1.0918222665786743,1.091941475868225,1.0897995233535769,1.0900371074676514,0
2024-10-14 20:00:00,1.0899182558059692,1.0915838479995728,1.0893245935440063,1.091226577758789,0
2024-10-15 00:00:00,1.091226577758789,1.0914647579193115,1.0903936624526978,1.09051251411438,0
2024-10-15 04:00:00,1.09051251411438,1.09051251411438,1.0888501405715942,1.089561939239502,0
2024-10-15 08:00:00,1.089561939239502,1.091941475868225,1.0888501405715942,1.0906314849853516,0
2024-10-15 12:00:00,1.09051251411438,1.091941475868225,1.0901559591293335,1.0906314849853516,0
2024-10-15 16:00:00,1.09051251411438,1.0909883975982666,1.0884946584701538,1.0890873670578003,0
2024-10-15 20:00:00,1.0890873670578003,1.0899182558059692,1.0889687538146973,1.089205980300903,0
2024-10-16 00:00:00,1.0893245935440063,1.089561939239502,1.0884946584701538,1.089561939239502,0
2024-10-16 04:00:00,1.089561939239502,1.0897995233535769,1.087902545928955,1.088020920753479,0
2024-10-16 08:00:00,1.087902545928955,1.0900371074676514,1.087902545928955,1.0893245935440063,0
2024-10-16 12:00:00,1.0893245935440063,1.090274691581726,1.0875475406646729,1.0882576704025269,0
2024-10-16 16:00:00,1.088139295578003,1.0882576704025269,1.085894227027893,1.085894227027893,0
2024-10-16 20:00:00,1.085894227027893,1.0874292850494385,1.0856584310531616,1.086130142211914,0
2024-10-17 00:00:00,1.086130142211914,1.0868383646011353,1.085894227027893,1.0864840745925903,0
2024-10-17 04:00:00,1.0864840745925903,1.0864840745925903,1.0853049755096436,1.0853049755096436,0
2024-10-17 08:00:00,1.0853049755096436,1.08672034740448,1.0851871967315674,1.08672034740448,0
2024-10-17 12:00:00,1.0868383646011353,1.087074637413025,1.081548810005188,1.0830715894699097,0
2024-10-17 16:00:00,1.0830715894699097,1.0842459201812744,1.08236825466156,1.0828369855880735,0
2024-10-17 20:00:00,1.082719802856445,1.0837758779525757,1.082719802856445,1.0833063125610352,0
2024-10-18 00:00:00,1.0831888914108276,1.0842459201812744,1.0828369855880735,1.0841283798217771,0
2024-10-18 04:00:00,1.0841283798217771,1.0850694179534912,1.0840108394622805,1.0848339796066284,0
2024-10-18 08:00:00,1.0845986604690552,1.0850694179534912,1.0837758779525757,1.0848339796066284,0
2024-10-18 12:00:00,1.0848339796066284,1.0866022109985352,1.084481120109558,1.0860122442245483,0
2024-10-18 16:00:00,1.086130142211914,1.087074637413025,1.0855406522750854,1.0868383646011353,0
2024-10-18 20:00:00,1.0868383646011353,1.087311029434204,1.0866022109985352,1.08695650100708,0
2024-10-21 00:00:00,1.0871928930282593,1.087311029434204,1.08672034740448,1.08672034740448,0
2024-10-21 04:00:00,1.0868383646011353,1.087074637413025,1.0853049755096436,1.0855406522750854,0
2024-10-21 08:00:00,1.0855406522750854,1.086130142211914,1.0848339796066284,1.0849517583847046,0
2024-10-21 12:00:00,1.0850694179534912,1.086130142211914,1.0836584568023682,1.0837758779525757,0
2024-10-21 16:00:00,1.0837758779525757,1.0837758779525757,1.0814317464828491,1.0814317464828491,0
2024-10-21 20:00:00,1.081548810005188,1.0821340084075928,1.0814317464828491,1.0818997621536257,0
2024-10-22 00:00:00,1.0818997621536257,1.08236825466156,1.0816657543182373,1.0817828178405762,0
2024-10-22 04:00:00,1.0818997621536257,1.0830715894699097,1.0817828178405762,1.0828369855880735,0
2024-10-22 08:00:00,1.0828369855880735,1.0840108394622805,1.0817828178405762,1.0831888914108276,0
2024-10-22 12:00:00,1.0831888914108276,1.0831888914108276,1.0803803205490112,1.0813149213790894,0
2024-10-22 16:00:00,1.08119797706604,1.0817828178405762,1.0803803205490112,1.0804970264434814,0
2024-10-22 20:00:00,1.0801469087600708,1.0807305574417114,1.079563856124878,1.0801469087600708,0
2024-10-23 00:00:00,1.0801469087600708,1.0808473825454712,1.079563856124878,1.0807305574417114,0
2024-10-23 04:00:00,1.0807305574417114,1.080964207649231,1.079563856124878,1.0796804428100586,0
2024-10-23 08:00:00,1.079563856124878,1.079563856124878,1.0780508518218994,1.0780508518218994,0
2024-10-23 12:00:00,1.0780508518218994,1.078515887260437,1.0765421390533447,1.077818512916565,0
2024-10-23 16:00:00,1.077702283859253,1.0788650512695312,1.0770059823989868,1.078515887260437,0
2024-10-23 20:00:00,1.078283429145813,1.0789813995361328,1.0781670808792114,1.078399658203125,0
2024-10-24 00:00:00,1.078515887260437,1.079214334487915,1.078283429145813,1.079097867012024,0
2024-10-24 04:00:00,1.079097867012024,1.0796804428100586,1.078515887260437,1.0786322355270386,0
2024-10-24 08:00:00,1.078515887260437,1.080964207649231,1.0773539543151855,1.080263614654541,0
2024-10-24 12:00:00,1.0801469087600708,1.0813149213790894,1.0793308019638062,1.0801469087600708,0
2024-10-24 16:00:00,1.0800302028656006,1.0828369855880735,1.07991361618042,1.082602620124817,0
2024-10-24 20:00:00,1.0824854373931885,1.0836584568023682,1.08236825466156,1.0828369855880735,0
2024-10-25 00:00:00,1.082719802856445,1.0830715894699097,1.0822510719299316,1.0829542875289917,0
2024-10-25 04:00:00,1.0828369855880735,1.0828369855880735,1.0817828178405762,1.0817828178405762,0
2024-10-25 08:00:00,1.0818997621536257,1.0838934183120728,1.0817828178405762,1.082602620124817,0
2024-10-25 12:00:00,1.082719802856445,1.0842459201812744,1.0824854373931885,1.0834236145019531,0
2024-10-25 16:00:00,1.0833063125610352,1.0837758779525757,1.080263614654541,1.0806137323379517,0
2024-10-25 20:00:00,1.0804970264434814,1.0804970264434814,1.079563856124878,1.080263614654541,0
2024-10-28 00:00:00,1.07991361618042,1.0803803205490112,1.0786322355270386,1.0786322355270386,0
2024-10-28 04:00:00,1.0786322355270386,1.0808473825454712,1.078515887260437,1.0807305574417114,0
2024-10-28 08:00:00,1.0806137323379517,1.08236825466156,1.0804970264434814,1.0822510719299316,0
2024-10-28 12:00:00,1.0822510719299316,1.0829542875289917,1.0816657543182373,1.0821340084075928,0
2024-10-28 16:00:00,1.0820168256759644,1.0828369855880735,1.0813149213790894,1.0817828178405762,0
2024-10-28 20:00:00,1.0820168256759644,1.0820168256759644,1.0810810327529907,1.0818997621536257,0
2024-10-29 00:00:00,1.0818997621536257,1.0821340084075928,1.0808473825454712,1.0810810327529907,0
2024-10-29 04:00:00,1.0810810327529907,1.0817828178405762,1.0808473825454712,1.0813149213790894,0
2024-10-29 08:00:00,1.0813149213790894,1.0829542875289917,1.0800302028656006,1.080263614654541,0
2024-10-29 12:00:00,1.0800302028656006,1.0814317464828491,1.0772379636764526,1.0800302028656006,0
2024-10-29 16:00:00,1.080263614654541,1.0818997621536257,1.079563856124878,1.0816657543182373,0
2024-10-29 20:00:00,1.0816657543182373,1.0824854373931885,1.081548810005188,1.0822510719299316,0
2024-10-30 00:00:00,1.08236825466156,1.0828369855880735,1.0816657543182373,1.0816657543182373,0
2024-10-30 04:00:00,1.0816657543182373,1.0829542875289917,1.0816657543182373,1.0821340084075928,0
2024-10-30 08:00:00,1.0829542875289917,1.085894227027893,1.0824854373931885,1.082719802856445,0
2024-10-30 12:00:00,1.082719802856445,1.08695650100708,1.0813149213790894,1.08672034740448,0
2024-10-30 16:00:00,1.0863661766052246,1.0874292850494385,1.0856584310531616,1.0863661766052246,0
2024-10-30 20:00:00,1.0862481594085691,1.0864840745925903,1.0856584310531616,1.086130142211914,0
2024-10-31 00:00:00,1.086130142211914,1.0862481594085691,1.0847163200378418,1.0853049755096436,0
2024-10-31 04:00:00,1.0851871967315674,1.0866022109985352,1.0848339796066284,1.0862481594085691,0
2024-10-31 08:00:00,1.0863661766052246,1.0877841711044312,1.0854227542877195,1.087074637413025,0
2024-10-31 12:00:00,1.08695650100708,1.0890873670578003,1.0850694179534912,1.0857763290405271,0
2024-10-31 16:00:00,1.0857763290405271,1.088139295578003,1.0857763290405271,1.088020920753479,0
2024-10-31 20:00:00,1.088139295578003,1.0889687538146973,1.088139295578003,1.0887316465377808,0
2024-11-01 00:00:00,1.0887316465377808,1.089205980300903,1.0877841711044312,1.087902545928955,0
2024-11-01 04:00:00,1.087902545928955,1.0883761644363403,1.0871928930282593,1.0871928930282593,0
2024-11-01 08:00:00,1.08695650100708,1.0871928930282593,1.0855406522750854,1.087074637413025,0
2024-11-01 12:00:00,1.087074637413025,1.0907504558563232,1.0850694179534912,1.0851871967315674,0
2024-11-01 16:00:00,1.0850694179534912,1.0857763290405271,1.0837758779525757,1.0837758779525757,0
2024-11-01 20:00:00,1.0838934183120728,1.0843634605407717,1.0834236145019531,1.0843634605407717,0
2024-11-04 00:00:00,1.0875475406646729,1.0907504558563232,1.087311029434204,1.0903936624526978,0
2024-11-04 04:00:00,1.0903936624526978,1.09051251411438,1.0890873670578003,1.0893245935440063,0
2024-11-04 08:00:00,1.0893245935440063,1.0917030572891235,1.089205980300903,1.0917030572891235,0
2024-11-04 12:00:00,1.0915838479995728,1.0917030572891235,1.089680790901184,1.0901559591293335,0
2024-11-04 16:00:00,1.090274691581726,1.0903936624526978,1.088139295578003,1.088139295578003,0
2024-11-04 20:00:00,1.088139295578003,1.0886130332946775,1.0876659154891968,1.0876659154891968,0
2024-11-05 00:00:00,1.0876659154891968,1.0882576704025269,1.0875475406646729,1.087902545928955,0
2024-11-05 04:00:00,1.087902545928955,1.0894432067871094,1.0877841711044312,1.089205980300903,0
2024-11-05 08:00:00,1.0893245935440063,1.09051251411438,1.0888501405715942,1.090274691581726,0
2024-11-05 12:00:00,1.0901559591293335,1.0914647579193115,1.0893245935440063,1.09051251411438,0
2024-11-05 16:00:00,1.09051251411438,1.0939722061157229,1.09051251411438,1.0934937000274658,0
2024-11-05 20:00:00,1.0932546854019165,1.0939722061157229,1.0914647579193115,1.0933741331100464,0
2024-11-06 00:00:00,1.0933741331100464,1.0934937000274658,1.0722709894180298,1.0742292404174805,0
2024-11-06 04:00:00,1.0750375986099243,1.0797970294952393,1.070778489112854,1.073767900466919,0
2024-11-06 08:00:00,1.073767900466919,1.0780508518218994,1.0704345703125,1.0710078477859497,0
2024-11-06 12:00:00,1.0713521242141724,1.0742292404174805,1.0686043500900269,1.074113845825195,0
2024-11-06 16:00:00,1.074113845825195,1.0760787725448608,1.072961449623108,1.0736525058746338,0
2024-11-06 20:00:00,1.0738831758499146,1.074113845825195,1.072846293449402,1.073422074317932,0
2024-11-07 00:00:00,1.0735372304916382,1.0744600296020508,1.0715816020965576,1.0743446350097656,0
2024-11-07 04:00:00,1.0742292404174805,1.0772379636764526,1.073767900466919,1.075384497642517,0
2024-11-07 08:00:00,1.0757315158843994,1.0773539543151855,1.0750375986099243,1.0761945247650146,0
2024-11-07 12:00:00,1.0759629011154177,1.0829542875289917,1.0759629011154177,1.0814317464828491,0
2024-11-07 16:00:00,1.0814317464828491,1.0816657543182373,1.07758629322052,1.079097867012024,0
2024-11-07 20:00:00,1.0787487030029297,1.0810810327529907,1.0787487030029297,1.0797970294952393,0
2024-11-08 00:00:00,1.0797970294952393,1.07991361618042,1.0780508518218994,1.0780508518218994,0
2024-11-08 04:00:00,1.0780508518218994,1.0789813995361328,1.077702283859253,1.078283429145813,0
2024-11-08 08:00:00,1.078399658203125,1.07991361618042,1.0764262676239014,1.078515887260437,0
2024-11-08 12:00:00,1.0786322355270386,1.0786322355270386,1.0744600296020508,1.0751532316207886,0
2024-11-08 16:00:00,1.0751532316207886,1.0752688646316528,1.0690613985061646,1.071811318397522,0
2024-11-08 20:00:00,1.0716965198516846,1.0725010633468628,1.0713521242141724,1.0723860263824463,0
2024-11-11 00:00:00,1.0715816020965576,1.0730764865875244,1.071237325668335,1.071926236152649,0
2024-11-11 04:00:00,1.071926236152649,1.0725010633468628,1.0689470767974854,1.069290041923523,0
2024-11-11 08:00:00,1.069404363632202,1.06963312625885,1.0659844875335691,1.066439151763916,0
2024-11-11 12:00:00,1.0666667222976685,1.0666667222976685,1.063490390777588,1.0649627447128296,0
2024-11-11 16:00:00,1.0650761127471924,1.0659844875335691,1.064736008644104,1.0655300617218018,0
2024-11-11 20:00:00,1.0655300617218018,1.066439151763916,1.0655300617218018,1.066439151763916,0
2024-11-12 00:00:00,1.0665528774261477,1.0667804479599,1.064056158065796,1.0641694068908691,0
2024-11-12 04:00:00,1.0641694068908691,1.0648492574691772,1.0628122091293335,1.0636035203933716,0
2024-11-12 08:00:00,1.06326425075531,1.0636035203933716,1.0614584684371948,1.0622477531433103,0
2024-11-12 12:00:00,1.0622477531433103,1.062925100326538,1.060557842254639,1.0611205101013184,0
2024-11-12 16:00:00,1.0612331628799438,1.062134861946106,1.0597710609436035,1.0615711212158203,0
2024-11-12 20:00:00,1.0615711212158203,1.062925100326538,1.0613458156585691,1.061909317970276,0
2024-11-13 00:00:00,1.061909317970276,1.063151240348816,1.0614584684371948,1.0622477531433103,0
2024-11-13 04:00:00,1.0622477531433103,1.0625863075256348,1.060557842254639,1.060557842254639,0
2024-11-13 08:00:00,1.0606703758239746,1.064056158065796,1.05988347530365,1.064056158065796,0
2024-11-13 12:00:00,1.064056158065796,1.0654165744781494,1.0560777187347412,1.0590976476669312,0
2024-11-13 16:00:00,1.0592098236083984,1.0594342947006226,1.0559661388397217,1.056859016418457,0
2024-11-13 20:00:00,1.056970715522766,1.0570825338363647,1.0558546781539917,1.056747317314148,0
2024-11-14 00:00:00,1.056859016418457,1.0570825338363647,1.0548522472381592,1.05507493019104,0
2024-11-14 04:00:00,1.05507493019104,1.0557432174682615,1.053629755973816,1.055408954620361,0
2024-11-14 08:00:00,1.0551862716674805,1.0559661388397217,1.0503098964691162,1.0532968044281006,0
2024-11-14 12:00:00,1.0530749559402466,1.0579770803451538,1.051745891571045,1.0578652620315552,0
2024-11-14 16:00:00,1.0575296878814695,1.0582010746002195,1.054741144180298,1.05507493019104,0
2024-11-14 20:00:00,1.054741144180298,1.054741144180298,1.0515247583389282,1.0530749559402466,0
2024-11-15 00:00:00,1.0530749559402466,1.0548522472381592,1.0526316165924072,1.0542962551116943,0
2024-11-15 04:00:00,1.0542962551116943,1.0566357374191284,1.0537407398223877,1.0559661388397217,0
2024-11-15 08:00:00,1.0557432174682615,1.0582010746002195,1.0555204153060913,1.0579770803451538,0
2024-11-15 12:00:00,1.0580891370773315,1.0590976476669312,1.052853226661682,1.053851842880249,0
2024-11-15 16:00:00,1.0537407398223877,1.0561892986297607,1.0537407398223877,1.054185152053833,0
2024-11-15 20:00:00,1.0539628267288208,1.0542962551116943,1.0520778894424438,1.0542962551116943,0
2024-11-18 00:00:00,1.0539628267288208,1.055297613143921,1.0534077882766724,1.0537407398223877,0
2024-11-18 04:00:00,1.053629755973816,1.05507493019104,1.053629755973816,1.0548522472381592,0
2024-11-18 08:00:00,1.05507493019104,1.0574177503585815,1.053518772125244,1.0545185804367063,0
2024-11-18 12:00:00,1.0546298027038574,1.057753324508667,1.0537407398223877,1.0576413869857788,0
2024-11-18 16:00:00,1.0576413869857788,1.0610079765319824,1.056970715522766,1.0594342947006226,0
2024-11-18 20:00:00,1.0594342947006226,1.060557842254639,1.0592098236083984,1.0597710609436035,0
2024-11-19 00:00:00,1.0597710609436035,1.060333013534546,1.058985471725464,1.05988347530365,0
2024-11-19 04:00:00,1.0599957704544067,1.06022047996521,1.0578652620315552,1.0582010746002195,0
2024-11-19 08:00:00,1.0579770803451538,1.0590976476669312,1.0529640913009644,1.0564124584197998,0
2024-11-19 12:00:00,1.0565240383148191,1.06022047996521,1.0563008785247805,1.0588732957839966,0
2024-11-19 16:00:00,1.058985471725464,1.0597710609436035,1.0575296878814695,1.0597710609436035,0
2024-11-19 20:00:00,1.059658765792847,1.0611205101013184,1.0594342947006226,1.060895323753357,0
2024-11-20 00:00:00,1.0610079765319824,1.0612331628799438,1.0590976476669312,1.0592098236083984,0
2024-11-20 04:00:00,1.0592098236083984,1.0597710609436035,1.0580891370773315,1.0580891370773315,0
2024-11-20 08:00:00,1.0582010746002195,1.0582010746002195,1.0545185804367063,1.0558546781539917,0
2024-11-20 12:00:00,1.0557432174682615,1.056970715522766,1.0520778894424438,1.0522992610931396,0
2024-11-20 16:00:00,1.0526316165924072,1.0545185804367063,1.0510826110839844,1.054185152053833,0
2024-11-20 20:00:00,1.054185152053833,1.0548522472381592,1.0539628267288208,1.0548522472381592,0
2024-11-21 00:00:00,1.0548522472381592,1.0556317567825315,1.0545185804367063,1.0556317567825315,0
2024-11-21 04:00:00,1.0556317567825315,1.0557432174682615,1.0532968044281006,1.053851842880249,0
2024-11-21 08:00:00,1.0539628267288208,1.0545185804367063,1.0516352653503418,1.052188515663147,0
2024-11-21 12:00:00,1.0524100065231323,1.0545185804367063,1.0513036251068115,1.051414132118225,0
2024-11-21 16:00:00,1.0513036251068115,1.0515247583389282,1.04657244682312,1.048657774925232,0
2024-11-21 20:00:00,1.048657774925232,1.0488777160644531,1.047120451927185,1.047120451927185,0
2024-11-22 00:00:00,1.0472300052642822,1.047998309135437,1.0470107793807983,1.0478885173797607,0
2024-11-22 04:00:00,1.0477787256240845,1.049097776412964,1.046462893486023,1.0488777160644531,0
2024-11-22 08:00:00,1.0488777160644531,1.0499789714813232,1.0342330932617188,1.0416667461395264,0
2024-11-22 12:00:00,1.042209506034851,1.0437324047088623,1.0402579307556152,1.0412328243255615,0
2024-11-22 16:00:00,1.0413411855697632,1.0427528619766235,1.039501070976257,1.0415581464767456,0
2024-11-22 20:00:00,1.0413411855697632,1.0423181056976318,1.04112446308136,1.042209506034851,0
2024-11-25 00:00:00,1.0481081008911133,1.0492078065872192,1.0476689338684082,1.048218011856079,0
2024-11-25 04:00:00,1.0481081008911133,1.0492078065872192,1.045369029045105,1.045478343963623,0
2024-11-25 08:00:00,1.045478343963623,1.0498688220977783,1.045259714126587,1.048218011856079,0
2024-11-25 12:00:00,1.048327922821045,1.0532968044281006,1.0476689338684082,1.049097776412964,0
2024-11-25 16:00:00,1.0493179559707642,1.0513036251068115,1.0470107793807983,1.0506409406661987,0
2024-11-25 20:00:00,1.0507513284683228,1.051193118095398,1.0455876588821411,1.046353459358215,0
2024-11-26 00:00:00,1.0446046590805054,1.048218011856079,1.043079137802124,1.047998309135437,0
2024-11-26 04:00:00,1.0481081008911133,1.0492078065872192,1.0476689338684082,1.0477787256240845,0
2024-11-26 08:00:00,1.0475592613220217,1.0522992610931396,1.0474494695663452,1.0515247583389282,0
2024-11-26 12:00:00,1.0515247583389282,1.054741144180298,1.048327922821045,1.048327922821045,0
2024-11-26 16:00:00,1.0485477447509766,1.0488777160644531,1.0460251569747925,1.0476689338684082,0
2024-11-26 20:00:00,1.0475592613220217,1.049648404121399,1.0475592613220217,1.049428105354309,0
2024-11-27 00:00:00,1.049538254737854,1.0497585535049438,1.0481081008911133,1.0485477447509766,0
2024-11-27 04:00:00,1.0485477447509766,1.0506409406661987,1.0476689338684082,1.0503098964691162,0
2024-11-27 08:00:00,1.0498688220977783,1.054073929786682,1.0498688220977783,1.052853226661682,0
2024-11-27 12:00:00,1.0529640913009644,1.0579770803451538,1.0524100065231323,1.0575296878814695,0
2024-11-27 16:00:00,1.0574177503585815,1.058985471725464,1.0558546781539917,1.0564124584197998,0
2024-11-27 20:00:00,1.0566357374191284,1.057305932044983,1.0563008785247805,1.0565240383148191,0
2024-11-28 00:00:00,1.0565240383148191,1.0565240383148191,1.0551862716674805,1.055408954620361,0
2024-11-28 04:00:00,1.0556317567825315,1.0560777187347412,1.053518772125244,1.0546298027038574,0
2024-11-28 08:00:00,1.053851842880249,1.0558546781539917,1.0530749559402466,1.05507493019104,0
2024-11-28 12:00:00,1.055297613143921,1.0559661388397217,1.0534077882766724,1.0555204153060913,0
2024-11-28 16:00:00,1.0555204153060913,1.0559661388397217,1.05507493019104,1.0559661388397217,0
2024-11-28 20:00:00,1.0559661388397217,1.0565240383148191,1.0551862716674805,1.0564124584197998,0
2024-11-29 00:00:00,1.0563008785247805,1.0578652620315552,1.0560777187347412,1.0576413869857788,0
2024-11-29 04:00:00,1.0576413869857788,1.0597710609436035,1.056859016418457,1.0583131313323977,0
2024-11-29 08:00:00,1.0582010746002195,1.0582010746002195,1.0555204153060913,1.0563008785247805,0
2024-11-29 12:00:00,1.0566357374191284,1.0570825338363647,1.0548522472381592,1.0566357374191284,0
2024-11-29 16:00:00,1.0564124584197998,1.0583131313323977,1.0545185804367063,1.0583131313323977,0
2024-11-29 20:00:00,1.0583131313323977,1.0590976476669312,1.0580891370773315,1.0580891370773315,0
2024-12-02 00:00:00,1.054741144180298,1.054741144180298,1.0522992610931396,1.0526316165924072,0
2024-12-02 04:00:00,1.0526316165924072,1.0539628267288208,1.0505305528640747,1.0505305528640747,0
2024-12-02 08:00:00,1.050420165061951,1.0530749559402466,1.0500892400741575,1.052520751953125,0
2024-12-02 12:00:00,1.052520751953125,1.0539628267288208,1.04657244682312,1.047120451927185,0
2024-12-02 16:00:00,1.047120451927185,1.0500892400741575,1.046462893486023,1.0493179559707642,0
2024-12-02 20:00:00,1.049428105354309,1.051856517791748,1.0493179559707642,1.0503098964691162,0
2024-12-03 00:00:00,1.0503098964691162,1.0503098964691162,1.0485477447509766,1.0493179559707642,0
2024-12-03 04:00:00,1.0493179559707642,1.0513036251068115,1.0484378337860107,1.0499789714813232,0
2024-12-03 08:00:00,1.0503098964691162,1.0532968044281006,1.0503098964691162,1.0526316165924072,0
2024-12-03 12:00:00,1.0524100065231323,1.0531858205795288,1.0497585535049438,1.051745891571045,0
2024-12-03 16:00:00,1.0520778894424438,1.053629755973816,1.0506409406661987,1.0507513284683228,0
2024-12-03 20:00:00,1.0507513284683228,1.0515247583389282,1.0506409406661987,1.0513036251068115,0
2024-12-04 00:00:00,1.0513036251068115,1.051414132118225,1.049097776412964,1.049648404121399,0
2024-12-04 04:00:00,1.049538254737854,1.0530749559402466,1.0493179559707642,1.0513036251068115,0
2024-12-04 08:00:00,1.0513036251068115,1.0516352653503418,1.048657774925232,1.0508617162704468,0
2024-12-04 12:00:00,1.0507513284683228,1.0542962551116943,1.0476689338684082,1.0531858205795288,0
2024-12-04 16:00:00,1.0529640913009644,1.0545185804367063,1.051193118095398,1.0516352653503418,0
2024-12-04 20:00:00,1.0516352653503418,1.0519671440124512,1.0508617162704468,1.0515247583389282,0
2024-12-05 00:00:00,1.0515247583389282,1.0526316165924072,1.0510826110839844,1.052520751953125,0
2024-12-05 04:00:00,1.0526316165924072,1.054073929786682,1.0520778894424438,1.0537407398223877,0
2024-12-05 08:00:00,1.053851842880249,1.0548522472381592,1.052520751953125,1.053851842880249,0
2024-12-05 12:00:00,1.0539628267288208,1.0590976476669312,1.0527424812316897,1.0574177503585815,0
2024-12-05 16:00:00,1.0574177503585815,1.0590976476669312,1.0560777187347412,1.0590976476669312,0
2024-12-05 20:00:00,1.0588732957839966,1.0592098236083984,1.0584250688552856,1.0588732957839966,0
2024-12-06 00:00:00,1.0588732957839966,1.0588732957839966,1.056970715522766,1.0579770803451538,0
2024-12-06 04:00:00,1.0578652620315552,1.0586491823196411,1.0570825338363647,1.0586491823196411,0
2024-12-06 08:00:00,1.0585371255874634,1.059658765792847,1.0575296878814695,1.0590976476669312,0
2024-12-06 12:00:00,1.0588732957839966,1.062925100326538,1.0548522472381592,1.0566357374191284,0
2024-12-06 16:00:00,1.0565240383148191,1.0575296878814695,1.0545185804367063,1.0557432174682615,0
2024-12-06 20:00:00,1.0558546781539917,1.0571942329406738,1.0558546781539917,1.0566357374191284,0
2024-12-09 00:00:00,1.056859016418457,1.056859016418457,1.054185152053833,1.054185152053833,0
2024-12-09 04:00:00,1.054073929786682,1.056859016418457,1.053518772125244,1.0566357374191284,0
2024-12-09 08:00:00,1.0566357374191284,1.0587612390518188,1.0559661388397217,1.0571942329406738,0
2024-12-09 12:00:00,1.0570825338363647,1.0594342947006226,1.0560777187347412,1.0594342947006226,0
2024-12-09 16:00:00,1.0594342947006226,1.059658765792847,1.0555204153060913,1.0557432174682615,0
2024-12-09 20:00:00,1.0558546781539917,1.0559661388397217,1.0549635887145996,1.0557432174682615,0
2024-12-10 00:00:00,1.0556317567825315,1.0563008785247805,1.0548522472381592,1.0558546781539917,0
2024-12-10 04:00:00,1.0560777187347412,1.0570825338363647,1.0549635887145996,1.0549635887145996,0
2024-12-10 08:00:00,1.055297613143921,1.055297613143921,1.0527424812316897,1.0534077882766724,0
2024-12-10 12:00:00,1.0534077882766724,1.053629755973816,1.0501995086669922,1.0506409406661987,0
2024-12-10 16:00:00,1.0507513284683228,1.0534077882766724,1.0503098964691162,1.0529640913009644,0
2024-12-10 20:00:00,1.0529640913009644,1.053518772125244,1.0526316165924072,1.0534077882766724,0
2024-12-11 00:00:00,1.0534077882766724,1.054185152053833,1.0530749559402466,1.0531858205795288,0
2024-12-11 04:00:00,1.0530749559402466,1.0532968044281006,1.049097776412964,1.0493179559707642,0
2024-12-11 08:00:00,1.0493179559707642,1.051414132118225,1.0489877462387085,1.0506409406661987,0
2024-12-11 12:00:00,1.0507513284683228,1.053851842880249,1.048327922821045,1.0492078065872192,0
2024-12-11 16:00:00,1.0492078065872192,1.051414132118225,1.0484378337860107,1.049428105354309,0
2024-12-11 20:00:00,1.049538254737854,1.0509721040725708,1.0492078065872192,1.0508617162704468,0
2024-12-12 00:00:00,1.0508617162704468,1.051193118095398,1.050420165061951,1.0508617162704468,0
2024-12-12 04:00:00,1.0508617162704468,1.0532968044281006,1.0506409406661987,1.0519671440124512,0
2024-12-12 08:00:00,1.051856517791748,1.0522992610931396,1.0497585535049438,1.0505305528640747,0
2024-12-12 12:00:00,1.050420165061951,1.0522992610931396,1.0467915534973145,1.0475592613220217,0
2024-12-12 16:00:00,1.0475592613220217,1.0519671440124512,1.0475592613220217,1.0475592613220217,0
2024-12-12 20:00:00,1.0476689338684082,1.0476689338684082,1.0461344718933103,1.0476689338684082,0
2024-12-13 00:00:00,1.0475592613220217,1.048327922821045,1.0462440252304075,1.0462440252304075,0
2024-12-13 04:00:00,1.046353459358215,1.0467915534973145,1.0456969738006592,1.046353459358215,0
2024-12-13 08:00:00,1.0462440252304075,1.0498688220977783,1.0462440252304075,1.0492078065872192,0
2024-12-13 12:00:00,1.049097776412964,1.0524100065231323,1.0485477447509766,1.0492078065872192,0
2024-12-13 16:00:00,1.0492078065872192,1.0507513284683228,1.0489877462387085,1.0497585535049438,0
2024-12-13 20:00:00,1.0498688220977783,1.0507513284683228,1.049648404121399,1.050420165061951,0
2024-12-16 00:00:00,1.051193118095398,1.052520751953125,1.051193118095398,1.0515247583389282,0
2024-12-16 04:00:00,1.0515247583389282,1.0524100065231323,1.0507513284683228,1.0508617162704468,0
2024-12-16 08:00:00,1.0507513284683228,1.052520751953125,1.048657774925232,1.0493179559707642,0
2024-12-16 12:00:00,1.049428105354309,1.051414132118225,1.047998309135437,1.0508617162704468,0
2024-12-16 16:00:00,1.0509721040725708,1.0524100065231323,1.0498688220977783,1.0513036251068115,0
2024-12-16 20:00:00,1.051193118095398,1.0520778894424438,1.0509721040725708,1.0519671440124512,0
2024-12-17 00:00:00,1.0519671440124512,1.0534077882766724,1.051414132118225,1.0515247583389282,0
2024-12-17 04:00:00,1.0515247583389282,1.0515247583389282,1.0498688220977783,1.0498688220977783,0
2024-12-17 08:00:00,1.0500892400741575,1.0501995086669922,1.048218011856079,1.049428105354309,0
2024-12-17 12:00:00,1.049538254737854,1.0513036251068115,1.0493179559707642,1.0500892400741575,0
2024-12-17 16:00:00,1.0503098964691162,1.051745891571045,1.049097776412964,1.0492078065872192,0
2024-12-17 20:00:00,1.049097776412964,1.0499789714813232,1.0487676858901978,1.0497585535049438,0
2024-12-18 00:00:00,1.0497585535049438,1.0506409406661987,1.049538254737854,1.0501995086669922,0
2024-12-18 04:00:00,1.0501995086669922,1.0515247583389282,1.0497585535049438,1.0499789714813232,0
2024-12-18 08:00:00,1.0499789714813232,1.0506409406661987,1.0492078065872192,1.0497585535049438,0
2024-12-18 12:00:00,1.0499789714813232,1.050420165061951,1.0474494695663452,1.0474494695663452,0
2024-12-18 16:00:00,1.0476689338684082,1.049538254737854,1.0377750396728516,1.0379904508590698,0
2024-12-18 20:00:00,1.037882685661316,1.0383137464523315,1.0346611738204956,1.035303831100464,0
2024-12-19 00:00:00,1.0354111194610596,1.0392849445343018,1.0354111194610596,1.0380982160568235,0
2024-12-19 04:00:00,1.0380982160568235,1.0410159826278689,1.037882685661316,1.039933443069458,0
2024-12-19 08:00:00,1.0396090745925903,1.042535424232483,1.0393929481506348,1.0405826568603516,0
2024-12-19 12:00:00,1.0402579307556152,1.0414496660232544,1.0379904508590698,1.0383137464523315,0
2024-12-19 16:00:00,1.0383137464523315,1.0386372804641724,1.0358400344848633,1.0364842414855957,0
2024-12-19 20:00:00,1.0364842414855957,1.0371291637420654,1.0362694263458252,1.036591649055481,0
2024-12-20 00:00:00,1.0366991758346558,1.0370217561721802,1.03616201877594,1.0364842414855957,0
2024-12-20 04:00:00,1.0364842414855957,1.0387451648712158,1.0347682237625122,1.0387451648712158,0
2024-12-20 08:00:00,1.038421630859375,1.0400415658950806,1.037882685661316,1.039501070976257,0
2024-12-20 12:00:00,1.0393929481506348,1.0421009063720703,1.0389610528945925,1.0398253202438354,0
2024-12-20 16:00:00,1.039933443069458,1.0449320077896118,1.039933443069458,1.0447137355804443,0
2024-12-20 20:00:00,1.0447137355804443,1.0449320077896118,1.0426441431045532,1.0434056520462036,0
2024-12-23 00:00:00,1.0437324047088623,1.0444954633712769,1.0429704189300537,1.0440592765808103,0
2024-12-23 04:00:00,1.0441683530807495,1.0448229312896729,1.0414496660232544,1.0415581464767456,0
2024-12-23 08:00:00,1.0416667461395264,1.042209506034851,1.0390689373016355,1.040149807929993,0
2024-12-23 12:00:00,1.040474534034729,1.04112446308136,1.0387451648712158,1.0392849445343018,0
2024-12-23 16:00:00,1.0396090745925903,1.0419923067092896,1.0392849445343018,1.0413411855697632,0
2024-12-23 20:00:00,1.0415581464767456,1.0416667461395264,1.040474534034729,1.0407993793487549,0
2024-12-24 00:00:00,1.0406910181045532,1.04112446308136,1.0391769409179688,1.0393929481506348,0
2024-12-24 04:00:00,1.039501070976257,1.0400415658950806,1.0392849445343018,1.0392849445343018,0
2024-12-24 08:00:00,1.0393929481506348,1.0407993793487549,1.0391769409179688,1.039717197418213,0
2024-12-24 12:00:00,1.0398253202438354,1.0412328243255615,1.0391769409179688,1.0393929481506348,0
2024-12-24 16:00:00,1.039501070976257,1.040149807929993,1.0386372804641724,1.0396090745925903,0
2024-12-24 20:00:00,1.0398253202438354,1.0407993793487549,1.0392849445343018,1.039717197418213,0
2024-12-25 00:00:00,1.0398253202438354,1.041775107383728,1.039501070976257,1.0403661727905271,0
2024-12-25 04:00:00,1.0400415658950806,1.04112446308136,1.039933443069458,1.0409077405929563,0
2024-12-25 08:00:00,1.0410159826278689,1.0410159826278689,1.0410159826278689,1.0410159826278689,0
2024-12-25 20:00:00,1.0406910181045532,1.0414496660232544,1.039933443069458,1.040149807929993,0
2024-12-26 00:00:00,1.040149807929993,1.0406910181045532,1.0396090745925903,1.0403661727905271,0
2024-12-26 04:00:00,1.0402579307556152,1.040474534034729,1.0393929481506348,1.039933443069458,0
2024-12-26 08:00:00,1.040149807929993,1.0405826568603516,1.0393929481506348,1.0403661727905271,0
2024-12-26 12:00:00,1.0403661727905271,1.041775107383728,1.0396090745925903,1.0413411855697632,0
2024-12-26 16:00:00,1.0412328243255615,1.0432968139648438,1.0409077405929563,1.042209506034851,0
2024-12-26 20:00:00,1.0419923067092896,1.0429704189300537,1.0419923067092896,1.042426824569702,0
2024-12-27 00:00:00,1.042426824569702,1.0426441431045532,1.0410159826278689,1.0415581464767456,0
2024-12-27 04:00:00,1.0415581464767456,1.0426441431045532,1.0409077405929563,1.042426824569702,0
2024-12-27 08:00:00,1.0421009063720703,1.044277310371399,1.04112446308136,1.0441683530807495,0
2024-12-27 12:00:00,1.0441683530807495,1.0446046590805054,1.0418837070465088,1.042535424232483,0
2024-12-27 16:00:00,1.0426441431045532,1.043514609336853,1.041775107383728,1.043079137802124,0
2024-12-27 20:00:00,1.043079137802124,1.043079137802124,1.042426824569702,1.042426824569702,0
2024-12-30 00:00:00,1.0432968139648438,1.0434056520462036,1.042426824569702,1.0427528619766235,0
2024-12-30 04:00:00,1.0427528619766235,1.0434056520462036,1.042535424232483,1.043079137802124,0
2024-12-30 08:00:00,1.0429704189300537,1.045478343963623,1.0413411855697632,1.04504132270813,0
2024-12-30 12:00:00,1.0451505184173584,1.0460251569747925,1.0377750396728516,1.0383137464523315,0
2024-12-30 16:00:00,1.0382059812545776,1.0409077405929563,1.037882685661316,1.039933443069458,0
2024-12-30 20:00:00,1.0398253202438354,1.041775107383728,1.0398253202438354,1.0407993793487549,0
2024-12-31 00:00:00,1.0407993793487549,1.0416667461395264,1.0400415658950806,1.04112446308136,0
2024-12-31 04:00:00,1.0412328243255615,1.0414496660232544,1.040149807929993,1.0414496660232544,0
2024-12-31 08:00:00,1.0413411855697632,1.0427528619766235,1.0409077405929563,1.0412328243255615,0
2024-12-31 12:00:00,1.0415581464767456,1.0415581464767456,1.035625457763672,1.035625457763672,0
2024-12-31 16:00:00,1.03616201877594,1.0364842414855957,1.0346611738204956,1.0357327461242676,0
2024-12-31 20:00:00,1.0358400344848633,1.036591649055481,1.0347682237625122,1.035303831100464,0
2025-01-01 04:00:00,1.0351966619491575,1.0351966619491575,1.0351966619491575,1.0351966619491575,0
2025-01-01 16:00:00,1.0355182886123655,1.036591649055481,1.0355182886123655,1.03616201877594,0
2025-01-01 20:00:00,1.03616201877594,1.0362694263458252,1.0347682237625122,1.0354111194610596,0
2025-01-02 00:00:00,1.0354111194610596,1.0376672744750977,1.034982442855835,1.037451982498169,0
2025-01-02 04:00:00,1.037451982498169,1.0377750396728516,1.0363768339157104,1.036591649055481,0
2025-01-02 08:00:00,1.036806583404541,1.037344455718994,1.031885266304016,1.0333781242370603,0
2025-01-02 12:00:00,1.0335917472839355,1.033698558807373,1.0277491807937622,1.0277491807937622,0
2025-01-02 16:00:00,1.0278549194335938,1.0278549194335938,1.0237510204315186,1.0253255367279053,0
2025-01-02 20:00:00,1.025430679321289,1.0272213220596311,1.025430679321289,1.027010440826416,0
2025-01-03 00:00:00,1.027010440826416,1.0277491807937622,1.0269049406051636,1.0273269414901731,0
2025-01-03 04:00:00,1.0273269414901731,1.0287007093429563,1.0267994403839111,1.0283833742141724,0
2025-01-03 08:00:00,1.0287007093429563,1.0305029153823853,1.0275379419326782,1.0300782918930054,0
2025-01-03 12:00:00,1.0300782918930054,1.0308215618133545,1.0276435613632202,1.0290182828903198,0
2025-01-03 16:00:00,1.0291242599487305,1.0309277772903442,1.0287007093429563,1.0305029153823853,0
2025-01-03 20:00:00,1.0302904844284058,1.031246781349182,1.0301843881607056,1.031246781349182,0
2025-01-06 00:00:00,1.0307153463363647,1.0320981740951538,1.029866099357605,1.031885266304016,0
2025-01-06 04:00:00,1.031885266304016,1.0330578088760376,1.0310341119766235,1.0330578088760376,0
2025-01-06 08:00:00,1.0329511165618896,1.043079137802124,1.0329511165618896,1.0423181056976318,0
2025-01-06 12:00:00,1.0426441431045532,1.0437324047088623,1.0360547304153442,1.0396090745925903,0
2025-01-06 16:00:00,1.039717197418213,1.040474534034729,1.0379904508590698,1.0391769409179688,0
2025-01-06 20:00:00,1.0389610528945925,1.040474534034729,1.038421630859375,1.0386372804641724,0
2025-01-07 00:00:00,1.0386372804641724,1.039501070976257,1.0379904508590698,1.039501070976257,0
2025-01-07 04:00:00,1.0396090745925903,1.042535424232483,1.0392849445343018,1.0416667461395264,0
2025-01-07 08:00:00,1.041775107383728,1.043623447418213,1.0406910181045532,1.0416667461395264,0
2025-01-07 12:00:00,1.0416667461395264,1.0419923067092896,1.0360547304153442,1.0372368097305298,0
2025-01-07 16:00:00,1.0375596284866333,1.0380982160568235,1.035303831100464,1.0357327461242676,0
2025-01-07 20:00:00,1.0358400344848633,1.0358400344848633,1.0341261625289917,1.0346611738204956,0
2025-01-08 00:00:00,1.0344470739364624,1.0357327461242676,1.0344470739364624,1.0350896120071411,0
2025-01-08 04:00:00,1.034982442855835,1.0360547304153442,1.033271312713623,1.033271312713623,0
2025-01-08 08:00:00,1.0335917472839355,1.0341261625289917,1.0278549194335938,1.0297601222991943,0
2025-01-08 12:00:00,1.0300782918930054,1.0311404466629028,1.0283833742141724,1.0302904844284058,0
2025-01-08 16:00:00,1.0303966999053955,1.0327378511428833,1.029866099357605,1.031246781349182,0
2025-01-08 20:00:00,1.0311404466629028,1.0323113203048706,1.0310341119766235,1.0316723585128784,0
2025-01-09 00:00:00,1.0316723585128784,1.032417893409729,1.0308215618133545,1.0313531160354614,0
2025-01-09 04:00:00,1.0313531160354614,1.0314594507217407,1.0292301177978516,1.0292301177978516,0
2025-01-09 08:00:00,1.0293360948562622,1.031885266304016,1.0288065671920776,1.0302904844284058,0
2025-01-09 12:00:00,1.0305029153823853,1.031991720199585,1.0297601222991943,1.0301843881607056,0
2025-01-09 16:00:00,1.0301843881607056,1.0306090116500854,1.0295480489730835,1.0302904844284058,0
2025-01-09 20:00:00,1.0301843881607056,1.0309277772903442,1.029866099357605,1.0299721956253052,0
2025-01-10 00:00:00,1.0299721956253052,1.0306090116500854,1.0295480489730835,1.0301843881607056,0
2025-01-10 04:00:00,1.0301843881607056,1.0302904844284058,1.0283833742141724,1.029866099357605,0
2025-01-10 08:00:00,1.0299721956253052,1.0314594507217407,1.0295480489730835,1.0305029153823853,0
2025-01-10 12:00:00,1.0305029153823853,1.0313531160354614,1.02228581905365,1.025430679321289,0
2025-01-10 16:00:00,1.0253255367279053,1.0253255367279053,1.0232272148132324,1.024800181388855,0
2025-01-10 20:00:00,1.024800181388855,1.0252203941345217,1.0239607095718384,1.024800181388855,0
2025-01-13 00:00:00,1.0246951580047607,1.0252203941345217,1.0216591358184814,1.021763563156128,0
2025-01-13 04:00:00,1.0218679904937744,1.022704005241394,1.0210332870483398,1.021763563156128,0
2025-01-13 08:00:00,1.0218679904937744,1.0233319997787476,1.0182262659072876,1.0198878049850464,0
2025-01-13 12:00:00,1.0198878049850464,1.0221813917160034,1.0190563201904297,1.019991755485535,0
2025-01-13 16:00:00,1.019991755485535,1.022390365600586,1.019575834274292,1.0210332870483398,0
2025-01-13 20:00:00,1.0210332870483398,1.0278549194335938,1.0210332870483398,1.0266940593719482,0
2025-01-14 00:00:00,1.0264832973480225,1.0264832973480225,1.0241703987121582,1.0251153707504272,0
2025-01-14 04:00:00,1.0251153707504272,1.0265886783599854,1.0245901346206665,1.0256409645080566,0
2025-01-14 08:00:00,1.0256409645080566,1.0275379419326782,1.0255358219146729,1.025851488113403,0
2025-01-14 12:00:00,1.02574622631073,1.029654026031494,1.0243802070617676,1.029654026031494,0
2025-01-14 16:00:00,1.0295480489730835,1.0307153463363647,1.0281718969345093,1.0299721956253052,0
2025-01-14 20:00:00,1.0300782918930054,1.0311404466629028,1.0299721956253052,1.0308215618133545,0
2025-01-15 00:00:00,1.0308215618133545,1.0308215618133545,1.029866099357605,1.0305029153823853,0
2025-01-15 04:00:00,1.0303966999053955,1.0310341119766235,1.0289124250411987,1.0308215618133545,0
2025-01-15 08:00:00,1.0307153463363647,1.031991720199585,1.0297601222991943,1.0303966999053955,0
2025-01-15 12:00:00,1.0303966999053955,1.0351966619491575,1.029654026031494,1.0308215618133545,0
2025-01-15 16:00:00,1.0306090116500854,1.0309277772903442,1.027010440826416,1.029654026031494,0
2025-01-15 20:00:00,1.0295480489730835,1.0300782918930054,1.0289124250411987,1.0297601222991943,0
2025-01-16 00:00:00,1.029866099357605,1.0301843881607056,1.0287007093429563,1.0292301177978516,0
2025-01-16 04:00:00,1.0293360948562622,1.0303966999053955,1.0283833742141724,1.0299721956253052,0
2025-01-16 08:00:00,1.0300782918930054,1.0300782918930054,1.028489112854004,1.0293360948562622,0
2025-01-16 12:00:00,1.0290182828903198,1.0307153463363647,1.0266940593719482,1.0303966999053955,0
2025-01-16 16:00:00,1.0305029153823853,1.0317788124084473,1.0291242599487305,1.0305029153823853,0
2025-01-16 20:00:00,1.0303966999053955,1.0307153463363647,1.029866099357605,1.0303966999053955,0
2025-01-17 00:00:00,1.0303966999053955,1.031246781349182,1.0300782918930054,1.0303966999053955,0
2025-01-17 04:00:00,1.0303966999053955,1.0303966999053955,1.0280661582946775,1.0288065671920776,0
2025-01-17 08:00:00,1.0289124250411987,1.0311404466629028,1.0289124250411987,1.0307153463363647,0
2025-01-17 12:00:00,1.0308215618133545,1.0329511165618896,1.0269049406051636,1.0303966999053955,0
2025-01-17 16:00:00,1.0300782918930054,1.0301843881607056,1.0276435613632202,1.0279605388641355,0
2025-01-17 20:00:00,1.0278549194335938,1.0283833742141724,1.0272213220596311,1.0274324417114258,0
2025-01-20 00:00:00,1.028489112854004,1.0308215618133545,1.0281718969345093,1.0308215618133545,0
2025-01-20 04:00:00,1.0309277772903442,1.031991720199585,1.0302904844284058,1.0317788124084473,0
2025-01-20 08:00:00,1.031885266304016,1.0328444242477417,1.0307153463363647,1.0328444242477417,0
2025-01-20 12:00:00,1.0328444242477417,1.043187975883484,1.0315659046173096,1.0402579307556152,0
2025-01-20 16:00:00,1.040149807929993,1.0423181056976318,1.0357327461242676,1.0423181056976318,0
2025-01-20 20:00:00,1.0423181056976318,1.043514609336853,1.0410159826278689,1.0423181056976318,0
2025-01-21 00:00:00,1.042426824569702,1.043623447418213,1.035947322845459,1.0390689373016355,0
2025-01-21 04:00:00,1.0390689373016355,1.0400415658950806,1.0369141101837158,1.0377750396728516,0
2025-01-21 08:00:00,1.0375596284866333,1.0375596284866333,1.034554123878479,1.035625457763672,0
2025-01-21 12:00:00,1.0354111194610596,1.0412328243255615,1.0348752737045288,1.0402579307556152,0
2025-01-21 16:00:00,1.0402579307556152,1.043623447418213,1.040149807929993,1.0421009063720703,0
2025-01-21 20:00:00,1.0418837070465088,1.0437324047088623,1.0398253202438354,1.0409077405929563,0
2025-01-22 00:00:00,1.04112446308136,1.0427528619766235,1.0409077405929563,1.0414496660232544,0
2025-01-22 04:00:00,1.0414496660232544,1.042426824569702,1.0403661727905271,1.0413411855697632,0
2025-01-22 08:00:00,1.0413411855697632,1.0459157228469849,1.0412328243255615,1.0446046590805054,0
2025-01-22 12:00:00,1.044386386871338,1.0448229312896729,1.041775107383728,1.0423181056976318,0
2025-01-22 16:00:00,1.042209506034851,1.0426441431045532,1.0414496660232544,1.0423181056976318,0
2025-01-22 20:00:00,1.042209506034851,1.042535424232483,1.0407993793487549,1.04112446308136,0
2025-01-23 00:00:00,1.04112446308136,1.041775107383728,1.040149807929993,1.04112446308136,0
2025-01-23 04:00:00,1.04112446308136,1.0415581464767456,1.0396090745925903,1.0403661727905271,0
2025-01-23 08:00:00,1.0403661727905271,1.042209506034851,1.0393929481506348,1.040474534034729,0
2025-01-23 12:00:00,1.0405826568603516,1.041775107383728,1.0390689373016355,1.039933443069458,0
2025-01-23 16:00:00,1.0400415658950806,1.0440592765808103,1.0388531684875488,1.042535424232483,0
2025-01-23 20:00:00,1.042426824569702,1.043187975883484,1.0415581464767456,1.041775107383728,0
2025-01-24 00:00:00,1.041775107383728,1.0455876588821411,1.0415581464767456,1.04504132270813,0
2025-01-24 04:00:00,1.0448229312896729,1.047120451927185,1.0446046590805054,1.046353459358215,0
2025-01-24 08:00:00,1.046353459358215,1.051745891571045,1.0462440252304075,1.0487676858901978,0
2025-01-24 12:00:00,1.0487676858901978,1.052188515663147,1.0466820001602173,1.052188515663147,0
2025-01-24 16:00:00,1.0519671440124512,1.0522992610931396,1.049538254737854,1.0497585535049438,0
2025-01-24 20:00:00,1.049648404121399,1.0499789714813232,1.049097776412964,1.0493179559707642,0
2025-01-27 00:00:00,1.047120451927185,1.0481081008911133,1.0462440252304075,1.047120451927185,0
2025-01-27 04:00:00,1.047120451927185,1.0473397970199585,1.0456969738006592,1.0460251569747925,0
2025-01-27 08:00:00,1.0461344718933103,1.0520778894424438,1.0456969738006592,1.0515247583389282,0
2025-01-27 12:00:00,1.0516352653503418,1.053518772125244,1.049648404121399,1.0501995086669922,0
2025-01-27 16:00:00,1.0501995086669922,1.0509721040725708,1.0484378337860107,1.049428105354309,0
2025-01-27 20:00:00,1.049428105354309,1.049648404121399,1.0432968139648438,1.0447137355804443,0
2025-01-28 00:00:00,1.0439503192901611,1.0458062887191772,1.0429704189300537,1.0432968139648438,0
2025-01-28 04:00:00,1.043187975883484,1.0447137355804443,1.0429704189300537,1.0437324047088623,0
2025-01-28 08:00:00,1.0437324047088623,1.0447137355804443,1.0423181056976318,1.0427528619766235,0
2025-01-28 12:00:00,1.0426441431045532,1.044277310371399,1.041775107383728,1.0426441431045532,0
2025-01-28 16:00:00,1.0426441431045532,1.0440592765808103,1.042535424232483,1.0438413619995115,0
2025-01-28 20:00:00,1.0437324047088623,1.0438413619995115,1.0429704189300537,1.043079137802124,0
2025-01-29 00:00:00,1.0429704189300537,1.0441683530807495,1.0429704189300537,1.0440592765808103,0
2025-01-29 04:00:00,1.0440592765808103,1.0446046590805054,1.041775107383728,1.0418837070465088,0
2025-01-29 08:00:00,1.0419923067092896,1.043187975883484,1.0398253202438354,1.040474534034729,0
2025-01-29 12:00:00,1.0403661727905271,1.0429704189300537,1.0386372804641724,1.0423181056976318,0
2025-01-29 16:00:00,1.042209506034851,1.043079137802124,1.039501070976257,1.0419923067092896,0
2025-01-29 20:00:00,1.0416667461395264,1.0429704189300537,1.0409077405929563,1.0427528619766235,0
2025-01-30 00:00:00,1.0426441431045532,1.043187975883484,1.042209506034851,1.0427528619766235,0
2025-01-30 04:00:00,1.0427528619766235,1.043079137802124,1.0413411855697632,1.0426441431045532,0
2025-01-30 08:00:00,1.0429704189300537,1.0429704189300537,1.039501070976257,1.039501070976257,0
2025-01-30 12:00:00,1.0396090745925903,1.0466820001602173,1.0392849445343018,1.043187975883484,0
2025-01-30 16:00:00,1.0434056520462036,1.0437324047088623,1.0413411855697632,1.043187975883484,0
2025-01-30 20:00:00,1.043079137802124,1.043514609336853,1.0387451648712158,1.039933443069458,0
2025-01-31 00:00:00,1.039933443069458,1.040474534034729,1.0386372804641724,1.0387451648712158,0
2025-01-31 04:00:00,1.0387451648712158,1.0414496660232544,1.0386372804641724,1.0407993793487549,0
2025-01-31 08:00:00,1.0405826568603516,1.0409077405929563,1.0369141101837158,1.0377750396728516,0
2025-01-31 12:00:00,1.0379904508590698,1.0400415658950806,1.0363768339157104,1.0400415658950806,0
2025-01-31 16:00:00,1.039933443069458,1.043514609336853,1.036806583404541,1.037882685661316,0
2025-01-31 20:00:00,1.0377750396728516,1.0385295152664185,1.0354111194610596,1.0362694263458252,0
2025-02-03 00:00:00,1.0246951580047607,1.0266940593719482,1.0215548276901243,1.022390365600586,0
2025-02-03 04:00:00,1.022599458694458,1.025430679321289,1.022494912147522,1.0228086709976196,0
2025-02-03 08:00:00,1.022599458694458,1.02574622631073,1.0215548276901243,1.025430679321289,0
2025-02-03 12:00:00,1.0255358219146729,1.033164620399475,1.024800181388855,1.0316723585128784,0
2025-02-03 16:00:00,1.0317788124084473,1.0323113203048706,1.0277491807937622,1.0287007093429563,0
2025-02-03 20:00:00,1.0287007093429563,1.0351966619491575,1.0287007093429563,1.0329511165618896,0
2025-02-04 00:00:00,1.033271312713623,1.033271312713623,1.031246781349182,1.0317788124084473,0
2025-02-04 04:00:00,1.0316723585128784,1.031991720199585,1.0279605388641355,1.0313531160354614,0
2025-02-04 08:00:00,1.0317788124084473,1.0351966619491575,1.031246781349182,1.0325244665145874,0
2025-02-04 12:00:00,1.0325244665145874,1.0387451648712158,1.0323113203048706,1.0382059812545776,0
2025-02-04 16:00:00,1.0383137464523315,1.0389610528945925,1.0370217561721802,1.0385295152664185,0
2025-02-04 20:00:00,1.038421630859375,1.0389610528945925,1.037451982498169,1.037451982498169,0
2025-02-05 00:00:00,1.0376672744750977,1.0388531684875488,1.037344455718994,1.0383137464523315,0
2025-02-05 04:00:00,1.0383137464523315,1.0410159826278689,1.0376672744750977,1.0405826568603516,0
2025-02-05 08:00:00,1.0405826568603516,1.0434056520462036,1.0392849445343018,1.041775107383728,0
2025-02-05 12:00:00,1.0415581464767456,1.0440592765808103,1.0405826568603516,1.042426824569702,0
2025-02-05 16:00:00,1.042426824569702,1.0426441431045532,1.0407993793487549,1.0410159826278689,0
2025-02-05 20:00:00,1.0409077405929563,1.0410159826278689,1.0400415658950806,1.0403661727905271,0
2025-02-06 00:00:00,1.0403661727905271,1.0406910181045532,1.0392849445343018,1.039501070976257,0
2025-02-06 04:00:00,1.039501070976257,1.0396090745925903,1.0380982160568235,1.038421630859375,0
2025-02-06 08:00:00,1.0382059812545776,1.0383137464523315,1.035947322845459,1.0366991758346558,0
2025-02-06 12:00:00,1.0360547304153442,1.037882685661316,1.0357327461242676,1.0371291637420654,0
2025-02-06 16:00:00,1.0372368097305298,1.0398253202438354,1.0369141101837158,1.0387451648712158,0
2025-02-06 20:00:00,1.0386372804641724,1.0392849445343018,1.038421630859375,1.0388531684875488,0
2025-02-07 00:00:00,1.0388531684875488,1.0393929481506348,1.0377750396728516,1.0382059812545776,0
2025-02-07 04:00:00,1.0383137464523315,1.0392849445343018,1.0375596284866333,1.0391769409179688,0
2025-02-07 08:00:00,1.0392849445343018,1.0402579307556152,1.0379904508590698,1.0385295152664185,0
2025-02-07 12:00:00,1.038421630859375,1.0389610528945925,1.0333781242370603,1.035625457763672,0
2025-02-07 16:00:00,1.0354111194610596,1.0357327461242676,1.0310341119766235,1.033484935760498,0
2025-02-07 20:00:00,1.0333781242370603,1.0340192317962646,1.0325244665145874,1.0328444242477417,0
2025-02-10 00:00:00,1.031246781349182,1.0320981740951538,1.0301843881607056,1.0313531160354614,0
2025-02-10 04:00:00,1.0314594507217407,1.0327378511428833,1.0313531160354614,1.0315659046173096,0
2025-02-10 08:00:00,1.0315659046173096,1.0338054895401,1.0310341119766235,1.032417893409729,0
2025-02-10 12:00:00,1.0323113203048706,1.0328444242477417,1.0307153463363647,1.0317788124084473,0
2025-02-10 16:00:00,1.0317788124084473,1.031991720199585,1.0307153463363647,1.0309277772903442,0
2025-02-10 20:00:00,1.0309277772903442,1.0314594507217407,1.0300782918930054,1.0303966999053955,0
2025-02-11 00:00:00,1.0302904844284058,1.0309277772903442,1.0295480489730835,1.0300782918930054,0
2025-02-11 04:00:00,1.0300782918930054,1.0313531160354614,1.0300782918930054,1.0306090116500854,0
2025-02-11 08:00:00,1.0307153463363647,1.0327378511428833,1.0303966999053955,1.032417893409729,0
2025-02-11 12:00:00,1.0325244665145874,1.034554123878479,1.031991720199585,1.0343401432037354,0
2025-02-11 16:00:00,1.0342330932617188,1.037344455718994,1.0342330932617188,1.03616201877594,0
2025-02-11 20:00:00,1.03616201877594,1.0387451648712158,1.0360547304153442,1.0366991758346558,0
2025-02-12 00:00:00,1.0366991758346558,1.0370217561721802,1.0357327461242676,1.0363768339157104,0
2025-02-12 04:00:00,1.0364842414855957,1.0382059812545776,1.0358400344848633,1.0376672744750977,0
2025-02-12 08:00:00,1.0376672744750977,1.0387451648712158,1.036806583404541,1.0377750396728516,0
2025-02-12 12:00:00,1.0377750396728516,1.0382059812545776,1.0320981740951538,1.0375596284866333,0
2025-02-12 16:00:00,1.0377750396728516,1.043187975883484,1.0354111194610596,1.0393929481506348,0
2025-02-12 20:00:00,1.0393929481506348,1.0400415658950806,1.038421630859375,1.0393929481506348,0
2025-02-13 00:00:00,1.039501070976257,1.042426824569702,1.0390689373016355,1.0421009063720703,0
2025-02-13 04:00:00,1.0421009063720703,1.0441683530807495,1.0421009063720703,1.0427528619766235,0
2025-02-13 08:00:00,1.0428615808486938,1.043187975883484,1.0398253202438354,1.0405826568603516,0
2025-02-13 12:00:00,1.040474534034729,1.0438413619995115,1.0380982160568235,1.0437324047088623,0
2025-02-13 16:00:00,1.043623447418213,1.0447137355804443,1.0383137464523315,1.0439503192901611,0
2025-02-13 20:00:00,1.0439503192901611,1.0481081008911133,1.0438413619995115,1.046353459358215,0
2025-02-14 00:00:00,1.04657244682312,1.0469011068344116,1.0456969738006592,1.0461344718933103,0
2025-02-14 04:00:00,1.0461344718933103,1.0474494695663452,1.04504132270813,1.0467915534973145,0
2025-02-14 08:00:00,1.0469011068344116,1.049097776412964,1.04657244682312,1.0470107793807983,0
2025-02-14 12:00:00,1.0469011068344116,1.0516352653503418,1.0460251569747925,1.051193118095398,0
2025-02-14 16:00:00,1.0510826110839844,1.051193118095398,1.0497585535049438,1.0501995086669922,0
2025-02-14 20:00:00,1.0500892400741575,1.0500892400741575,1.0492078065872192,1.049538254737854,0
2025-02-17 00:00:00,1.049097776412964,1.0508617162704468,1.0488777160644531,1.0497585535049438,0
2025-02-17 04:00:00,1.0497585535049438,1.0500892400741575,1.0485477447509766,1.0485477447509766,0
2025-02-17 08:00:00,1.048657774925232,1.0492078065872192,1.0474494695663452,1.0485477447509766,0
2025-02-17 12:00:00,1.0484378337860107,1.0487676858901978,1.0470107793807983,1.048327922821045,0
2025-02-17 16:00:00,1.048327922821045,1.0487676858901978,1.047998309135437,1.0484378337860107,0
2025-02-17 20:00:00,1.0484378337860107,1.0493179559707642,1.0477787256240845,1.0487676858901978,0
2025-02-18 00:00:00,1.0487676858901978,1.0488777160644531,1.046462893486023,1.04657244682312,0
2025-02-18 04:00:00,1.04657244682312,1.047120451927185,1.045478343963623,1.04657244682312,0
2025-02-18 08:00:00,1.0466820001602173,1.0472300052642822,1.0459157228469849,1.04657244682312,0
2025-02-18 12:00:00,1.04657244682312,1.0470107793807983,1.0444954633712769,1.0469011068344116,0
2025-02-18 16:00:00,1.0469011068344116,1.047120451927185,1.0439503192901611,1.0448229312896729,0
2025-02-18 20:00:00,1.0446046590805054,1.045478343963623,1.0444954633712769,1.04504132270813,0
2025-02-19 00:00:00,1.04504132270813,1.045478343963623,1.0444954633712769,1.045369029045105,0
2025-02-19 04:00:00,1.045369029045105,1.046462893486023,1.0451505184173584,1.045478343963623,0
2025-02-19 08:00:00,1.045478343963623,1.0456969738006592,1.042209506034851,1.0427528619766235,0
2025-02-19 12:00:00,1.042535424232483,1.044277310371399,1.042535424232483,1.0427528619766235,0
2025-02-19 16:00:00,1.0426441431045532,1.043514609336853,1.0403661727905271,1.0428615808486938,0
2025-02-19 20:00:00,1.0427528619766235,1.043079137802124,1.0423181056976318,1.0423181056976318,0
2025-02-20 00:00:00,1.042426824569702,1.0440592765808103,1.042209506034851,1.0434056520462036,0
2025-02-20 04:00:00,1.0434056520462036,1.043623447418213,1.0427528619766235,1.0432968139648438,0
2025-02-20 08:00:00,1.043514609336853,1.0449320077896118,1.043187975883484,1.0440592765808103,0
2025-02-20 12:00:00,1.0441683530807495,1.0477787256240845,1.0437324047088623,1.0476689338684082,0
2025-02-20 16:00:00,1.0475592613220217,1.0505305528640747,1.0467915534973145,1.050420165061951,0
2025-02-20 20:00:00,1.0503098964691162,1.0507513284683228,1.0498688220977783,1.0503098964691162,0
2025-02-21 00:00:00,1.0503098964691162,1.0506409406661987,1.0487676858901978,1.0505305528640747,0
2025-02-21 04:00:00,1.050420165061951,1.0507513284683228,1.049097776412964,1.049538254737854,0
2025-02-21 08:00:00,1.049428105354309,1.049648404121399,1.0466820001602173,1.0472300052642822,0
2025-02-21 12:00:00,1.0472300052642822,1.0493179559707642,1.0458062887191772,1.0458062887191772,0
2025-02-21 16:00:00,1.0458062887191772,1.0470107793807983,1.045259714126587,1.04657244682312,0
2025-02-21 20:00:00,1.046353459358215,1.0466820001602173,1.0461344718933103,1.0462440252304075,0
2025-02-24 00:00:00,1.0476689338684082,1.0530749559402466,1.0475592613220217,1.0522992610931396,0
2025-02-24 04:00:00,1.0522992610931396,1.0522992610931396,1.0489877462387085,1.0493179559707642,0
2025-02-24 08:00:00,1.0493179559707642,1.049538254737854,1.0467915534973145,1.0472300052642822,0
2025-02-24 12:00:00,1.047120451927185,1.0477787256240845,1.0455876588821411,1.047120451927185,0
2025-02-24 16:00:00,1.047120451927185,1.0488777160644531,1.0469011068344116,1.0477787256240845,0
2025-02-24 20:00:00,1.0477787256240845,1.048218011856079,1.046353459358215,1.046353459358215,0
2025-02-25 00:00:00,1.046462893486023,1.0478885173797607,1.0462440252304075,1.0475592613220217,0
2025-02-25 04:00:00,1.0476689338684082,1.048218011856079,1.0467915534973145,1.0467915534973145,0
2025-02-25 08:00:00,1.046462893486023,1.0492078065872192,1.0460251569747925,1.0492078065872192,0
2025-02-25 12:00:00,1.0493179559707642,1.052188515663147,1.049097776412964,1.0500892400741575,0
2025-02-25 16:00:00,1.0500892400741575,1.0519671440124512,1.048657774925232,1.0513036251068115,0
2025-02-25 20:00:00,1.051414132118225,1.052520751953125,1.051193118095398,1.0522992610931396,0
2025-02-26 00:00:00,1.0522992610931396,1.0527424812316897,1.050420165061951,1.0507513284683228,0
2025-02-26 04:00:00,1.0506409406661987,1.0507513284683228,1.0489877462387085,1.0497585535049438,0
2025-02-26 08:00:00,1.049538254737854,1.051414132118225,1.0489877462387085,1.049428105354309,0
2025-02-26 12:00:00,1.0493179559707642,1.0510826110839844,1.0477787256240845,1.0508617162704468,0
2025-02-26 16:00:00,1.0509721040725708,1.0527424812316897,1.0485477447509766,1.049428105354309,0
2025-02-26 20:00:00,1.0493179559707642,1.049538254737854,1.048218011856079,1.0489877462387085,0
2025-02-27 00:00:00,1.049097776412964,1.049097776412964,1.0467915534973145,1.0467915534973145,0
2025-02-27 04:00:00,1.0469011068344116,1.048327922821045,1.0461344718933103,1.047998309135437,0
2025-02-27 08:00:00,1.0478885173797607,1.0489877462387085,1.0473397970199585,1.047998309135437,0
2025-02-27 12:00:00,1.0478885173797607,1.048657774925232,1.0412328243255615,1.0415581464767456,0
2025-02-27 16:00:00,1.041775107383728,1.0419923067092896,1.0402579307556152,1.0405826568603516,0
2025-02-27 20:00:00,1.0407993793487549,1.04112446308136,1.0393929481506348,1.039717197418213,0
2025-02-28 00:00:00,1.039717197418213,1.0405826568603516,1.0383137464523315,1.0390689373016355,0
2025-02-28 04:00:00,1.0391769409179688,1.0402579307556152,1.0385295152664185,1.039933443069458,0
2025-02-28 08:00:00,1.039933443069458,1.0409077405929563,1.039501070976257,1.0400415658950806,0
2025-02-28 12:00:00,1.0400415658950806,1.0423181056976318,1.0400415658950806,1.040474534034729,0
2025-02-28 16:00:00,1.040149807929993,1.0413411855697632,1.0362694263458252,1.0370217561721802,0
2025-02-28 20:00:00,1.0370217561721802,1.0380982160568235,1.036591649055481,1.0380982160568235,0
2025-03-03 00:00:00,1.0412328243255615,1.042535424232483,1.0405826568603516,1.0419923067092896,0
2025-03-03 04:00:00,1.0419923067092896,1.0423181056976318,1.040474534034729,1.0409077405929563,0
2025-03-03 08:00:00,1.0405826568603516,1.0459157228469849,1.0392849445343018,1.045478343963623,0
2025-03-03 12:00:00,1.0456969738006592,1.0500892400741575,1.0456969738006592,1.048657774925232,0
2025-03-03 16:00:00,1.0489877462387085,1.0501995086669922,1.0476689338684082,1.0476689338684082,0
2025-03-03 20:00:00,1.0472300052642822,1.049538254737854,1.047120451927185,1.048657774925232,0
2025-03-04 00:00:00,1.048657774925232,1.0497585535049438,1.0477787256240845,1.047998309135437,0
2025-03-04 04:00:00,1.047998309135437,1.0501995086669922,1.0474494695663452,1.049538254737854,0
2025-03-04 08:00:00,1.049428105354309,1.054741144180298,1.049097776412964,1.054741144180298,0
2025-03-04 12:00:00,1.054741144180298,1.0561892986297607,1.0501995086669922,1.0529640913009644,0
2025-03-04 16:00:00,1.0529640913009644,1.0604453086853027,1.051856517791748,1.0604453086853027,0
2025-03-04 20:00:00,1.0606703758239746,1.064056158065796,1.0606703758239746,1.0625863075256348,0
2025-03-05 00:00:00,1.0622477531433103,1.0628122091293335,1.060557842254639,1.062134861946106,0
2025-03-05 04:00:00,1.0622477531433103,1.0676915645599363,1.061909317970276,1.0676915645599363,0
2025-03-05 08:00:00,1.0673497915267944,1.0723860263824463,1.0663254261016846,1.0680338144302368,0
2025-03-05 12:00:00,1.068376064300537,1.077702283859253,1.068376064300537,1.076774001121521,0
2025-03-05 16:00:00,1.0765421390533447,1.0793308019638062,1.0765421390533447,1.0793308019638062,0
2025-03-05 20:00:00,1.0794472694396973,1.07991361618042,1.0788650512695312,1.0796804428100586,0
2025-03-06 00:00:00,1.0797970294952393,1.0822510719299316,1.079097867012024,1.079214334487915,0
2025-03-06 04:00:00,1.079214334487915,1.08236825466156,1.0787487030029297,1.080263614654541,0
2025-03-06 08:00:00,1.0801469087600708,1.0817828178405762,1.078515887260437,1.080263614654541,0
2025-03-06 12:00:00,1.0801469087600708,1.0853049755096436,1.079214334487915,1.0820168256759644,0
2025-03-06 16:00:00,1.0820168256759644,1.0835410356521606,1.0771219730377195,1.0804970264434814,0
2025-03-06 20:00:00,1.0803803205490112,1.0806137323379517,1.077934741973877,1.079097867012024,0
2025-03-07 00:00:00,1.079097867012024,1.0816657543182373,1.078515887260437,1.0808473825454712,0
2025-03-07 04:00:00,1.080964207649231,1.0842459201812744,1.0806137323379517,1.0833063125610352,0
2025-03-07 08:00:00,1.0830715894699097,1.087311029434204,1.0830715894699097,1.0851871967315674,0
2025-03-07 12:00:00,1.0851871967315674,1.0889687538146973,1.0838934183120728,1.0874292850494385,0
2025-03-07 16:00:00,1.0874292850494385,1.0874292850494385,1.0829542875289917,1.0845986604690552,0
2025-03-07 20:00:00,1.0847163200378418,1.0854227542877195,1.0834236145019531,1.0834236145019531,0
2025-03-10 00:00:00,1.0862481594085691,1.087311029434204,1.0833063125610352,1.0833063125610352,0
2025-03-10 04:00:00,1.0834236145019531,1.0847163200378418,1.081548810005188,1.082602620124817,0
2025-03-10 08:00:00,1.0824854373931885,1.0875475406646729,1.0808473825454712,1.0855406522750854,0
2025-03-10 12:00:00,1.0853049755096436,1.0862481594085691,1.0824854373931885,1.0840108394622805,0
2025-03-10 16:00:00,1.0840108394622805,1.0848339796066284,1.0821340084075928,1.0834236145019531,0
2025-03-10 20:00:00,1.0834236145019531,1.0845986604690552,1.0828369855880735,1.0841283798217771,0
2025-03-11 00:00:00,1.0842459201812744,1.0863661766052246,1.0842459201812744,1.0856584310531616,0
2025-03-11 04:00:00,1.0857763290405271,1.090274691581726,1.0838934183120728,1.089680790901184,0
2025-03-11 08:00:00,1.0893245935440063,1.0921800136566162,1.0886130332946775,1.090274691581726,0
2025-03-11 12:00:00,1.0906314849853516,1.0932546854019165,1.090274691581726,1.0928961038589478,0
2025-03-11 16:00:00,1.0928961038589478,1.09505033493042,1.0921800136566162,1.0925379991531372,0
2025-03-11 20:00:00,1.0922993421554563,1.0932546854019165,1.0913456678390503,1.0917030572891235,0
2025-03-12 00:00:00,1.0917030572891235,1.0918222665786743,1.0899182558059692,1.0900371074676514,0
2025-03-12 04:00:00,1.0900371074676514,1.0911074876785278,1.0890873670578003,1.0906314849853516,0
2025-03-12 08:00:00,1.090274691581726,1.0927767753601074,1.090274691581726,1.090274691581726,0
2025-03-12 12:00:00,1.090274691581726,1.0932546854019165,1.088020920753479,1.092418551445007,0
2025-03-12 16:00:00,1.0926573276519775,1.0927767753601074,1.0883761644363403,1.0894432067871094,0
2025-03-12 20:00:00,1.0894432067871094,1.089680790901184,1.0886130332946775,1.0888501405715942,0
2025-03-13 00:00:00,1.0888501405715942,1.0900371074676514,1.0886130332946775,1.0888501405715942,0
2025-03-13 04:00:00,1.0887316465377808,1.089561939239502,1.0863661766052246,1.08695650100708,0
2025-03-13 08:00:00,1.08695650100708,1.0887316465377808,1.0850694179534912,1.0850694179534912,0
2025-03-13 12:00:00,1.0860122442245483,1.0874292850494385,1.082602620124817,1.086130142211914,0
2025-03-13 16:00:00,1.0860122442245483,1.088020920753479,1.0850694179534912,1.0851871967315674,0
2025-03-13 20:00:00,1.0850694179534912,1.085894227027893,1.0850694179534912,1.0857763290405271,0
2025-03-14 00:00:00,1.0857763290405271,1.086130142211914,1.0837758779525757,1.0848339796066284,0
2025-03-14 04:00:00,1.0849517583847046,1.0854227542877195,1.0834236145019531,1.0841283798217771,0
2025-03-14 08:00:00,1.0841283798217771,1.0913456678390503,1.0841283798217771,1.0897995233535769,0
2025-03-14 12:00:00,1.0903936624526978,1.0913456678390503,1.08695650100708,1.0874292850494385,0
2025-03-14 16:00:00,1.0875475406646729,1.0893245935440063,1.0874292850494385,1.0886130332946775,0
2025-03-14 20:00:00,1.0886130332946775,1.0889687538146973,1.088139295578003,1.088139295578003,0
2025-03-17 00:00:00,1.0883761644363403,1.089205980300903,1.0877841711044312,1.0886130332946775,0
2025-03-17 04:00:00,1.0887316465377808,1.089561939239502,1.087311029434204,1.088020920753479,0
2025-03-17 08:00:00,1.088020920753479,1.0914647579193115,1.0874292850494385,1.0906314849853516,0
2025-03-17 12:00:00,1.0906314849853516,1.0930156707763672,1.0890873670578003,1.0925379991531372,0
2025-03-17 16:00:00,1.0922993421554563,1.0928961038589478,1.0914647579193115,1.0925379991531372,0
2025-03-17 20:00:00,1.0922993421554563,1.0930156707763672,1.0921800136566162,1.0921800136566162,0
2025-03-18 00:00:00,1.0921800136566162,1.092418551445007,1.0909883975982666,1.0911074876785278,0
2025-03-18 04:00:00,1.091226577758789,1.0936132669448853,1.0907504558563232,1.0936132669448853,0
2025-03-18 08:00:00,1.0938525199890137,1.0957703590393066,1.091941475868225,1.091941475868225,0
2025-03-18 12:00:00,1.091941475868225,1.0936132669448853,1.089680790901184,1.0930156707763672,0
2025-03-18 16:00:00,1.0928961038589478,1.0954102277755735,1.0927767753601074,1.0949305295944214,0
2025-03-18 20:00:00,1.0949305295944214,1.095170259475708,1.0942115783691406,1.0942115783691406,0
2025-03-19 00:00:00,1.0942115783691406,1.0948106050491333,1.0934937000274658,1.0942115783691406,0
2025-03-19 04:00:00,1.0940918922424316,1.0940918922424316,1.088020920753479,1.0894432067871094,0
2025-03-19 08:00:00,1.0901559591293335,1.0913456678390503,1.0894432067871094,1.0911074876785278,0
2025-03-19 12:00:00,1.091226577758789,1.092060685157776,1.088020920753479,1.088020920753479,0
2025-03-19 16:00:00,1.0882576704025269,1.0915838479995728,1.0866022109985352,1.0901559591293335,0
2025-03-19 20:00:00,1.0901559591293335,1.0915838479995728,1.0899182558059692,1.0914647579193115,0
2025-03-20 00:00:00,1.0915838479995728,1.092060685157776,1.0907504558563232,1.0913456678390503,0
2025-03-20 04:00:00,1.091226577758789,1.0913456678390503,1.08695650100708,1.0882576704025269,0
2025-03-20 08:00:00,1.0882576704025269,1.0887316465377808,1.0836584568023682,1.0853049755096436,0
2025-03-20 12:00:00,1.0853049755096436,1.0856584310531616,1.0820168256759644,1.0849517583847046,0
2025-03-20 16:00:00,1.0850694179534912,1.0856584310531616,1.0842459201812744,1.0856584310531616,0
2025-03-20 20:00:00,1.0855406522750854,1.0863661766052246,1.0851871967315674,1.085894227027893,0
2025-03-21 00:00:00,1.0860122442245483,1.086130142211914,1.0836584568023682,1.0837758779525757,0
2025-03-21 04:00:00,1.0838934183120728,1.084481120109558,1.0822510719299316,1.0840108394622805,0
2025-03-21 08:00:00,1.0842459201812744,1.0854227542877195,1.0824854373931885,1.0854227542877195,0
2025-03-21 12:00:00,1.0853049755096436,1.0862481594085691,1.0804970264434814,1.08119797706604,0
2025-03-21 16:00:00,1.080964207649231,1.0829542875289917,1.0808473825454712,1.0820168256759644,0
2025-03-21 20:00:00,1.0818997621536257,1.0821340084075928,1.0814317464828491,1.0821340084075928,0
2025-03-24 00:00:00,1.0837758779525757,1.0842459201812744,1.08236825466156,1.08236825466156,0
2025-03-24 04:00:00,1.08236825466156,1.0853049755096436,1.0820168256759644,1.0841283798217771,0
2025-03-24 08:00:00,1.0843634605407717,1.0860122442245483,1.0831888914108276,1.0837758779525757,0
2025-03-24 12:00:00,1.0834236145019531,1.0837758779525757,1.0794472694396973,1.0797970294952393,0
2025-03-24 16:00:00,1.0797970294952393,1.081548810005188,1.078515887260437,1.0804970264434814,0
2025-03-24 20:00:00,1.0804970264434814,1.0808473825454712,1.0797970294952393,1.0804970264434814,0
2025-03-25 00:00:00,1.0804970264434814,1.0810810327529907,1.0797970294952393,1.0806137323379517,0
2025-03-25 04:00:00,1.0807305574417114,1.08119797706604,1.0788650512695312,1.079097867012024,0
2025-03-25 08:00:00,1.079097867012024,1.0830715894699097,1.0781670808792114,1.0820168256759644,0
2025-03-25 12:00:00,1.0821340084075928,1.0833063125610352,1.0801469087600708,1.0804970264434814,0
2025-03-25 16:00:00,1.0806137323379517,1.0818997621536257,1.0794472694396973,1.0797970294952393,0
2025-03-25 20:00:00,1.0797970294952393,1.0797970294952393,1.0788650512695312,1.0789813995361328,0
2025-03-26 00:00:00,1.079097867012024,1.0800302028656006,1.0781670808792114,1.0787487030029297,0
2025-03-26 04:00:00,1.0789813995361328,1.0793308019638062,1.0781670808792114,1.0789813995361328,0
2025-03-26 08:00:00,1.079097867012024,1.0804970264434814,1.0789813995361328,1.079563856124878,0
2025-03-26 12:00:00,1.0796804428100586,1.0797970294952393,1.0771219730377195,1.078399658203125,0
2025-03-26 16:00:00,1.078515887260437,1.0794472694396973,1.074806571006775,1.075384497642517,0
2025-03-26 20:00:00,1.0755001306533811,1.0760787725448608,1.0736525058746338,1.0744600296020508,0
2025-03-27 00:00:00,1.0744600296020508,1.078283429145813,1.0744600296020508,1.0781670808792114,0
2025-03-27 04:00:00,1.0781670808792114,1.0789813995361328,1.0758472681045532,1.076774001121521,0
2025-03-27 08:00:00,1.076774001121521,1.0800302028656006,1.0759629011154177,1.0788650512695312,0
2025-03-27 12:00:00,1.079097867012024,1.0822510719299316,1.0781670808792114,1.0801469087600708,0
2025-03-27 16:00:00,1.0800302028656006,1.0810810327529907,1.079214334487915,1.0797970294952393,0
2025-03-27 20:00:00,1.0796804428100586,1.0804970264434814,1.0796804428100586,1.0803803205490112,0
2025-03-28 00:00:00,1.080263614654541,1.080263614654541,1.079214334487915,1.0794472694396973,0
2025-03-28 04:00:00,1.079563856124878,1.080263614654541,1.078515887260437,1.079097867012024,0
2025-03-28 08:00:00,1.0793308019638062,1.0797970294952393,1.0770059823989868,1.07758629322052,0
2025-03-28 12:00:00,1.07758629322052,1.0847163200378418,1.0768898725509644,1.082719802856445,0
2025-03-28 16:00:00,1.0828369855880735,1.0835410356521606,1.081548810005188,1.0828369855880735,0
2025-03-28 20:00:00,1.0828369855880735,1.0838934183120728,1.0828369855880735,1.0830715894699097,0
2025-03-31 00:00:00,1.08236825466156,1.0848339796066284,1.0816657543182373,1.0843634605407717,0
2025-03-31 04:00:00,1.0843634605407717,1.0847163200378418,1.0828369855880735,1.0841283798217771,0
2025-03-31 08:00:00,1.0838934183120728,1.0850694179534912,1.080964207649231,1.0820168256759644,0
2025-03-31 12:00:00,1.0822510719299316,1.0831888914108276,1.0787487030029297,1.0807305574417114,0
2025-03-31 16:00:00,1.0803803205490112,1.0820168256759644,1.079214334487915,1.0817828178405762,0
2025-03-31 20:00:00,1.0816657543182373,1.08236825466156,1.0813149213790894,1.0821340084075928,0
2025-04-01 00:00:00,1.0821340084075928,1.0830715894699097,1.0817828178405762,1.082719802856445,0
2025-04-01 04:00:00,1.082602620124817,1.0833063125610352,1.080263614654541,1.08119797706604,0
2025-04-01 08:00:00,1.080964207649231,1.0829542875289917,1.0794472694396973,1.080263614654541,0
2025-04-01 12:00:00,1.0800302028656006,1.0814317464828491,1.0781670808792114,1.0813149213790894,0
2025-04-01 16:00:00,1.0810810327529907,1.081548810005188,1.0788650512695312,1.0789813995361328,0
2025-04-01 20:00:00,1.0789813995361328,1.0810810327529907,1.0788650512695312,1.0801469087600708,0
2025-04-02 00:00:00,1.0801469087600708,1.0804970264434814,1.079097867012024,1.0797970294952393,0
2025-04-02 04:00:00,1.0796804428100586,1.080263614654541,1.0788650512695312,1.079563856124878,0
2025-04-02 08:00:00,1.0794472694396973,1.08119797706604,1.078515887260437,1.0796804428100586,0
2025-04-02 12:00:00,1.0796804428100586,1.0862481594085691,1.0794472694396973,1.0860122442245483,0
2025-04-02 16:00:00,1.086130142211914,1.0875475406646729,1.0850694179534912,1.0857763290405271,0
2025-04-02 20:00:00,1.0857763290405271,1.0914647579193115,1.0810810327529907,1.0840108394622805,0
2025-04-03 00:00:00,1.0842459201812744,1.0926573276519775,1.0842459201812744,1.0915838479995728,0
2025-04-03 04:00:00,1.0915838479995728,1.0992635488510132,1.0909883975982666,1.0992635488510132,0
2025-04-03 08:00:00,1.0990219116210938,1.113833785057068,1.09505033493042,1.1048502922058103,0
2025-04-03 12:00:00,1.1055831909179688,1.1135857105255127,1.1043622493743896,1.1122233867645264,0
2025-04-03 16:00:00,1.1120996475219729,1.1120996475219729,1.1021713018417358,1.103996515274048,0
2025-04-03 20:00:00,1.1038745641708374,1.107419729232788,1.1019283533096311,1.1066844463348389,0
2025-04-04 00:00:00,1.1066844463348389,1.1082788705825806,1.103996515274048,1.1066844463348389,0
2025-04-04 04:00:00,1.1066844463348389,1.110987663269043,1.1053388118743896,1.1053388118743896,0
2025-04-04 08:00:00,1.1055831909179688,1.1069294214248655,1.0974539518356323,1.1033873558044434,0
2025-04-04 12:00:00,1.1037527322769165,1.109139323234558,1.0964912176132202,1.0991426706314087,0
2025-04-04 16:00:00,1.0989010334014893,1.1019283533096311,1.0928961038589478,1.0944511890411377,0
2025-04-04 20:00:00,1.0944511890411377,1.0972130298614502,1.093135118484497,1.0962508916854858,0
2025-04-07 00:00:00,1.098538875579834,1.100231051445007,1.0925379991531372,1.093732833862305,0
2025-04-07 04:00:00,1.093732833862305,1.1024142503738403,1.0933741331100464,1.100594401359558,0
2025-04-07 08:00:00,1.100594401359558,1.1048502922058103,1.0952903032302856,1.0962508916854858,0
2025-04-07 12:00:00,1.0962508916854858,1.0989010334014893,1.0922993421554563,1.0928961038589478,0
2025-04-07 16:00:00,1.092060685157776,1.095170259475708,1.0906314849853516,1.093732833862305,0
2025-04-07 20:00:00,1.093135118484497,1.0946906805038452,1.09051251411438,1.091941475868225,0
2025-04-08 00:00:00,1.092060685157776,1.0982975959777832,1.0911074876785278,1.0974539518356323,0
2025-04-08 04:00:00,1.0974539518356323,1.099384307861328,1.0958904027938845,1.097935914993286,0
2025-04-08 08:00:00,1.098056435585022,1.0981770753860474,1.0914647579193115,1.0930156707763672,0
2025-04-08 12:00:00,1.093135118484497,1.0970927476882937,1.089561939239502,1.0913456678390503,0
2025-04-08 16:00:00,1.0913456678390503,1.0968520641326904,1.0900371074676514,1.0955302715301514,0
2025-04-08 20:00:00,1.095650315284729,1.098056435585022,1.0943313837051392,1.0970927476882937,0
2025-04-09 00:00:00,1.0969723463058472,1.1042402982711792,1.0969723463058472,1.102292776107788,0
2025-04-09 04:00:00,1.1021713018417358,1.109139323234558,1.1016855239868164,1.1077877283096311,0
2025-04-09 08:00:00,1.1076650619506836,1.1077877283096311,1.100231051445007,1.1037527322769165,0
2025-04-09 12:00:00,1.1036310195922852,1.109385371208191,1.1031439304351809,1.1042402982711792,0
2025-04-09 16:00:00,1.1041183471679688,1.107051968574524,1.092418551445007,1.0962508916854858,0
2025-04-09 20:00:00,1.0962508916854858,1.0974539518356323,1.0933741331100464,1.0961307287216189,0
2025-04-10 00:00:00,1.0963709354400637,1.0990219116210938,1.094570875167847,1.0974539518356323,0
2025-04-10 04:00:00,1.0974539518356323,1.0997470617294312,1.096731662750244,1.098538875579834,0
2025-04-10 08:00:00,1.098780393600464,1.1082788705825806,1.0970927476882937,1.108033299446106,0
2025-04-10 12:00:00,1.1082788705825806,1.1185681819915771,1.107174515724182,1.1185681819915771,0
2025-04-10 16:00:00,1.117817997932434,1.124353528022766,1.1161960363388062,1.121956706047058,0
2025-04-10 20:00:00,1.1217050552368164,1.123721718788147,1.1163206100463867,1.12296462059021,0
2025-04-11 00:00:00,1.1241008043289185,1.1361054182052612,1.1218308210372925,1.130454421043396,0
2025-04-11 04:00:00,1.1307101249694824,1.135589361190796,1.1252391338348389,1.128668189048767,0
2025-04-11 08:00:00,1.1290504932403564,1.147315263748169,1.1290504932403564,1.1343011856079102,0
2025-04-11 12:00:00,1.1341726779937744,1.1415525674819946,1.1328877210617063,1.1345586776733398,0
2025-04-11 16:00:00,1.134687423706055,1.1352026462554932,1.1282861232757568,1.1314777135849,0
2025-04-11 20:00:00,1.1313496828079224,1.1363636255264282,1.1313496828079224,1.1363636255264282,0
2025-04-14 00:00:00,1.1341726779937744,1.1411616802215576,1.1330161094665527,1.1376564502716064,0
2025-04-14 04:00:00,1.1376564502716064,1.1424654722213743,1.1358473300933838,1.1420739889144895,0
2025-04-14 08:00:00,1.1424654722213743,1.1424654722213743,1.1375269889831543,1.1390818357467651,0
2025-04-14 12:00:00,1.1388224363327026,1.1407711505889893,1.1300712823867798,1.1370097398757937,0
2025-04-14 16:00:00,1.1373976469039917,1.1384334564208984,1.1332728862762451,1.1358473300933838,0
2025-04-14 20:00:00,1.1357183456420898,1.137268304824829,1.1348161697387695,1.1357183456420898,0
2025-04-15 00:00:00,1.135589361190796,1.1357183456420898,1.131861925125122,1.1353315114974976,0
2025-04-15 04:00:00,1.1354604959487915,1.1370097398757937,1.1332728862762451,1.133529782295227,0
2025-04-15 08:00:00,1.133529782295227,1.1379153728485107,1.1326310634613037,1.134687423706055,0
2025-04-15 12:00:00,1.134687423706055,1.134687423706055,1.1289230585098269,1.133144497871399,0
2025-04-15 16:00:00,1.1330161094665527,1.1330161094665527,1.126887559890747,1.1277772188186646,0
2025-04-15 20:00:00,1.127650022506714,1.1301988363265991,1.1275228261947632,1.1298158168792725,0
2025-04-16 00:00:00,1.1293054819107056,1.133529782295227,1.128795504570007,1.1330161094665527,0
2025-04-16 04:00:00,1.1332728862762451,1.1384334564208984,1.1328877210617063,1.1364928483963013,0
2025-04-16 08:00:00,1.1367511749267578,1.1394712924957275,1.1345586776733398,1.1366219520568848,0
2025-04-16 12:00:00,1.1362345218658447,1.1385631561279297,1.134687423706055,1.1385631561279297,0
2025-04-16 16:00:00,1.1385631561279297,1.139211654663086,1.1361054182052612,1.138952136039734,0
2025-04-16 20:00:00,1.138952136039734,1.1415525674819946,1.1385631561279297,1.1402509212493896,0
2025-04-17 00:00:00,1.1402509212493896,1.1411616802215576,1.1361054182052612,1.138044834136963,0
2025-04-17 04:00:00,1.1383039951324463,1.1383039951324463,1.1348161697387695,1.1364928483963013,0
2025-04-17 08:00:00,1.1366219520568848,1.1390818357467651,1.1357183456420898,1.1361054182052612,0
2025-04-17 12:00:00,1.1361054182052612,1.1388224363327026,1.134429931640625,1.1352026462554932,0
2025-04-17 16:00:00,1.1353315114974976,1.1379153728485107,1.134429931640625,1.1377859115600586,0
2025-04-17 20:00:00,1.1375269889831543,1.138044834136963,1.1363636255264282,1.1371389627456665,0
2025-04-18 00:00:00,1.137268304824829,1.1385631561279297,1.137268304824829,1.1375269889831543,0
2025-04-18 04:00:00,1.1377859115600586,1.1379153728485107,1.1367511749267578,1.1367511749267578,0
2025-04-18 08:00:00,1.1363636255264282,1.1379153728485107,1.1363636255264282,1.1377859115600586,0
2025-04-18 12:00:00,1.1377859115600586,1.1399909257888794,1.1376564502716064,1.1399909257888794,0
2025-04-18 16:00:00,1.1397310495376587,1.1398608684539795,1.1390818357467651,1.1397310495376587,0
2025-04-18 20:00:00,1.1398608684539795,1.1401208639144895,1.1394712924957275,1.1396011114120483,0
2025-04-21 00:00:00,1.1437721252441406,1.1520737409591677,1.1437721252441406,1.1507480144500732,0
2025-04-21 04:00:00,1.151012897491455,1.1538017988204956,1.1506155729293823,1.1519410610198977,0
2025-04-21 08:00:00,1.151543140411377,1.1575413942337036,1.151543140411377,1.1526048183441162,0
2025-04-21 12:00:00,1.1528706550598145,1.1552680730819702,1.1494252681732178,1.1500862836837769,0
2025-04-21 16:00:00,1.1498217582702637,1.1528706550598145,1.1486331224441528,1.1526048183441162,0
2025-04-21 20:00:00,1.1524720191955566,1.1530035734176636,1.1508804559707642,1.1526048183441162,0
2025-04-22 00:00:00,1.1526048183441162,1.1526048183441162,1.1486331224441528,1.152339220046997,0
2025-04-22 04:00:00,1.152339220046997,1.155001163482666,1.1500862836837769,1.150218486785889,0
2025-04-22 08:00:00,1.150483250617981,1.151543140411377,1.1488970518112185,1.1492931842803955,0
2025-04-22 12:00:00,1.1490291357040403,1.150218486785889,1.1461317539215088,1.1481056213378906,0
2025-04-22 16:00:00,1.1481056213378906,1.1487650871276855,1.1427265405654907,1.142987847328186,0
2025-04-22 20:00:00,1.1428571939468384,1.1436413526535034,1.1310937404632568,1.1340440511703491,0
2025-04-23 00:00:00,1.1343011856079102,1.1416828632354736,1.1343011856079102,1.1406410932540894,0
2025-04-23 04:00:00,1.1407711505889893,1.1407711505889893,1.1375269889831543,1.1390818357467651,0
2025-04-23 08:00:00,1.139211654663086,1.1442956924438477,1.1384334564208984,1.140380859375,0
2025-04-23 12:00:00,1.1407711505889893,1.1422044038772583,1.133529782295227,1.1353315114974976,0
2025-04-23 16:00:00,1.1361054182052612,1.1384334564208984,1.131861925125122,1.1326310634613037,0
2025-04-23 20:00:00,1.132502794265747,1.1348161697387695,1.1310937404632568,1.1336582899093628,0
2025-04-24 00:00:00,1.1336582899093628,1.1359764337539673,1.132502794265747,1.1359764337539673,0
2025-04-24 04:00:00,1.1357183456420898,1.1358473300933838,1.133529782295227,1.1357183456420898,0
2025-04-24 08:00:00,1.1358473300933838,1.1396011114120483,1.1358473300933838,1.1383039951324463,0
2025-04-24 12:00:00,1.1383039951324463,1.1393414735794067,1.1362345218658447,1.1375269889831543,0
2025-04-24 16:00:00,1.1373976469039917,1.1388224363327026,1.1352026462554932,1.1381744146347046,0
2025-04-24 20:00:00,1.1381744146347046,1.1401208639144895,1.1381744146347046,1.139211654663086,0
2025-04-25 00:00:00,1.138952136039734,1.1390818357467651,1.134687423706055,1.1352026462554932,0
2025-04-25 04:00:00,1.1353315114974976,1.1359764337539673,1.1321182250976562,1.134687423706055,0
2025-04-25 08:00:00,1.1348161697387695,1.1371389627456665,1.1340440511703491,1.1359764337539673,0
2025-04-25 12:00:00,1.1358473300933838,1.1384334564208984,1.1337867975234983,1.1371389627456665,0
2025-04-25 16:00:00,1.1371389627456665,1.1390818357467651,1.1362345218658447,1.1383039951324463,0
2025-04-25 20:00:00,1.1383039951324463,1.1383039951324463,1.1361054182052612,1.1368803977966309,0
2025-04-28 00:00:00,1.1353315114974976,1.1368803977966309,1.134687423706055,1.1357183456420898,0
2025-04-28 04:00:00,1.1357183456420898,1.1384334564208984,1.133529782295227,1.133529782295227,0
2025-04-28 08:00:00,1.1337867975234983,1.1364928483963013,1.1337867975234983,1.1353315114974976,0
2025-04-28 12:00:00,1.1350737810134888,1.1406410932540894,1.134429931640625,1.1383039951324463,0
2025-04-28 16:00:00,1.138044834136963,1.1422044038772583,1.1375269889831543,1.1416828632354736,0
2025-04-28 20:00:00,1.1418131589889526,1.1428571939468384,1.1415525674819946,1.1416828632354736,0
2025-04-29 00:00:00,1.1418131589889526,1.1424654722213743,1.139211654663086,1.1402509212493896,0
2025-04-29 04:00:00,1.1402509212493896,1.1402509212493896,1.1379153728485107,1.139211654663086,0
2025-04-29 08:00:00,1.139211654663086,1.141291856765747,1.1377859115600586,1.138044834136963,0
2025-04-29 12:00:00,1.1381744146347046,1.1416828632354736,1.1375269889831543,1.1384334564208984,0
2025-04-29 16:00:00,1.1386927366256714,1.1420739889144895,1.1379153728485107,1.1385631561279297,0
2025-04-29 20:00:00,1.1386927366256714,1.1402509212493896,1.1379153728485107,1.1396011114120483,0
2025-04-30 00:00:00,1.1396011114120483,1.1398608684539795,1.1361054182052612,1.1375269889831543,0
2025-04-30 04:00:00,1.1377859115600586,1.1402509212493896,1.1370097398757937,1.139211654663086,0
2025-04-30 08:00:00,1.139211654663086,1.1393414735794067,1.1364928483963013,1.1364928483963013,0
2025-04-30 12:00:00,1.1364928483963013,1.138952136039734,1.1354604959487915,1.1370097398757937,0
2025-04-30 16:00:00,1.1375269889831543,1.1377859115600586,1.1330161094665527,1.1353315114974976,0
2025-04-30 20:00:00,1.1353315114974976,1.135589361190796,1.1322463750839231,1.1330161094665527,0
2025-05-01 00:00:00,1.1328877210617063,1.1332728862762451,1.1307101249694824,1.131861925125122,0
2025-05-01 04:00:00,1.1319899559020996,1.1321182250976562,1.1291780471801758,1.130454421043396,0
2025-05-01 08:00:00,1.1307101249694824,1.1337867975234983,1.1291780471801758,1.1336582899093628,0
2025-05-01 12:00:00,1.1336582899093628,1.1343011856079102,1.1275228261947632,1.1285407543182373,0
2025-05-01 16:00:00,1.128668189048767,1.1296881437301636,1.1270145177841189,1.1289230585098269,0
2025-05-01 20:00:00,1.1290504932403564,1.1303266286849976,1.128668189048767,1.1298158168792725,0
2025-05-02 00:00:00,1.1298158168792725,1.1307101249694824,1.1277772188186646,1.1298158168792725,0
2025-05-02 04:00:00,1.1299434900283811,1.1332728862762451,1.1296881437301636,1.1328877210617063,0
2025-05-02 08:00:00,1.1328877210617063,1.1358473300933838,1.1321182250976562,1.1334012746810913,0
2025-05-02 12:00:00,1.1336582899093628,1.1383039951324463,1.1316057443618774,1.137268304824829,0
2025-05-02 16:00:00,1.1370097398757937,1.1371389627456665,1.1296881437301636,1.1303266286849976,0
2025-05-02 20:00:00,1.1305822134017944,1.1312217712402344,1.1298158168792725,1.1303266286849976,0
2025-05-05 00:00:00,1.1308379173278809,1.1349449157714844,1.1305822134017944,1.1345586776733398,0
2025-05-05 04:00:00,1.1345586776733398,1.1350737810134888,1.1322463750839231,1.1332728862762451,0
2025-05-05 08:00:00,1.133144497871399,1.1348161697387695,1.1316057443618774,1.134687423706055,0
2025-05-05 12:00:00,1.1348161697387695,1.1367511749267578,1.1336582899093628,1.1341726779937744,0
2025-05-05 16:00:00,1.1343011856079102,1.1343011856079102,1.1301988363265991,1.131733775138855,0
2025-05-05 20:00:00,1.1314777135849,1.13237464427948,1.1314777135849,1.131861925125122,0
2025-05-06 00:00:00,1.131733775138855,1.1319899559020996,1.1282861232757568,1.1310937404632568,0
2025-05-06 04:00:00,1.1310937404632568,1.1336582899093628,1.1307101249694824,1.1328877210617063,0
2025-05-06 08:00:00,1.133144497871399,1.1350737810134888,1.1309658288955688,1.1328877210617063,0
2025-05-06 12:00:00,1.13275945186615,1.1367511749267578,1.1322463750839231,1.134687423706055,0
2025-05-06 16:00:00,1.1343011856079102,1.1373976469039917,1.133529782295227,1.1373976469039917,0
2025-05-06 20:00:00,1.1375269889831543,1.1383039951324463,1.1330161094665527,1.134429931640625,0
2025-05-07 00:00:00,1.134429931640625,1.1353315114974976,1.1328877210617063,1.134429931640625,0
2025-05-07 04:00:00,1.134429931640625,1.138044834136963,1.1340440511703491,1.138044834136963,0
2025-05-07 08:00:00,1.1375269889831543,1.1376564502716064,1.1350737810134888,1.1367511749267578,0
2025-05-07 12:00:00,1.1368803977966309,1.1375269889831543,1.1357183456420898,1.1368803977966309,0
2025-05-07 16:00:00,1.1371389627456665,1.1371389627456665,1.132502794265747,1.1336582899093628,0
2025-05-07 20:00:00,1.133529782295227,1.133529782295227,1.1296881437301636,1.130454421043396,0
2025-05-08 00:00:00,1.130454421043396,1.1336582899093628,1.130454421043396,1.1326310634613037,0
2025-05-08 04:00:00,1.1326310634613037,1.1339154243469238,1.128031611442566,1.1285407543182373,0
2025-05-08 08:00:00,1.1285407543182373,1.1305822134017944,1.127650022506714,1.1290504932403564,0
2025-05-08 12:00:00,1.1291780471801758,1.1322463750839231,1.1281588077545166,1.1282861232757568,0
2025-05-08 16:00:00,1.1281588077545166,1.1293054819107056,1.1217050552368164,1.1228384971618652,0
2025-05-08 20:00:00,1.12271249294281,1.1235954761505127,1.1215791702270508,1.1235954761505127,0
2025-05-09 00:00:00,1.1234692335128784,1.1234692335128784,1.1200717687606812,1.1222084760665894,0
2025-05-09 04:00:00,1.1223344802856443,1.125112533569336,1.1222084760665894,1.124606370925903,0
2025-05-09 08:00:00,1.1242270469665527,1.1262530088424685,1.1241008043289185,1.1248594522476196,0
2025-05-09 12:00:00,1.1248594522476196,1.129433035850525,1.1248594522476196,1.127268671989441,0
2025-05-09 16:00:00,1.127268671989441,1.1277772188186646,1.1256190538406372,1.1261261701583862,0
2025-05-09 20:00:00,1.1262530088424685,1.1262530088424685,1.124985933303833,1.124985933303833,0
2025-05-12 00:00:00,1.12296462059021,1.12447988986969,1.12271249294281,1.1232168674468994,0
2025-05-12 04:00:00,1.123342990875244,1.123721718788147,1.1217050552368164,1.1222084760665894,0
2025-05-12 08:00:00,1.1198208332061768,1.1198208332061768,1.1075423955917358,1.1085245609283447,0
2025-05-12 12:00:00,1.1079105138778689,1.1135857105255127,1.1079105138778689,1.1114816665649414,0
2025-05-12 16:00:00,1.1113580465316772,1.1127183437347412,1.107051968574524,1.1092623472213743,0
2025-05-12 20:00:00,1.109385371208191,1.1101243495941162,1.1086474657058716,1.1096316576004028,0
2025-05-13 00:00:00,1.1096316576004028,1.1113580465316772,1.1092623472213743,1.1106175184249878,0
2025-05-13 04:00:00,1.1107407808303833,1.1120996475219729,1.1102476119995115,1.1114816665649414,0
2025-05-13 08:00:00,1.1113580465316772,1.1125946044921875,1.1101243495941162,1.110864281654358,0
2025-05-13 12:00:00,1.110864281654358,1.1166945695877075,1.1107407808303833,1.1165698766708374,0
2025-05-13 16:00:00,1.1164453029632568,1.118943691253662,1.116071343421936,1.1188185214996338,0
2025-05-13 20:00:00,1.118943691253662,1.1199462413787842,1.1186933517456057,1.1198208332061768,0
2025-05-14 00:00:00,1.1199462413787842,1.1199462413787842,1.1185681819915771,1.119194269180298,0
2025-05-14 04:00:00,1.11906898021698,1.1203227043151855,1.1185681819915771,1.11906898021698,0
2025-05-14 08:00:00,1.11906898021698,1.1267606019973757,1.1186933517456057,1.1235954761505127,0
2025-05-14 12:00:00,1.123342990875244,1.1238480806350708,1.1205737590789795,1.1214534044265747,0
2025-05-14 16:00:00,1.1215791702270508,1.1218308210372925,1.1176930665969849,1.1181930303573608,0
2025-05-14 20:00:00,1.1179429292678833,1.1188185214996338,1.1168192625045776,1.1185681819915771,0
2025-05-15 00:00:00,1.1186933517456057,1.1201971769332886,1.1179429292678833,1.1198208332061768,0
2025-05-15 04:00:00,1.1198208332061768,1.123090744018555,1.118943691253662,1.123090744018555,0
2025-05-15 08:00:00,1.123090744018555,1.123090744018555,1.1196954250335691,1.1203227043151855,0
2025-05-15 12:00:00,1.1200717687606812,1.1224603652954102,1.1179429292678833,1.118943691253662,0
2025-05-15 16:00:00,1.11906898021698,1.1198208332061768,1.1174432039260864,1.1179429292678833,0
2025-05-15 20:00:00,1.118067979812622,1.1200717687606812,1.1175681352615356,1.1195701360702517,0
2025-05-16 00:00:00,1.1196954250335691,1.121076226234436,1.1193194389343262,1.1205737590789795,0
2025-05-16 04:00:00,1.1205737590789795,1.1222084760665894,1.1199462413787842,1.1215791702270508,0
2025-05-16 08:00:00,1.1214534044265747,1.1218308210372925,1.119194269180298,1.1201971769332886,0
2025-05-16 12:00:00,1.1203227043151855,1.1209505796432495,1.1155734062194824,1.1156978607177734,0
2025-05-16 16:00:00,1.1158223152160645,1.1161960363388062,1.11346173286438,1.1155734062194824,0
2025-05-16 20:00:00,1.1158223152160645,1.1169440746307373,1.114951491355896,1.1166945695877075,0
2025-05-19 00:00:00,1.1193194389343262,1.1201971769332886,1.117817997932434,1.1185681819915771,0
2025-05-19 04:00:00,1.1184431314468384,1.1214534044265747,1.118067979812622,1.1212018728256226,0
2025-05-19 08:00:00,1.1212018728256226,1.1290504932403564,1.121076226234436,1.1282861232757568,0
2025-05-19 12:00:00,1.128031611442566,1.128031611442566,1.124606370925903,1.1256190538406372,0
2025-05-19 16:00:00,1.1256190538406372,1.1262530088424685,1.1228384971618652,1.1238480806350708,0
2025-05-19 20:00:00,1.123721718788147,1.1256190538406372,1.123721718788147,1.1238480806350708,0
2025-05-20 00:00:00,1.1238480806350708,1.1252391338348389,1.1222084760665894,1.1234692335128784,0
2025-05-20 04:00:00,1.123342990875244,1.1265066862106323,1.123342990875244,1.1261261701583862,0
2025-05-20 08:00:00,1.1259993314743042,1.1281588077545166,1.124606370925903,1.1247328519821167,0
2025-05-20 12:00:00,1.1248594522476196,1.1271415948867798,1.1228384971618652,1.1271415948867798,0
2025-05-20 16:00:00,1.1271415948867798,1.128413438796997,1.1248594522476196,1.1275228261947632,0
2025-05-20 20:00:00,1.127650022506714,1.1291780471801758,1.127650022506714,1.1285407543182373,0
2025-05-21 00:00:00,1.128413438796997,1.1328877210617063,1.128413438796997,1.132502794265747,0
2025-05-21 04:00:00,1.13237464427948,1.1354604959487915,1.13237464427948,1.1337867975234983,0
2025-05-21 08:00:00,1.1334012746810913,1.1363636255264282,1.1316057443618774,1.1343011856079102,0
2025-05-21 12:00:00,1.1340440511703491,1.1353315114974976,1.1322463750839231,1.134429931640625,0
2025-05-21 16:00:00,1.134429931640625,1.1363636255264282,1.133529782295227,1.1336582899093628,0
2025-05-21 20:00:00,1.1336582899093628,1.1341726779937744,1.131861925125122,1.1319899559020996,0
2025-05-22 00:00:00,1.1319899559020996,1.1348161697387695,1.1314777135849,1.1341726779937744,0
2025-05-22 04:00:00,1.1340440511703491,1.134429931640625,1.13237464427948,1.1326310634613037,0
2025-05-22 08:00:00,1.1326310634613037,1.1336582899093628,1.129433035850525,1.1295605897903442,0
2025-05-22 12:00:00,1.1295605897903442,1.131733775138855,1.128031611442566,1.128031611442566,0
2025-05-22 16:00:00,1.128413438796997,1.1291780471801758,1.1261261701583862,1.1281588077545166,0
2025-05-22 20:00:00,1.1282861232757568,1.1290504932403564,1.128031611442566,1.1290504932403564,0
2025-05-23 00:00:00,1.1290504932403564,1.1322463750839231,1.1282861232757568,1.131733775138855,0
2025-05-23 04:00:00,1.1319899559020996,1.1330161094665527,1.1312217712402344,1.1316057443618774,0
2025-05-23 08:00:00,1.1316057443618774,1.1361054182052612,1.1316057443618774,1.1352026462554932,0
2025-05-23 12:00:00,1.1353315114974976,1.1375269889831543,1.1303266286849976,1.1348161697387695,0
2025-05-23 16:00:00,1.1348161697387695,1.137268304824829,1.1336582899093628,1.1364928483963013,0
2025-05-23 20:00:00,1.1363636255264282,1.1371389627456665,1.1359764337539673,1.1368803977966309,0
2025-05-26 00:00:00,1.1377859115600586,1.1422044038772583,1.1373976469039917,1.141422152519226,0
2025-05-26 04:00:00,1.141291856765747,1.1422044038772583,1.1405109167099,1.141291856765747,0
2025-05-26 08:00:00,1.1411616802215576,1.141291856765747,1.1379153728485107,1.1386927366256714,0
2025-05-26 12:00:00,1.1388224363327026,1.138952136039734,1.137268304824829,1.1386927366256714,0
2025-05-26 16:00:00,1.1388224363327026,1.1388224363327026,1.138044834136963,1.1384334564208984,0
2025-05-26 20:00:00,1.1384334564208984,1.1397310495376587,1.1384334564208984,1.1394712924957275,0
2025-05-27 00:00:00,1.1394712924957275,1.1410315036773682,1.1390818357467651,1.1396011114120483,0
2025-05-27 04:00:00,1.1396011114120483,1.140380859375,1.1368803977966309,1.1368803977966309,0
2025-05-27 08:00:00,1.1371389627456665,1.137268304824829,1.1341726779937744,1.134687423706055,0
2025-05-27 12:00:00,1.1348161697387695,1.1377859115600586,1.1341726779937744,1.134429931640625,0
2025-05-27 16:00:00,1.1343011856079102,1.134429931640625,1.13275945186615,1.1341726779937744,0
2025-05-27 20:00:00,1.1339154243469238,1.1341726779937744,1.1330161094665527,1.1339154243469238,0
2025-05-28 00:00:00,1.1340440511703491,1.1348161697387695,1.130454421043396,1.1307101249694824,0
2025-05-28 04:00:00,1.1308379173278809,1.131861925125122,1.1299434900283811,1.1310937404632568,0
2025-05-28 08:00:00,1.1312217712402344,1.1343011856079102,1.1312217712402344,1.13275945186615,0
2025-05-28 12:00:00,1.1328877210617063,1.133144497871399,1.1301988363265991,1.1305822134017944,0
2025-05-28 16:00:00,1.1305822134017944,1.1310937404632568,1.128795504570007,1.1298158168792725,0
2025-05-28 20:00:00,1.1296881437301636,1.1300712823867798,1.1291780471801758,1.129433035850525,0
2025-05-29 00:00:00,1.129433035850525,1.129433035850525,1.121956706047058,1.125112533569336,0
2025-05-29 04:00:00,1.1248594522476196,1.127650022506714,1.1234692335128784,1.1273956298828125,0
2025-05-29 08:00:00,1.127650022506714,1.1293054819107056,1.1265066862106323,1.1289230585098269,0
2025-05-29 12:00:00,1.1289230585098269,1.1363636255264282,1.1271415948867798,1.1353315114974976,0
2025-05-29 16:00:00,1.1354604959487915,1.1386927366256714,1.1353315114974976,1.1379153728485107,0
2025-05-29 20:00:00,1.1377859115600586,1.138044834136963,1.1364928483963013,1.1375269889831543,0
2025-05-30 00:00:00,1.1373976469039917,1.139211654663086,1.1352026462554932,1.1352026462554932,0
2025-05-30 04:00:00,1.1353315114974976,1.1359764337539673,1.1340440511703491,1.1349449157714844,0
2025-05-30 08:00:00,1.134429931640625,1.1348161697387695,1.13275945186615,1.1330161094665527,0
2025-05-30 12:00:00,1.1330161094665527,1.1361054182052612,1.1319899559020996,1.1357183456420898,0
2025-05-30 16:00:00,1.1353315114974976,1.1370097398757937,1.134687423706055,1.1362345218658447,0
2025-05-30 20:00:00,1.1362345218658447,1.1363636255264282,1.1348161697387695,1.1350737810134888,0
2025-06-02 00:00:00,1.1358473300933838,1.1384334564208984,1.1354604959487915,1.1367511749267578,0
2025-06-02 04:00:00,1.1367511749267578,1.1409013271331787,1.1358473300933838,1.1405109167099,0
2025-06-02 08:00:00,1.140380859375,1.1440337896347046,1.140380859375,1.1418131589889526,0
2025-06-02 12:00:00,1.1418131589889526,1.145213007926941,1.1407711505889893,1.1440337896347046,0
2025-06-02 16:00:00,1.1436413526535034,1.1445575952529907,1.1416828632354736,1.1445575952529907,0
2025-06-02 20:00:00,1.144426703453064,1.1449507474899292,1.1435105800628662,1.144819736480713,0
2025-06-03 00:00:00,1.144819736480713,1.145737886428833,1.1422044038772583,1.1428571939468384,0
2025-06-03 04:00:00,1.1427265405654907,1.143379807472229,1.1416828632354736,1.143118381500244,0
2025-06-03 08:00:00,1.1432491540908811,1.1435105800628662,1.1401208639144895,1.1401208639144895,0
2025-06-03 12:00:00,1.1401208639144895,1.1401208639144895,1.1368803977966309,1.1394712924957275,0
2025-06-03 16:00:00,1.1394712924957275,1.1396011114120483,1.1371389627456665,1.1377859115600586,0
2025-06-03 20:00:00,1.1377859115600586,1.1381744146347046,1.1371389627456665,1.1377859115600586,0
2025-06-04 00:00:00,1.1377859115600586,1.1396011114120483,1.1376564502716064,1.1379153728485107,0
2025-06-04 04:00:00,1.1379153728485107,1.1383039951324463,1.1362345218658447,1.138044834136963,0
2025-06-04 08:00:00,1.1383039951324463,1.1406410932540894,1.1377859115600586,1.1384334564208984,0
2025-06-04 12:00:00,1.1386927366256714,1.1436413526535034,1.1381744146347046,1.1436413526535034,0
2025-06-04 16:00:00,1.1435105800628662,1.1437721252441406,1.1420739889144895,1.1424654722213743,0
2025-06-04 20:00:00,1.1423349380493164,1.1425960063934326,1.141422152519226,1.1424654722213743,0
2025-06-05 00:00:00,1.1423349380493164,1.1437721252441406,1.141422152519226,1.1422044038772583,0
2025-06-05 04:00:00,1.1420739889144895,1.1425960063934326,1.1409013271331787,1.141291856765747,0
2025-06-05 08:00:00,1.1410315036773682,1.1436413526535034,1.1410315036773682,1.1427265405654907,0
2025-06-05 12:00:00,1.1427265405654907,1.1496896743774414,1.1419435739517212,1.1460003852844238,0
2025-06-05 16:00:00,1.1458691358566284,1.1462632417678833,1.1435105800628662,1.1445575952529907,0
2025-06-05 20:00:00,1.144426703453064,1.1454753875732422,1.1437721252441406,1.1454753875732422,0
2025-06-06 00:00:00,1.1454753875732422,1.1460003852844238,1.1436413526535034,1.144164800643921,0
2025-06-06 04:00:00,1.144164800643921,1.144688606262207,1.1428571939468384,1.1439030170440674,0
2025-06-06 08:00:00,1.1439030170440674,1.1439030170440674,1.141422152519226,1.1425960063934326,0
2025-06-06 12:00:00,1.1427265405654907,1.143118381500244,1.1375269889831543,1.139211654663086,0
2025-06-06 16:00:00,1.1393414735794067,1.140380859375,1.1385631561279297,1.1399909257888794,0
2025-06-06 20:00:00,1.1399909257888794,1.140380859375,1.1396011114120483,1.1396011114120483,0
2025-06-09 00:00:00,1.1410315036773682,1.1428571939468384,1.1396011114120483,1.1420739889144895,0
2025-06-09 04:00:00,1.1420739889144895,1.1432491540908811,1.141422152519226,1.143118381500244,0
2025-06-09 08:00:00,1.1428571939468384,1.144164800643921,1.1419435739517212,1.1423349380493164,0
2025-06-09 12:00:00,1.1422044038772583,1.1425960063934326,1.1390818357467651,1.1411616802215576,0
2025-06-09 16:00:00,1.1411616802215576,1.143379807472229,1.1411616802215576,1.143118381500244,0
2025-06-09 20:00:00,1.142987847328186,1.1432491540908811,1.1418131589889526,1.1425960063934326,0
2025-06-10 00:00:00,1.1425960063934326,1.1439030170440674,1.1390818357467651,1.140380859375,0
2025-06-10 04:00:00,1.1401208639144895,1.1418131589889526,1.1396011114120483,1.1398608684539795,0
2025-06-10 08:00:00,1.1399909257888794,1.1427265405654907,1.1377859115600586,1.1425960063934326,0
2025-06-10 12:00:00,1.1427265405654907,1.145081877708435,1.1423349380493164,1.1428571939468384,0
2025-06-10 16:00:00,1.142987847328186,1.143118381500244,1.1419435739517212,1.1423349380493164,0
2025-06-10 20:00:00,1.1423349380493164,1.1440337896347046,1.1422044038772583,1.1432491540908811,0
2025-06-11 00:00:00,1.143118381500244,1.144164800643921,1.1410315036773682,1.1418131589889526,0
2025-06-11 04:00:00,1.1416828632354736,1.1425960063934326,1.1411616802215576,1.1411616802215576,0
2025-06-11 08:00:00,1.141291856765747,1.144819736480713,1.1409013271331787,1.1442956924438477,0
2025-06-11 12:00:00,1.144164800643921,1.1490291357040403,1.143118381500244,1.1486331224441528,0
2025-06-11 16:00:00,1.14850115776062,1.150218486785889,1.1479737758636477,1.1488970518112185,0
2025-06-11 20:00:00,1.1488970518112185,1.1512778997421265,1.1479737758636477,1.1512778997421265,0
2025-06-12 00:00:00,1.151145339012146,1.1531364917755127,1.150483250617981,1.151410460472107,0
2025-06-12 04:00:00,1.151410460472107,1.15340256690979,1.151410460472107,1.1524720191955566,0
2025-06-12 08:00:00,1.1522064208984375,1.1602274179458618,1.151145339012146,1.15968918800354,0
2025-06-12 12:00:00,1.1599582433700562,1.1634671688079834,1.1582117080688477,1.1584800481796265,0
2025-06-12 16:00:00,1.1584800481796265,1.1587486267089844,1.156738042831421,1.1582117080688477,0
2025-06-12 20:00:00,1.1579434871673584,1.1595547199249268,1.157139539718628,1.1592857837677002,0
2025-06-13 00:00:00,1.159151554107666,1.16130530834198,1.154068112373352,1.1547343730926514,0
2025-06-13 04:00:00,1.1548677682876587,1.1548677682876587,1.1516757011413574,1.1546010971069336,0
2025-06-13 08:00:00,1.1542012691497805,1.156203031539917,1.1495574712753296,1.1508804559707642,0
2025-06-13 12:00:00,1.1508804559707642,1.1548677682876587,1.1495574712753296,1.1548677682876587,0
2025-06-13 16:00:00,1.1547343730926514,1.157139539718628,1.1539349555969238,1.1544678211212158,0
2025-06-13 20:00:00,1.154334545135498,1.1558021306991575,1.1542012691497805,1.1555349826812744,0
2025-06-16 00:00:00,1.1544678211212158,1.155001163482666,1.1531364917755127,1.15340256690979,0
2025-06-16 04:00:00,1.15340256690979,1.1576753854751587,1.152737736701965,1.1576753854751587,0
2025-06-16 08:00:00,1.1575413942337036,1.1588828563690186,1.157139539718628,1.1579434871673584,0
2025-06-16 12:00:00,1.1579434871673584,1.1617100238800049,1.1574074029922483,1.15968918800354,0
2025-06-16 16:00:00,1.1594202518463137,1.159823656082153,1.157809495925903,1.1583458185195925,0
2025-06-16 20:00:00,1.158077597618103,1.158077597618103,1.1551345586776731,1.1559356451034546,0
2025-06-17 00:00:00,1.1559356451034546,1.1564704179763794,1.1547343730926514,1.156203031539917,0
2025-06-17 04:00:00,1.1560693979263306,1.1575413942337036,1.1556684970855713,1.1566041707992554,0
2025-06-17 08:00:00,1.1564704179763794,1.157139539718628,1.1551345586776731,1.157139539718628,0
2025-06-17 12:00:00,1.157273530960083,1.1576753854751587,1.151543140411377,1.1530035734176636,0
2025-06-17 16:00:00,1.1528706550598145,1.154334545135498,1.1478420495986938,1.1482374668121338,0
2025-06-17 20:00:00,1.1482374668121338,1.1491611003875732,1.1478420495986938,1.1478420495986938,0
2025-06-18 00:00:00,1.1482374668121338,1.15035080909729,1.1478420495986938,1.1500862836837769,0
2025-06-18 04:00:00,1.150218486785889,1.1518083810806274,1.1500862836837769,1.151410460472107,0
2025-06-18 08:00:00,1.151410460472107,1.1524720191955566,1.1495574712753296,1.1496896743774414,0
2025-06-18 12:00:00,1.1495574712753296,1.1520737409591677,1.1490291357040403,1.151012897491455,0
2025-06-18 16:00:00,1.151012897491455,1.1530035734176636,1.1479737758636477,1.1479737758636477,0
2025-06-18 20:00:00,1.1478420495986938,1.1491611003875732,1.1462632417678833,1.1482374668121338,0
2025-06-19 00:00:00,1.148369312286377,1.1486331224441528,1.1454753875732422,1.1458691358566284,0
2025-06-19 04:00:00,1.1458691358566284,1.147315263748169,1.145081877708435,1.1470520496368408,0
2025-06-19 08:00:00,1.1469204425811768,1.1482374668121338,1.1462632417678833,1.1477103233337402,0
2025-06-19 12:00:00,1.147446870803833,1.1488970518112185,1.1465259790420532,1.1471836566925049,0
2025-06-19 16:00:00,1.1471836566925049,1.1490291357040403,1.1458691358566284,1.1488970518112185,0
2025-06-19 20:00:00,1.1488970518112185,1.150483250617981,1.1487650871276855,1.1500862836837769,0
2025-06-20 00:00:00,1.1500862836837769,1.152737736701965,1.1500862836837769,1.1522064208984375,0
2025-06-20 04:00:00,1.1520737409591677,1.1535356044769287,1.1518083810806274,1.1519410610198977,0
2025-06-20 08:00:00,1.1518083810806274,1.1538017988204956,1.151410460472107,1.152737736701965,0
2025-06-20 12:00:00,1.1526048183441162,1.1528706550598145,1.1499539613723757,1.1516757011413574,0
2025-06-20 16:00:00,1.1516757011413574,1.1547343730926514,1.151543140411377,1.1531364917755127,0
2025-06-20 20:00:00,1.1532695293426514,1.1535356044769287,1.1516757011413574,1.1526048183441162,0
2025-06-23 00:00:00,1.1491611003875732,1.151012897491455,1.1477103233337402,1.15035080909729,0
2025-06-23 04:00:00,1.150483250617981,1.152339220046997,1.1488970518112185,1.1508804559707642,0
2025-06-23 08:00:00,1.1518083810806274,1.1518083810806274,1.145737886428833,1.1466574668884275,0
2025-06-23 12:00:00,1.1467890739440918,1.154068112373352,1.1461317539215088,1.15340256690979,0
2025-06-23 16:00:00,1.1532695293426514,1.158077597618103,1.1524720191955566,1.157809495925903,0
2025-06-23 20:00:00,1.157809495925903,1.1603620052337646,1.1574074029922483,1.1595547199249268,0
2025-06-24 00:00:00,1.1592857837677002,1.161170482635498,1.1590172052383425,1.1603620052337646,0
2025-06-24 04:00:00,1.160496711730957,1.162520408630371,1.160496711730957,1.1609008312225342,0
2025-06-24 08:00:00,1.1607661247253418,1.1621150970458984,1.1587486267089844,1.1599582433700562,0
2025-06-24 12:00:00,1.1602274179458618,1.1641442775726318,1.1586142778396606,1.1619800329208374,0
2025-06-24 16:00:00,1.1621150970458984,1.1634671688079834,1.1609008312225342,1.1626555919647217,0
2025-06-24 20:00:00,1.1626555919647217,1.1627906560897827,1.1607661247253418,1.161035656929016,0
2025-06-25 00:00:00,1.161170482635498,1.1634671688079834,1.161170482635498,1.1623852252960205,0
2025-06-25 04:00:00,1.1623852252960205,1.162520408630371,1.161035656929016,1.161035656929016,0
2025-06-25 08:00:00,1.1607661247253418,1.161440134048462,1.1594202518463137,1.1607661247253418,0
2025-06-25 12:00:00,1.1607661247253418,1.1626555919647217,1.1594202518463137,1.1623852252960205,0
2025-06-25 16:00:00,1.1623852252960205,1.1664528846740725,1.1621150970458984,1.1664528846740725,0
2025-06-25 20:00:00,1.1665889024734497,1.1668611764907837,1.1655012369155884,1.1663167476654053,0
2025-06-26 00:00:00,1.1668611764907837,1.169864296913147,1.1667250394821167,1.1693171262741089,0
2025-06-26 04:00:00,1.1693171262741089,1.1712344884872437,1.1679514646530151,1.1702749729156494,0
2025-06-26 08:00:00,1.1700011491775513,1.1745359897613523,1.1695905923843384,1.1719207763671875,0
2025-06-26 12:00:00,1.171783447265625,1.172333002090454,1.1694538593292236,1.1712344884872437,0
2025-06-26 16:00:00,1.1712344884872437,1.1742602586746216,1.1695905923843384,1.172333002090454,0
2025-06-26 20:00:00,1.172333002090454,1.172333002090454,1.1684973239898682,1.168770432472229,0
2025-06-27 00:00:00,1.1689070463180542,1.170823097229004,1.1689070463180542,1.1702749729156494,0
2025-06-27 04:00:00,1.1702749729156494,1.17205810546875,1.168770432472229,1.17205810546875,0
2025-06-27 08:00:00,1.172333002090454,1.1730204820632937,1.170548915863037,1.171783447265625,0
2025-06-27 12:00:00,1.1716461181640625,1.1752262115478516,1.170823097229004,1.172195553779602,0
2025-06-27 16:00:00,1.172195553779602,1.1735711097717283,1.169180393218994,1.1702749729156494,0
2025-06-27 20:00:00,1.1702749729156494,1.1727453470230105,1.1702749729156494,1.1719207763671875,0
2025-06-30 00:00:00,1.173433542251587,1.174122333526611,1.1719207763671875,1.172333002090454,0
2025-06-30 04:00:00,1.17205810546875,1.175364375114441,1.1715089082717896,1.174812078475952,0
2025-06-30 08:00:00,1.1745359897613523,1.1745359897613523,1.17205810546875,1.1728830337524414,0
2025-06-30 12:00:00,1.1728830337524414,1.1752262115478516,1.1712344884872437,1.1742602586746216,0
2025-06-30 16:00:00,1.17384672164917,1.178272724151611,1.17384672164917,1.177994966506958,0
2025-06-30 20:00:00,1.1775789260864258,1.1793843507766724,1.1775789260864258,1.178828239440918,0
2025-07-01 00:00:00,1.178828239440918,1.1809163093566897,1.178272724151611,1.1792453527450562,0
2025-07-01 04:00:00,1.1791062355041504,1.1798018217086792,1.177994966506958,1.178272724151611,0
2025-07-01 08:00:00,1.178272724151611,1.1831519603729248,1.1773016452789309,1.1816140413284302,0
2025-07-01 12:00:00,1.1814744472503662,1.182172775268555,1.177994966506958,1.178550362586975,0
2025-07-01 16:00:00,1.178133845329285,1.1786893606185913,1.1764705181121826,1.178272724151611,0
2025-07-01 20:00:00,1.1784114837646484,1.1810559034347534,1.1784114837646484,1.1806375980377195,0
2025-07-02 00:00:00,1.1806375980377195,1.1813349723815918,1.1792453527450562,1.18035888671875,0
2025-07-02 04:00:00,1.1802195310592651,1.1806375980377195,1.1777175664901731,1.178550362586975,0
2025-07-02 08:00:00,1.1784114837646484,1.1786893606185913,1.176885962486267,1.177024483680725,0
2025-07-02 12:00:00,1.177163004875183,1.1789672374725342,1.1749500036239624,1.177024483680725,0
2025-07-02 16:00:00,1.177163004875183,1.18035888671875,1.177024483680725,1.18035888671875,0
2025-07-02 20:00:00,1.1802195310592651,1.1806375980377195,1.1789672374725342,1.1802195310592651,0
2025-07-03 00:00:00,1.1802195310592651,1.1813349723815918,1.1798018217086792,1.1800801753997805,0
2025-07-03 04:00:00,1.1800801753997805,1.1806375980377195,1.1789672374725342,1.1806375980377195,0
2025-07-03 08:00:00,1.1806375980377195,1.1813349723815918,1.1791062355041504,1.1798018217086792,0
2025-07-03 12:00:00,1.1798018217086792,1.1800801753997805,1.172333002090454,1.1756407022476196,0
2025-07-03 16:00:00,1.1755025386810305,1.176885962486267,1.1743981838226318,1.1752262115478516,0
2025-07-03 20:00:00,1.1752262115478516,1.1763322353363037,1.174812078475952,1.1761938333511353,0
2025-07-04 00:00:00,1.1763322353363037,1.177440166473389,1.1759172677993774,1.176885962486267,0
2025-07-04 04:00:00,1.176885962486267,1.178828239440918,1.176747441291809,1.178550362586975,0
2025-07-04 08:00:00,1.1784114837646484,1.1786893606185913,1.177163004875183,1.178133845329285,0
2025-07-04 12:00:00,1.178133845329285,1.1791062355041504,1.176747441291809,1.178133845329285,0
2025-07-04 16:00:00,1.178133845329285,1.178828239440918,1.1775789260864258,1.178272724151611,0
2025-07-04 20:00:00,1.178272724151611,1.1786893606185913,1.1777175664901731,1.1778563261032104,0
2025-07-07 00:00:00,1.1784114837646484,1.1792453527450562,1.176885962486267,1.177163004875183,0
2025-07-07 04:00:00,1.177024483680725,1.1777175664901731,1.1755025386810305,1.1757789850234983,0
2025-07-07 08:00:00,1.1760554313659668,1.1760554313659668,1.1726078987121582,1.1730204820632937,0
2025-07-07 12:00:00,1.1731581687927246,1.174812078475952,1.172195553779602,1.174122333526611,0
2025-07-07 16:00:00,1.1742602586746216,1.1743981838226318,1.1690436601638794,1.172195553779602,0
2025-07-07 20:00:00,1.172195553779602,1.1739845275878906,1.1709601879119873,1.1739845275878906,0
2025-07-08 00:00:00,1.17384672164917,1.1750881671905518,1.173433542251587,1.174122333526611,0
2025-07-08 04:00:00,1.1742602586746216,1.175364375114441,1.1735711097717283,1.1745359897613523,0
2025-07-08 08:00:00,1.1746740341186523,1.176747441291809,1.1728830337524414,1.1731581687927246,0
2025-07-08 12:00:00,1.1731581687927246,1.174122333526611,1.1686338186264038,1.1695905923843384,0
2025-07-08 16:00:00,1.169727444648743,1.1731581687927246,1.1694538593292236,1.1728830337524414,0
2025-07-08 20:00:00,1.1730204820632937,1.1735711097717283,1.17205810546875,1.1732958555221558,0
2025-07-09 00:00:00,1.1731581687927246,1.1731581687927246,1.170823097229004,1.1715089082717896,0
2025-07-09 04:00:00,1.1715089082717896,1.1731581687927246,1.170548915863037,1.1730204820632937,0
2025-07-09 08:00:00,1.1731581687927246,1.1731581687927246,1.170548915863037,1.170548915863037,0
2025-07-09 12:00:00,1.170548915863037,1.1727453470230105,1.1694538593292236,1.1719207763671875,0
2025-07-09 16:00:00,1.171783447265625,1.17205810546875,1.1704120635986328,1.171783447265625,0
2025-07-09 20:00:00,1.1716461181640625,1.1728830337524414,1.1715089082717896,1.1728830337524414,0
2025-07-10 00:00:00,1.1728830337524414,1.1752262115478516,1.1726078987121582,1.1742602586746216,0
2025-07-10 04:00:00,1.1742602586746216,1.1746740341186523,1.173433542251587,1.1737089157104492,0
2025-07-10 08:00:00,1.1735711097717283,1.174122333526611,1.1730204820632937,1.1732958555221558,0
2025-07-10 12:00:00,1.1731581687927246,1.1732958555221558,1.166997313499451,1.1682243347167969,0
2025-07-10 16:00:00,1.1683608293533323,1.169864296913147,1.1678149700164795,1.1695905923843384,0
2025-07-10 20:00:00,1.1695905923843384,1.1716461181640625,1.1693171262741089,1.1709601879119873,0
2025-07-11 00:00:00,1.170823097229004,1.1709601879119873,1.166997313499451,1.1674060821533203,0
2025-07-11 04:00:00,1.1674060821533203,1.168770432472229,1.1672697067260742,1.1679514646530151,0
2025-07-11 08:00:00,1.1680878400802612,1.1700011491775513,1.1680878400802612,1.1695905923843384,0
2025-07-11 12:00:00,1.1695905923843384,1.1712344884872437,1.1680878400802612,1.1695905923843384,0
2025-07-11 16:00:00,1.1695905923843384,1.1706860065460205,1.1690436601638794,1.1693171262741089,0
2025-07-11 20:00:00,1.1693171262741089,1.169727444648743,1.1683608293533323,1.169180393218994,0
2025-07-14 00:00:00,1.1667250394821167,1.1700011491775513,1.1667250394821167,1.1678149700164795,0
2025-07-14 04:00:00,1.1676785945892334,1.168770432472229,1.1659088134765625,1.1667250394821167,0
2025-07-14 08:00:00,1.1668611764907837,1.1700011491775513,1.1667250394821167,1.169864296913147,0
2025-07-14 12:00:00,1.169864296913147,1.1700011491775513,1.1678149700164795,1.1686338186264038,0
2025-07-14 16:00:00,1.1684973239898682,1.169864296913147,1.1663167476654053,1.1674060821533203,0
2025-07-14 20:00:00,1.1674060821533203,1.1674060821533203,1.1664528846740725,1.166997313499451,0
2025-07-15 00:00:00,1.1668611764907837,1.1680878400802612,1.1664528846740725,1.1676785945892334,0
2025-07-15 04:00:00,1.1678149700164795,1.1690436601638794,1.1676785945892334,1.1680878400802612,0
2025-07-15 08:00:00,1.1680878400802612,1.1695905923843384,1.1675423383712769,1.168770432472229,0
2025-07-15 12:00:00,1.168770432472229,1.169180393218994,1.1619800329208374,1.16225004196167,0
2025-07-15 16:00:00,1.1621150970458984,1.16225004196167,1.15968918800354,1.1606314182281494,0
2025-07-15 20:00:00,1.1606314182281494,1.1607661247253418,1.160092830657959,1.1607661247253418,0
2025-07-16 00:00:00,1.1607661247253418,1.1618449687957764,1.1606314182281494,1.16130530834198,0
2025-07-16 04:00:00,1.161440134048462,1.163061261177063,1.161170482635498,1.163061261177063,0
2025-07-16 08:00:00,1.1631964445114136,1.1631964445114136,1.16130530834198,1.1621150970458984,0
2025-07-16 12:00:00,1.1619800329208374,1.1623852252960205,1.156738042831421,1.159823656082153,0
2025-07-16 16:00:00,1.159823656082153,1.1719207763671875,1.15968918800354,1.1631964445114136,0
2025-07-16 20:00:00,1.1634671688079834,1.1645511388778689,1.162520408630371,1.164008855819702,0
2025-07-17 00:00:00,1.163873314857483,1.1642799377441406,1.1619800329208374,1.16225004196167,0
2025-07-17 04:00:00,1.1621150970458984,1.1629259586334229,1.1579434871673584,1.1586142778396606,0
2025-07-17 08:00:00,1.1586142778396606,1.1607661247253418,1.157809495925903,1.1588828563690186,0
2025-07-17 12:00:00,1.1588828563690186,1.160092830657959,1.1568717956542969,1.159151554107666,0
2025-07-17 16:00:00,1.1590172052383425,1.1606314182281494,1.1583458185195925,1.1587486267089844,0
2025-07-17 20:00:00,1.1588828563690186,1.16225004196167,1.1587486267089844,1.1621150970458984,0
2025-07-18 00:00:00,1.1619800329208374,1.1637378931045532,1.1618449687957764,1.1633317470550537,0
2025-07-18 04:00:00,1.1631964445114136,1.1633317470550537,1.1615750789642334,1.162520408630371,0
2025-07-18 08:00:00,1.1626555919647217,1.164686679840088,1.1623852252960205,1.16441547870636,0
2025-07-18 12:00:00,1.16441547870636,1.1672697067260742,1.16441547870636,1.1650937795639038,0
2025-07-18 16:00:00,1.1650937795639038,1.16604483127594,1.16225004196167,1.1626555919647217,0
2025-07-18 20:00:00,1.162520408630371,1.163061261177063,1.1618449687957764,1.1618449687957764,0
2025-07-21 00:00:00,1.1629259586334229,1.163873314857483,1.1618449687957764,1.162520408630371,0
2025-07-21 04:00:00,1.162520408630371,1.1645511388778689,1.1623852252960205,1.16441547870636,0
2025-07-21 08:00:00,1.16441547870636,1.1655012369155884,1.1637378931045532,1.164822340011597,0
2025-07-21 12:00:00,1.164958119392395,1.1701380014419556,1.164822340011597,1.1701380014419556,0
2025-07-21 16:00:00,1.1701380014419556,1.1719207763671875,1.1690436601638794,1.1695905923843384,0
2025-07-21 20:00:00,1.169727444648743,1.1700011491775513,1.169180393218994,1.169727444648743,0
2025-07-22 00:00:00,1.169864296913147,1.169864296913147,1.1686338186264038,1.1694538593292236,0
2025-07-22 04:00:00,1.1693171262741089,1.169727444648743,1.1686338186264038,1.1694538593292236,0
2025-07-22 08:00:00,1.1693171262741089,1.1712344884872437,1.1686338186264038,1.170548915863037,0
2025-07-22 12:00:00,1.170548915863037,1.1728830337524414,1.1682243347167969,1.1726078987121582,0
2025-07-22 16:00:00,1.1724703311920166,1.1763322353363037,1.1719207763671875,1.1750881671905518,0
2025-07-22 20:00:00,1.1750881671905518,1.1763322353363037,1.1749500036239624,1.1752262115478516,0
2025-07-23 00:00:00,1.1752262115478516,1.1759172677993774,1.173433542251587,1.17384672164917,0
2025-07-23 04:00:00,1.17384672164917,1.1749500036239624,1.1731581687927246,1.1745359897613523,0
2025-07-23 08:00:00,1.1745359897613523,1.175364375114441,1.1727453470230105,1.1728830337524414,0
2025-07-23 12:00:00,1.1727453470230105,1.174122333526611,1.1715089082717896,1.1737089157104492,0
2025-07-23 16:00:00,1.1735711097717283,1.1777175664901731,1.1726078987121582,1.1775789260864258,0
2025-07-23 20:00:00,1.1777175664901731,1.177994966506958,1.177024483680725,1.1777175664901731,0
2025-07-24 00:00:00,1.1777175664901731,1.178272724151611,1.1766090393066406,1.177994966506958,0
2025-07-24 04:00:00,1.177994966506958,1.178272724151611,1.1761938333511353,1.1761938333511353,0
2025-07-24 08:00:00,1.1759172677993774,1.177163004875183,1.174812078475952,1.1752262115478516,0
2025-07-24 12:00:00,1.1752262115478516,1.1791062355041504,1.1737089157104492,1.177024483680725,0
2025-07-24 16:00:00,1.177024483680725,1.178133845329285,1.1760554313659668,1.177024483680725,0
2025-07-24 20:00:00,1.176885962486267,1.1773016452789309,1.1743981838226318,1.1756407022476196,0
2025-07-25 00:00:00,1.1755025386810305,1.1761938333511353,1.17384672164917,1.174122333526611,0
2025-07-25 04:00:00,1.174122333526611,1.1763322353363037,1.1739845275878906,1.1752262115478516,0
2025-07-25 08:00:00,1.1755025386810305,1.1761938333511353,1.1728830337524414,1.1730204820632937,0
2025-07-25 12:00:00,1.1730204820632937,1.17384672164917,1.1709601879119873,1.173433542251587,0
2025-07-25 16:00:00,1.173433542251587,1.1749500036239624,1.1724703311920166,1.1749500036239624,0
2025-07-25 20:00:00,1.174812078475952,1.1750881671905518,1.174122333526611,1.1743981838226318,0
2025-07-28 00:00:00,1.1757789850234983,1.177440166473389,1.1750881671905518,1.1759172677993774,0
2025-07-28 04:00:00,1.1757789850234983,1.1761938333511353,1.1716461181640625,1.1726078987121582,0
2025-07-28 08:00:00,1.1724703311920166,1.1726078987121582,1.1659088134765625,1.1663167476654053,0
2025-07-28 12:00:00,1.1661807298660278,1.1667250394821167,1.1631964445114136,1.1641442775726318,0
2025-07-28 16:00:00,1.164008855819702,1.1641442775726318,1.1588828563690186,1.159823656082153,0
2025-07-28 20:00:00,1.159823656082153,1.159823656082153,1.1587486267089844,1.15968918800354,0
2025-07-29 00:00:00,1.15968918800354,1.1602274179458618,1.1588828563690186,1.160092830657959,0
2025-07-29 04:00:00,1.1599582433700562,1.160092830657959,1.1539349555969238,1.1539349555969238,0
2025-07-29 08:00:00,1.154068112373352,1.1590172052383425,1.1532695293426514,1.1576753854751587,0
2025-07-29 12:00:00,1.1576753854751587,1.157809495925903,1.152339220046997,1.1526048183441162,0
2025-07-29 16:00:00,1.1526048183441162,1.156203031539917,1.1526048183441162,1.1552680730819702,0
2025-07-29 20:00:00,1.155401587486267,1.1560693979263306,1.1546010971069336,1.155401587486267,0
2025-07-30 00:00:00,1.1552680730819702,1.1575413942337036,1.155001163482666,1.1566041707992554,0
2025-07-30 04:00:00,1.156738042831421,1.1574074029922483,1.154334545135498,1.1560693979263306,0
2025-07-30 08:00:00,1.1559356451034546,1.1568717956542969,1.1535356044769287,1.1544678211212158,0
2025-07-30 12:00:00,1.154334545135498,1.154334545135498,1.1461317539215088,1.14850115776062,0
2025-07-30 16:00:00,1.1482374668121338,1.150218486785889,1.143118381500244,1.143379807472229,0
2025-07-30 20:00:00,1.142987847328186,1.1437721252441406,1.1405109167099,1.1427265405654907,0
2025-07-31 00:00:00,1.1424654722213743,1.1440337896347046,1.1423349380493164,1.1432491540908811,0
2025-07-31 04:00:00,1.1432491540908811,1.1462632417678833,1.141291856765747,1.1462632417678833,0
2025-07-31 08:00:00,1.1458691358566284,1.1461317539215088,1.1424654722213743,1.1442956924438477,0
2025-07-31 12:00:00,1.1442956924438477,1.1453442573547363,1.1410315036773682,1.1449507474899292,0
2025-07-31 16:00:00,1.144819736480713,1.145213007926941,1.1419435739517212,1.142987847328186,0
2025-07-31 20:00:00,1.143118381500244,1.143379807472229,1.1411616802215576,1.1419435739517212,0
2025-08-01 00:00:00,1.1419435739517212,1.1432491540908811,1.1407711505889893,1.141422152519226,0
2025-08-01 04:00:00,1.1415525674819946,1.1440337896347046,1.1415525674819946,1.1432491540908811,0
2025-08-01 08:00:00,1.143379807472229,1.1436413526535034,1.1397310495376587,1.1415525674819946,0
2025-08-01 12:00:00,1.1415525674819946,1.1586142778396606,1.1396011114120483,1.1558021306991575,0
2025-08-01 16:00:00,1.1556684970855713,1.1568717956542969,1.1520737409591677,1.1531364917755127,0
2025-08-01 20:00:00,1.1530035734176636,1.1599582433700562,1.1528706550598145,1.1594202518463137,0
2025-08-04 00:00:00,1.1587486267089844,1.1592857837677002,1.155401587486267,1.1579434871673584,0
2025-08-04 04:00:00,1.158077597618103,1.1588828563690186,1.156738042831421,1.1575413942337036,0
2025-08-04 08:00:00,1.1574074029922483,1.1582117080688477,1.155401587486267,1.1576753854751587,0
2025-08-04 12:00:00,1.1576753854751587,1.159151554107666,1.1560693979263306,1.156738042831421,0
2025-08-04 16:00:00,1.1568717956542969,1.158077597618103,1.156203031539917,1.1568717956542969,0
2025-08-04 20:00:00,1.157139539718628,1.1584800481796265,1.1564704179763794,1.158077597618103,0
2025-08-05 00:00:00,1.1582117080688477,1.159151554107666,1.1560693979263306,1.156336784362793,0
2025-08-05 04:00:00,1.156336784362793,1.1564704179763794,1.1547343730926514,1.155401587486267,0
2025-08-05 08:00:00,1.1552680730819702,1.1564704179763794,1.15340256690979,1.1547343730926514,0
2025-08-05 12:00:00,1.1546010971069336,1.1568717956542969,1.1532695293426514,1.1568717956542969,0
2025-08-05 16:00:00,1.1568717956542969,1.1588828563690186,1.156738042831421,1.1576753854751587,0
2025-08-05 20:00:00,1.1575413942337036,1.1582117080688477,1.1570056676864624,1.1579434871673584,0
2025-08-06 00:00:00,1.1579434871673584,1.1587486267089844,1.1568717956542969,1.157273530960083,0
2025-08-06 04:00:00,1.1574074029922483,1.159151554107666,1.157273530960083,1.1583458185195925,0
2025-08-06 08:00:00,1.1582117080688477,1.16130530834198,1.1575413942337036,1.161035656929016,0
2025-08-06 12:00:00,1.1609008312225342,1.164008855819702,1.1602274179458618,1.1631964445114136,0
2025-08-06 16:00:00,1.163061261177063,1.1671334505081177,1.1629259586334229,1.1665889024734497,0
2025-08-06 20:00:00,1.1665889024734497,1.166997313499451,1.1656370162963867,1.1667250394821167,0
2025-08-07 00:00:00,1.1665889024734497,1.1668611764907837,1.1653653383255005,1.16604483127594,0
2025-08-07 04:00:00,1.16604483127594,1.1682243347167969,1.1656370162963867,1.1678149700164795,0
2025-08-07 08:00:00,1.1678149700164795,1.1701380014419556,1.1665889024734497,1.1672697067260742,0
2025-08-07 12:00:00,1.1674060821533203,1.1674060821533203,1.1619800329208374,1.1626555919647217,0
2025-08-07 16:00:00,1.162520408630371,1.164822340011597,1.1617100238800049,1.162520408630371,0
2025-08-07 20:00:00,1.1626555919647217,1.1678149700164795,1.1623852252960205,1.1675423383712769,0
2025-08-08 00:00:00,1.1674060821533203,1.1680878400802612,1.16604483127594,1.1664528846740725,0
2025-08-08 04:00:00,1.1664528846740725,1.1667250394821167,1.16441547870636,1.1653653383255005,0
2025-08-08 08:00:00,1.1653653383255005,1.1668611764907837,1.1633317470550537,1.164008855819702,0
2025-08-08 12:00:00,1.163873314857483,1.1665889024734497,1.163873314857483,1.1659088134765625,0
2025-08-08 16:00:00,1.1657729148864746,1.166997313499451,1.165229558944702,1.1659088134765625,0
2025-08-08 20:00:00,1.1659088134765625,1.1659088134765625,1.1641442775726318,1.16441547870636,0
2025-08-11 00:00:00,1.1650937795639038,1.1671334505081177,1.1645511388778689,1.166997313499451,0
2025-08-11 04:00:00,1.1668611764907837,1.1679514646530151,1.1667250394821167,1.1667250394821167,0
2025-08-11 08:00:00,1.1667250394821167,1.1667250394821167,1.1642799377441406,1.1650937795639038,0
2025-08-11 12:00:00,1.164822340011597,1.164822340011597,1.1595547199249268,1.160092830657959,0
2025-08-11 16:00:00,1.160092830657959,1.1617100238800049,1.1594202518463137,1.1615750789642334,0
2025-08-11 20:00:00,1.161440134048462,1.16225004196167,1.1606314182281494,1.1617100238800049,0
2025-08-12 00:00:00,1.1617100238800049,1.1629259586334229,1.1615750789642334,1.162520408630371,0
2025-08-12 04:00:00,1.1627906560897827,1.1631964445114136,1.16130530834198,1.16130530834198,0
2025-08-12 08:00:00,1.161170482635498,1.1626555919647217,1.1603620052337646,1.16130530834198,0
2025-08-12 12:00:00,1.16130530834198,1.1664528846740725,1.1602274179458618,1.1661807298660278,0
2025-08-12 16:00:00,1.16604483127594,1.1700011491775513,1.16604483127594,1.1671334505081177,0
2025-08-12 20:00:00,1.1672697067260742,1.1680878400802612,1.1668611764907837,1.1680878400802612,0
2025-08-13 00:00:00,1.1679514646530151,1.1689070463180542,1.1674060821533203,1.1684973239898682,0
2025-08-13 04:00:00,1.1684973239898682,1.1700011491775513,1.1680878400802612,1.169727444648743,0
2025-08-13 08:00:00,1.1695905923843384,1.1732958555221558,1.1695905923843384,1.17205810546875,0
2025-08-13 12:00:00,1.171783447265625,1.1726078987121582,1.169727444648743,1.172333002090454,0
2025-08-13 16:00:00,1.172195553779602,1.1726078987121582,1.1700011491775513,1.1704120635986328,0
2025-08-13 20:00:00,1.1704120635986328,1.1715089082717896,1.1701380014419556,1.1710972785949707,0
2025-08-14 00:00:00,1.1710972785949707,1.171783447265625,1.1702749729156494,1.170823097229004,0
2025-08-14 04:00:00,1.170823097229004,1.1709601879119873,1.1689070463180542,1.1689070463180542,0
2025-08-14 08:00:00,1.1690436601638794,1.1700011491775513,1.1671334505081177,1.169864296913147,0
2025-08-14 12:00:00,1.169864296913147,1.169864296913147,1.1642799377441406,1.1664528846740725,0
2025-08-14 16:00:00,1.1665889024734497,1.1665889024734497,1.1634671688079834,1.16441547870636,0
2025-08-14 20:00:00,1.1645511388778689,1.1656370162963867,1.1645511388778689,1.1653653383255005,0
2025-08-15 00:00:00,1.165229558944702,1.1661807298660278,1.164958119392395,1.16604483127594,0
2025-08-15 04:00:00,1.16604483127594,1.1678149700164795,1.16604483127594,1.1675423383712769,0
2025-08-15 08:00:00,1.1676785945892334,1.1694538593292236,1.1675423383712769,1.1690436601638794,0
2025-08-15 12:00:00,1.1690436601638794,1.171783447265625,1.1678149700164795,1.1715089082717896,0
2025-08-15 16:00:00,1.1715089082717896,1.171783447265625,1.1702749729156494,1.170548915863037,0
2025-08-15 20:00:00,1.170548915863037,1.1710972785949707,1.1704120635986328,1.170823097229004,0
2025-08-18 00:00:00,1.171783447265625,1.171783447265625,1.169727444648743,1.1704120635986328,0
2025-08-18 04:00:00,1.1704120635986328,1.1713716983795166,1.169727444648743,1.169864296913147,0
2025-08-18 08:00:00,1.1700011491775513,1.170548915863037,1.1675423383712769,1.1684973239898682,0
2025-08-18 12:00:00,1.1684973239898682,1.169180393218994,1.1664528846740725,1.1667250394821167,0
2025-08-18 16:00:00,1.1668611764907837,1.1678149700164795,1.16604483127594,1.1663167476654053,0
2025-08-18 20:00:00,1.1663167476654053,1.1678149700164795,1.1653653383255005,1.1671334505081177,0
2025-08-19 00:00:00,1.1671334505081177,1.1672697067260742,1.16441547870636,1.1655012369155884,0
2025-08-19 04:00:00,1.1657729148864746,1.1676785945892334,1.1653653383255005,1.1676785945892334,0
2025-08-19 08:00:00,1.1678149700164795,1.1695905923843384,1.1675423383712769,1.169180393218994,0
2025-08-19 12:00:00,1.1693171262741089,1.1695905923843384,1.1667250394821167,1.1676785945892334,0
2025-08-19 16:00:00,1.1675423383712769,1.1678149700164795,1.164686679840088,1.164958119392395,0
2025-08-19 20:00:00,1.1650937795639038,1.1657729148864746,1.164686679840088,1.165229558944702,0
2025-08-20 00:00:00,1.1650937795639038,1.1650937795639038,1.1626555919647217,1.1629259586334229,0
2025-08-20 04:00:00,1.163061261177063,1.16441547870636,1.1626555919647217,1.1637378931045532,0
2025-08-20 08:00:00,1.163873314857483,1.16604483127594,1.1637378931045532,1.164958119392395,0
2025-08-20 12:00:00,1.165229558944702,1.1675423383712769,1.16441547870636,1.1667250394821167,0
2025-08-20 16:00:00,1.1665889024734497,1.1675423383712769,1.164958119392395,1.1659088134765625,0
2025-08-20 20:00:00,1.1657729148864746,1.1661807298660278,1.1650937795639038,1.1656370162963867,0
2025-08-21 00:00:00,1.1656370162963867,1.1657729148864746,1.1645511388778689,1.1650937795639038,0
2025-08-21 04:00:00,1.1650937795639038,1.1653653383255005,1.163061261177063,1.1633317470550537,0
2025-08-21 08:00:00,1.1633317470550537,1.1665889024734497,1.1629259586334229,1.1653653383255005,0
2025-08-21 12:00:00,1.1655012369155884,1.1661807298660278,1.161170482635498,1.1619800329208374,0
2025-08-21 16:00:00,1.1619800329208374,1.1626555919647217,1.1606314182281494,1.161440134048462,0
2025-08-21 20:00:00,1.161440134048462,1.1617100238800049,1.1606314182281494,1.1617100238800049,0
2025-08-22 00:00:00,1.1618449687957764,1.1621150970458984,1.1609008312225342,1.16130530834198,0
2025-08-22 04:00:00,1.16130530834198,1.16130530834198,1.1587486267089844,1.1592857837677002,0
2025-08-22 08:00:00,1.1595547199249268,1.1606314182281494,1.1595547199249268,1.1599582433700562,0
2025-08-22 12:00:00,1.160092830657959,1.172333002090454,1.1599582433700562,1.172195553779602,0
2025-08-22 16:00:00,1.172195553779602,1.1746740341186523,1.171783447265625,1.1726078987121582,0
2025-08-22 20:00:00,1.1724703311920166,1.1731581687927246,1.1719207763671875,1.1726078987121582,0
2025-08-25 00:00:00,1.1719207763671875,1.1719207763671875,1.169727444648743,1.1700011491775513,0
2025-08-25 04:00:00,1.1702749729156494,1.172333002090454,1.1702749729156494,1.171783447265625,0
2025-08-25 08:00:00,1.171783447265625,1.17205810546875,1.1689070463180542,1.169180393218994,0
2025-08-25 12:00:00,1.1693171262741089,1.1712344884872437,1.169180393218994,1.1693171262741089,0
2025-08-25 16:00:00,1.1693171262741089,1.1694538593292236,1.16225004196167,1.16225004196167,0
2025-08-25 20:00:00,1.1623852252960205,1.1629259586334229,1.1606314182281494,1.1623852252960205,0
2025-08-26 00:00:00,1.1623852252960205,1.1663167476654053,1.161440134048462,1.164008855819702,0
2025-08-26 04:00:00,1.163873314857483,1.164822340011597,1.1617100238800049,1.162520408630371,0
2025-08-26 08:00:00,1.1626555919647217,1.164958119392395,1.1607661247253418,1.164822340011597,0
2025-08-26 12:00:00,1.164822340011597,1.1668611764907837,1.1641442775726318,1.1659088134765625,0
2025-08-26 16:00:00,1.1656370162963867,1.1665889024734497,1.1637378931045532,1.164686679840088,0
2025-08-26 20:00:00,1.164822340011597,1.165229558944702,1.1637378931045532,1.164686679840088,0
2025-08-27 00:00:00,1.1645511388778689,1.164686679840088,1.1629259586334229,1.1634671688079834,0
2025-08-27 04:00:00,1.1634671688079834,1.163602590560913,1.1615750789642334,1.1623852252960205,0
2025-08-27 08:00:00,1.162520408630371,1.162520408630371,1.1582117080688477,1.1583458185195925,0
2025-08-27 12:00:00,1.1583458185195925,1.1606314182281494,1.1579434871673584,1.1595547199249268,0
2025-08-27 16:00:00,1.1595547199249268,1.1645511388778689,1.1595547199249268,1.1634671688079834,0
2025-08-27 20:00:00,1.1633317470550537,1.164822340011597,1.1633317470550537,1.1645511388778689,0
2025-08-28 00:00:00,1.164686679840088,1.1657729148864746,1.1645511388778689,1.1656370162963867,0
2025-08-28 04:00:00,1.1656370162963867,1.1657729148864746,1.1637378931045532,1.164686679840088,0
2025-08-28 08:00:00,1.164686679840088,1.1678149700164795,1.1634671688079834,1.1674060821533203,0
2025-08-28 12:00:00,1.1675423383712769,1.1690436601638794,1.1663167476654053,1.1675423383712769,0
2025-08-28 16:00:00,1.1672697067260742,1.1701380014419556,1.1665889024734497,1.1693171262741089,0
2025-08-28 20:00:00,1.1693171262741089,1.1693171262741089,1.1676785945892334,1.1678149700164795,0
2025-08-29 00:00:00,1.1678149700164795,1.1684973239898682,1.16604483127594,1.1664528846740725,0
2025-08-29 04:00:00,1.1664528846740725,1.1674060821533203,1.1663167476654053,1.1671334505081177,0
2025-08-29 08:00:00,1.166997313499451,1.169180393218994,1.1665889024734497,1.1671334505081177,0
2025-08-29 12:00:00,1.166997313499451,1.170823097229004,1.1657729148864746,1.170823097229004,0
2025-08-29 16:00:00,1.170823097229004,1.1709601879119873,1.169727444648743,1.1702749729156494,0
2025-08-29 20:00:00,1.1701380014419556,1.1704120635986328,1.1686338186264038,1.169180393218994,0
2025-09-01 00:00:00,1.169180393218994,1.1716461181640625,1.1690436601638794,1.1715089082717896,0
2025-09-01 04:00:00,1.1716461181640625,1.1735711097717283,1.170823097229004,1.1728830337524414,0
2025-09-01 08:00:00,1.1730204820632937,1.1739845275878906,1.1719207763671875,1.172333002090454,0
2025-09-01 12:00:00,1.172333002090454,1.1732958555221558,1.1709601879119873,1.1713716983795166,0
2025-09-01 16:00:00,1.1715089082717896,1.1715089082717896,1.1701380014419556,1.1710972785949707,0
2025-09-01 20:00:00,1.1710972785949707,1.171783447265625,1.1709601879119873,1.1715089082717896,0
2025-09-02 00:00:00,1.1715089082717896,1.17205810546875,1.1695905923843384,1.1702749729156494,0
2025-09-02 04:00:00,1.1702749729156494,1.1709601879119873,1.169180393218994,1.1706860065460205,0
2025-09-02 08:00:00,1.170823097229004,1.1709601879119873,1.163061261177063,1.163602590560913,0
2025-09-02 12:00:00,1.163602590560913,1.1684973239898682,1.1617100238800049,1.1665889024734497,0
2025-09-02 16:00:00,1.1664528846740725,1.1671334505081177,1.1633317470550537,1.163602590560913,0
2025-09-02 20:00:00,1.1637378931045532,1.164822340011597,1.163602590560913,1.1641442775726318,0
2025-09-03 00:00:00,1.1641442775726318,1.1641442775726318,1.1629259586334229,1.163061261177063,0
2025-09-03 04:00:00,1.1631964445114136,1.1645511388778689,1.1626555919647217,1.163602590560913,0
2025-09-03 08:00:00,1.1637378931045532,1.1667250394821167,1.16130530834198,1.164686679840088,0
2025-09-03 12:00:00,1.164822340011597,1.1683608293533323,1.1642799377441406,1.1667250394821167,0
2025-09-03 16:00:00,1.1667250394821167,1.1684973239898682,1.1661807298660278,1.1665889024734497,0
2025-09-03 20:00:00,1.1663167476654053,1.1668611764907837,1.1659088134765625,1.1663167476654053,0
2025-09-04 00:00:00,1.1663167476654053,1.1672697067260742,1.1655012369155884,1.1656370162963867,0
2025-09-04 04:00:00,1.1656370162963867,1.1663167476654053,1.165229558944702,1.1655012369155884,0
2025-09-04 08:00:00,1.1657729148864746,1.1661807298660278,1.1642799377441406,1.1656370162963867,0
2025-09-04 12:00:00,1.1655012369155884,1.1657729148864746,1.163602590560913,1.163873314857483,0
2025-09-04 16:00:00,1.164008855819702,1.1653653383255005,1.1634671688079834,1.164686679840088,0
2025-09-04 20:00:00,1.164822340011597,1.1659088134765625,1.164822340011597,1.165229558944702,0
2025-09-05 00:00:00,1.1653653383255005,1.1678149700164795,1.165229558944702,1.1671334505081177,0
2025-09-05 04:00:00,1.1671334505081177,1.1680878400802612,1.1668611764907837,1.1672697067260742,0
2025-09-05 08:00:00,1.1672697067260742,1.1700011491775513,1.166997313499451,1.1695905923843384,0
2025-09-05 12:00:00,1.1693171262741089,1.1761938333511353,1.1682243347167969,1.1739845275878906,0
2025-09-05 16:00:00,1.174122333526611,1.1763322353363037,1.171783447265625,1.17205810546875,0
2025-09-05 20:00:00,1.172195553779602,1.1726078987121582,1.1716461181640625,1.172333002090454,0
2025-09-08 00:00:00,1.1710972785949707,1.17205810546875,1.1709601879119873,1.171783447265625,0
2025-09-08 04:00:00,1.1719207763671875,1.1731581687927246,1.1709601879119873,1.1730204820632937,0
2025-09-08 08:00:00,1.1728830337524414,1.1745359897613523,1.1724703311920166,1.1730204820632937,0
2025-09-08 12:00:00,1.1730204820632937,1.1759172677993774,1.1727453470230105,1.1749500036239624,0
2025-09-08 16:00:00,1.174812078475952,1.1766090393066406,1.1739845275878906,1.1764705181121826,0
2025-09-08 20:00:00,1.1764705181121826,1.176885962486267,1.1761938333511353,1.176747441291809,0
2025-09-09 00:00:00,1.176747441291809,1.178133845329285,1.176747441291809,1.177163004875183,0
2025-09-09 04:00:00,1.1773016452789309,1.178272724151611,1.1760554313659668,1.176885962486267,0
2025-09-09 08:00:00,1.1766090393066406,1.177440166473389,1.174812078475952,1.1756407022476196,0
2025-09-09 12:00:00,1.1757789850234983,1.1761938333511353,1.1728830337524414,1.1735711097717283,0
2025-09-09 16:00:00,1.173433542251587,1.173433542251587,1.170823097229004,1.1709601879119873,0
2025-09-09 20:00:00,1.1709601879119873,1.1719207763671875,1.170823097229004,1.1716461181640625,0
2025-09-10 00:00:00,1.1713716983795166,1.1715089082717896,1.1694538593292236,1.1710972785949707,0
2025-09-10 04:00:00,1.1710972785949707,1.172195553779602,1.1695905923843384,1.1695905923843384,0
2025-09-10 08:00:00,1.1700011491775513,1.1719207763671875,1.169180393218994,1.1704120635986328,0
2025-09-10 12:00:00,1.1704120635986328,1.173433542251587,1.1695905923843384,1.1730204820632937,0
2025-09-10 16:00:00,1.1731581687927246,1.1732958555221558,1.170548915863037,1.170823097229004,0
2025-09-10 20:00:00,1.170823097229004,1.170823097229004,1.1694538593292236,1.1706860065460205,0
2025-09-11 00:00:00,1.170548915863037,1.1709601879119873,1.169727444648743,1.1700011491775513,0
2025-09-11 04:00:00,1.1700011491775513,1.1702749729156494,1.168770432472229,1.1693171262741089,0
2025-09-11 08:00:00,1.169727444648743,1.169864296913147,1.1683608293533323,1.168770432472229,0
2025-09-11 12:00:00,1.168770432472229,1.1746740341186523,1.166997313499451,1.1731581687927246,0
2025-09-11 16:00:00,1.1730204820632937,1.174812078475952,1.1730204820632937,1.1739845275878906,0
2025-09-11 20:00:00,1.17384672164917,1.1743981838226318,1.1731581687927246,1.1742602586746216,0
2025-09-12 00:00:00,1.1742602586746216,1.1743981838226318,1.1727453470230105,1.1730204820632937,0
2025-09-12 04:00:00,1.1728830337524414,1.1742602586746216,1.1724703311920166,1.1742602586746216,0
2025-09-12 08:00:00,1.1745359897613523,1.1750881671905518,1.171783447265625,1.17384672164917,0
2025-09-12 12:00:00,1.1737089157104492,1.17384672164917,1.1706860065460205,1.1728830337524414,0
2025-09-12 16:00:00,1.1728830337524414,1.1745359897613523,1.1715089082717896,1.1745359897613523,0
2025-09-12 20:00:00,1.1743981838226318,1.1745359897613523,1.1731581687927246,1.1731581687927246,0
2025-09-15 00:00:00,1.1731581687927246,1.173433542251587,1.1726078987121582,1.1731581687927246,0
2025-09-15 04:00:00,1.1731581687927246,1.17384672164917,1.17205810546875,1.1728830337524414,0
2025-09-15 08:00:00,1.1730204820632937,1.1766090393066406,1.1728830337524414,1.1756407022476196,0
2025-09-15 12:00:00,1.1757789850234983,1.1775789260864258,1.1755025386810305,1.1761938333511353,0
2025-09-15 16:00:00,1.1760554313659668,1.1777175664901731,1.1760554313659668,1.1773016452789309,0
2025-09-15 20:00:00,1.177440166473389,1.1775789260864258,1.1763322353363037,1.1766090393066406,0
2025-09-16 00:00:00,1.176747441291809,1.177994966506958,1.1760554313659668,1.177994966506958,0
2025-09-16 04:00:00,1.178133845329285,1.1793843507766724,1.1777175664901731,1.1791062355041504,0
2025-09-16 08:00:00,1.1791062355041504,1.182172775268555,1.1791062355041504,1.1811953783035278,0
2025-09-16 12:00:00,1.1810559034347534,1.1856770515441897,1.1798018217086792,1.1855363845825195,0
2025-09-16 16:00:00,1.1853959560394287,1.1882128715515137,1.1839923858642578,1.1870845556259155,0
2025-09-16 20:00:00,1.1868027448654177,1.1873664855957031,1.1846938133239746,1.1868027448654177,0
2025-09-17 00:00:00,1.1869436502456665,1.1876484155654907,1.1855363845825195,1.1859582662582395,0
2025-09-17 04:00:00,1.1858175992965698,1.186380386352539,1.1855363845825195,1.1859582662582395,0
2025-09-17 08:00:00,1.1858175992965698,1.1858175992965698,1.1838523149490356,1.1839923858642578,0
2025-09-17 12:00:00,1.1839923858642578,1.1860989332199097,1.1838523149490356,1.1853959560394287,0
2025-09-17 16:00:00,1.1852554082870483,1.1918951272964478,1.182592272758484,1.1838523149490356,0
2025-09-17 20:00:00,1.183712124824524,1.1859582662582395,1.18035888671875,1.1823126077651978,0
2025-09-18 00:00:00,1.1823126077651978,1.1831519603729248,1.1810559034347534,1.1823126077651978,0
2025-09-18 04:00:00,1.1824523210525513,1.182592272758484,1.178550362586975,1.1798018217086792,0
2025-09-18 08:00:00,1.1798018217086792,1.1851149797439575,1.1798018217086792,1.1839923858642578,0
2025-09-18 12:00:00,1.1838523149490356,1.1839923858642578,1.1755025386810305,1.1778563261032104,0
2025-09-18 16:00:00,1.177994966506958,1.179662585258484,1.177440166473389,1.1791062355041504,0
2025-09-18 20:00:00,1.1792453527450562,1.179523468017578,1.1784114837646484,1.1789672374725342,0
2025-09-19 00:00:00,1.1789672374725342,1.1793843507766724,1.1775789260864258,1.178272724151611,0
2025-09-19 04:00:00,1.178550362586975,1.179523468017578,1.176747441291809,1.177024483680725,0
2025-09-19 08:00:00,1.177163004875183,1.178133845329285,1.1756407022476196,1.1764705181121826,0
2025-09-19 12:00:00,1.1763322353363037,1.177024483680725,1.1731581687927246,1.1760554313659668,0
2025-09-19 16:00:00,1.1760554313659668,1.1761938333511353,1.1742602586746216,1.1752262115478516,0
2025-09-19 20:00:00,1.1750881671905518,1.175364375114441,1.1743981838226318,1.1745359897613523,0
2025-09-22 00:00:00,1.1743981838226318,1.1745359897613523,1.1730204820632937,1.1731581687927246,0
2025-09-22 04:00:00,1.1732958555221558,1.1750881671905518,1.1730204820632937,1.1746740341186523,0
2025-09-22 08:00:00,1.174812078475952,1.1786893606185913,1.1742602586746216,1.1777175664901731,0
2025-09-22 12:00:00,1.1777175664901731,1.1791062355041504,1.176747441291809,1.1773016452789309,0
2025-09-22 16:00:00,1.177440166473389,1.1800801753997805,1.176885962486267,1.1800801753997805,0
2025-09-22 20:00:00,1.1800801753997805,1.1811953783035278,1.179523468017578,1.180498123168945,0
2025-09-23 00:00:00,1.180498123168945,1.182172775268555,1.1800801753997805,1.1807769536972046,0
2025-09-23 04:00:00,1.1807769536972046,1.1810559034347534,1.1793843507766724,1.179940938949585,0
2025-09-23 08:00:00,1.1798018217086792,1.1814744472503662,1.178550362586975,1.179940938949585,0
2025-09-23 12:00:00,1.179940938949585,1.1807769536972046,1.1789672374725342,1.179940938949585,0
2025-09-23 16:00:00,1.1800801753997805,1.1820330619812012,1.1792453527450562,1.1814744472503662,0
2025-09-23 20:00:00,1.1816140413284302,1.1823126077651978,1.1811953783035278,1.1817537546157837,0
2025-09-24 00:00:00,1.1817537546157837,1.1820330619812012,1.179940938949585,1.1800801753997805,0
2025-09-24 04:00:00,1.179940938949585,1.1807769536972046,1.1791062355041504,1.1792453527450562,0
2025-09-24 08:00:00,1.179523468017578,1.179662585258484,1.1755025386810305,1.1755025386810305,0
2025-09-24 12:00:00,1.1755025386810305,1.1760554313659668,1.1731581687927246,1.1746740341186523,0
2025-09-24 16:00:00,1.1746740341186523,1.174812078475952,1.173433542251587,1.1739845275878906,0
2025-09-24 20:00:00,1.17384672164917,1.174812078475952,1.1735711097717283,1.174812078475952,0
2025-09-25 00:00:00,1.174812078475952,1.1755025386810305,1.1743981838226318,1.175364375114441,0
2025-09-25 04:00:00,1.1752262115478516,1.1757789850234983,1.1742602586746216,1.1750881671905518,0
2025-09-25 08:00:00,1.174812078475952,1.1756407022476196,1.173433542251587,1.1750881671905518,0
2025-09-25 12:00:00,1.1749500036239624,1.1749500036239624,1.1678149700164795,1.1679514646530151,0
2025-09-25 16:00:00,1.1678149700164795,1.1686338186264038,1.1650937795639038,1.1655012369155884,0
2025-09-25 20:00:00,1.1656370162963867,1.1672697067260742,1.1656370162963867,1.1671334505081177,0
2025-09-26 00:00:00,1.1671334505081177,1.1682243347167969,1.1661807298660278,1.1680878400802612,0
2025-09-26 04:00:00,1.1679514646530151,1.1686338186264038,1.1675423383712769,1.1683608293533323,0
2025-09-26 08:00:00,1.1680878400802612,1.1690436601638794,1.1665889024734497,1.1665889024734497,0
2025-09-26 12:00:00,1.1668611764907837,1.1706860065460205,1.1665889024734497,1.1695905923843384,0
2025-09-26 16:00:00,1.1694538593292236,1.1709601879119873,1.169180393218994,1.1706860065460205,0
2025-09-26 20:00:00,1.170823097229004,1.1709601879119873,1.1701380014419556,1.170823097229004,0
2025-09-29 00:00:00,1.170823097229004,1.1731581687927246,1.1706860065460205,1.1728830337524414,0
2025-09-29 04:00:00,1.1728830337524414,1.1735711097717283,1.172195553779602,1.172333002090454,0
2025-09-29 08:00:00,1.172333002090454,1.1735711097717283,1.1712344884872437,1.172333002090454,0
2025-09-29 12:00:00,1.172333002090454,1.1756407022476196,1.1713716983795166,1.173433542251587,0
2025-09-29 16:00:00,1.1732958555221558,1.1737089157104492,1.1724703311920166,1.1735711097717283,0
2025-09-29 20:00:00,1.173433542251587,1.1735711097717283,1.1727453470230105,1.1730204820632937,0
2025-09-30 00:00:00,1.1731581687927246,1.1735711097717283,1.1716461181640625,1.1726078987121582,0
2025-09-30 04:00:00,1.1724703311920166,1.1746740341186523,1.172195553779602,1.1742602586746216,0
2025-09-30 08:00:00,1.174122333526611,1.1761938333511353,1.1739845275878906,1.174812078475952,0
2025-09-30 12:00:00,1.1752262115478516,1.175364375114441,1.17205810546875,1.175364375114441,0
2025-09-30 16:00:00,1.1752262115478516,1.1764705181121826,1.1728830337524414,1.1745359897613523,0
2025-09-30 20:00:00,1.174122333526611,1.1745359897613523,1.173433542251587,1.1737089157104492,0
2025-10-01 00:00:00,1.1737089157104492,1.1745359897613523,1.1732958555221558,1.174122333526611,0
2025-10-01 04:00:00,1.174122333526611,1.1775789260864258,1.1737089157104492,1.177163004875183,0
2025-10-01 08:00:00,1.1775789260864258,1.178133845329285,1.17205810546875,1.1728830337524414,0
2025-10-01 12:00:00,1.1728830337524414,1.176885962486267,1.1727453470230105,1.1749500036239624,0
2025-10-01 16:00:00,1.1750881671905518,1.1750881671905518,1.1719207763671875,1.17384672164917,0
2025-10-01 20:00:00,1.1739845275878906,1.174122333526611,1.172195553779602,1.1737089157104492,0
2025-10-02 00:00:00,1.17384672164917,1.1745359897613523,1.1727453470230105,1.174122333526611,0
2025-10-02 04:00:00,1.174122333526611,1.1746740341186523,1.1732958555221558,1.1746740341186523,0
2025-10-02 08:00:00,1.1746740341186523,1.1761938333511353,1.1746740341186523,1.1756407022476196,0
2025-10-02 12:00:00,1.1756407022476196,1.1761938333511353,1.1709601879119873,1.1716461181640625,0
2025-10-02 16:00:00,1.1715089082717896,1.1724703311920166,1.168770432472229,1.1724703311920166,0
2025-10-02 20:00:00,1.1726078987121582,1.1728830337524414,1.1716461181640625,1.172195553779602,0
2025-10-03 00:00:00,1.172333002090454,1.1732958555221558,1.17205810546875,1.1728830337524414,0
2025-10-03 04:00:00,1.1727453470230105,1.1731581687927246,1.1719207763671875,1.172333002090454,0
2025-10-03 08:00:00,1.1726078987121582,1.174812078475952,1.1724703311920166,1.1739845275878906,0
2025-10-03 12:00:00,1.1739845275878906,1.1761938333511353,1.1732958555221558,1.1745359897613523,0
2025-10-03 16:00:00,1.1743981838226318,1.1752262115478516,1.1731581687927246,1.1742602586746216,0
2025-10-03 20:00:00,1.1743981838226318,1.174812078475952,1.174122333526611,1.1743981838226318,0
2025-10-06 00:00:00,1.1719207763671875,1.173433542251587,1.1710972785949707,1.1730204820632937,0
2025-10-06 04:00:00,1.1730204820632937,1.1732958555221558,1.1694538593292236,1.169727444648743,0
2025-10-06 08:00:00,1.1695905923843384,1.1713716983795166,1.1656370162963867,1.1667250394821167,0
2025-10-06 12:00:00,1.1665889024734497,1.17205810546875,1.16604483127594,1.17205810546875,0
2025-10-06 16:00:00,1.17205810546875,1.172195553779602,1.1706860065460205,1.1716461181640625,0
2025-10-06 20:00:00,1.1716461181640625,1.17205810546875,1.1712344884872437,1.1713716983795166,0
2025-10-07 00:00:00,1.1713716983795166,1.171783447265625,1.1700011491775513,1.170548915863037,0
2025-10-07 04:00:00,1.170548915863037,1.1710972785949707,1.1686338186264038,1.1689070463180542,0
2025-10-07 08:00:00,1.169180393218994,1.169180393218994,1.1664528846740725,1.1676785945892334,0
2025-10-07 12:00:00,1.1678149700164795,1.1678149700164795,1.1657729148864746,1.1667250394821167,0
2025-10-07 16:00:00,1.1665889024734497,1.1683608293533323,1.16604483127594,1.1661807298660278,0
2025-10-07 20:00:00,1.16604483127594,1.1664528846740725,1.165229558944702,1.1663167476654053,0
2025-10-08 00:00:00,1.1663167476654053,1.1663167476654053,1.1621150970458984,1.1626555919647217,0
2025-10-08 04:00:00,1.1626555919647217,1.1627906560897827,1.161170482635498,1.1619800329208374,0
2025-10-08 08:00:00,1.1621150970458984,1.163873314857483,1.161035656929016,1.163602590560913,0
2025-10-08 12:00:00,1.1634671688079834,1.164686679840088,1.162520408630371,1.1626555919647217,0
2025-10-08 16:00:00,1.162520408630371,1.162520408630371,1.1602274179458618,1.16225004196167,0
2025-10-08 20:00:00,1.1623852252960205,1.163873314857483,1.1623852252960205,1.1637378931045532,0
2025-10-09 00:00:00,1.163602590560913,1.1650937795639038,1.1631964445114136,1.164822340011597,0
2025-10-09 04:00:00,1.164686679840088,1.1650937795639038,1.1615750789642334,1.1618449687957764,0
2025-10-09 08:00:00,1.1619800329208374,1.163061261177063,1.1607661247253418,1.1621150970458984,0
2025-10-09 12:00:00,1.1621150970458984,1.162520408630371,1.158077597618103,1.1583458185195925,0
2025-10-09 16:00:00,1.1584800481796265,1.1584800481796265,1.1548677682876587,1.155001163482666,0
2025-10-09 20:00:00,1.1551345586776731,1.1574074029922483,1.1551345586776731,1.1568717956542969,0
2025-10-10 00:00:00,1.156738042831421,1.1575413942337036,1.1560693979263306,1.157273530960083,0
2025-10-10 04:00:00,1.1574074029922483,1.158077597618103,1.1564704179763794,1.1576753854751587,0
2025-10-10 08:00:00,1.157273530960083,1.159151554107666,1.1568717956542969,1.1575413942337036,0
2025-10-10 12:00:00,1.1575413942337036,1.1582117080688477,1.156336784362793,1.158077597618103,0
2025-10-10 16:00:00,1.1583458185195925,1.1633317470550537,1.1583458185195925,1.161440134048462,0
2025-10-10 20:00:00,1.1609008312225342,1.1631964445114136,1.1609008312225342,1.163061261177063,0
2025-10-13 00:00:00,1.1606314182281494,1.163061261177063,1.1603620052337646,1.16225004196167,0
2025-10-13 04:00:00,1.16225004196167,1.1633317470550537,1.1615750789642334,1.1617100238800049,0
2025-10-13 08:00:00,1.1618449687957764,1.1618449687957764,1.1584800481796265,1.1586142778396606,0
2025-10-13 12:00:00,1.1587486267089844,1.1595547199249268,1.156203031539917,1.156336784362793,0
2025-10-13 16:00:00,1.1564704179763794,1.158077597618103,1.1564704179763794,1.157139539718628,0
2025-10-13 20:00:00,1.157273530960083,1.1582117080688477,1.1568717956542969,1.157139539718628,0
2025-10-14 00:00:00,1.157139539718628,1.1579434871673584,1.1559356451034546,1.157809495925903,0
2025-10-14 04:00:00,1.1576753854751587,1.1595547199249268,1.1568717956542969,1.1574074029922483,0
2025-10-14 08:00:00,1.1575413942337036,1.1576753854751587,1.1547343730926514,1.1555349826812744,0
2025-10-14 12:00:00,1.155401587486267,1.159823656082153,1.155001163482666,1.15968918800354,0
2025-10-14 16:00:00,1.159823656082153,1.1618449687957764,1.1590172052383425,1.1607661247253418,0
2025-10-14 20:00:00,1.1609008312225342,1.1615750789642334,1.1603620052337646,1.1607661247253418,0
2025-10-15 00:00:00,1.1606314182281494,1.1629259586334229,1.160496711730957,1.1626555919647217,0
2025-10-15 04:00:00,1.162520408630371,1.164008855819702,1.1621150970458984,1.1637378931045532,0
2025-10-15 08:00:00,1.164008855819702,1.164822340011597,1.1623852252960205,1.1629259586334229,0
2025-10-15 12:00:00,1.1629259586334229,1.1634671688079834,1.161440134048462,1.1627906560897827,0
2025-10-15 16:00:00,1.1627906560897827,1.164822340011597,1.1623852252960205,1.163602590560913,0
2025-10-15 20:00:00,1.1637378931045532,1.1659088134765625,1.1637378931045532,1.1650937795639038,0
2025-10-16 00:00:00,1.1650937795639038,1.1678149700164795,1.164686679840088,1.166997313499451,0
2025-10-16 04:00:00,1.1668611764907837,1.166997313499451,1.1657729148864746,1.1657729148864746,0
2025-10-16 08:00:00,1.1657729148864746,1.1665889024734497,1.164822340011597,1.1659088134765625,0
2025-10-16 12:00:00,1.1657729148864746,1.1680878400802612,1.1650937795639038,1.1680878400802612,0
2025-10-16 16:00:00,1.1679514646530151,1.1695905923843384,1.1665889024734497,1.1694538593292236,0
2025-10-16 20:00:00,1.169180393218994,1.169864296913147,1.1680878400802612,1.169727444648743,0
2025-10-17 00:00:00,1.169727444648743,1.1715089082717896,1.169727444648743,1.1709601879119873,0
2025-10-17 04:00:00,1.170823097229004,1.1730204820632937,1.170823097229004,1.1713716983795166,0
2025-10-17 08:00:00,1.1712344884872437,1.1719207763671875,1.169180393218994,1.1693171262741089,0
2025-10-17 12:00:00,1.1693171262741089,1.1700011491775513,1.16604483127594,1.1671334505081177,0
2025-10-17 16:00:00,1.166997313499451,1.1682243347167969,1.1664528846740725,1.1671334505081177,0
2025-10-17 20:00:00,1.1672697067260742,1.1674060821533203,1.1653653383255005,1.1655012369155884,0
2025-10-20 00:00:00,1.1659088134765625,1.1674060821533203,1.1657729148864746,1.166997313499451,0
2025-10-20 04:00:00,1.1668611764907837,1.1679514646530151,1.16604483127594,1.1661807298660278,0
2025-10-20 08:00:00,1.1661807298660278,1.1671334505081177,1.1655012369155884,1.1657729148864746,0
2025-10-20 12:00:00,1.1655012369155884,1.1667250394821167,1.164822340011597,1.1656370162963867,0
2025-10-20 16:00:00,1.1657729148864746,1.1667250394821167,1.1642799377441406,1.164958119392395,0
2025-10-20 20:00:00,1.1650937795639038,1.165229558944702,1.1631964445114136,1.164958119392395,0
2025-10-21 00:00:00,1.164686679840088,1.1659088134765625,1.163602590560913,1.1637378931045532,0
2025-10-21 04:00:00,1.1637378931045532,1.163873314857483,1.1623852252960205,1.163602590560913,0
2025-10-21 08:00:00,1.163602590560913,1.163873314857483,1.161035656929016,1.1621150970458984,0
2025-10-21 12:00:00,1.1621150970458984,1.1629259586334229,1.1602274179458618,1.1607661247253418,0
2025-10-21 16:00:00,1.1607661247253418,1.1626555919647217,1.160496711730957,1.1609008312225342,0
2025-10-21 20:00:00,1.1609008312225342,1.161170482635498,1.159823656082153,1.1603620052337646,0
2025-10-22 00:00:00,1.1603620052337646,1.161440134048462,1.1602274179458618,1.161170482635498,0
2025-10-22 04:00:00,1.161170482635498,1.1618449687957764,1.1607661247253418,1.16130530834198,0
2025-10-22 08:00:00,1.161440134048462,1.161440134048462,1.1586142778396606,1.1588828563690186,0
2025-10-22 12:00:00,1.1590172052383425,1.161440134048462,1.158077597618103,1.161440134048462,0
2025-10-22 16:00:00,1.1615750789642334,1.162520408630371,1.161170482635498,1.16130530834198,0
2025-10-22 20:00:00,1.16130530834198,1.1618449687957764,1.1609008312225342,1.1615750789642334,0
2025-10-23 00:00:00,1.161440134048462,1.161440134048462,1.159823656082153,1.1599582433700562,0
2025-10-23 04:00:00,1.1599582433700562,1.1606314182281494,1.1594202518463137,1.159823656082153,0
2025-10-23 08:00:00,1.1595547199249268,1.1609008312225342,1.1590172052383425,1.159151554107666,0
2025-10-23 12:00:00,1.1590172052383425,1.16225004196167,1.1588828563690186,1.1615750789642334,0
2025-10-23 16:00:00,1.1618449687957764,1.1621150970458984,1.1607661247253418,1.1621150970458984,0
2025-10-23 20:00:00,1.16225004196167,1.162520408630371,1.1617100238800049,1.1621150970458984,0
2025-10-24 00:00:00,1.1621150970458984,1.162520408630371,1.161170482635498,1.161170482635498,0
2025-10-24 04:00:00,1.161170482635498,1.1617100238800049,1.160496711730957,1.1617100238800049,0
2025-10-24 08:00:00,1.1617100238800049,1.163061261177063,1.160496711730957,1.1615750789642334,0
2025-10-24 12:00:00,1.1615750789642334,1.164958119392395,1.161170482635498,1.1629259586334229,0
2025-10-24 16:00:00,1.163061261177063,1.1637378931045532,1.162520408630371,1.1629259586334229,0
2025-10-24 20:00:00,1.163061261177063,1.163873314857483,1.162520408630371,1.1631964445114136,0
2025-10-27 00:00:00,1.1634671688079834,1.1650937795639038,1.163061261177063,1.163061261177063,0
2025-10-27 04:00:00,1.163061261177063,1.163602590560913,1.1623852252960205,1.1623852252960205,0
2025-10-27 08:00:00,1.16225004196167,1.1650937795639038,1.1621150970458984,1.164958119392395,0
2025-10-27 12:00:00,1.164958119392395,1.1653653383255005,1.163602590560913,1.163873314857483,0
2025-10-27 16:00:00,1.163873314857483,1.1655012369155884,1.163602590560913,1.164958119392395,0
2025-10-27 20:00:00,1.1650937795639038,1.1657729148864746,1.164686679840088,1.1655012369155884,0
2025-10-28 00:00:00,1.1653653383255005,1.1667250394821167,1.164958119392395,1.1663167476654053,0
2025-10-28 04:00:00,1.1663167476654053,1.1671334505081177,1.1655012369155884,1.1657729148864746,0
2025-10-28 08:00:00,1.1657729148864746,1.1668611764907837,1.1650937795639038,1.1661807298660278,0
2025-10-28 12:00:00,1.1661807298660278,1.166997313499451,1.1629259586334229,1.1661807298660278,0
2025-10-28 16:00:00,1.1661807298660278,1.1671334505081177,1.1656370162963867,1.1656370162963867,0
2025-10-28 20:00:00,1.1656370162963867,1.16604483127594,1.165229558944702,1.1659088134765625,0
2025-10-29 00:00:00,1.1659088134765625,1.1664528846740725,1.164008855819702,1.164008855819702,0
2025-10-29 04:00:00,1.164008855819702,1.164008855819702,1.1629259586334229,1.163602590560913,0
2025-10-29 08:00:00,1.163602590560913,1.165229558944702,1.1623852252960205,1.1642799377441406,0
2025-10-29 12:00:00,1.164686679840088,1.1667250394821167,1.1631964445114136,1.1667250394821167,0
2025-10-29 16:00:00,1.1667250394821167,1.1668611764907837,1.1582117080688477,1.1603620052337646,0
2025-10-29 20:00:00,1.1603620052337646,1.161440134048462,1.1595547199249268,1.1606314182281494,0
2025-10-30 00:00:00,1.1606314182281494,1.16225004196167,1.160092830657959,1.1618449687957764,0
2025-10-30 04:00:00,1.1618449687957764,1.163873314857483,1.161440134048462,1.1621150970458984,0
2025-10-30 08:00:00,1.1621150970458984,1.163061261177063,1.1599582433700562,1.160092830657959,0
2025-10-30 12:00:00,1.160092830657959,1.1602274179458618,1.1551345586776731,1.156738042831421,0
2025-10-30 16:00:00,1.156738042831421,1.1574074029922483,1.156203031539917,1.156738042831421,0
2025-10-30 20:00:00,1.156738042831421,1.1576753854751587,1.156738042831421,1.1575413942337036,0
2025-10-31 00:00:00,1.1575413942337036,1.158077597618103,1.1568717956542969,1.157139539718628,0
2025-10-31 04:00:00,1.1570056676864624,1.157809495925903,1.1559356451034546,1.1568717956542969,0
2025-10-31 08:00:00,1.156738042831421,1.158077597618103,1.156203031539917,1.1570056676864624,0
2025-10-31 12:00:00,1.1568717956542969,1.1570056676864624,1.1526048183441162,1.154334545135498,0
2025-10-31 16:00:00,1.154334545135498,1.1547343730926514,1.1524720191955566,1.1528706550598145,0
2025-10-31 20:00:00,1.1530035734176636,1.154334545135498,1.1530035734176636,1.154334545135498,0
2025-11-03 00:00:00,1.1532695293426514,1.1538017988204956,1.1526048183441162,1.1536686420440674,0
2025-11-03 04:00:00,1.1536686420440674,1.1544678211212158,1.1535356044769287,1.154334545135498,0
2025-11-03 08:00:00,1.154068112373352,1.154068112373352,1.151145339012146,1.1519410610198977,0
2025-11-03 12:00:00,1.1518083810806274,1.1528706550598145,1.1508804559707642,1.1528706550598145,0
2025-11-03 16:00:00,1.1528706550598145,1.154068112373352,1.1520737409591677,1.1522064208984375,0
2025-11-03 20:00:00,1.152339220046997,1.152737736701965,1.1519410610198977,1.1522064208984375,0
2025-11-04 00:00:00,1.1518083810806274,1.1520737409591677,1.15035080909729,1.1516757011413574,0
2025-11-04 04:00:00,1.1516757011413574,1.1535356044769287,1.151145339012146,1.1530035734176636,0
2025-11-04 08:00:00,1.1531364917755127,1.1531364917755127,1.1492931842803955,1.1492931842803955,0
2025-11-04 12:00:00,1.1494252681732178,1.1499539613723757,1.1477103233337402,1.1495574712753296,0
2025-11-04 16:00:00,1.1495574712753296,1.1498217582702637,1.1482374668121338,1.1482374668121338,0
2025-11-04 20:00:00,1.1481056213378906,1.1491611003875732,1.1478420495986938,1.1487650871276855,0
2025-11-05 00:00:00,1.1488970518112185,1.1500862836837769,1.148369312286377,1.1491611003875732,0
2025-11-05 04:00:00,1.1491611003875732,1.1496896743774414,1.1487650871276855,1.1490291357040403,0
2025-11-05 08:00:00,1.1490291357040403,1.1499539613723757,1.1479737758636477,1.1491611003875732,0
2025-11-05 12:00:00,1.1492931842803955,1.1496896743774414,1.147315263748169,1.1482374668121338,0
2025-11-05 16:00:00,1.1482374668121338,1.1490291357040403,1.147446870803833,1.1488970518112185,0
2025-11-05 20:00:00,1.1490291357040403,1.1499539613723757,1.1490291357040403,1.1499539613723757,0
2025-11-06 00:00:00,1.1498217582702637,1.151145339012146,1.1496896743774414,1.151012897491455,0
2025-11-06 04:00:00,1.151012897491455,1.1516757011413574,1.1507480144500732,1.151145339012146,0
2025-11-06 08:00:00,1.1512778997421265,1.1526048183441162,1.151012897491455,1.152339220046997,0
2025-11-06 12:00:00,1.1520737409591677,1.1547343730926514,1.1518083810806274,1.154334545135498,0
2025-11-06 16:00:00,1.1542012691497805,1.1555349826812744,1.1535356044769287,1.1547343730926514,0
2025-11-06 20:00:00,1.1548677682876587,1.1555349826812744,1.1546010971069336,1.1551345586776731,0
2025-11-07 00:00:00,1.155001163482666,1.1551345586776731,1.1538017988204956,1.1542012691497805,0
2025-11-07 04:00:00,1.154068112373352,1.1542012691497805,1.15340256690979,1.1536686420440674,0
2025-11-07 08:00:00,1.1536686420440674,1.156336784362793,1.15340256690979,1.156203031539917,0
2025-11-07 12:00:00,1.1560693979263306,1.1592857837677002,1.1558021306991575,1.1575413942337036,0
2025-11-07 16:00:00,1.1576753854751587,1.1586142778396606,1.1559356451034546,1.156336784362793,0
2025-11-07 20:00:00,1.156203031539917,1.1570056676864624,1.1560693979263306,1.1570056676864624,0
2025-11-10 00:00:00,1.1546010971069336,1.156336784362793,1.1546010971069336,1.1558021306991575,0
2025-11-10 04:00:00,1.1558021306991575,1.1574074029922483,1.1555349826812744,1.157139539718628,0
2025-11-10 08:00:00,1.1570056676864624,1.1586142778396606,1.1558021306991575,1.156738042831421,0
2025-11-10 12:00:00,1.156738042831421,1.158077597618103,1.155001163482666,1.155001163482666,0
2025-11-10 16:00:00,1.1548677682876587,1.1568717956542969,1.1544678211212158,1.1564704179763794,0
2025-11-10 20:00:00,1.1564704179763794,1.156738042831421,1.1558021306991575,1.1559356451034546,0
2025-11-11 00:00:00,1.1559356451034546,1.156203031539917,1.1551345586776731,1.1559356451034546,0
2025-11-11 04:00:00,1.1559356451034546,1.1568717956542969,1.155401587486267,1.156336784362793,0
2025-11-11 08:00:00,1.1564704179763794,1.158077597618103,1.1556684970855713,1.1576753854751587,0
2025-11-11 12:00:00,1.1575413942337036,1.1609008312225342,1.157273530960083,1.159823656082153,0
2025-11-11 16:00:00,1.159823656082153,1.1602274179458618,1.1587486267089844,1.1587486267089844,0
2025-11-11 20:00:00,1.1587486267089844,1.1592857837677002,1.1575413942337036,1.1590172052383425,0
2025-11-12 00:00:00,1.1590172052383425,1.1590172052383425,1.157809495925903,1.158077597618103,0
2025-11-12 04:00:00,1.158077597618103,1.159151554107666,1.1574074029922483,1.1586142778396606,0
2025-11-12 08:00:00,1.1587486267089844,1.1590172052383425,1.1568717956542969,1.1579434871673584,0
2025-11-12 12:00:00,1.1582117080688477,1.159823656082153,1.1566041707992554,1.159823656082153,0
2025-11-12 16:00:00,1.15968918800354,1.160092830657959,1.1587486267089844,1.1590172052383425,0
2025-11-12 20:00:00,1.1588828563690186,1.1603620052337646,1.1588828563690186,1.1594202518463137,0
2025-11-13 00:00:00,1.1595547199249268,1.1595547199249268,1.1583458185195925,1.1592857837677002,0
2025-11-13 04:00:00,1.1592857837677002,1.161440134048462,1.1584800481796265,1.161440134048462,0
2025-11-13 08:00:00,1.161440134048462,1.1637378931045532,1.1609008312225342,1.1609008312225342,0
2025-11-13 12:00:00,1.161035656929016,1.1645511388778689,1.161035656929016,1.1642799377441406,0
2025-11-13 16:00:00,1.1642799377441406,1.1657729148864746,1.163873314857483,1.163873314857483,0
2025-11-13 20:00:00,1.163873314857483,1.16441547870636,1.1626555919647217,1.1633317470550537,0
2025-11-14 00:00:00,1.1633317470550537,1.164822340011597,1.163061261177063,1.1641442775726318,0
2025-11-14 04:00:00,1.1641442775726318,1.165229558944702,1.1637378931045532,1.1637378931045532,0
2025-11-14 08:00:00,1.163602590560913,1.163873314857483,1.16130530834198,1.16225004196167,0
2025-11-14 12:00:00,1.16225004196167,1.1656370162963867,1.161035656929016,1.1615750789642334,0
2025-11-14 16:00:00,1.1615750789642334,1.1626555919647217,1.161170482635498,1.1621150970458984,0
2025-11-14 20:00:00,1.1621150970458984,1.1626555919647217,1.1619800329208374,1.162520408630371,0
2025-11-17 00:00:00,1.1618449687957764,1.1618449687957764,1.160092830657959,1.1602274179458618,0
2025-11-17 04:00:00,1.1602274179458618,1.1618449687957764,1.159823656082153,1.1615750789642334,0
2025-11-17 08:00:00,1.1615750789642334,1.1618449687957764,1.159823656082153,1.160496711730957,0
2025-11-17 12:00:00,1.160496711730957,1.1607661247253418,1.1586142778396606,1.160092830657959,0
2025-11-17 16:00:00,1.160092830657959,1.160496711730957,1.1587486267089844,1.1587486267089844,0
2025-11-17 20:00:00,1.1586142778396606,1.159823656082153,1.1586142778396606,1.1592857837677002,0
2025-11-18 00:00:00,1.1592857837677002,1.1599582433700562,1.1588828563690186,1.1595547199249268,0
2025-11-18 04:00:00,1.1595547199249268,1.160496711730957,1.1592857837677002,1.1595547199249268,0
2025-11-18 08:00:00,1.1595547199249268,1.161035656929016,1.1583458185195925,1.1588828563690186,0
2025-11-18 12:00:00,1.1587486267089844,1.161035656929016,1.1584800481796265,1.1584800481796265,0
2025-11-18 16:00:00,1.1584800481796265,1.1590172052383425,1.1575413942337036,1.1588828563690186,0
2025-11-18 20:00:00,1.1588828563690186,1.1590172052383425,1.158077597618103,1.1583458185195925,0
2025-11-19 00:00:00,1.1583458185195925,1.1587486267089844,1.1576753854751587,1.1586142778396606,0
2025-11-19 04:00:00,1.1587486267089844,1.1599582433700562,1.158077597618103,1.1583458185195925,0
2025-11-19 08:00:00,1.1590172052383425,1.159151554107666,1.1570056676864624,1.1590172052383425,0
2025-11-19 12:00:00,1.159151554107666,1.1594202518463137,1.1544678211212158,1.155001163482666,0
2025-11-19 16:00:00,1.155001163482666,1.155001163482666,1.1522064208984375,1.152339220046997,0
2025-11-19 20:00:00,1.1524720191955566,1.1544678211212158,1.1524720191955566,1.1542012691497805,0
2025-11-20 00:00:00,1.154068112373352,1.154068112373352,1.151410460472107,1.1516757011413574,0
2025-11-20 04:00:00,1.1516757011413574,1.1526048183441162,1.1516757011413574,1.1522064208984375,0
2025-11-20 08:00:00,1.152339220046997,1.1532695293426514,1.151543140411377,1.1518083810806274,0
2025-11-20 12:00:00,1.1518083810806274,1.1552680730819702,1.151145339012146,1.1530035734176636,0
2025-11-20 16:00:00,1.1532695293426514,1.1544678211212158,1.1528706550598145,1.154068112373352,0
2025-11-20 20:00:00,1.1542012691497805,1.1542012691497805,1.152737736701965,1.1536686420440674,0
2025-11-21 00:00:00,1.1536686420440674,1.1542012691497805,1.1531364917755127,1.154068112373352,0
2025-11-21 04:00:00,1.1539349555969238,1.1551345586776731,1.1538017988204956,1.154334545135498,0
2025-11-21 08:00:00,1.154334545135498,1.1555349826812744,1.1508804559707642,1.151012897491455,0
2025-11-21 12:00:00,1.151145339012146,1.1528706550598145,1.1500862836837769,1.1506155729293823,0
2025-11-21 16:00:00,1.150483250617981,1.1520737409591677,1.1494252681732178,1.1516757011413574,0
2025-11-21 20:00:00,1.1516757011413574,1.1524720191955566,1.1512778997421265,1.1519410610198977,0
2025-11-24 00:00:00,1.151145339012146,1.1522064208984375,1.1506155729293823,1.1519410610198977,0
2025-11-24 04:00:00,1.1520737409591677,1.1531364917755127,1.151543140411377,1.151543140411377,0
2025-11-24 08:00:00,1.1519410610198977,1.155001163482666,1.1519410610198977,1.1548677682876587,0
2025-11-24 12:00:00,1.1548677682876587,1.1552680730819702,1.1522064208984375,1.1532695293426514,0
2025-11-24 16:00:00,1.15340256690979,1.15340256690979,1.151543140411377,1.1531364917755127,0
2025-11-24 20:00:00,1.1528706550598145,1.1531364917755127,1.1522064208984375,1.1522064208984375,0
2025-11-25 00:00:00,1.152339220046997,1.15340256690979,1.1520737409591677,1.1522064208984375,0
2025-11-25 04:00:00,1.1520737409591677,1.15340256690979,1.151543140411377,1.1524720191955566,0
2025-11-25 08:00:00,1.1526048183441162,1.1546010971069336,1.1524720191955566,1.1530035734176636,0
2025-11-25 12:00:00,1.1530035734176636,1.1587486267089844,1.1528706550598145,1.1566041707992554,0
2025-11-25 16:00:00,1.1566041707992554,1.1588828563690186,1.155401587486267,1.1587486267089844,0
2025-11-25 20:00:00,1.1587486267089844,1.1587486267089844,1.156203031539917,1.156738042831421,0
2025-11-26 00:00:00,1.1568717956542969,1.1595547199249268,1.156738042831421,1.1594202518463137,0
2025-11-26 04:00:00,1.1594202518463137,1.1599582433700562,1.158077597618103,1.1582117080688477,0
2025-11-26 08:00:00,1.1583458185195925,1.1583458185195925,1.1570056676864624,1.157809495925903,0
2025-11-26 12:00:00,1.1575413942337036,1.15968918800354,1.1551345586776731,1.1592857837677002,0
2025-11-26 16:00:00,1.1595547199249268,1.1603620052337646,1.1588828563690186,1.159823656082153,0
2025-11-26 20:00:00,1.1595547199249268,1.160496711730957,1.1595547199249268,1.160496711730957,0
2025-11-27 00:00:00,1.160496711730957,1.1617100238800049,1.1603620052337646,1.1606314182281494,0
2025-11-27 04:00:00,1.1606314182281494,1.1609008312225342,1.1588828563690186,1.1594202518463137,0
2025-11-27 08:00:00,1.1595547199249268,1.1599582433700562,1.158077597618103,1.1590172052383425,0
2025-11-27 12:00:00,1.1590172052383425,1.1603620052337646,1.1586142778396606,1.15968918800354,0
2025-11-27 16:00:00,1.159823656082153,1.160496711730957,1.1594202518463137,1.159823656082153,0
2025-11-27 20:00:00,1.159823656082153,1.160496711730957,1.1595547199249268,1.1602274179458618,0
2025-11-28 00:00:00,1.1603620052337646,1.160496711730957,1.1584800481796265,1.1590172052383425,0
2025-11-28 04:00:00,1.159151554107666,1.1594202518463137,1.1582117080688477,1.1582117080688477,0
2025-11-28 08:00:00,1.1579434871673584,1.1583458185195925,1.1559356451034546,1.1570056676864624,0
2025-11-28 12:00:00,1.1568717956542969,1.161035656929016,1.156738042831421,1.161035656929016,0
2025-11-28 16:00:00,1.1606314182281494,1.1607661247253418,1.15968918800354,1.1606314182281494,0
2025-11-28 20:00:00,1.1606314182281494,1.1607661247253418,1.160092830657959,1.1602274179458618,0
2025-12-01 00:00:00,1.160496711730957,1.1618449687957764,1.1592857837677002,1.1599582433700562,0
2025-12-01 04:00:00,1.160092830657959,1.1615750789642334,1.1594202518463137,1.16130530834198,0
2025-12-01 08:00:00,1.1609008312225342,1.1634671688079834,1.1609008312225342,1.163061261177063,0
2025-12-01 12:00:00,1.163061261177063,1.1655012369155884,1.1626555919647217,1.1633317470550537,0
2025-12-01 16:00:00,1.1633317470550537,1.1637378931045532,1.161035656929016,1.161170482635498,0
2025-12-01 20:00:00,1.16130530834198,1.161440134048462,1.1606314182281494,1.161035656929016,0
2025-12-02 00:00:00,1.161035656929016,1.1615750789642334,1.1607661247253418,1.1615750789642334,0
2025-12-02 04:00:00,1.1615750789642334,1.1619800329208374,1.1609008312225342,1.1615750789642334,0
2025-12-02 08:00:00,1.1617100238800049,1.1619800329208374,1.1603620052337646,1.161440134048462,0
2025-12-02 12:00:00,1.161440134048462,1.1626555919647217,1.159823656082153,1.1609008312225342,0
2025-12-02 16:00:00,1.161035656929016,1.1627906560897827,1.15968918800354,1.1626555919647217,0
2025-12-02 20:00:00,1.162520408630371,1.1631964445114136,1.1618449687957764,1.1631964445114136,0
2025-12-03 00:00:00,1.1631964445114136,1.1642799377441406,1.1631964445114136,1.1641442775726318,0
2025-12-03 04:00:00,1.1641442775726318,1.1656370162963867,1.164008855819702,1.16441547870636,0
2025-12-03 08:00:00,1.16441547870636,1.1668611764907837,1.163873314857483,1.1668611764907837,0
2025-12-03 12:00:00,1.1668611764907837,1.1678149700164795,1.1659088134765625,1.1664528846740725,0
2025-12-03 16:00:00,1.1663167476654053,1.1680878400802612,1.16604483127594,1.1676785945892334,0
2025-12-03 20:00:00,1.1675423383712769,1.1676785945892334,1.1667250394821167,1.166997313499451,0
2025-12-04 00:00:00,1.1668611764907837,1.1668611764907837,1.1657729148864746,1.1659088134765625,0
2025-12-04 04:00:00,1.1659088134765625,1.1668611764907837,1.1656370162963867,1.1668611764907837,0
2025-12-04 08:00:00,1.1668611764907837,1.168770432472229,1.1667250394821167,1.1683608293533323,0
2025-12-04 12:00:00,1.1683608293533323,1.1684973239898682,1.1661807298660278,1.1676785945892334,0
2025-12-04 16:00:00,1.1674060821533203,1.1674060821533203,1.1653653383255005,1.1656370162963867,0
2025-12-04 20:00:00,1.1653653383255005,1.1655012369155884,1.16441547870636,1.1645511388778689,0
2025-12-05 00:00:00,1.164822340011597,1.1657729148864746,1.164822340011597,1.165229558944702,0
2025-12-05 04:00:00,1.165229558944702,1.1675423383712769,1.165229558944702,1.1665889024734497,0
2025-12-05 08:00:00,1.1663167476654053,1.1667250394821167,1.1645511388778689,1.164958119392395,0
2025-12-05 12:00:00,1.1650937795639038,1.1663167476654053,1.1645511388778689,1.1650937795639038,0
2025-12-05 16:00:00,1.1650937795639038,1.165229558944702,1.1631964445114136,1.164686679840088,0
2025-12-05 20:00:00,1.1645511388778689,1.164958119392395,1.16441547870636,1.1645511388778689,0
2025-12-08 00:00:00,1.16441547870636,1.1659088134765625,1.16441547870636,1.1653653383255005,0
2025-12-08 04:00:00,1.1653653383255005,1.1674060821533203,1.1653653383255005,1.16604483127594,0
2025-12-08 08:00:00,1.1661807298660278,1.1667250394821167,1.164822340011597,1.1655012369155884,0
2025-12-08 12:00:00,1.1653653383255005,1.1664528846740725,1.1621150970458984,1.1627906560897827,0
2025-12-08 16:00:00,1.1627906560897827,1.164822340011597,1.1619800329208374,1.1642799377441406,0
2025-12-08 20:00:00,1.1642799377441406,1.1645511388778689,1.163061261177063,1.16441547870636,0
2025-12-09 00:00:00,1.16441547870636,1.1655012369155884,1.164008855819702,1.164958119392395,0
2025-12-09 04:00:00,1.164958119392395,1.1653653383255005,1.1641442775726318,1.16441547870636,0
2025-12-09 08:00:00,1.16441547870636,1.1659088134765625,1.1637378931045532,1.164686679840088,0
2025-12-09 12:00:00,1.164686679840088,1.164686679840088,1.1619800329208374,1.1631964445114136,0
2025-12-09 16:00:00,1.1631964445114136,1.1642799377441406,1.1621150970458984,1.163061261177063,0
2025-12-09 20:00:00,1.1631964445114136,1.1634671688079834,1.1627906560897827,1.1631964445114136,0
2025-12-10 00:00:00,1.1631964445114136,1.1631964445114136,1.162520408630371,1.1629259586334229,0
2025-12-10 04:00:00,1.163061261177063,1.165229558944702,1.1629259586334229,1.165229558944702,0
2025-12-10 08:00:00,1.1650937795639038,1.16604483127594,1.163061261177063,1.1637378931045532,0
2025-12-10 12:00:00,1.163873314857483,1.1653653383255005,1.1631964445114136,1.1645511388778689,0
2025-12-10 16:00:00,1.1645511388778689,1.1683608293533323,1.1641442775726318,1.1683608293533323,0
2025-12-10 20:00:00,1.1680878400802612,1.1706860065460205,1.1678149700164795,1.1704120635986328,0
2025-12-11 00:00:00,1.170548915863037,1.1709601879119873,1.1694538593292236,1.1695905923843384,0
2025-12-11 04:00:00,1.1694538593292236,1.1702749729156494,1.1686338186264038,1.169727444648743,0
2025-12-11 08:00:00,1.169727444648743,1.17205810546875,1.1690436601638794,1.1716461181640625,0
2025-12-11 12:00:00,1.1716461181640625,1.1760554313659668,1.1713716983795166,1.1760554313659668,0
2025-12-11 16:00:00,1.1760554313659668,1.1764705181121826,1.1743981838226318,1.1743981838226318,0
2025-12-11 20:00:00,1.1742602586746216,1.1749500036239624,1.17384672164917,1.1742602586746216,0
2025-12-12 00:00:00,1.1745359897613523,1.1749500036239624,1.1735711097717283,1.17384672164917,0
2025-12-12 04:00:00,1.17384672164917,1.1746740341186523,1.1735711097717283,1.174122333526611,0
2025-12-12 08:00:00,1.174122333526611,1.1745359897613523,1.1726078987121582,1.1730204820632937,0
2025-12-12 12:00:00,1.1728830337524414,1.174812078475952,1.172333002090454,1.1739845275878906,0
2025-12-12 16:00:00,1.1742602586746216,1.175364375114441,1.1730204820632937,1.1743981838226318,0
2025-12-12 20:00:00,1.1745359897613523,1.1749500036239624,1.1742602586746216,1.1743981838226318,0
2025-12-15 00:00:00,1.174122333526611,1.174812078475952,1.1731581687927246,1.1737089157104492,0
2025-12-15 04:00:00,1.1737089157104492,1.174122333526611,1.1731581687927246,1.1731581687927246,0
2025-12-15 08:00:00,1.1732958555221558,1.175364375114441,1.1730204820632937,1.1752262115478516,0
2025-12-15 12:00:00,1.1752262115478516,1.177163004875183,1.174812078475952,1.1766090393066406,0
2025-12-15 16:00:00,1.1766090393066406,1.176747441291809,1.1742602586746216,1.175364375114441,0
2025-12-15 20:00:00,1.1752262115478516,1.1759172677993774,1.1750881671905518,1.1757789850234983,0
2025-12-16 00:00:00,1.1756407022476196,1.1763322353363037,1.1750881671905518,1.1755025386810305,0
2025-12-16 04:00:00,1.1755025386810305,1.1757789850234983,1.1749500036239624,1.175364375114441,0
2025-12-16 08:00:00,1.1756407022476196,1.176747441291809,1.1750881671905518,1.1766090393066406,0
2025-12-16 12:00:00,1.176747441291809,1.1806375980377195,1.1761938333511353,1.1773016452789309,0
2025-12-16 16:00:00,1.1773016452789309,1.178133845329285,1.1743981838226318,1.1761938333511353,0
2025-12-16 20:00:00,1.1761938333511353,1.1766090393066406,1.174812078475952,1.1752262115478516,0
2025-12-17 00:00:00,1.1752262115478516,1.1755025386810305,1.174122333526611,1.1742602586746216,0
2025-12-17 04:00:00,1.1742602586746216,1.1742602586746216,1.170823097229004,1.1716461181640625,0
2025-12-17 08:00:00,1.171783447265625,1.1730204820632937,1.1709601879119873,1.1713716983795166,0
2025-12-17 12:00:00,1.1712344884872437,1.1760554313659668,1.1712344884872437,1.1757789850234983,0
2025-12-17 16:00:00,1.1756407022476196,1.1759172677993774,1.1745359897613523,1.174812078475952,0
2025-12-17 20:00:00,1.174812078475952,1.1749500036239624,1.1742602586746216,1.1745359897613523,0
2025-12-18 00:00:00,1.1745359897613523,1.1749500036239624,1.1739845275878906,1.1742602586746216,0
2025-12-18 04:00:00,1.1742602586746216,1.1752262115478516,1.17384672164917,1.17384672164917,0
2025-12-18 08:00:00,1.1737089157104492,1.1739845275878906,1.17205810546875,1.1724703311920166,0
2025-12-18 12:00:00,1.1726078987121582,1.1763322353363037,1.1716461181640625,1.1730204820632937,0
2025-12-18 16:00:00,1.1730204820632937,1.1749500036239624,1.1719207763671875,1.1728830337524414,0
2025-12-18 20:00:00,1.1728830337524414,1.1731581687927246,1.17205810546875,1.1728830337524414,0
2025-12-19 00:00:00,1.1728830337524414,1.1731581687927246,1.172195553779602,1.1724703311920166,0
2025-12-19 04:00:00,1.1724703311920166,1.1726078987121582,1.170823097229004,1.1709601879119873,0
2025-12-19 08:00:00,1.1712344884872437,1.17205810546875,1.1710972785949707,1.1716461181640625,0
2025-12-19 12:00:00,1.1713716983795166,1.174122333526611,1.1706860065460205,1.1713716983795166,0
2025-12-19 16:00:00,1.1713716983795166,1.1730204820632937,1.1712344884872437,1.1727453470230105,0
2025-12-19 20:00:00,1.1727453470230105,1.1728830337524414,1.1710972785949707,1.1715089082717896,0
2025-12-22 00:00:00,1.1713716983795166,1.172333002090454,1.1713716983795166,1.172195553779602,0
2025-12-22 04:00:00,1.17205810546875,1.173433542251587,1.1716461181640625,1.1732958555221558,0
2025-12-22 08:00:00,1.1732958555221558,1.174122333526611,1.1727453470230105,1.1735711097717283,0
2025-12-22 12:00:00,1.1737089157104492,1.1773016452789309,1.1737089157104492,1.176747441291809,0
2025-12-22 16:00:00,1.1766090393066406,1.176747441291809,1.1752262115478516,1.1759172677993774,0
2025-12-22 20:00:00,1.1757789850234983,1.176885962486267,1.1756407022476196,1.176885962486267,0
2025-12-23 00:00:00,1.176747441291809,1.178272724151611,1.176747441291809,1.1778563261032104,0
2025-12-23 04:00:00,1.178133845329285,1.1784114837646484,1.1773016452789309,1.1784114837646484,0
2025-12-23 08:00:00,1.178272724151611,1.18035888671875,1.177994966506958,1.179940938949585,0
2025-12-23 12:00:00,1.179940938949585,1.180498123168945,1.176885962486267,1.1778563261032104,0
2025-12-23 16:00:00,1.1778563261032104,1.1793843507766724,1.1773016452789309,1.1793843507766724,0
2025-12-23 20:00:00,1.1793843507766724,1.1816140413284302,1.1791062355041504,1.1798018217086792,0
2025-12-24 00:00:00,1.179940938949585,1.1811953783035278,1.1791062355041504,1.1791062355041504,0
2025-12-24 04:00:00,1.1791062355041504,1.1807769536972046,1.1789672374725342,1.1792453527450562,0
2025-12-24 08:00:00,1.179523468017578,1.18035888671875,1.1784114837646484,1.179662585258484,0
2025-12-24 12:00:00,1.179662585258484,1.179662585258484,1.1778563261032104,1.178272724151611,0
2025-12-24 16:00:00,1.178133845329285,1.1786893606185913,1.1777175664901731,1.178550362586975,0
2025-12-24 20:00:00,1.178550362586975,1.1791062355041504,1.177994966506958,1.178133845329285,0
2025-12-25 00:00:00,1.177440166473389,1.179523468017578,1.177163004875183,1.1784114837646484,0
2025-12-25 04:00:00,1.1784114837646484,1.1798018217086792,1.177994966506958,1.178550362586975,0
2025-12-25 08:00:00,1.178550362586975,1.1786893606185913,1.178550362586975,1.1786893606185913,0
2025-12-25 20:00:00,1.177994966506958,1.1792453527450562,1.177994966506958,1.178828239440918,0
2025-12-26 00:00:00,1.1786893606185913,1.179662585258484,1.178133845329285,1.178828239440918,0
2025-12-26 04:00:00,1.1786893606185913,1.1791062355041504,1.177440166473389,1.1775789260864258,0
2025-12-26 08:00:00,1.1775789260864258,1.178550362586975,1.177024483680725,1.177994966506958,0
2025-12-26 12:00:00,1.178133845329285,1.179940938949585,1.1777175664901731,1.177994966506958,0
2025-12-26 16:00:00,1.178133845329285,1.178272724151611,1.1764705181121826,1.177994966506958,0
2025-12-26 20:00:00,1.178133845329285,1.1784114837646484,1.176885962486267,1.1777175664901731,0
2025-12-29 00:00:00,1.1778563261032104,1.1789672374725342,1.1775789260864258,1.1777175664901731,0
2025-12-29 04:00:00,1.1775789260864258,1.178272724151611,1.1757789850234983,1.177994966506958,0
2025-12-29 08:00:00,1.178133845329285,1.1792453527450562,1.1761938333511353,1.176885962486267,0
2025-12-29 12:00:00,1.176885962486267,1.1792453527450562,1.1760554313659668,1.177163004875183,0
2025-12-29 16:00:00,1.177024483680725,1.177163004875183,1.175364375114441,1.177024483680725,0
2025-12-29 20:00:00,1.177163004875183,1.1778563261032104,1.176885962486267,1.1775789260864258,0
2025-12-30 00:00:00,1.1777175664901731,1.177994966506958,1.1773016452789309,1.1775789260864258,0
2025-12-30 04:00:00,1.1775789260864258,1.178272724151611,1.177024483680725,1.1773016452789309,0
2025-12-30 08:00:00,1.177440166473389,1.178133845329285,1.176747441291809,1.177024483680725,0
2025-12-30 12:00:00,1.176885962486267,1.177163004875183,1.1749500036239624,1.1763322353363037,0
2025-12-30 16:00:00,1.1761938333511353,1.177024483680725,1.1749500036239624,1.1750881671905518,0
2025-12-30 20:00:00,1.1750881671905518,1.175364375114441,1.1746740341186523,1.1749500036239624,0
2025-12-31 00:00:00,1.1749500036239624,1.1752262115478516,1.1742602586746216,1.1746740341186523,0
2025-12-31 04:00:00,1.1746740341186523,1.1746740341186523,1.1732958555221558,1.1739845275878906,0
2025-12-31 08:00:00,1.1739845275878906,1.1750881671905518,1.172333002090454,1.1750881671905518,0
2025-12-31 12:00:00,1.1752262115478516,1.1761938333511353,1.1724703311920166,1.174812078475952,0
2025-12-31 16:00:00,1.1746740341186523,1.1750881671905518,1.1732958555221558,1.1743981838226318,0
2025-12-31 20:00:00,1.1745359897613523,1.1756407022476196,1.1743981838226318,1.1749500036239624,0
2026-01-01 00:00:00,1.1749500036239624,1.1749500036239624,1.1749500036239624,1.1749500036239624,0
2026-01-01 04:00:00,1.1749500036239624,1.1749500036239624,1.1749500036239624,1.1749500036239624,0
2026-01-01 08:00:00,1.1749500036239624,1.1749500036239624,1.1749500036239624,1.1749500036239624,0
2026-01-01 20:00:00,1.174812078475952,1.1757789850234983,1.1742602586746216,1.175364375114441,0
2026-01-02 00:00:00,1.175364375114441,1.176885962486267,1.175364375114441,1.176885962486267,0
2026-01-02 04:00:00,1.176747441291809,1.176885962486267,1.1737089157104492,1.174122333526611,0
2026-01-02 08:00:00,1.1737089157104492,1.1739845275878906,1.1716461181640625,1.1724703311920166,0
2026-01-02 12:00:00,1.1724703311920166,1.1755025386810305,1.1719207763671875,1.175364375114441,0
2026-01-02 16:00:00,1.1755025386810305,1.1755025386810305,1.171783447265625,1.1727453470230105,0
2026-01-02 20:00:00,1.1727453470230105,1.1727453470230105,1.1719207763671875,1.172333002090454,0
2026-01-05 00:00:00,1.1710972785949707,1.1713716983795166,1.1675423383712769,1.1679514646530151,0
2026-01-05 04:00:00,1.1678149700164795,1.1695905923843384,1.1676785945892334,1.1690436601638794,0
2026-01-05 08:00:00,1.1689070463180542,1.169727444648743,1.1678149700164795,1.1684973239898682,0
2026-01-05 12:00:00,1.1684973239898682,1.1706860065460205,1.1663167476654053,1.1706860065460205,0
2026-01-05 16:00:00,1.170823097229004,1.1731581687927246,1.170823097229004,1.1730204820632937,0
2026-01-05 20:00:00,1.1730204820632937,1.1731581687927246,1.1716461181640625,1.171783447265625,0
2026-01-06 00:00:00,1.1719207763671875,1.174122333526611,1.1713716983795166,1.17384672164917,0
2026-01-06 04:00:00,1.17384672164917,1.174812078475952,1.1728830337524414,1.1731581687927246,0
2026-01-06 08:00:00,1.1732958555221558,1.174122333526611,1.170823097229004,1.1709601879119873,0
2026-01-06 12:00:00,1.1712344884872437,1.17205810546875,1.168770432472229,1.169864296913147,0
2026-01-06 16:00:00,1.1701380014419556,1.170548915863037,1.168770432472229,1.1693171262741089,0
2026-01-06 20:00:00,1.1695905923843384,1.169727444648743,1.1686338186264038,1.169180393218994,0
2026-01-07 00:00:00,1.169180393218994,1.170548915863037,1.1689070463180542,1.1702749729156494,0
2026-01-07 04:00:00,1.1702749729156494,1.170548915863037,1.1683608293533323,1.1686338186264038,0
2026-01-07 08:00:00,1.1684973239898682,1.169864296913147,1.1676785945892334,1.169180393218994,0
2026-01-07 12:00:00,1.1693171262741089,1.1701380014419556,1.1683608293533323,1.1694538593292236,0
2026-01-07 16:00:00,1.1694538593292236,1.169864296913147,1.1682243347167969,1.1686338186264038,0
2026-01-07 20:00:00,1.1684973239898682,1.168770432472229,1.1675423383712769,1.1679514646530151,0
2026-01-08 00:00:00,1.1680878400802612,1.1686338186264038,1.1675423383712769,1.1683608293533323,0
2026-01-08 04:00:00,1.1682243347167969,1.1686338186264038,1.1678149700164795,1.1682243347167969,0
2026-01-08 08:00:00,1.1680878400802612,1.1683608293533323,1.1672697067260742,1.1680878400802612,0
2026-01-08 12:00:00,1.1679514646530151,1.1680878400802612,1.16604483127594,1.166997313499451,0
2026-01-08 16:00:00,1.166997313499451,1.1671334505081177,1.1645511388778689,1.1653653383255005,0
2026-01-08 20:00:00,1.1653653383255005,1.1668611764907837,1.1653653383255005,1.16604483127594,0
2026-01-09 00:00:00,1.16604483127594,1.1661807298660278,1.164958119392395,1.1659088134765625,0
2026-01-09 04:00:00,1.1661807298660278,1.1661807298660278,1.16441547870636,1.1653653383255005,0
2026-01-09 08:00:00,1.1655012369155884,1.1655012369155884,1.1642799377441406,1.164958119392395,0
2026-01-09 12:00:00,1.164822340011597,1.1663167476654053,1.16225004196167,1.1642799377441406,0
2026-01-09 16:00:00,1.1645511388778689,1.1645511388778689,1.1631964445114136,1.163873314857483,0
2026-01-09 20:00:00,1.1637378931045532,1.1641442775726318,1.1633317470550537,1.163873314857483,0
2026-01-12 00:00:00,1.1627906560897827,1.1674060821533203,1.1626555919647217,1.1659088134765625,0
2026-01-12 04:00:00,1.1659088134765625,1.1689070463180542,1.1656370162963867,1.1689070463180542,0
2026-01-12 08:00:00,1.168770432472229,1.169864296913147,1.1679514646530151,1.1682243347167969,0
2026-01-12 12:00:00,1.1682243347167969,1.1701380014419556,1.1676785945892334,1.1684973239898682,0
2026-01-12 16:00:00,1.1684973239898682,1.1684973239898682,1.1668611764907837,1.1675423383712769,0
2026-01-12 20:00:00,1.1675423383712769,1.1675423383712769,1.1667250394821167,1.166997313499451,0
2026-01-13 00:00:00,1.1671334505081177,1.1671334505081177,1.16604483127594,1.1661807298660278,0
2026-01-13 04:00:00,1.1661807298660278,1.1671334505081177,1.1657729148864746,1.1668611764907837,0
2026-01-13 08:00:00,1.1667250394821167,1.1676785945892334,1.1661807298660278,1.1671334505081177,0
2026-01-13 12:00:00,1.1672697067260742,1.1680878400802612,1.164822340011597,1.1653653383255005,0
2026-01-13 16:00:00,1.1655012369155884,1.1657729148864746,1.163873314857483,1.1653653383255005,0
2026-01-13 20:00:00,1.165229558944702,1.1653653383255005,1.16441547870636,1.1645511388778689,0
2026-01-14 00:00:00,1.1645511388778689,1.165229558944702,1.164008855819702,1.1650937795639038,0
2026-01-14 04:00:00,1.164958119392395,1.1655012369155884,1.1645511388778689,1.164958119392395,0
2026-01-14 08:00:00,1.164958119392395,1.1661807298660278,1.1645511388778689,1.164958119392395,0
2026-01-14 12:00:00,1.1650937795639038,1.1663167476654053,1.164822340011597,1.1663167476654053,0
2026-01-14 16:00:00,1.1663167476654053,1.1664528846740725,1.163873314857483,1.1641442775726318,0
2026-01-14 20:00:00,1.164008855819702,1.165229558944702,1.164008855819702,1.164958119392395,0
2026-01-15 00:00:00,1.164822340011597,1.164958119392395,1.1637378931045532,1.1642799377441406,0
2026-01-15 04:00:00,1.1642799377441406,1.1642799377441406,1.163061261177063,1.1631964445114136,0
2026-01-15 08:00:00,1.1631964445114136,1.16441547870636,1.163061261177063,1.1634671688079834,0
2026-01-15 12:00:00,1.1634671688079834,1.163873314857483,1.15968918800354,1.160496711730957,0
2026-01-15 16:00:00,1.1606314182281494,1.1621150970458984,1.1602274179458618,1.1617100238800049,0
2026-01-15 20:00:00,1.1617100238800049,1.1618449687957764,1.1606314182281494,1.16130530834198,0
2026-01-16 00:00:00,1.16130530834198,1.1617100238800049,1.1606314182281494,1.1615750789642334,0
2026-01-16 04:00:00,1.1615750789642334,1.1617100238800049,1.1607661247253418,1.1615750789642334,0
2026-01-16 08:00:00,1.1615750789642334,1.1626555919647217,1.161170482635498,1.16225004196167,0
2026-01-16 12:00:00,1.16225004196167,1.1629259586334229,1.1590172052383425,1.15968918800354,0
2026-01-16 16:00:00,1.159823656082153,1.1609008312225342,1.1592857837677002,1.1599582433700562,0
2026-01-16 20:00:00,1.1599582433700562,1.1606314182281494,1.1599582433700562,1.1603620052337646,0
2026-01-19 00:00:00,1.1627906560897827,1.1641442775726318,1.161170482635498,1.1627906560897827,0
2026-01-19 04:00:00,1.1629259586334229,1.16441547870636,1.1626555919647217,1.1629259586334229,0
2026-01-19 08:00:00,1.163061261177063,1.1633317470550537,1.161440134048462,1.1631964445114136,0
2026-01-19 12:00:00,1.163061261177063,1.164686679840088,1.1629259586334229,1.1642799377441406,0
2026-01-19 16:00:00,1.1642799377441406,1.165229558944702,1.1641442775726318,1.164686679840088,0
2026-01-19 20:00:00,1.164686679840088,1.1656370162963867,1.1642799377441406,1.1642799377441406,0
2026-01-20 00:00:00,1.1642799377441406,1.1661807298660278,1.163602590560913,1.16604483127594,0
2026-01-20 04:00:00,1.1659088134765625,1.169727444648743,1.1659088134765625,1.1693171262741089,0
2026-01-20 08:00:00,1.169180393218994,1.1742602586746216,1.169180393218994,1.1737089157104492,0
2026-01-20 12:00:00,1.17384672164917,1.177024483680725,1.17205810546875,1.1731581687927246,0
2026-01-20 16:00:00,1.1731581687927246,1.1745359897613523,1.1715089082717896,1.1715089082717896,0
2026-01-20 20:00:00,1.1715089082717896,1.1732958555221558,1.1715089082717896,1.1731581687927246,0
2026-01-21 00:00:00,1.1727453470230105,1.1737089157104492,1.1715089082717896,1.172195553779602,0
2026-01-21 04:00:00,1.172195553779602,1.1728830337524414,1.1715089082717896,1.17205810546875,0
2026-01-21 08:00:00,1.172195553779602,1.172333002090454,1.1704120635986328,1.1716461181640625,0
2026-01-21 12:00:00,1.1716461181640625,1.1745359897613523,1.1704120635986328,1.170548915863037,0
2026-01-21 16:00:00,1.170548915863037,1.1715089082717896,1.1682243347167969,1.169180393218994,0
2026-01-21 20:00:00,1.1693171262741089,1.1694538593292236,1.1675423383712769,1.1675423383712769,0
2026-01-22 00:00:00,1.1676785945892334,1.169727444648743,1.1676785945892334,1.1693171262741089,0
2026-01-22 04:00:00,1.1693171262741089,1.1700011491775513,1.168770432472229,1.1694538593292236,0
2026-01-22 08:00:00,1.1693171262741089,1.170823097229004,1.168770432472229,1.1706860065460205,0
2026-01-22 12:00:00,1.170548915863037,1.1737089157104492,1.1704120635986328,1.1737089157104492,0
2026-01-22 16:00:00,1.1737089157104492,1.175364375114441,1.1737089157104492,1.174812078475952,0
2026-01-22 20:00:00,1.1746740341186523,1.1764705181121826,1.1745359897613523,1.1757789850234983,0
2026-01-23 00:00:00,1.1756407022476196,1.1756407022476196,1.1746740341186523,1.1746740341186523,0
2026-01-23 04:00:00,1.174812078475952,1.1757789850234983,1.1739845275878906,1.1739845275878906,0
2026-01-23 08:00:00,1.1742602586746216,1.174812078475952,1.1731581687927246,1.174122333526611,0
2026-01-23 12:00:00,1.174122333526611,1.1763322353363037,1.1735711097717283,1.1761938333511353,0
2026-01-23 16:00:00,1.1760554313659668,1.1817537546157837,1.1750881671905518,1.1816140413284302,0
2026-01-23 20:00:00,1.1816140413284302,1.1835720539093018,1.1814744472503662,1.1823126077651978,0
2026-01-26 00:00:00,1.1856770515441897,1.187930703163147,1.184834122657776,1.186521053314209,0
2026-01-26 04:00:00,1.186380386352539,1.1872254610061646,1.1842728853225708,1.1842728853225708,0
2026-01-26 08:00:00,1.1846938133239746,1.1870845556259155,1.1842728853225708,1.1859582662582395,0
2026-01-26 12:00:00,1.1858175992965698,1.18990957736969,1.1839923858642578,1.18990957736969,0
2026-01-26 16:00:00,1.1900511980056765,1.190617918968201,1.1873664855957031,1.1882128715515137,0
2026-01-26 20:00:00,1.1886366605758667,1.1889193058013916,1.1876484155654907,1.1877895593643188,0
2026-01-27 00:00:00,1.1877895593643188,1.190334439277649,1.1877895593643188,1.1883541345596311,0
2026-01-27 04:00:00,1.1883541345596311,1.1884952783584597,1.186521053314209,1.1868027448654177,0
2026-01-27 08:00:00,1.1869436502456665,1.1900511980056765,1.1855363845825195,1.1900511980056765,0
2026-01-27 12:00:00,1.18990957736969,1.1974613666534424,1.1897679567337036,1.1953144073486328,0
2026-01-27 16:00:00,1.1956002712249756,1.1993283033370972,1.1956002712249756,1.1980352401733398,0
2026-01-27 20:00:00,1.1978917121887207,1.2084592580795288,1.1978917121887207,1.20221209526062,0
2026-01-28 00:00:00,1.2023565769195557,1.202645778656006,1.199184536933899,1.2000479698181152,0
2026-01-28 04:00:00,1.2000479698181152,1.2029350996017456,1.1980352401733398,1.199472188949585,0
2026-01-28 08:00:00,1.1993283033370972,1.2006243467330933,1.196601629257202,1.1971746683120728,0
2026-01-28 12:00:00,1.1973179578781128,1.1986095905303955,1.193602204322815,1.1946003437042236,0
2026-01-28 16:00:00,1.1950286626815796,1.1954572200775146,1.190617918968201,1.194457769393921,0
2026-01-28 20:00:00,1.1947431564331057,1.1980352401733398,1.193317413330078,1.1980352401733398,0
2026-01-29 00:00:00,1.198178768157959,1.199040770530701,1.1958861351013184,1.199040770530701,0
2026-01-29 04:00:00,1.199184536933899,1.1997599601745603,1.1971746683120728,1.1977481842041016,0
2026-01-29 08:00:00,1.198178768157959,1.1988970041275024,1.1943150758743286,1.1951714754104614,0
2026-01-29 12:00:00,1.1950286626815796,1.1973179578781128,1.1911852359771729,1.193317413330078,0
2026-01-29 16:00:00,1.1934598684310913,1.1967447996139526,1.193174958229065,1.1954572200775146,0
2026-01-29 20:00:00,1.1954572200775146,1.198322296142578,1.1950286626815796,1.196888089179993,0
2026-01-30 00:00:00,1.1970313787460327,1.1977481842041016,1.18990957736969,1.1924636363983154,0
2026-01-30 04:00:00,1.1923214197158811,1.194457769393921,1.1917530298233032,1.1940299272537231,0
2026-01-30 08:00:00,1.1941723823547363,1.1953144073486328,1.190334439277649,1.1953144073486328,0
2026-01-30 12:00:00,1.1954572200775146,1.1958861351013184,1.1889193058013916,1.18990957736969,0
2026-01-30 16:00:00,1.1900511980056765,1.1900511980056765,1.1859582662582395,1.1872254610061646,0
2026-01-30 20:00:00,1.1870845556259155,1.1870845556259155,1.1853959560394287,1.1853959560394287,0
2026-02-02 00:00:00,1.1852554082870483,1.1877895593643188,1.1852554082870483,1.1869436502456665,0
2026-02-02 04:00:00,1.1868027448654177,1.1873664855957031,1.1845533847808838,1.1858175992965698,0
2026-02-02 08:00:00,1.1860989332199097,1.187507390975952,1.184834122657776,1.1869436502456665,0
2026-02-02 12:00:00,1.186661958694458,1.1872254610061646,1.179523468017578,1.179662585258484,0
2026-02-02 16:00:00,1.179662585258484,1.1816140413284302,1.177994966506958,1.1793843507766724,0
2026-02-02 20:00:00,1.1791062355041504,1.1802195310592651,1.1784114837646484,1.1802195310592651,0
2026-02-03 00:00:00,1.1802195310592651,1.1817537546157837,1.1802195310592651,1.1816140413284302,0
2026-02-03 04:00:00,1.1813349723815918,1.182732105255127,1.1809163093566897,1.1818934679031372,0
2026-02-03 08:00:00,1.1818934679031372,1.1823126077651978,1.1786893606185913,1.1792453527450562,0
2026-02-03 12:00:00,1.1792453527450562,1.1817537546157837,1.1784114837646484,1.1817537546157837,0
2026-02-03 16:00:00,1.1816140413284302,1.1831519603729248,1.1810559034347534,1.1817537546157837,0
2026-02-03 20:00:00,1.1816140413284302,1.1828720569610596,1.1813349723815918,1.1818934679031372,0
2026-02-04 00:00:00,1.1818934679031372,1.1835720539093018,1.1813349723815918,1.1830118894577026,0
2026-02-04 04:00:00,1.1830118894577026,1.1839923858642578,1.1828720569610596,1.18343186378479,0
2026-02-04 08:00:00,1.18343186378479,1.1841325759887695,1.1809163093566897,1.1814744472503662,0
2026-02-04 12:00:00,1.1814744472503662,1.1828720569610596,1.179662585258484,1.179940938949585,0
2026-02-04 16:00:00,1.179940938949585,1.1817537546157837,1.179523468017578,1.1811953783035278,0
2026-02-04 20:00:00,1.1813349723815918,1.182172775268555,1.180498123168945,1.180498123168945,0
2026-02-05 00:00:00,1.180498123168945,1.1811953783035278,1.178828239440918,1.1792453527450562,0
2026-02-05 04:00:00,1.1792453527450562,1.1806375980377195,1.178828239440918,1.1802195310592651,0
2026-02-05 08:00:00,1.1802195310592651,1.1810559034347534,1.1784114837646484,1.179662585258484,0
2026-02-05 12:00:00,1.1793843507766724,1.1824523210525513,1.178550362586975,1.179662585258484,0
2026-02-05 16:00:00,1.179523468017578,1.1807769536972046,1.1789672374725342,1.1798018217086792,0
2026-02-05 20:00:00,1.179662585258484,1.1798018217086792,1.1778563261032104,1.178133845329285,0
2026-02-06 00:00:00,1.177994966506958,1.179523468017578,1.177024483680725,1.1791062355041504,0
2026-02-06 04:00:00,1.1791062355041504,1.180498123168945,1.1791062355041504,1.1793843507766724,0
2026-02-06 08:00:00,1.179523468017578,1.18035888671875,1.1789672374725342,1.1793843507766724,0
2026-02-06 12:00:00,1.1793843507766724,1.1828720569610596,1.1792453527450562,1.1823126077651978,0
2026-02-06 16:00:00,1.1823126077651978,1.182732105255127,1.1814744472503662,1.1823126077651978,0
2026-02-06 20:00:00,1.1823126077651978,1.182732105255127,1.1817537546157837,1.1820330619812012,0
2026-02-09 00:00:00,1.1830118894577026,1.1835720539093018,1.1820330619812012,1.182172775268555,0
2026-02-09 04:00:00,1.1823126077651978,1.186380386352539,1.1823126077651978,1.1859582662582395,0
2026-02-09 08:00:00,1.1859582662582395,1.187507390975952,1.1855363845825195,1.1872254610061646,0
2026-02-09 12:00:00,1.1873664855957031,1.1928904056549072,1.1873664855957031,1.1913270950317385,0
2026-02-09 16:00:00,1.1914690732955933,1.1926058530807495,1.1897679567337036,1.1923214197158811,0
2026-02-09 20:00:00,1.1923214197158811,1.1924636363983154,1.190617918968201,1.190617918968201,0
2026-02-10 00:00:00,1.1907596588134766,1.1920371055603027,1.1900511980056765,1.1913270950317385,0
2026-02-10 04:00:00,1.1914690732955933,1.1916110515594482,1.190334439277649,1.190901517868042,0
2026-02-10 08:00:00,1.1911852359771729,1.1923214197158811,1.1904761791229248,1.1907596588134766,0
2026-02-10 12:00:00,1.1907596588134766,1.1930327415466309,1.1893434524536133,1.1918951272964478,0
2026-02-10 16:00:00,1.1917530298233032,1.1917530298233032,1.189202070236206,1.1904761791229248,0
2026-02-10 20:00:00,1.190617918968201,1.190617918968201,1.1884952783584597,1.189202070236206,0
2026-02-11 00:00:00,1.189202070236206,1.1917530298233032,1.1890605688095093,1.1913270950317385,0
2026-02-11 04:00:00,1.1914690732955933,1.1928904056549072,1.191043257713318,1.1921793222427368,0
2026-02-11 08:00:00,1.1920371055603027,1.1930327415466309,1.191043257713318,1.1913270950317385,0
2026-02-11 12:00:00,1.1911852359771729,1.1911852359771729,1.1841325759887695,1.1862396001815796,0
2026-02-11 16:00:00,1.1862396001815796,1.1896264553070068,1.1858175992965698,1.1883541345596311,0
2026-02-11 20:00:00,1.1883541345596311,1.1884952783584597,1.1872254610061646,1.187930703163147,0
2026-02-12 00:00:00,1.1877895593643188,1.1887779235839844,1.1869436502456665,1.1872254610061646,0
2026-02-12 04:00:00,1.1873664855957031,1.187930703163147,1.1856770515441897,1.1876484155654907,0
2026-02-12 08:00:00,1.1877895593643188,1.1890605688095093,1.187507390975952,1.1887779235839844,0
2026-02-12 12:00:00,1.1887779235839844,1.189202070236206,1.1870845556259155,1.1890605688095093,0
2026-02-12 16:00:00,1.1889193058013916,1.1893434524536133,1.1860989332199097,1.1873664855957031,0
2026-02-12 20:00:00,1.1873664855957031,1.1883541345596311,1.186661958694458,1.1870845556259155,0
2026-02-13 00:00:00,1.1872254610061646,1.1876484155654907,1.186661958694458,1.1870845556259155,0
2026-02-13 04:00:00,1.1870845556259155,1.1870845556259155,1.1851149797439575,1.1862396001815796,0
2026-02-13 08:00:00,1.1862396001815796,1.1869436502456665,1.1856770515441897,1.1860989332199097,0
2026-02-13 12:00:00,1.1862396001815796,1.1883541345596311,1.1852554082870483,1.1852554082870483,0
2026-02-13 16:00:00,1.1852554082870483,1.1886366605758667,1.1852554082870483,1.1869436502456665,0
2026-02-13 20:00:00,1.1869436502456665,1.1880717277526855,1.1868027448654177,1.1870845556259155,0
2026-02-16 00:00:00,1.1870845556259155,1.1872254610061646,1.186380386352539,1.1870845556259155,0
2026-02-16 04:00:00,1.1870845556259155,1.1873664855957031,1.186521053314209,1.186661958694458,0
2026-02-16 08:00:00,1.186661958694458,1.1873664855957031,1.1860989332199097,1.186521053314209,0
2026-02-16 12:00:00,1.186521053314209,1.186661958694458,1.1852554082870483,1.1858175992965698,0
2026-02-16 16:00:00,1.1856770515441897,1.1859582662582395,1.1849744319915771,1.1858175992965698,0
2026-02-16 20:00:00,1.1858175992965698,1.1859582662582395,1.184834122657776,1.1852554082870483,0
2026-02-17 00:00:00,1.1853959560394287,1.1855363845825195,1.1842728853225708,1.184413194656372,0
2026-02-17 04:00:00,1.1845533847808838,1.1849744319915771,1.1832919120788574,1.183712124824524,0
2026-02-17 08:00:00,1.183712124824524,1.1852554082870483,1.1831519603729248,1.1832919120788574,0
2026-02-17 12:00:00,1.18343186378479,1.1838523149490356,1.1809163093566897,1.1814744472503662,0
2026-02-17 16:00:00,1.1814744472503662,1.1856770515441897,1.1814744472503662,1.1851149797439575,0
2026-02-17 20:00:00,1.1851149797439575,1.1860989332199097,1.1851149797439575,1.1855363845825195,0
2026-02-18 00:00:00,1.1855363845825195,1.1856770515441897,1.184413194656372,1.184413194656372,0
2026-02-18 04:00:00,1.1845533847808838,1.1849744319915771,1.183712124824524,1.1838523149490356,0
2026-02-18 08:00:00,1.1838523149490356,1.184413194656372,1.1832919120788574,1.1838523149490356,0
2026-02-18 12:00:00,1.1838523149490356,1.1852554082870483,1.1816140413284302,1.182592272758484,0
2026-02-18 16:00:00,1.1824523210525513,1.1828720569610596,1.178828239440918,1.1791062355041504,0
2026-02-18 20:00:00,1.1789672374725342,1.179523468017578,1.1784114837646484,1.1792453527450562,0
2026-02-19 00:00:00,1.1792453527450562,1.179940938949585,1.178828239440918,1.179523468017578,0
2026-02-19 04:00:00,1.179523468017578,1.1806375980377195,1.178828239440918,1.180498123168945,0
2026-02-19 08:00:00,1.18035888671875,1.1810559034347534,1.178133845329285,1.1784114837646484,0
2026-02-19 12:00:00,1.178272724151611,1.1784114837646484,1.1745359897613523,1.1766090393066406,0
2026-02-19 16:00:00,1.1766090393066406,1.1777175664901731,1.1759172677993774,1.1766090393066406,0
2026-02-19 20:00:00,1.176747441291809,1.178133845329285,1.176747441291809,1.177163004875183,0
2026-02-20 00:00:00,1.1773016452789309,1.1775789260864258,1.1757789850234983,1.1761938333511353,0
2026-02-20 04:00:00,1.1761938333511353,1.1766090393066406,1.175364375114441,1.1755025386810305,0
2026-02-20 08:00:00,1.1756407022476196,1.1773016452789309,1.174812078475952,1.177024483680725,0
2026-02-20 12:00:00,1.177024483680725,1.1809163093566897,1.1760554313659668,1.1789672374725342,0
2026-02-20 16:00:00,1.1792453527450562,1.1800801753997805,1.177024483680725,1.1784114837646484,0
2026-02-20 20:00:00,1.178272724151611,1.179523468017578,1.178133845329285,1.178550362586975,0
2026-02-23 00:00:00,1.1835720539093018,1.183712124824524,1.182172775268555,1.182732105255127,0
2026-02-23 04:00:00,1.182732105255127,1.183712124824524,1.1818934679031372,1.182592272758484,0
2026-02-23 08:00:00,1.182732105255127,1.182732105255127,1.1784114837646484,1.1789672374725342,0
2026-02-23 12:00:00,1.1789672374725342,1.1813349723815918,1.1778563261032104,1.1798018217086792,0
2026-02-23 16:00:00,1.179662585258484,1.1810559034347534,1.1792453527450562,1.179523468017578,0
2026-02-23 20:00:00,1.179523468017578,1.179940938949585,1.178550362586975,1.179662585258484,0
2026-02-24 00:00:00,1.179662585258484,1.179940938949585,1.1775789260864258,1.1778563261032104,0
2026-02-24 04:00:00,1.1778563261032104,1.178550362586975,1.177163004875183,1.178133845329285,0
2026-02-24 08:00:00,1.178272724151611,1.179662585258484,1.1778563261032104,1.1784114837646484,0
2026-02-24 12:00:00,1.1784114837646484,1.178550362586975,1.177024483680725,1.1775789260864258,0
2026-02-24 16:00:00,1.1775789260864258,1.1793843507766724,1.1775789260864258,1.178272724151611,0
2026-02-24 20:00:00,1.178272724151611,1.1786893606185913,1.1773016452789309,1.1777175664901731,0
2026-02-25 00:00:00,1.1778563261032104,1.179662585258484,1.1777175664901731,1.1793843507766724,0
2026-02-25 04:00:00,1.1792453527450562,1.1810559034347534,1.1792453527450562,1.1802195310592651,0
2026-02-25 08:00:00,1.1800801753997805,1.18035888671875,1.177440166473389,1.1777175664901731,0
2026-02-25 12:00:00,1.1778563261032104,1.18035888671875,1.1777175664901731,1.1802195310592651,0
2026-02-25 16:00:00,1.180498123168945,1.1817537546157837,1.1802195310592651,1.1810559034347534,0
2026-02-25 20:00:00,1.1809163093566897,1.1818934679031372,1.1806375980377195,1.1818934679031372,0
2026-02-26 00:00:00,1.1818934679031372,1.1832919120788574,1.1816140413284302,1.182172775268555,0
2026-02-26 04:00:00,1.1820330619812012,1.182592272758484,1.1811953783035278,1.1820330619812012,0
2026-02-26 08:00:00,1.1818934679031372,1.1818934679031372,1.1798018217086792,1.180498123168945,0
2026-02-26 12:00:00,1.180498123168945,1.1820330619812012,1.178550362586975,1.1802195310592651,0
2026-02-26 16:00:00,1.1802195310592651,1.1802195310592651,1.1777175664901731,1.1800801753997805,0
2026-02-26 20:00:00,1.1800801753997805,1.1806375980377195,1.1793843507766724,1.1806375980377195,0
2026-02-27 00:00:00,1.1806375980377195,1.1810559034347534,1.1793843507766724,1.1807769536972046,0
2026-02-27 04:00:00,1.1807769536972046,1.182172775268555,1.1800801753997805,1.1818934679031372,0
2026-02-27 08:00:00,1.1818934679031372,1.1824523210525513,1.1798018217086792,1.18035888671875,0
2026-02-27 12:00:00,1.18035888671875,1.1820330619812012,1.179523468017578,1.1810559034347534,0
2026-02-27 16:00:00,1.1810559034347534,1.1830118894577026,1.1810559034347534,1.1823126077651978,0
2026-02-27 20:00:00,1.1823126077651978,1.1828720569610596,1.1814744472503662,1.1817537546157837,0
2026-03-02 00:00:00,1.1761938333511353,1.179940938949585,1.1761938333511353,1.1792453527450562,0
2026-03-02 04:00:00,1.1792453527450562,1.1793843507766724,1.1709601879119873,1.1719207763671875,0
2026-03-02 08:00:00,1.172195553779602,1.1749500036239624,1.1701380014419556,1.1737089157104492,0
2026-03-02 12:00:00,1.173433542251587,1.1737089157104492,1.1683608293533323,1.1683608293533323,0
2026-03-02 16:00:00,1.1683608293533323,1.1716461181640625,1.1675423383712769,1.1715089082717896,0
2026-03-02 20:00:00,1.1715089082717896,1.1716461181640625,1.1683608293533323,1.1700011491775513,0
2026-03-03 00:00:00,1.169727444648743,1.1709601879119873,1.1690436601638794,1.1694538593292236,0
2026-03-03 04:00:00,1.1694538593292236,1.1695905923843384,1.164822340011597,1.164822340011597,0
2026-03-03 08:00:00,1.164686679840088,1.164686679840088,1.1586142778396606,1.1599582433700562,0
2026-03-03 12:00:00,1.1599582433700562,1.1618449687957764,1.1535356044769287,1.1576753854751587,0
2026-03-03 16:00:00,1.1576753854751587,1.1627906560897827,1.1574074029922483,1.1618449687957764,0
2026-03-03 20:00:00,1.1617100238800049,1.1626555919647217,1.1609008312225342,1.1615750789642334,0
2026-03-04 00:00:00,1.16130530834198,1.16130530834198,1.1579434871673584,1.161170482635498,0
2026-03-04 04:00:00,1.16130530834198,1.1627906560897827,1.1590172052383425,1.1621150970458984,0
2026-03-04 08:00:00,1.1619800329208374,1.1657729148864746,1.1599582433700562,1.163873314857483,0
2026-03-04 12:00:00,1.163873314857483,1.1653653383255005,1.1621150970458984,1.1641442775726318,0
2026-03-04 16:00:00,1.16441547870636,1.164822340011597,1.1626555919647217,1.16441547870636,0
2026-03-04 20:00:00,1.16441547870636,1.164686679840088,1.1633317470550537,1.163873314857483,0
2026-03-05 00:00:00,1.1637378931045532,1.164958119392395,1.16130530834198,1.1615750789642334,0
2026-03-05 04:00:00,1.1615750789642334,1.1619800329208374,1.159151554107666,1.1609008312225342,0
2026-03-05 08:00:00,1.1606314182281494,1.1642799377441406,1.1586142778396606,1.161440134048462,0
2026-03-05 12:00:00,1.16130530834198,1.1627906560897827,1.1574074029922483,1.1587486267089844,0
2026-03-05 16:00:00,1.1584800481796265,1.1595547199249268,1.156336784362793,1.1574074029922483,0
2026-03-05 20:00:00,1.1576753854751587,1.1617100238800049,1.1574074029922483,1.161170482635498,0
2026-03-06 00:00:00,1.1609008312225342,1.1623852252960205,1.1607661247253418,1.1623852252960205,0
2026-03-06 04:00:00,1.1623852252960205,1.1623852252960205,1.1606314182281494,1.1617100238800049,0
2026-03-06 08:00:00,1.1617100238800049,1.1617100238800049,1.1564704179763794,1.1566041707992554,0
2026-03-06 12:00:00,1.156738042831421,1.1594202518463137,1.1551345586776731,1.1582117080688477,0
2026-03-06 16:00:00,1.1583458185195925,1.16225004196167,1.1583458185195925,1.1606314182281494,0
2026-03-06 20:00:00,1.1606314182281494,1.162520408630371,1.1599582433700562,1.1621150970458984,0
2026-03-09 00:00:00,1.1526048183441162,1.15340256690979,1.151145339012146,1.1519410610198977,0
2026-03-09 04:00:00,1.1522064208984375,1.1574074029922483,1.1519410610198977,1.1566041707992554,0
2026-03-09 08:00:00,1.1568717956542969,1.1574074029922483,1.1520737409591677,1.156336784362793,0
2026-03-09 12:00:00,1.1564704179763794,1.15968918800354,1.1551345586776731,1.1595547199249268,0
2026-03-09 16:00:00,1.15968918800354,1.1634671688079834,1.1579434871673584,1.161170482635498,0
2026-03-09 20:00:00,1.1617100238800049,1.164822340011597,1.1615750789642334,1.1619800329208374,0
2026-03-10 00:00:00,1.1619800329208374,1.163873314857483,1.161170482635498,1.16130530834198,0
2026-03-10 04:00:00,1.161035656929016,1.1665889024734497,1.161035656929016,1.1664528846740725,0
2026-03-10 08:00:00,1.16604483127594,1.1663167476654053,1.1623852252960205,1.1642799377441406,0
2026-03-10 12:00:00,1.16441547870636,1.1657729148864746,1.162520408630371,1.1650937795639038,0
2026-03-10 16:00:00,1.164822340011597,1.166997313499451,1.16130530834198,1.1617100238800049,0
2026-03-10 20:00:00,1.1617100238800049,1.1619800329208374,1.1606314182281494,1.161440134048462,0
2026-03-11 00:00:00,1.1615750789642334,1.1634671688079834,1.161035656929016,1.1633317470550537,0
2026-03-11 04:00:00,1.1633317470550537,1.16441547870636,1.1618449687957764,1.1621150970458984,0
2026-03-11 08:00:00,1.1618449687957764,1.1623852252960205,1.1594202518463137,1.1599582433700562,0
2026-03-11 12:00:00,1.159823656082153,1.16130530834198,1.1570056676864624,1.1570056676864624,0
2026-03-11 16:00:00,1.1568717956542969,1.1579434871673584,1.156738042831421,1.1576753854751587,0
2026-03-11 20:00:00,1.1575413942337036,1.157809495925903,1.154334545135498,1.1546010971069336,0
2026-03-12 00:00:00,1.1544678211212158,1.1558021306991575,1.1536686420440674,1.1542012691497805,0
2026-03-12 04:00:00,1.1542012691497805,1.1555349826812744,1.1535356044769287,1.155401587486267,0
2026-03-12 08:00:00,1.1556684970855713,1.1568717956542969,1.1547343730926514,1.1559356451034546,0
2026-03-12 12:00:00,1.1559356451034546,1.1559356451034546,1.151410460472107,1.1524720191955566,0
2026-03-12 16:00:00,1.1526048183441162,1.15340256690979,1.151410460472107,1.1518083810806274,0
2026-03-12 20:00:00,1.1516757011413574,1.1526048183441162,1.151145339012146,1.1526048183441162,0
2026-03-13 00:00:00,1.1526048183441162,1.1532695293426514,1.1508804559707642,1.1512778997421265,0
2026-03-13 04:00:00,1.1512778997421265,1.1512778997421265,1.1458691358566284,1.1461317539215088,0
2026-03-13 08:00:00,1.145737886428833,1.147446870803833,1.1436413526535034,1.147315263748169,0
2026-03-13 12:00:00,1.1470520496368408,1.1491611003875732,1.1439030170440674,1.144688606262207,0
2026-03-13 16:00:00,1.1445575952529907,1.145213007926941,1.1423349380493164,1.1425960063934326,0
2026-03-13 20:00:00,1.1424654722213743,1.1425960063934326,1.141422152519226,1.1423349380493164,0
2026-03-16 00:00:00,1.144164800643921,1.1458691358566284,1.144164800643921,1.1453442573547363,0
2026-03-16 04:00:00,1.1453442573547363,1.1454753875732422,1.1419435739517212,1.1428571939468384,0
2026-03-16 08:00:00,1.1432491540908811,1.1488970518112185,1.142987847328186,1.1482374668121338,0
2026-03-16 12:00:00,1.1482374668121338,1.150483250617981,1.1475785970687866,1.1490291357040403,0
2026-03-16 16:00:00,1.1488970518112185,1.152737736701965,1.1481056213378906,1.151012897491455,0
2026-03-16 20:00:00,1.1512778997421265,1.1512778997421265,1.1498217582702637,1.150218486785889,0
2026-03-17 00:00:00,1.1499539613723757,1.150483250617981,1.1490291357040403,1.1495574712753296,0
2026-03-17 04:00:00,1.1495574712753296,1.15035080909729,1.1470520496368408,1.1498217582702637,0
2026-03-17 08:00:00,1.1498217582702637,1.152737736701965,1.1491611003875732,1.151012897491455,0
2026-03-17 12:00:00,1.151012897491455,1.1544678211212158,1.1507480144500732,1.1528706550598145,0
2026-03-17 16:00:00,1.1526048183441162,1.1551345586776731,1.152339220046997,1.1538017988204956,0
2026-03-17 20:00:00,1.1539349555969238,1.1547343730926514,1.1536686420440674,1.1542012691497805,0
2026-03-18 00:00:00,1.154068112373352,1.1546010971069336,1.1535356044769287,1.1539349555969238,0
2026-03-18 04:00:00,1.154068112373352,1.1552680730819702,1.152737736701965,1.1530035734176636,0
2026-03-18 08:00:00,1.1528706550598145,1.1556684970855713,1.1522064208984375,1.155001163482666,0
2026-03-18 12:00:00,1.1548677682876587,1.1551345586776731,1.1496896743774414,1.151543140411377,0
2026-03-18 16:00:00,1.1516757011413574,1.152737736701965,1.147315263748169,1.147315263748169,0
2026-03-18 20:00:00,1.1471836566925049,1.1475785970687866,1.145213007926941,1.1466574668884275,0
2026-03-19 00:00:00,1.1466574668884275,1.1492931842803955,1.1466574668884275,1.1478420495986938,0
2026-03-19 04:00:00,1.1477103233337402,1.1479737758636477,1.1454753875732422,1.1456066370010376,0
2026-03-19 08:00:00,1.145737886428833,1.1488970518112185,1.144688606262207,1.1482374668121338,0
2026-03-19 12:00:00,1.1482374668121338,1.1542012691497805,1.1467890739440918,1.1518083810806274,0
2026-03-19 16:00:00,1.1518083810806274,1.1618449687957764,1.1518083810806274,1.1590172052383425,0
2026-03-19 20:00:00,1.1588828563690186,1.1599582433700562,1.1579434871673584,1.158077597618103,0
2026-03-20 00:00:00,1.1579434871673584,1.1582117080688477,1.1559356451034546,1.1560693979263306,0
2026-03-20 04:00:00,1.1560693979263306,1.157809495925903,1.1555349826812744,1.1576753854751587,0
2026-03-20 08:00:00,1.1576753854751587,1.1583458185195925,1.1539349555969238,1.1575413942337036,0
2026-03-20 12:00:00,1.1575413942337036,1.1582117080688477,1.152737736701965,1.1547343730926514,0
2026-03-20 16:00:00,1.1547343730926514,1.157273530960083,1.1547343730926514,1.1560693979263306,0
2026-03-20 20:00:00,1.156336784362793,1.1575413942337036,1.156336784362793,1.1575413942337036,0
2026-03-23 00:00:00,1.1564704179763794,1.156738042831421,1.154334545135498,1.155001163482666,0
2026-03-23 04:00:00,1.1552680730819702,1.1555349826812744,1.1524720191955566,1.1530035734176636,0
2026-03-23 08:00:00,1.1532695293426514,1.16225004196167,1.1488970518112185,1.1558021306991575,0
2026-03-23 12:00:00,1.1558021306991575,1.1642799377441406,1.1551345586776731,1.1590172052383425,0
2026-03-23 16:00:00,1.1587486267089844,1.164008855819702,1.158077597618103,1.1617100238800049,0
2026-03-23 20:00:00,1.1615750789642334,1.1626555919647217,1.161035656929016,1.161035656929016,0
2026-03-24 00:00:00,1.161035656929016,1.161035656929016,1.1583458185195925,1.1586142778396606,0
2026-03-24 04:00:00,1.1586142778396606,1.1618449687957764,1.1579434871673584,1.161170482635498,0
2026-03-24 08:00:00,1.161170482635498,1.161170482635498,1.1583458185195925,1.1592857837677002,0
2026-03-24 12:00:00,1.1594202518463137,1.1606314182281494,1.157273530960083,1.158077597618103,0
2026-03-24 16:00:00,1.158077597618103,1.1595547199249268,1.156336784362793,1.1590172052383425,0
2026-03-24 20:00:00,1.1588828563690186,1.163061261177063,1.1586142778396606,1.1617100238800049,0
2026-03-25 00:00:00,1.1618449687957764,1.1633317470550537,1.160496711730957,1.1606314182281494,0
2026-03-25 04:00:00,1.1606314182281494,1.1607661247253418,1.159151554107666,1.160092830657959,0
2026-03-25 08:00:00,1.15968918800354,1.1618449687957764,1.1595547199249268,1.1609008312225342,0
2026-03-25 12:00:00,1.161170482635498,1.1615750789642334,1.156738042831421,1.1574074029922483,0
2026-03-25 16:00:00,1.1574074029922483,1.1584800481796265,1.1559356451034546,1.1566041707992554,0
2026-03-25 20:00:00,1.1564704179763794,1.156738042831421,1.1559356451034546,1.1564704179763794,0
2026-03-26 00:00:00,1.1566041707992554,1.157273530960083,1.1558021306991575,1.157139539718628,0
2026-03-26 04:00:00,1.157139539718628,1.1575413942337036,1.1555349826812744,1.1556684970855713,0
2026-03-26 08:00:00,1.155401587486267,1.156738042831421,1.152737736701965,1.152737736701965,0
2026-03-26 12:00:00,1.1528706550598145,1.1558021306991575,1.152737736701965,1.1544678211212158,0
2026-03-26 16:00:00,1.1544678211212158,1.1546010971069336,1.1524720191955566,1.1524720191955566,0
2026-03-26 20:00:00,1.1524720191955566,1.1560693979263306,1.152339220046997,1.1536686420440674,0
2026-03-27 00:00:00,1.1538017988204956,1.1544678211212158,1.152737736701965,1.1542012691497805,0
2026-03-27 04:00:00,1.1542012691497805,1.1548677682876587,1.1520737409591677,1.1522064208984375,0
2026-03-27 08:00:00,1.1522064208984375,1.1530035734176636,1.1508804559707642,1.151145339012146,0
2026-03-27 12:00:00,1.151012897491455,1.155001163482666,1.150483250617981,1.1524720191955566,0
2026-03-27 16:00:00,1.152339220046997,1.1528706550598145,1.151012897491455,1.1520737409591677,0
2026-03-27 20:00:00,1.1519410610198977,1.1522064208984375,1.151012897491455,1.151012897491455,0
2026-03-30 00:00:00,1.1491611003875732,1.1518083810806274,1.1491611003875732,1.151410460472107,0
2026-03-30 04:00:00,1.151410460472107,1.1524720191955566,1.1512778997421265,1.151543140411377,0
2026-03-30 08:00:00,1.151543140411377,1.151543140411377,1.1488970518112185,1.1492931842803955,0
2026-03-30 12:00:00,1.1492931842803955,1.1499539613723757,1.1458691358566284,1.1467890739440918,0
2026-03-30 16:00:00,1.1467890739440918,1.1469204425811768,1.144819736480713,1.1465259790420532,0
2026-03-30 20:00:00,1.1463946104049685,1.1471836566925049,1.1458691358566284,1.1463946104049685,0
2026-03-31 00:00:00,1.1461317539215088,1.1492931842803955,1.145213007926941,1.1479737758636477,0
2026-03-31 04:00:00,1.1479737758636477,1.1479737758636477,1.1463946104049685,1.1475785970687866,0
2026-03-31 08:00:00,1.147446870803833,1.1478420495986938,1.1461317539215088,1.1462632417678833,0
2026-03-31 12:00:00,1.1462632417678833,1.1542012691497805,1.1461317539215088,1.1524720191955566,0
2026-03-31 16:00:00,1.1524720191955566,1.1560693979263306,1.151543140411377,1.155001163482666,0
2026-03-31 20:00:00,1.1547343730926514,1.1566041707992554,1.154334545135498,1.156203031539917,0
2026-04-01 00:00:00,1.156203031539917,1.1582117080688477,1.1559356451034546,1.157273530960083,0
2026-04-01 04:00:00,1.157139539718628,1.1595547199249268,1.156336784362793,1.1594202518463137,0
2026-04-01 08:00:00,1.1595547199249268,1.161440134048462,1.158077597618103,1.1603620052337646,0
2026-04-01 12:00:00,1.1602274179458618,1.163061261177063,1.159823656082153,1.1627906560897827,0
2026-04-01 16:00:00,1.1626555919647217,1.1629259586334229,1.1582117080688477,1.1584800481796265,0
2026-04-01 20:00:00,1.158077597618103,1.159823656082153,1.158077597618103,1.1594202518463137,0
2026-04-02 00:00:00,1.1595547199249268,1.1606314182281494,1.1547343730926514,1.1551345586776731,0
2026-04-02 04:00:00,1.1548677682876587,1.1552680730819702,1.1519410610198977,1.1539349555969238,0
2026-04-02 08:00:00,1.1538017988204956,1.1539349555969238,1.151543140411377,1.151543140411377,0
2026-04-02 12:00:00,1.1516757011413574,1.1558021306991575,1.1512778997421265,1.1555349826812744,0
2026-04-02 16:00:00,1.1556684970855713,1.1560693979263306,1.1536686420440674,1.1542012691497805,0
2026-04-02 20:00:00,1.154068112373352,1.1547343730926514,1.1536686420440674,1.154334545135498,0
2026-04-03 00:00:00,1.154334545135498,1.1547343730926514,1.1535356044769287,1.1539349555969238,0
2026-04-03 04:00:00,1.1539349555969238,1.154334545135498,1.1532695293426514,1.154334545135498,0
2026-04-03 08:00:00,1.154334545135498,1.1551345586776731,1.154334545135498,1.1548677682876587,0
2026-04-03 12:00:00,1.1548677682876587,1.155001163482666,1.1524720191955566,1.1524720191955566,0
2026-04-03 16:00:00,1.1524720191955566,1.1531364917755127,1.1516757011413574,1.1518083810806274,0
2026-04-03 20:00:00,1.1518083810806274,1.1532695293426514,1.1518083810806274,1.1522064208984375,0
2026-04-06 00:00:00,1.1518083810806274,1.1531364917755127,1.151012897491455,1.1524720191955566,0
2026-04-06 04:00:00,1.1524720191955566,1.1539349555969238,1.1520737409591677,1.1536686420440674,0
2026-04-06 08:00:00,1.1536686420440674,1.157139539718628,1.1528706550598145,1.1551345586776731,0
2026-04-06 12:00:00,1.1552680730819702,1.157273530960083,1.1544678211212158,1.1546010971069336,0
2026-04-06 16:00:00,1.1544678211212158,1.1555349826812744,1.1538017988204956,1.1548677682876587,0
2026-04-06 20:00:00,1.1547343730926514,1.1551345586776731,1.1542012691497805,1.1546010971069336,0
2026-04-07 00:00:00,1.1546010971069336,1.1547343730926514,1.1528706550598145,1.1532695293426514,0
2026-04-07 04:00:00,1.1532695293426514,1.1548677682876587,1.1532695293426514,1.1547343730926514,0
2026-04-07 08:00:00,1.1547343730926514,1.157809495925903,1.154068112373352,1.1556684970855713,0
2026-04-07 12:00:00,1.1556684970855713,1.1582117080688477,1.1552680730819702,1.1575413942337036,0
2026-04-07 16:00:00,1.1574074029922483,1.1586142778396606,1.1570056676864624,1.157809495925903,0
2026-04-07 20:00:00,1.157809495925903,1.1667250394821167,1.1576753854751587,1.1667250394821167,0
2026-04-08 00:00:00,1.1671334505081177,1.169864296913147,1.1667250394821167,1.1676785945892334,0
2026-04-08 04:00:00,1.1678149700164795,1.1710972785949707,1.1671334505081177,1.1700011491775513,0
2026-04-08 08:00:00,1.169864296913147,1.1702749729156494,1.1675423383712769,1.1694538593292236,0
2026-04-08 12:00:00,1.169180393218994,1.1724703311920166,1.1690436601638794,1.169864296913147,0
2026-04-08 16:00:00,1.169727444648743,1.1700011491775513,1.1655012369155884,1.1655012369155884,0
2026-04-08 20:00:00,1.164958119392395,1.1674060821533203,1.164958119392395,1.1665889024734497,0
2026-04-09 00:00:00,1.1664528846740725,1.166997313499451,1.1653653383255005,1.1668611764907837,0
2026-04-09 04:00:00,1.1668611764907837,1.1674060821533203,1.1657729148864746,1.1665889024734497,0
2026-04-09 08:00:00,1.1668611764907837,1.1682243347167969,1.16604483127594,1.1678149700164795,0
2026-04-09 12:00:00,1.1674060821533203,1.169864296913147,1.1674060821533203,1.168770432472229,0
2026-04-09 16:00:00,1.168770432472229,1.1726078987121582,1.1680878400802612,1.1704120635986328,0
2026-04-09 20:00:00,1.1702749729156494,1.1712344884872437,1.1695905923843384,1.169727444648743,0
2026-04-10 00:00:00,1.169727444648743,1.1700011491775513,1.1689070463180542,1.1694538593292236,0
2026-04-10 04:00:00,1.1694538593292236,1.1700011491775513,1.168770432472229,1.168770432472229,0
2026-04-10 08:00:00,1.1689070463180542,1.1719207763671875,1.1680878400802612,1.1716461181640625,0
2026-04-10 12:00:00,1.1716461181640625,1.174122333526611,1.1713716983795166,1.1731581687927246,0
2026-04-10 16:00:00,1.1731581687927246,1.174122333526611,1.1716461181640625,1.173433542251587,0
2026-04-10 20:00:00,1.173433542251587,1.1735711097717283,1.1727453470230105,1.1728830337524414,0
2026-04-13 00:00:00,1.1675423383712769,1.1693171262741089,1.1667250394821167,1.169180393218994,0
2026-04-13 04:00:00,1.169180393218994,1.169727444648743,1.1682243347167969,1.1689070463180542,0
2026-04-13 08:00:00,1.1690436601638794,1.1702749729156494,1.1686338186264038,1.1695905923843384,0
2026-04-13 12:00:00,1.169864296913147,1.172195553779602,1.1684973239898682,1.1715089082717896,0
2026-04-13 16:00:00,1.1713716983795166,1.1764705181121826,1.170548915863037,1.1764705181121826,0
2026-04-13 20:00:00,1.176885962486267,1.176885962486267,1.1757789850234983,1.1763322353363037,0
2026-04-14 00:00:00,1.1764705181121826,1.177024483680725,1.1760554313659668,1.1764705181121826,0
2026-04-14 04:00:00,1.1764705181121826,1.178133845329285,1.1761938333511353,1.178133845329285,0
2026-04-14 08:00:00,1.178133845329285,1.1802195310592651,1.1778563261032104,1.1800801753997805,0
2026-04-14 12:00:00,1.179940938949585,1.1813349723815918,1.179662585258484,1.1813349723815918,0
2026-04-14 16:00:00,1.1811953783035278,1.1811953783035278,1.1791062355041504,1.179662585258484,0
2026-04-14 20:00:00,1.179523468017578,1.1802195310592651,1.1791062355041504,1.1798018217086792,0
2026-04-15 00:00:00,1.179940938949585,1.18035888671875,1.178272724151611,1.1786893606185913,0
2026-04-15 04:00:00,1.1786893606185913,1.1802195310592651,1.1784114837646484,1.1789672374725342,0
2026-04-15 08:00:00,1.178828239440918,1.1798018217086792,1.1777175664901731,1.178133845329285,0
2026-04-15 12:00:00,1.177994966506958,1.18035888671875,1.1777175664901731,1.1800801753997805,0
2026-04-15 16:00:00,1.1800801753997805,1.1810559034347534,1.179662585258484,1.18035888671875,0
2026-04-15 20:00:00,1.18035888671875,1.1807769536972046,1.179940938949585,1.1806375980377195,0
2026-04-16 00:00:00,1.1806375980377195,1.1820330619812012,1.1800801753997805,1.1820330619812012,0
2026-04-16 04:00:00,1.1820330619812012,1.182732105255127,1.179662585258484,1.1806375980377195,0
2026-04-16 08:00:00,1.1807769536972046,1.1807769536972046,1.1777175664901731,1.178272724151611,0
2026-04-16 12:00:00,1.1784114837646484,1.1791062355041504,1.177163004875183,1.1775789260864258,0
2026-04-16 16:00:00,1.1775789260864258,1.1791062355041504,1.177163004875183,1.178272724151611,0
2026-04-16 20:00:00,1.1784114837646484,1.1791062355041504,1.1777175664901731,1.178828239440918,0
2026-04-17 00:00:00,1.178828239440918,1.1789672374725342,1.1777175664901731,1.178133845329285,0
2026-04-17 04:00:00,1.178133845329285,1.178828239440918,1.1777175664901731,1.1778563261032104,0
2026-04-17 08:00:00,1.177994966506958,1.1802195310592651,1.1778563261032104,1.1798018217086792,0
2026-04-17 12:00:00,1.1798018217086792,1.1852554082870483,1.179523468017578,1.1818934679031372,0
2026-04-17 16:00:00,1.1816140413284302,1.1817537546157837,1.177994966506958,1.178272724151611,0
2026-04-17 20:00:00,1.178272724151611,1.1786893606185913,1.1766090393066406,1.176747441291809,0
2026-04-20 00:00:00,1.1743981838226318,1.1764705181121826,1.1739845275878906,1.1760554313659668,0
2026-04-20 04:00:00,1.1760554313659668,1.1764705181121826,1.1750881671905518,1.1755025386810305,0
2026-04-20 08:00:00,1.1763322353363037,1.177440166473389,1.1763322353363037,1.177440166473389,0
2026-04-20 12:00:00,1.177440166473389,1.178550362586975,1.1760554313659668,1.1775789260864258,0
2026-04-20 16:00:00,1.1777175664901731,1.1792453527450562,1.1773016452789309,1.1784114837646484,0
2026-04-20 20:00:00,1.178550362586975,1.1793843507766724,1.178550362586975,1.1792453527450562,0
2026-04-21 00:00:00,1.1793843507766724,1.1793843507766724,1.178133845329285,1.178272724151611,0
2026-04-21 04:00:00,1.178272724151611,1.178550362586975,1.1775789260864258,1.1778563261032104,0
2026-04-21 08:00:00,1.1778563261032104,1.177994966506958,1.1760554313659668,1.1764705181121826,0
2026-04-21 12:00:00,1.1764705181121826,1.1778563261032104,1.1756407022476196,1.1756407022476196,0
2026-04-21 16:00:00,1.1755025386810305,1.1761938333511353,1.1724703311920166,1.1743981838226318,0
2026-04-21 20:00:00,1.1745359897613523,1.1759172677993774,1.1724703311920166,1.1742602586746216,0
2026-04-22 00:00:00,1.1742602586746216,1.1755025386810305,1.174122333526611,1.1743981838226318,0
2026-04-22 04:00:00,1.1743981838226318,1.1764705181121826,1.174122333526611,1.1752262115478516,0
2026-04-22 08:00:00,1.1755025386810305,1.1761938333511353,1.1749500036239624,1.1755025386810305,0
2026-04-22 12:00:00,1.175364375114441,1.175364375114441,1.172195553779602,1.172195553779602,0
2026-04-22 16:00:00,1.172195553779602,1.1726078987121582,1.1710972785949707,1.1712344884872437,0
2026-04-22 20:00:00,1.1712344884872437,1.1715089082717896,1.1706860065460205,1.1709601879119873,0
2026-04-23 00:00:00,1.1709601879119873,1.1716461181640625,1.1695905923843384,1.1701380014419556,0
2026-04-23 04:00:00,1.1700011491775513,1.1712344884872437,1.169864296913147,1.1706860065460205,0
2026-04-23 08:00:00,1.1706860065460205,1.1713716983795166,1.1683608293533323,1.1686338186264038,0
2026-04-23 12:00:00,1.1684973239898682,1.1719207763671875,1.1682243347167969,1.1713716983795166,0
2026-04-23 16:00:00,1.1715089082717896,1.171783447265625,1.1674060821533203,1.169180393218994,0
2026-04-23 20:00:00,1.1693171262741089,1.169727444648743,1.1682243347167969,1.1689070463180542,0
2026-04-24 00:00:00,1.1689070463180542,1.169180393218994,1.1682243347167969,1.1682243347167969,0
2026-04-24 04:00:00,1.1683608293533323,1.1686338186264038,1.1676785945892334,1.1680878400802612,0
2026-04-24 08:00:00,1.1680878400802612,1.1706860065460205,1.1679514646530151,1.1706860065460205,0
2026-04-24 12:00:00,1.1706860065460205,1.172195553779602,1.1702749729156494,1.1709601879119873,0
2026-04-24 16:00:00,1.1709601879119873,1.1724703311920166,1.1706860065460205,1.17205810546875,0
2026-04-24 20:00:00,1.172195553779602,1.1727453470230105,1.1719207763671875,1.1726078987121582,0
2026-04-27 00:00:00,1.1710972785949707,1.1731581687927246,1.1709601879119873,1.1730204820632937,0
2026-04-27 04:00:00,1.1730204820632937,1.1735711097717283,1.17205810546875,1.1732958555221558,0
2026-04-27 08:00:00,1.1732958555221558,1.175364375114441,1.1732958555221558,1.1749500036239624,0
2026-04-27 12:00:00,1.1749500036239624,1.1757789850234983,1.1739845275878906,1.1739845275878906,0
2026-04-27 16:00:00,1.1739845275878906,1.1739845275878906,1.172195553779602,1.172333002090454,0
2026-04-27 20:00:00,1.172333002090454,1.1728830337524414,1.172195553779602,1.1726078987121582,0
2026-04-28 00:00:00,1.1726078987121582,1.1730204820632937,1.1712344884872437,1.1712344884872437,0
2026-04-28 04:00:00,1.1710972785949707,1.17205810546875,1.169180393218994,1.169180393218994,0
2026-04-28 08:00:00,1.1690436601638794,1.1710972785949707,1.1690436601638794,1.1695905923843384,0
2026-04-28 12:00:00,1.169727444648743,1.1706860065460205,1.1682243347167969,1.1701380014419556,0
2026-04-28 16:00:00,1.170548915863037,1.17205810546875,1.170548915863037,1.1715089082717896,0
2026-04-28 20:00:00,1.1715089082717896,1.172195553779602,1.1710972785949707,1.1719207763671875,0
2026-04-29 00:00:00,1.1719207763671875,1.1724703311920166,1.1710972785949707,1.1710972785949707,0
2026-04-29 04:00:00,1.1712344884872437,1.1715089082717896,1.1701380014419556,1.1704120635986328,0
2026-04-29 08:00:00,1.1702749729156494,1.1710972785949707,1.169864296913147,1.1710972785949707,0
2026-04-29 12:00:00,1.1710972785949707,1.1712344884872437,1.168770432472229,1.170548915863037,0
2026-04-29 16:00:00,1.1704120635986328,1.170823097229004,1.1667250394821167,1.1676785945892334,0
2026-04-29 20:00:00,1.1678149700164795,1.1684973239898682,1.1671334505081177,1.1680878400802612,0
2026-04-30 00:00:00,1.1682243347167969,1.1693171262741089,1.1665889024734497,1.166997313499451,0
2026-04-30 04:00:00,1.1671334505081177,1.1674060821533203,1.1659088134765625,1.1672697067260742,0
2026-04-30 08:00:00,1.1674060821533203,1.1716461181640625,1.1674060821533203,1.1716461181640625,0
2026-04-30 12:00:00,1.17205810546875,1.1737089157104492,1.168770432472229,1.173433542251587,0
2026-04-30 16:00:00,1.1731581687927246,1.1743981838226318,1.1727453470230105,1.1739845275878906,0
2026-04-30 20:00:00,1.1742602586746216,1.1743981838226318,1.1732958555221558,1.173433542251587,0
2026-05-01 00:00:00,1.1735711097717283,1.17384672164917,1.1728830337524414,1.1737089157104492,0
2026-05-01 04:00:00,1.17384672164917,1.174812078475952,1.172333002090454,1.174122333526611,0
2026-05-01 08:00:00,1.17384672164917,1.1750881671905518,1.1735711097717283,1.174812078475952,0
2026-05-01 12:00:00,1.1749500036239624,1.178828239440918,1.174812078475952,1.177163004875183,0
2026-05-01 16:00:00,1.177024483680725,1.177440166473389,1.1724703311920166,1.1732958555221558,0
2026-05-01 20:00:00,1.1731581687927246,1.1731581687927246,1.17205810546875,1.172333002090454,0
2026-05-04 04:00:00,1.1732958555221558,1.1739845275878906,1.1727453470230105,1.1732958555221558,0
2026-05-04 08:00:00,1.1731581687927246,1.1731581687927246,1.1693171262741089,1.170823097229004,0
2026-05-04 12:00:00,1.1709601879119873,1.17205810546875,1.1695905923843384,1.1712344884872437,0
2026-05-04 16:00:00,1.1709601879119873,1.171783447265625,1.1684973239898682,1.1695905923843384,0
2026-05-04 20:00:00,1.1700011491775513,1.170548915863037,1.1690436601638794,1.1693171262741089,0
2026-05-05 00:00:00,1.1693171262741089,1.169727444648743,1.1683608293533323,1.1690436601638794,0
2026-05-05 04:00:00,1.169180393218994,1.169180393218994,1.1679514646530151,1.1689070463180542,0
2026-05-05 08:00:00,1.1689070463180542,1.169864296913147,1.1686338186264038,1.1693171262741089,0
2026-05-05 12:00:00,1.1693171262741089,1.170823097229004,1.168770432472229,1.170823097229004,0
2026-05-05 16:00:00,1.1709601879119873,1.1716461181640625,1.1700011491775513,1.1704120635986328,0
2026-05-05 20:00:00,1.1704120635986328,1.1712344884872437,1.1689070463180542,1.170823097229004,0
2026-05-06 00:00:00,1.1709601879119873,1.1728830337524414,1.1709601879119873,1.17205810546875,0
2026-05-06 04:00:00,1.17205810546875,1.1746740341186523,1.1719207763671875,1.1737089157104492,0
2026-05-06 08:00:00,1.1737089157104492,1.179940938949585,1.1728830337524414,1.1793843507766724,0
2026-05-06 12:00:00,1.1792453527450562,1.179523468017578,1.1749500036239624,1.1759172677993774,0
2026-05-06 16:00:00,1.1757789850234983,1.1760554313659668,1.1746740341186523,1.1752262115478516,0
2026-05-06 20:00:00,1.175364375114441,1.1759172677993774,1.174812078475952,1.175364375114441,0
2026-05-07 00:00:00,1.175364375114441,1.1766090393066406,1.1749500036239624,1.1760554313659668,0
2026-05-07 04:00:00,1.1759172677993774,1.1759172677993774,1.1749500036239624,1.1750881671905518,0
2026-05-07 08:00:00,1.1752262115478516,1.178133845329285,1.1752262115478516,1.177163004875183,0
2026-05-07 12:00:00,1.177024483680725,1.178133845329285,1.1766090393066406,1.177994966506958,0
2026-05-07 16:00:00,1.177994966506958,1.178133845329285,1.174122333526611,1.1752262115478516,0
2026-05-07 20:00:00,1.175364375114441,1.1756407022476196,1.1727453470230105,1.1728830337524414,0
2026-05-08 00:00:00,1.1728830337524414,1.17384672164917,1.1728830337524414,1.1731581687927246,0
2026-05-08 04:00:00,1.1731581687927246,1.1750881671905518,1.1730204820632937,1.174812078475952,0
2026-05-08 08:00:00,1.1749500036239624,1.1777175664901731,1.1745359897613523,1.176747441291809,0
2026-05-08 12:00:00,1.176747441291809,1.1789672374725342,1.1763322353363037,1.1777175664901731,0
2026-05-08 16:00:00,1.1777175664901731,1.178550362586975,1.177024483680725,1.178272724151611,0
2026-05-08 20:00:00,1.178272724151611,1.1791062355041504,1.178133845329285,1.1789672374725342,0
2026-05-11 00:00:00,1.176747441291809,1.1775789260864258,1.1763322353363037,1.1763322353363037,0
2026-05-11 04:00:00,1.1761938333511353,1.177163004875183,1.1752262115478516,1.177163004875183,0
2026-05-11 08:00:00,1.177163004875183,1.178550362586975,1.176885962486267,1.1773016452789309,0
2026-05-11 12:00:00,1.1773016452789309,1.1791062355041504,1.176885962486267,1.178272724151611,0
2026-05-11 16:00:00,1.178272724151611,1.178828239440918,1.1775789260864258,1.1778563261032104,0
2026-05-11 20:00:00,1.1778563261032104,1.1791062355041504,1.1778563261032104,1.178828239440918,0
2026-05-12 00:00:00,1.178828239440918,1.178828239440918,1.1761938333511353,1.1766090393066406,0
2026-05-12 04:00:00,1.1766090393066406,1.176747441291809,1.1755025386810305,1.1755025386810305,0
2026-05-12 08:00:00,1.175364375114441,1.1756407022476196,1.1743981838226318,1.1745359897613523,0
2026-05-12 12:00:00,1.1743981838226318,1.175364375114441,1.1731581687927246,1.17384672164917,0
2026-05-12 16:00:00,1.1739845275878906,1.1743981838226318,1.1727453470230105,1.1743981838226318,0
2026-05-12 20:00:00,1.1745359897613523,1.1749500036239624,1.17384672164917,1.1742602586746216,0
2026-05-13 00:00:00,1.1742602586746216,1.1745359897613523,1.1735711097717283,1.1739845275878906,0
2026-05-13 04:00:00,1.174122333526611,1.174122333526611,1.172195553779602,1.172195553779602,0
2026-05-13 08:00:00,1.172333002090454,1.1726078987121582,1.1700011491775513,1.1715089082717896,0
2026-05-13 12:00:00,1.1716461181640625,1.17205810546875,1.1701380014419556,1.1712344884872437,0
2026-05-13 16:00:00,1.1712344884872437,1.17205810546875,1.170823097229004,1.1712344884872437,0
2026-05-13 20:00:00,1.1712344884872437,1.172195553779602,1.1712344884872437,1.17205810546875,0
2026-05-14 00:00:00,1.172195553779602,1.172195553779602,1.1715089082717896,1.1716461181640625,0
2026-05-14 04:00:00,1.1716461181640625,1.1724703311920166,1.1710972785949707,1.172195553779602,0
2026-05-14 08:00:00,1.172195553779602,1.172195553779602,1.170823097229004,1.1712344884872437,0
2026-05-14 12:00:00,1.1710972785949707,1.1710972785949707,1.1683608293533323,1.1683608293533323,0
2026-05-14 16:00:00,1.1680878400802612,1.1684973239898682,1.1675423383712769,1.1680878400802612,0
2026-05-14 20:00:00,1.1680878400802612,1.1682243347167969,1.166997313499451,1.1672697067260742,0
2026-05-15 00:00:00,1.1672697067260742,1.1672697067260742,1.164958119392395,1.1656370162963867,0
2026-05-15 04:00:00,1.1656370162963867,1.1657729148864746,1.1637378931045532,1.163873314857483,0
2026-05-15 08:00:00,1.163602590560913,1.1657729148864746,1.1621150970458984,1.1653653383255005,0
2026-05-15 12:00:00,1.165229558944702,1.165229558944702,1.16225004196167,1.1633317470550537,0
2026-05-15 16:00:00,1.1633317470550537,1.163873314857483,1.1621150970458984,1.162520408630371,0
2026-05-15 20:00:00,1.162520408630371,1.163061261177063,1.16225004196167,1.163061261177063,0
2026-05-18 00:00:00,1.1626555919647217,1.1626555919647217,1.161170482635498,1.1618449687957764,0
2026-05-18 04:00:00,1.1619800329208374,1.164008855819702,1.1619800329208374,1.163873314857483,0
2026-05-18 08:00:00,1.163873314857483,1.164822340011597,1.163061261177063,1.163061261177063,0
2026-05-18 12:00:00,1.163061261177063,1.16604483127594,1.163061261177063,1.164686679840088,0
2026-05-18 16:00:00,1.1645511388778689,1.1659088134765625,1.1634671688079834,1.1634671688079834,0
2026-05-18 20:00:00,1.1633317470550537,1.1664528846740725,1.1633317470550537,1.1661807298660278,0
2026-05-19 00:00:00,1.1661807298660278,1.1661807298660278,1.1645511388778689,1.164686679840088,0
2026-05-19 04:00:00,1.164686679840088,1.164958119392395,1.1637378931045532,1.164008855819702,0
2026-05-19 08:00:00,1.164008855819702,1.164008855819702,1.161440134048462,1.162520408630371,0
2026-05-19 12:00:00,1.162520408630371,1.1627906560897827,1.1599582433700562,1.1599582433700562,0
2026-05-19 16:00:00,1.1599582433700562,1.1617100238800049,1.15968918800354,1.1607661247253418,0
2026-05-19 20:00:00,1.1607661247253418,1.161440134048462,1.1602274179458618,1.161170482635498,0
2026-05-20 00:00:00,1.161170482635498,1.1615750789642334,1.15968918800354,1.1602274179458618,0
2026-05-20 04:00:00,1.1599582433700562,1.1609008312225342,1.1595547199249268,1.160092830657959,0
2026-05-20 08:00:00,1.1599582433700562,1.1606314182281494,1.1587486267089844,1.160496711730957,0
2026-05-20 12:00:00,1.1603620052337646,1.1626555919647217,1.1586142778396606,1.16225004196167,0
2026-05-20 16:00:00,1.16225004196167,1.164686679840088,1.1617100238800049,1.163602590560913,0
2026-05-20 20:00:00,1.1634671688079834,1.1637378931045532,1.162520408630371,1.1629259586334229,0
2026-05-21 00:00:00,1.1629259586334229,1.163873314857483,1.1621150970458984,1.1621150970458984,0
2026-05-21 04:00:00,1.1621150970458984,1.1629259586334229,1.1619800329208374,1.1623852252960205,0
2026-05-21 08:00:00,1.1623852252960205,1.1637378931045532,1.1599582433700562,1.161170482635498,0
2026-05-21 12:00:00,1.161035656929016,1.1618449687957764,1.1582117080688477,1.159823656082153,0
2026-05-21 16:00:00,1.15968918800354,1.1633317470550537,1.1586142778396606,1.1615750789642334,0
2026-05-21 20:00:00,1.1615750789642334,1.1627906560897827,1.161440134048462,1.1621150970458984,0
2026-05-22 00:00:00,1.16225004196167,1.16225004196167,1.161440134048462,1.1615750789642334,0
2026-05-22 04:00:00,1.1617100238800049,1.1621150970458984,1.1609008312225342,1.161440134048462,0
2026-05-22 08:00:00,1.161035656929016,1.1617100238800049,1.1599582433700562,1.160092830657959,0
2026-05-22 12:00:00,1.160092830657959,1.1621150970458984,1.1592857837677002,1.1602274179458618,0
2026-05-22 16:00:00,1.160092830657959,1.16225004196167,1.160092830657959,1.1615750789642334,0
2026-05-22 20:00:00,1.1615750789642334,1.1617100238800049,1.1603620052337646,1.160496711730957,0
2026-05-25 00:00:00,1.164686679840088,1.1650937795639038,1.163873314857483,1.1641442775726318,0
2026-05-25 04:00:00,1.1642799377441406,1.164822340011597,1.163873314857483,1.16441547870636,0
2026-05-25 08:00:00,1.16441547870636,1.164822340011597,1.1634671688079834,1.164686679840088,0
2026-05-25 12:00:00,1.1645511388778689,1.1655012369155884,1.1641442775726318,1.1645511388778689,0
2026-05-25 16:00:00,1.1645511388778689,1.1650937795639038,1.164008855819702,1.164686679840088,0
2026-05-25 20:00:00,1.164686679840088,1.1650937795639038,1.164008855819702,1.16441547870636,0
2026-05-26 00:00:00,1.16441547870636,1.164686679840088,1.1633317470550537,1.1637378931045532,0
2026-05-26 04:00:00,1.1637378931045532,1.164008855819702,1.163061261177063,1.1637378931045532,0
2026-05-26 08:00:00,1.163873314857483,1.164686679840088,1.163061261177063,1.1645511388778689,0
2026-05-26 12:00:00,1.1645511388778689,1.164822340011597,1.16225004196167,1.1627906560897827,0
2026-05-26 16:00:00,1.1627906560897827,1.1633317470550537,1.1621150970458984,1.1633317470550537,0
2026-05-26 20:00:00,1.163061261177063,1.164008855819702,1.163061261177063,1.1637378931045532,0
2026-05-27 00:00:00,1.1637378931045532,1.164686679840088,1.163602590560913,1.1641442775726318,0
2026-05-27 04:00:00,1.1641442775726318,1.1655012369155884,1.164008855819702,1.164958119392395,0
2026-05-27 08:00:00,1.1650937795639038,1.1655012369155884,1.164008855819702,1.1642799377441406,0
2026-05-27 12:00:00,1.1642799377441406,1.1664528846740725,1.163061261177063,1.163061261177063,0
2026-05-27 16:00:00,1.1626555919647217,1.1642799377441406,1.162520408630371,1.1633317470550537,0
2026-05-27 20:00:00,1.1633317470550537,1.164008855819702,1.1629259586334229,1.1629259586334229,0
2026-05-28 00:00:00,1.1629259586334229,1.1633317470550537,1.16130530834198,1.1615750789642334,0
2026-05-28 04:00:00,1.1615750789642334,1.1617100238800049,1.1590172052383425,1.161440134048462,0
2026-05-28 08:00:00,1.1615750789642334,1.16225004196167,1.1607661247253418,1.1607661247253418,0
2026-05-28 12:00:00,1.1607661247253418,1.16604483127594,1.1607661247253418,1.164958119392395,0
2026-05-28 16:00:00,1.1653653383255005,1.1663167476654053,1.164958119392395,1.1650937795639038,0
2026-05-28 20:00:00,1.1650937795639038,1.1656370162963867,1.164822340011597,1.1653653383255005,0
2026-05-29 00:00:00,1.1653653383255005,1.16604483127594,1.164686679840088,1.164822340011597,0
2026-05-29 04:00:00,1.164822340011597,1.1657729148864746,1.163873314857483,1.1657729148864746,0
2026-05-29 08:00:00,1.1655012369155884,1.1656370162963867,1.1629259586334229,1.164686679840088,0
2026-05-29 12:00:00,1.1645511388778689,1.1676785945892334,1.16441547870636,1.1675423383712769,0
2026-05-29 16:00:00,1.1671334505081177,1.168770432472229,1.1665889024734497,1.1668611764907837,0
2026-05-29 20:00:00,1.1668611764907837,1.1672697067260742,1.1659088134765625,1.1659088134765625,0
2026-06-01 00:00:00,1.1657729148864746,1.1659088134765625,1.1645511388778689,1.164958119392395,0
2026-06-01 04:00:00,1.164958119392395,1.1668611764907837,1.1645511388778689,1.1668611764907837,0
2026-06-01 08:00:00,1.1665889024734497,1.1665889024734497,1.164958119392395,1.1650937795639038,0
2026-06-01 12:00:00,1.1650937795639038,1.1653653383255005,1.161035656929016,1.1619800329208374,0
2026-06-01 16:00:00,1.1621150970458984,1.164008855819702,1.1618449687957764,1.1634671688079834,0
2026-06-01 20:00:00,1.1634671688079834,1.16441547870636,1.163061261177063,1.1637378931045532,0
2026-06-02 00:00:00,1.163873314857483,1.1641442775726318,1.1631964445114136,1.1634671688079834,0
2026-06-02 04:00:00,1.1634671688079834,1.1655012369155884,1.1634671688079834,1.1653653383255005,0
2026-06-02 08:00:00,1.165229558944702,1.1655012369155884,1.1642799377441406,1.164686679840088,0
2026-06-02 12:00:00,1.164686679840088,1.1659088134765625,1.164008855819702,1.164686679840088,0
2026-06-02 16:00:00,1.164686679840088,1.164822340011597,1.1617100238800049,1.1631964445114136,0
2026-06-02 20:00:00,1.1633317470550537,1.1637378931045532,1.163061261177063,1.163061261177063,0
2026-06-03 00:00:00,1.163061261177063,1.163602590560913,1.16225004196167,1.1631964445114136,0
2026-06-03 04:00:00,1.163061261177063,1.1633317470550537,1.1617100238800049,1.1619800329208374,0
2026-06-03 08:00:00,1.1618449687957764,1.162520408630371,1.1609008312225342,1.1619800329208374,0
2026-06-03 12:00:00,1.1619800329208374,1.162520408630371,1.159823656082153,1.1615750789642334,0
2026-06-03 16:00:00,1.161440134048462,1.161440134048462,1.159823656082153,1.1602274179458618,0
2026-06-03 20:00:00,1.1602274179458618,1.161035656929016,1.159823656082153,1.1607661247253418,0
2026-06-04 00:00:00,1.1609008312225342,1.1615750789642334,1.160496711730957,1.16130530834198,0
2026-06-04 04:00:00,1.161170482635498,1.1618449687957764,1.1606314182281494,1.161440134048462,0
2026-06-04 08:00:00,1.161440134048462,1.1637378931045532,1.1602274179458618,1.1634671688079834,0
2026-06-04 12:00:00,1.163602590560913,1.164822340011597,1.1633317470550537,1.1634671688079834,0
2026-06-04 16:00:00,1.1634671688079834,1.1634671688079834,1.1617100238800049,1.1618449687957764,0
2026-06-04 20:00:00,1.1618449687957764,1.1621150970458984,1.161170482635498,1.1615750789642334,0
2026-06-05 00:00:00,1.1615750789642334,1.1619800329208374,1.16130530834198,1.1618449687957764,0
2026-06-05 04:00:00,1.1617100238800049,1.1626555919647217,1.1617100238800049,1.162520408630371,0
2026-06-05 08:00:00,1.1626555919647217,1.164686679840088,1.1626555919647217,1.16441547870636,0
2026-06-05 12:00:00,1.16441547870636,1.1645511388778689,1.155401587486267,1.156203031539917,0
2026-06-05 16:00:00,1.156203031539917,1.156203031539917,1.152339220046997,1.1526048183441162,0
2026-06-05 20:00:00,1.1526048183441162,1.1530035734176636,1.1522064208984375,1.152737736701965,0
2026-06-08 00:00:00,1.1518083810806274,1.1538017988204956,1.151543140411377,1.1532695293426514,0
2026-06-08 04:00:00,1.1532695293426514,1.154334545135498,1.1516757011413574,1.1519410610198977,0
2026-06-08 08:00:00,1.1519410610198977,1.1531364917755127,1.15035080909729,1.1528706550598145,0
2026-06-08 12:00:00,1.152737736701965,1.1558021306991575,1.152737736701965,1.1544678211212158,0
2026-06-08 16:00:00,1.1547343730926514,1.155001163482666,1.1532695293426514,1.1532695293426514,0
2026-06-08 20:00:00,1.1531364917755127,1.154334545135498,1.1531364917755127,1.1536686420440674,0
2026-06-09 00:00:00,1.1536686420440674,1.154334545135498,1.1531364917755127,1.154068112373352,0
2026-06-09 04:00:00,1.154068112373352,1.1555349826812744,1.1538017988204956,1.1547343730926514,0
2026-06-09 08:00:00,1.1548677682876587,1.157273530960083,1.154068112373352,1.1568717956542969,0
2026-06-09 12:00:00,1.1568717956542969,1.158077597618103,1.156336784362793,1.1566041707992554,0
2026-06-09 16:00:00,1.1566041707992554,1.1570056676864624,1.1532695293426514,1.1552680730819702,0
2026-06-09 20:00:00,1.1552680730819702,1.1552680730819702,1.1539349555969238,1.154068112373352,0
2026-06-10 00:00:00,1.1539349555969238,1.1547343730926514,1.1536686420440674,1.1546010971069336,0
2026-06-10 04:00:00,1.1546010971069336,1.1560693979263306,1.1546010971069336,1.155401587486267,0
2026-06-10 08:00:00,1.1551345586776731,1.156203031539917,1.1551345586776731,1.1555349826812744,0
2026-06-10 12:00:00,1.1555349826812744,1.1575413942337036,1.1539349555969238,1.1555349826812744,0
2026-06-10 16:00:00,1.1555349826812744,1.156203031539917,1.1547343730926514,1.1552680730819702,0
2026-06-10 20:00:00,1.1551345586776731,1.1551345586776731,1.1531364917755127,1.1535356044769287,0
2026-06-11 00:00:00,1.1532695293426514,1.1559356451034546,1.1530035734176636,1.1551345586776731,0
2026-06-11 04:00:00,1.1551345586776731,1.155401587486267,1.1544678211212158,1.1544678211212158,0
2026-06-11 08:00:00,1.1546010971069336,1.1558021306991575,1.152737736701965,1.15340256690979,0
2026-06-11 12:00:00,1.1535356044769287,1.1544678211212158,1.1519410610198977,1.1520737409591677,0
2026-06-11 16:00:00,1.152339220046997,1.1568717956542969,1.1506155729293823,1.1564704179763794,0
2026-06-11 20:00:00,1.1564704179763794,1.1588828563690186,1.1564704179763794,1.1586142778396606,0
2026-06-12 00:00:00,1.1587486267089844,1.1588828563690186,1.1564704179763794,1.1570056676864624,0
2026-06-12 04:00:00,1.1570056676864624,1.157809495925903,1.156203031539917,1.1576753854751587,0
2026-06-12 08:00:00,1.1575413942337036,1.1592857837677002,1.1560693979263306,1.1576753854751587,0
2026-06-12 12:00:00,1.157809495925903,1.1583458185195925,1.1564704179763794,1.1579434871673584,0
2026-06-12 16:00:00,1.1575413942337036,1.1586142778396606,1.157273530960083,1.1579434871673584,0
2026-06-12 20:00:00,1.1576753854751587,1.158077597618103,1.1570056676864624,1.157273530960083,0
2026-06-15 00:00:00,1.161170482635498,1.161440134048462,1.159823656082153,1.1602274179458618,0
2026-06-15 04:00:00,1.1603620052337646,1.1623852252960205,1.1602274179458618,1.1609008312225342,0
2026-06-15 08:00:00,1.1607661247253418,1.1617100238800049,1.160092830657959,1.16130530834198,0
2026-06-15 12:00:00,1.1615750789642334,1.1623852252960205,1.1607661247253418,1.16130530834198,0
2026-06-15 16:00:00,1.1609008312225342,1.161035656929016,1.159823656082153,1.159823656082153,0
2026-06-15 20:00:00,1.1599582433700562,1.1603620052337646,1.1587486267089844,1.159151554107666,0
2026-06-16 00:00:00,1.159151554107666,1.159823656082153,1.1586142778396606,1.159151554107666,0
2026-06-16 04:00:00,1.1590172052383425,1.159151554107666,1.157809495925903,1.1590172052383425,0
2026-06-16 08:00:00,1.1588828563690186,1.1615750789642334,1.1588828563690186,1.1615750789642334,0
2026-06-16 12:00:00,1.161440134048462,1.161440134048462,1.159151554107666,1.161035656929016,0
2026-06-16 16:00:00,1.161035656929016,1.16225004196167,1.1603620052337646,1.161440134048462,0
2026-06-16 20:00:00,1.1615750789642334,1.1618449687957764,1.161035656929016,1.1615750789642334,0
2026-06-17 00:00:00,1.1615750789642334,1.1619800329208374,1.16130530834198,1.16130530834198,0
2026-06-17 04:00:00,1.16130530834198,1.1618449687957764,1.1607661247253418,1.161170482635498,0
2026-06-17 08:00:00,1.161170482635498,1.1618449687957764,1.1599582433700562,1.160092830657959,0
2026-06-17 12:00:00,1.1599582433700562,1.1606314182281494,1.1587486267089844,1.1592857837677002,0
2026-06-17 16:00:00,1.159151554107666,1.1599582433700562,1.154068112373352,1.1542012691497805,0
2026-06-17 20:00:00,1.154334545135498,1.154334545135498,1.1482374668121338,1.1508804559707642,0
2026-06-18 00:00:00,1.1507480144500732,1.1526048183441162,1.1507480144500732,1.1522064208984375,0
2026-06-18 04:00:00,1.1522064208984375,1.1531364917755127,1.151410460472107,1.152339220046997,0
2026-06-18 08:00:00,1.1522064208984375,1.152339220046997,1.1462632417678833,1.1463946104049685,0
2026-06-18 12:00:00,1.1465259790420532,1.1490291357040403,1.145737886428833,1.1488970518112185,0
2026-06-18 16:00:00,1.1490291357040403,1.1490291357040403,1.1462632417678833,1.1463946104049685,0
2026-06-18 20:00:00,1.1462632417678833,1.1471836566925049,1.1454753875732422,1.1466574668884275,0
2026-06-19 00:00:00,1.1465259790420532,1.1467890739440918,1.1454753875732422,1.145737886428833,0
2026-06-19 04:00:00,1.145737886428833,1.145737886428833,1.1422044038772583,1.1445575952529907,0
2026-06-19 08:00:00,1.144688606262207,1.1469204425811768,1.1445575952529907,1.1467890739440918,0
2026-06-19 12:00:00,1.1466574668884275,1.1477103233337402,1.1461317539215088,1.1470520496368408,0
2026-06-19 16:00:00,1.147315263748169,1.14850115776062,1.1465259790420532,1.1479737758636477,0
2026-06-19 20:00:00,1.1479737758636477,1.14850115776062,1.1469204425811768,1.1469204425811768,0
2026-06-22 00:00:00,1.1466574668884275,1.1475785970687866,1.1461317539215088,1.1469204425811768,0
2026-06-22 04:00:00,1.1469204425811768,1.1470520496368408,1.1456066370010376,1.1462632417678833,0
2026-06-22 08:00:00,1.1463946104049685,1.1466574668884275,1.1445575952529907,1.1458691358566284,0
2026-06-22 12:00:00,1.145737886428833,1.1465259790420532,1.1428571939468384,1.144819736480713,0
2026-06-22 16:00:00,1.1449507474899292,1.1453442573547363,1.1425960063934326,1.1425960063934326,0
2026-06-22 20:00:00,1.1428571939468384,1.1437721252441406,1.1420739889144895,1.143118381500244,0
2026-06-23 00:00:00,1.143118381500244,1.1436413526535034,1.1425960063934326,1.142987847328186,0
2026-06-23 04:00:00,1.142987847328186,1.143379807472229,1.1423349380493164,1.1427265405654907,0
2026-06-23 08:00:00,1.1427265405654907,1.144164800643921,1.1399909257888794,1.140380859375,0
2026-06-23 12:00:00,1.1405109167099,1.1405109167099,1.138044834136963,1.1385631561279297,0
2026-06-23 16:00:00,1.1385631561279297,1.1388224363327026,1.1379153728485107,1.1381744146347046,0
2026-06-23 20:00:00,1.1381744146347046,1.138952136039734,1.1381744146347046,1.1384334564208984,0
2026-06-24 00:00:00,1.1384334564208984,1.1386927366256714,1.1371389627456665,1.1371389627456665,0
2026-06-24 04:00:00,1.1371389627456665,1.1377859115600586,1.1362345218658447,1.1362345218658447,0
2026-06-24 08:00:00,1.1362345218658447,1.1363636255264282,1.1341726779937744,1.134429931640625,0
2026-06-24 12:00:00,1.134429931640625,1.1354604959487915,1.1328877210617063,1.134429931640625,0
2026-06-24 16:00:00,1.134429931640625,1.1370097398757937,1.134429931640625,1.1357183456420898,0
2026-06-24 20:00:00,1.1359764337539673,1.1364928483963013,1.1353315114974976,1.1358473300933838,0
2026-06-25 00:00:00,1.1358473300933838,1.1370097398757937,1.1352026462554932,1.1366219520568848,0
2026-06-25 04:00:00,1.1367511749267578,1.1373976469039917,1.135589361190796,1.1357183456420898,0
2026-06-25 08:00:00,1.1357183456420898,1.1375269889831543,1.134687423706055,1.1348161697387695,0
2026-06-25 12:00:00,1.1348161697387695,1.1384334564208984,1.1336582899093628,1.1377859115600586,0
2026-06-25 16:00:00,1.1379153728485107,1.1390818357467651,1.1373976469039917,1.1377859115600586,0
2026-06-25 20:00:00,1.1377859115600586,1.1381744146347046,1.1366219520568848,1.137268304824829,0
2026-06-26 00:00:00,1.137268304824829,1.137268304824829,1.1357183456420898,1.1362345218658447,0
2026-06-26 04:00:00,1.1362345218658447,1.1384334564208984,1.1362345218658447,1.1379153728485107,0
2026-06-26 08:00:00,1.1377859115600586,1.1415525674819946,1.1376564502716064,1.1407711505889893,0
2026-06-26 12:00:00,1.1409013271331787,1.143379807472229,1.1398608684539795,1.1398608684539795,0
2026-06-26 16:00:00,1.1396011114120483,1.1411616802215576,1.1386927366256714,1.1390818357467651,0
2026-06-26 20:00:00,1.138952136039734,1.1394712924957275,1.1384334564208984,1.138952136039734,0
2026-06-29 00:00:00,1.138952136039734,1.1396011114120483,1.1385631561279297,1.139211654663086,0
2026-06-29 04:00:00,1.1390818357467651,1.1418131589889526,1.1384334564208984,1.1418131589889526,0
2026-06-29 08:00:00,1.1415525674819946,1.1415525674819946,1.1396011114120483,1.1407711505889893,0
2026-06-29 12:00:00,1.1407711505889893,1.1425960063934326,1.1402509212493896,1.1424654722213743,0
2026-06-29 16:00:00,1.1424654722213743,1.143379807472229,1.1420739889144895,1.1428571939468384,0
2026-06-29 20:00:00,1.1428571939468384,1.1437721252441406,1.1424654722213743,1.1428571939468384,0
2026-06-30 00:00:00,1.1428571939468384,1.1428571939468384,1.1406410932540894,1.1406410932540894,0
2026-06-30 04:00:00,1.1406410932540894,1.1409013271331787,1.1386927366256714,1.1406410932540894,0
2026-06-30 08:00:00,1.1406410932540894,1.1411616802215576,1.1386927366256714,1.1405109167099,0
2026-06-30 12:00:00,1.1405109167099,1.1436413526535034,1.1390818357467651,1.1436413526535034,0
2026-06-30 16:00:00,1.1436413526535034,1.1436413526535034,1.1415525674819946,1.1425960063934326,0
2026-06-30 20:00:00,1.1423349380493164,1.143118381500244,1.1419435739517212,1.1423349380493164,0
2026-07-01 00:00:00,1.1423349380493164,1.1423349380493164,1.1406410932540894,1.1409013271331787,0
2026-07-01 04:00:00,1.1409013271331787,1.141422152519226,1.140380859375,1.1406410932540894,0
2026-07-01 08:00:00,1.1406410932540894,1.1406410932540894,1.138952136039734,1.1402509212493896,0
2026-07-01 12:00:00,1.1401208639144895,1.141291856765747,1.1366219520568848,1.1397310495376587,0
2026-07-01 16:00:00,1.1398608684539795,1.1398608684539795,1.1379153728485107,1.1383039951324463,0
2026-07-01 20:00:00,1.1383039951324463,1.1386927366256714,1.1376564502716064,1.1381744146347046,0
2026-07-02 00:00:00,1.1381744146347046,1.139211654663086,1.1379153728485107,1.1385631561279297,0
2026-07-02 04:00:00,1.1385631561279297,1.1406410932540894,1.1381744146347046,1.1398608684539795,0
2026-07-02 08:00:00,1.1397310495376587,1.1423349380493164,1.1394712924957275,1.141291856765747,0
2026-07-02 12:00:00,1.141422152519226,1.147446870803833,1.1398608684539795,1.144688606262207,0
2026-07-02 16:00:00,1.144688606262207,1.1453442573547363,1.1432491540908811,1.1436413526535034,0
2026-07-02 20:00:00,1.1436413526535034,1.1442956924438477,1.1427265405654907,1.143118381500244,0
2026-07-03 00:00:00,1.1432491540908811,1.144819736480713,1.1423349380493164,1.1442956924438477,0
2026-07-03 04:00:00,1.1442956924438477,1.1465259790420532,1.1440337896347046,1.1458691358566284,0
2026-07-03 08:00:00,1.1456066370010376,1.1460003852844238,1.144426703453064,1.145081877708435,0
2026-07-03 12:00:00,1.1449507474899292,1.1460003852844238,1.144164800643921,1.144688606262207,0
2026-07-03 16:00:00,1.1445575952529907,1.144688606262207,1.1439030170440674,1.1442956924438477,0
2026-07-03 20:00:00,1.144164800643921,1.144426703453064,1.1437721252441406,1.1440337896347046,0
2026-07-06 00:00:00,1.1440337896347046,1.144426703453064,1.143118381500244,1.1437721252441406,0
2026-07-06 04:00:00,1.1437721252441406,1.1439030170440674,1.1423349380493164,1.1424654722213743,0
2026-07-06 08:00:00,1.1423349380493164,1.143118381500244,1.141291856765747,1.1423349380493164,0
2026-07-06 12:00:00,1.1423349380493164,1.1425960063934326,1.1411616802215576,1.1419435739517212,0
2026-07-06 16:00:00,1.1420739889144895,1.144819736480713,1.1419435739517212,1.144688606262207,0
2026-07-06 20:00:00,1.144426703453064,1.145081877708435,1.144164800643921,1.144688606262207,0
2026-07-07 00:00:00,1.1449507474899292,1.145081877708435,1.1440337896347046,1.1442956924438477,0
2026-07-07 04:00:00,1.1442956924438477,1.1445575952529907,1.1428571939468384,1.143118381500244,0
2026-07-07 08:00:00,1.1432491540908811,1.1439030170440674,1.1427265405654907,1.1436413526535034,0
2026-07-07 12:00:00,1.1436413526535034,1.1445575952529907,1.1428571939468384,1.1437721252441406,0
2026-07-07 16:00:00,1.1436413526535034,1.1437721252441406,1.1420739889144895,1.1422044038772583,0
2026-07-07 20:00:00,1.1420739889144895,1.1427265405654907,1.140380859375,1.1410315036773682,0
2026-07-08 00:00:00,1.1410315036773682,1.1415525674819946,1.1402509212493896,1.1415525674819946,0
2026-07-08 04:00:00,1.1415525674819946,1.1427265405654907,1.141422152519226,1.1424654722213743,0
2026-07-08 08:00:00,1.1425960063934326,1.143379807472229,1.1401208639144895,1.1411616802215576,0
2026-07-08 12:00:00,1.1411616802215576,1.1416828632354736,1.1397310495376587,1.1410315036773682,0
2026-07-08 16:00:00,1.1409013271331787,1.143118381500244,1.1394712924957275,1.142987847328186,0
2026-07-08 20:00:00,1.143118381500244,1.1432491540908811,1.1418131589889526,1.1422044038772583,0
2026-07-09 00:00:00,1.1422044038772583,1.1432491540908811,1.1420739889144895,1.1427265405654907,0
2026-07-09 04:00:00,1.1427265405654907,1.145081877708435,1.1425960063934326,1.144426703453064,0
2026-07-09 08:00:00,1.1445575952529907,1.1445575952529907,1.1424654722213743,1.1425960063934326,0
2026-07-09 12:00:00,1.1425960063934326,1.144819736480713,1.1425960063934326,1.1436413526535034,0
2026-07-09 16:00:00,1.1436413526535034,1.144426703453064,1.1432491540908811,1.1436413526535034,0
2026-07-09 20:00:00,1.1437721252441406,1.1437721252441406,1.1424654722213743,1.1436413526535034,0
2026-07-10 00:00:00,1.1436413526535034,1.1463946104049685,1.143379807472229,1.1461317539215088,0
2026-07-10 04:00:00,1.1462632417678833,1.1462632417678833,1.1439030170440674,1.1445575952529907,0
2026-07-10 08:00:00,1.144426703453064,1.1445575952529907,1.142987847328186,1.1436413526535034,0
2026-07-10 12:00:00,1.1436413526535034,1.1440337896347046,1.1418131589889526,1.1425960063934326,0
2026-07-10 16:00:00,1.1425960063934326,1.144426703453064,1.1415525674819946,1.1419435739517212,0
2026-07-10 20:00:00,1.1419435739517212,1.1422044038772583,1.1415525674819946,1.1419435739517212,0
2026-07-13 00:00:00,1.1397310495376587,1.1407711505889893,1.138952136039734,1.1398608684539795,0
2026-07-13 04:00:00,1.1398608684539795,1.1411616802215576,1.1394712924957275,1.140380859375,0
2026-07-13 08:00:00,1.1405109167099,1.1449507474899292,1.1405109167099,1.1439030170440674,0
2026-07-13 12:00:00,1.1439030170440674,1.1440337896347046,1.1401208639144895,1.1406410932540894,0
2026-07-13 16:00:00,1.1409013271331787,1.1409013271331787,1.1386927366256714,1.138952136039734,0
2026-07-13 20:00:00,1.1390818357467651,1.1393414735794067,1.1381744146347046,1.1384334564208984,0
2026-07-14 00:00:00,1.1384334564208984,1.1397310495376587,1.1381744146347046,1.1394712924957275,0
2026-07-14 04:00:00,1.1394712924957275,1.1398608684539795,1.1388224363327026,1.138952136039734,0
2026-07-14 08:00:00,1.1388224363327026,1.1409013271331787,1.1388224363327026,1.1394712924957275,0
2026-07-14 12:00:00,1.1394712924957275,1.1462632417678833,1.1393414735794067,1.144819736480713,0
2026-07-14 16:00:00,1.144819736480713,1.1454753875732422,1.1420739889144895,1.1425960063934326,0
2026-07-14 20:00:00,1.1427265405654907,1.143118381500244,1.1420739889144895,1.1424654722213743,0
2026-07-15 00:00:00,1.1423349380493164,1.144426703453064,1.1423349380493164,1.144426703453064,0
2026-07-15 04:00:00,1.1442956924438477,1.144688606262207,1.1432491540908811,1.1432491540908811,0
2026-07-15 08:00:00,1.1432491540908811,1.1435105800628662,1.141422152519226,1.1415525674819946,0
2026-07-15 12:00:00,1.1419435739517212,1.144426703453064,1.1410315036773682,1.1439030170440674,0
2026-07-15 16:00:00,1.1440337896347046,1.148369312286377,1.143379807472229,1.1471836566925049,0
2026-07-15 20:00:00,1.1469204425811768,1.1477103233337402,1.1463946104049685,1.1469204425811768,0
2026-07-16 00:00:00,1.1471836566925049,1.1477103233337402,1.1463946104049685,1.1467890739440918,0
2026-07-16 04:00:00,1.1467890739440918,1.147446870803833,1.1466574668884275,1.1471836566925049,0
2026-07-16 08:00:00,1.1471836566925049,1.1479737758636477,1.1463946104049685,1.1463946104049685,0
2026-07-16 12:00:00,1.1462632417678833,1.147315263748169,1.1442956924438477,1.144688606262207,0
2026-07-16 16:00:00,1.1445575952529907,1.145213007926941,1.1435105800628662,1.144164800643921,0
2026-07-16 20:00:00,1.144164800643921,1.144819736480713,1.1437721252441406,1.144688606262207,0
2026-07-17 00:00:00,1.144688606262207,1.145081877708435,1.1440337896347046,1.1440337896347046,0
2026-07-17 04:00:00,1.1440337896347046,1.1454753875732422,1.1439030170440674,1.1453442573547363,0
2026-07-17 08:00:00,1.1453442573547363,1.1456066370010376,1.142987847328186,1.142987847328186,0
2026-07-17 12:00:00,1.142987847328186,1.144688606262207,1.1428571939468384,1.1442956924438477,0
2026-07-17 16:00:00,1.1442956924438477,1.144688606262207,1.1436413526535034,1.1440337896347046,0
2026-07-17 20:00:00,1.1439030170440674,1.1445575952529907,1.1437721252441406,1.1445575952529907,0
2026-07-20 00:00:00,1.142987847328186,1.1445575952529907,1.1427265405654907,1.144426703453064,0
2026-07-20 04:00:00,1.144426703453064,1.144819736480713,1.1437721252441406,1.1437721252441406,0
2026-07-20 08:00:00,1.1437721252441406,1.145213007926941,1.143118381500244,1.1435105800628662,0
2026-07-20 12:00:00,1.1435105800628662,1.1442956924438477,1.1406410932540894,1.1410315036773682,0
2026-07-20 16:00:00,1.1410315036773682,1.1422044038772583,1.1409013271331787,1.1418131589889526,0
2026-07-20 20:00:00,1.1419435739517212,1.1423349380493164,1.141291856765747,1.1416828632354736,0
2026-07-21 00:00:00,1.1416828632354736,1.1420739889144895,1.141422152519226,1.141422152519226,0
2026-07-21 04:00:00,1.1415525674819946,1.1425960063934326,1.141291856765747,1.1425960063934326,0
2026-07-21 08:00:00,1.1425960063934326,1.143118381500244,1.1423349380493164,1.1424654722213743,0
2026-07-21 12:00:00,1.1424654722213743,1.1425960063934326,1.1406410932540894,1.1409013271331787,0
2026-07-21 16:00:00,1.1409013271331787,1.141422152519226,1.1402509212493896,1.1406410932540894,0
2026-07-21 20:00:00,1.1407711505889893,1.1407711505889893,1.1398608684539795,1.1402509212493896,0
2026-07-22 00:00:00,1.1402509212493896,1.141291856765747,1.1401208639144895,1.1409013271331787,0
2026-07-22 04:00:00,1.1409013271331787,1.1416828632354736,1.1407711505889893,1.141422152519226,0
2026-07-22 08:00:00,1.141422152519226,1.1420739889144895,1.140380859375,1.1406410932540894,0
2026-07-22 12:00:00,1.1407711505889893,1.1423349380493164,1.1406410932540894,1.141291856765747,0
2026-07-22 16:00:00,1.1411616802215576,1.1416828632354736,1.1410315036773682,1.141422152519226,0
2026-07-22 20:00:00,1.141422152519226,1.1415525674819946,1.1409013271331787,1.1410315036773682,0
2026-07-23 00:00:00,1.1411616802215576,1.143118381500244,1.1411616802215576,1.143118381500244,0
2026-07-23 04:00:00,1.1432491540908811,1.1439030170440674,1.1427265405654907,1.1428571939468384,0
2026-07-23 08:00:00,1.1427265405654907,1.142987847328186,1.1407711505889893,1.1407711505889893,0
2026-07-23 12:00:00,1.1406410932540894,1.1409013271331787,1.1367511749267578,1.1373976469039917,0
2026-07-23 16:00:00,1.1373976469039917,1.1384334564208984,1.1370097398757937,1.1377859115600586,0
2026-07-23 20:00:00,1.1381744146347046,1.1384334564208984,1.1375269889831543,1.1383039951324463,0
2026-07-24 00:00:00,1.1383039951324463,1.1390818357467651,1.1379153728485107,1.1385631561279297,0
2026-07-24 04:00:00,1.1384334564208984,1.138952136039734,1.138044834136963,1.138952136039734,0
2026-07-24 08:00:00,1.1390818357467651,1.140380859375,1.1384334564208984,1.1386927366256714,0
2026-07-24 12:00:00,1.1385631561279297,1.1390818357467651,1.1368803977966309,1.1383039951324463,0
2026-07-24 16:00:00,1.138044834136963,1.1393414735794067,1.1370097398757937,1.137268304824829,0
2026-07-24 20:00:00,1.1373976469039917,1.1376564502716064,1.1370097398757937,1.1375269889831543,0
2026-07-27 00:00:00,1.1393414735794067,1.1416828632354736,1.139211654663086,1.1409013271331787,0
2026-07-27 04:00:00,1.1410315036773682,1.1420739889144895,1.1405109167099,1.141291856765747,0
2026-07-27 08:00:00,1.1411616802215576,1.141291856765747,1.1397310495376587,1.1397310495376587,0
2026-07-27 12:00:00,1.1398608684539795,1.1398608684539795,1.137268304824829,1.1373976469039917,0
2026-07-27 16:00:00,1.1375269889831543,1.1388224363327026,1.1371389627456665,1.1371389627456665,0
2026-07-27 20:00:00,1.137268304824829,1.1384334564208984,1.1364928483963013,1.137268304824829,0
2026-07-28 00:00:00,1.137268304824829,1.1381744146347046,1.1370097398757937,1.138044834136963,0
2026-07-28 04:00:00,1.138044834136963,1.1383039951324463,1.1364928483963013,1.1371389627456665,0
2026-07-28 08:00:00,1.1371389627456665,1.1376564502716064,1.1357183456420898,1.1363636255264282,0
2026-07-28 12:00:00,1.1364928483963013,1.138952136039734,1.1361054182052612,1.138952136039734,0
2026-07-28 16:00:00,1.138952136039734,1.1407711505889893,1.1388224363327026,1.138952136039734,0
2026-07-28 20:00:00,1.138952136039734,1.1398608684539795,1.1383039951324463,1.1388224363327026,0
2026-07-29 00:00:00,1.1388224363327026,1.1398608684539795,1.1385631561279297,1.1397310495376587,0
2026-07-29 04:00:00,1.1397310495376587,1.1406410932540894,1.1393414735794067,1.1394712924957275,0
2026-07-29 08:00:00,1.1394712924957275,1.140380859375,1.1386927366256714,1.1388224363327026,0
2026-07-29 12:00:00,1.138952136039734,1.1399909257888794,1.1379153728485107,1.1384334564208984,0
2026-07-29 16:00:00,1.1384334564208984,1.1454753875732422,1.138044834136963,1.1453442573547363,0
2026-07-29 20:00:00,1.1456066370010376,1.1492931842803955,1.144688606262207,1.147446870803833,0
2026-07-30 00:00:00,1.1475785970687866,1.1478420495986938,1.1454753875732422,1.1456066370010376,0
2026-07-30 04:00:00,1.1456066370010376,1.1460003852844238,1.144688606262207,1.145081877708435,0
2026-07-30 08:00:00,1.145081877708435,1.1486331224441528,1.1439030170440674,1.1477103233337402,0
2026-07-30 12:00:00,1.1478420495986938,1.1538017988204956,1.1469204425811768,1.1507480144500732,0
2026-07-30 16:00:00,1.150483250617981,1.1538017988204956,1.15035080909729,1.1538017988204956,0
2026-07-30 20:00:00,1.1539349555969238,1.1539349555969238,1.152737736701965,1.1531364917755127,0
2026-07-31 00:00:00,1.1532695293426514,1.15340256690979,1.151410460472107,1.151543140411377,0
2026-07-31 04:00:00,1.151543140411377,1.1524720191955566,1.1508804559707642,1.1520737409591677,0
2026-07-31 08:00:00,1.1520737409591677,1.1528706550598145,1.150483250617981,1.150483250617981,0
2026-07-31 12:00:00,1.150483250617981,1.1508804559707642,1.1461317539215088,1.1508804559707642,0
2026-07-31 16:00:00,1.151012897491455,1.154068112373352,1.1500862836837769,1.15340256690979,0
2026-07-31 20:00:00,1.1535356044769287,1.155001163482666,1.152737736701965,1.152737736701965,0
2026-08-03 00:00:00,1.1552680730819702,1.1558021306991575,1.1532695293426514,1.15340256690979,0
2026-08-03 04:00:00,1.15340256690979,1.1542012691497805,1.152737736701965,1.1530035734176636,0
2026-08-03 08:00:00,1.1531364917755127,1.1535356044769287,1.1520737409591677,1.1526048183441162,0
2026-08-03 12:00:00,1.152737736701965,1.1538017988204956,1.151410460472107,1.1518083810806274,0
2026-08-03 16:00:00,1.151543140411377,1.1518083810806274,1.150483250617981,1.1516757011413574,0
2026-08-03 20:00:00,1.1516757011413574,1.1518083810806274,1.151012897491455,1.151145339012146,0
2026-08-04 00:00:00,1.1512778997421265,1.1518083810806274,1.1506155729293823,1.151145339012146,0
2026-08-04 04:00:00,1.151410460472107,1.151543140411377,1.1507480144500732,1.151012897491455,0
2026-08-04 08:00:00,1.151145339012146,1.1522064208984375,1.1507480144500732,1.1516757011413574,0
2026-08-04 12:00:00,1.1516757011413574,1.15340256690979,1.151410460472107,1.1526048183441162,0
2026-08-04 16:00:00,1.152737736701965,1.1536686420440674,1.1518083810806274,1.1535356044769287,0
2026-08-04 20:00:00,1.1535356044769287,1.1536686420440674,1.1530035734176636,1.1535356044769287,0
2026-08-05 00:00:00,1.1535356044769287,1.154334545135498,1.1530035734176636,1.1538017988204956,0
2026-08-05 04:00:00,1.1538017988204956,1.1548677682876587,1.1535356044769287,1.1548677682876587,0
2026-08-05 08:00:00,1.1548677682876587,1.1548677682876587,1.1535356044769287,1.154334545135498,0
2026-08-05 12:00:00,1.1544678211212158,1.1559356451034546,1.1544678211212158,1.1556684970855713,0
2026-08-05 16:00:00,1.1558021306991575,1.156203031539917,1.1546010971069336,1.1558021306991575,0
2026-08-05 20:00:00,1.1558021306991575,1.156336784362793,1.1551345586776731,1.1558021306991575,0
2026-08-06 00:00:00,1.1558021306991575,1.156203031539917,1.1556684970855713,1.1556684970855713,0
2026-08-06 04:00:00,1.1556684970855713,1.1556684970855713,1.1547343730926514,1.1548677682876587,0
2026-08-06 08:00:00,1.1548677682876587,1.155001163482666,1.1539349555969238,1.1544678211212158,0
2026-08-06 12:00:00,1.1546010971069336,1.155001163482666,1.15340256690979,1.1538017988204956,0
2026-08-06 16:00:00,1.1538017988204956,1.1538017988204956,1.1519410610198977,1.152737736701965,0
2026-08-06 20:00:00,1.152737736701965,1.1530035734176636,1.1522064208984375,1.1524720191955566,0
2026-08-07 00:00:00,1.1526048183441162,1.1528706550598145,1.1522064208984375,1.1524720191955566,0
2026-08-07 04:00:00,1.1524720191955566,1.1528706550598145,1.152339220046997,1.1526048183441162,0
2026-08-07 08:00:00,1.1524720191955566,1.15340256690979,1.1522064208984375,1.1530035734176636,0
2026-08-07 12:00:00,1.1531364917755127,1.1582117080688477,1.1530035734176636,1.1556684970855713,0
2026-08-07 16:00:00,1.1558021306991575,1.1570056676864624,1.155401587486267,1.156738042831421,0
2026-08-07 20:00:00,1.1568717956542969,1.157273530960083,1.1559356451034546,1.156203031539917,0
2026-08-10 00:00:00,1.1559356451034546,1.156203031539917,1.1555349826812744,1.1555349826812744,0
2026-08-10 04:00:00,1.1555349826812744,1.1559356451034546,1.1551345586776731,1.1558021306991575,0
2026-08-10 08:00:00,1.1556684970855713,1.1568717956542969,1.1555349826812744,1.1559356451034546,0
2026-08-10 12:00:00,1.1558021306991575,1.1559356451034546,1.1547343730926514,1.155401587486267,0
2026-08-10 16:00:00,1.1555349826812744,1.1558021306991575,1.154334545135498,1.1546010971069336,0
2026-08-10 20:00:00,1.1544678211212158,1.1548677682876587,1.154334545135498,1.1547343730926514,0
2026-08-11 00:00:00,1.1547343730926514,1.1552680730819702,1.1542012691497805,1.154334545135498,0
2026-08-11 04:00:00,1.154334545135498,1.1548677682876587,1.1536686420440674,1.1539349555969238,0
2026-08-11 08:00:00,1.154068112373352,1.154334545135498,1.1535356044769287,1.1539349555969238,0
2026-08-11 12:00:00,1.1539349555969238,1.1551345586776731,1.1538017988204956,1.1546010971069336,0
2026-08-11 16:00:00,1.1546010971069336,1.1547343730926514,1.1538017988204956,1.154334545135498,0
2026-08-11 20:00:00,1.1544678211212158,1.1547343730926514,1.1542012691497805,1.1547343730926514,0
2026-08-12 00:00:00,1.1547343730926514,1.1548677682876587,1.1539349555969238,1.154068112373352,0
2026-08-12 04:00:00,1.1542012691497805,1.1542012691497805,1.1535356044769287,1.154068112373352,0
2026-08-12 08:00:00,1.154068112373352,1.1552680730819702,1.1535356044769287,1.1538017988204956,0
2026-08-12 12:00:00,1.1538017988204956,1.1564704179763794,1.1536686420440674,1.1544678211212158,0
2026-08-12 16:00:00,1.1544678211212158,1.1547343730926514,1.152339220046997,1.152339220046997,0
2026-08-12 20:00:00,1.1524720191955566,1.1532695293426514,1.152339220046997,1.1530035734176636,0
2026-08-13 00:00:00,1.1530035734176636,1.15340256690979,1.152339220046997,1.1526048183441162,0
2026-08-13 04:00:00,1.1524720191955566,1.1531364917755127,1.151543140411377,1.1520737409591677,0
2026-08-13 08:00:00,1.1520737409591677,1.1542012691497805,1.1520737409591677,1.1539349555969238,0
2026-08-13 12:00:00,1.1539349555969238,1.1548677682876587,1.1528706550598145,1.1547343730926514,0
2026-08-13 16:00:00,1.1547343730926514,1.1548677682876587,1.1528706550598145,1.1532695293426514,0
2026-08-13 20:00:00,1.1532695293426514,1.1535356044769287,1.1528706550598145,1.1535356044769287,0
2026-08-14 00:00:00,1.1535356044769287,1.1542012691497805,1.1535356044769287,1.1536686420440674,0
2026-08-14 04:00:00,1.1538017988204956,1.1547343730926514,1.1536686420440674,1.1547343730926514,0
2026-08-14 08:00:00,1.1547343730926514,1.1560693979263306,1.1546010971069336,1.1558021306991575,0
2026-08-14 12:00:00,1.1559356451034546,1.1588828563690186,1.1559356451034546,1.1583458185195925,0
2026-08-14 16:00:00,1.1584800481796265,1.1588828563690186,1.1566041707992554,1.1568717956542969,0
2026-08-14 20:00:00,1.1570056676864624,1.1574074029922483,1.1568717956542969,1.157273530960083,0
2026-08-17 00:00:00,1.157809495925903,1.1587486267089844,1.1576753854751587,1.1583458185195925,0
2026-08-17 04:00:00,1.1583458185195925,1.1599582433700562,1.1582117080688477,1.1599582433700562,0
2026-08-17 08:00:00,1.1599582433700562,1.1617100238800049,1.1592857837677002,1.1594202518463137,0
2026-08-17 12:00:00,1.1594202518463137,1.1602274179458618,1.1590172052383425,1.1590172052383425,0
2026-08-17 16:00:00,1.1590172052383425,1.1595547199249268,1.1574074029922483,1.1575413942337036,0
2026-08-17 20:00:00,1.1576753854751587,1.1590172052383425,1.1575413942337036,1.1582117080688477,0
2026-08-18 00:00:00,1.1582117080688477,1.1588828563690186,1.1579434871673584,1.1583458185195925,0
2026-08-18 04:00:00,1.1582117080688477,1.1582117080688477,1.157139539718628,1.1575413942337036,0
2026-08-18 08:00:00,1.1576753854751587,1.1582117080688477,1.157273530960083,1.1579434871673584,0
2026-08-18 12:00:00,1.1579434871673584,1.159151554107666,1.1575413942337036,1.1584800481796265,0
2026-08-18 16:00:00,1.1584800481796265,1.1588828563690186,1.157809495925903,1.1579434871673584,0
2026-08-18 20:00:00,1.1579434871673584,1.1583458185195925,1.1575413942337036,1.1579434871673584,0
2026-08-19 00:00:00,1.158077597618103,1.1590172052383425,1.1574074029922483,1.1586142778396606,0
2026-08-19 04:00:00,1.1586142778396606,1.160092830657959,1.1584800481796265,1.159823656082153,0
2026-08-19 08:00:00,1.1599582433700562,1.1615750789642334,1.1595547199249268,1.161035656929016,0
2026-08-19 12:00:00,1.161035656929016,1.1680878400802612,1.1603620052337646,1.1665889024734497,0
2026-08-19 16:00:00,1.1667250394821167,1.1678149700164795,1.16604483127594,1.1676785945892334,0
2026-08-19 20:00:00,1.1678149700164795,1.1686338186264038,1.1674060821533203,1.1680878400802612,0
2026-08-20 00:00:00,1.1679514646530151,1.1686338186264038,1.1674060821533203,1.1678149700164795,0
2026-08-20 04:00:00,1.1678149700164795,1.169180393218994,1.1674060821533203,1.169180393218994,0
2026-08-20 08:00:00,1.1690436601638794,1.1713716983795166,1.1682243347167969,1.1700011491775513,0
2026-08-20 12:00:00,1.1700011491775513,1.1700011491775513,1.1675423383712769,1.1686338186264038,0
2026-08-20 16:00:00,1.1684973239898682,1.1695905923843384,1.1672697067260742,1.1679514646530151,0
2026-08-20 20:00:00,1.1678149700164795,1.168770432472229,1.1676785945892334,1.1686338186264038,0
2026-08-21 00:00:00,1.168770432472229,1.1704120635986328,1.1686338186264038,1.1700011491775513,0
2026-08-21 04:00:00,1.1700011491775513,1.1702749729156494,1.1693171262741089,1.1701380014419556,0
2026-08-21 08:00:00,1.1701380014419556,1.1715089082717896,1.1690436601638794,1.170548915863037,0
2026-08-21 12:00:00,1.170548915863037,1.1712344884872437,1.1672697067260742,1.1675423383712769,0
2026-08-21 16:00:00,1.1676785945892334,1.168770432472229,1.1675423383712769,1.1686338186264038,0
2026-08-21 20:00:00,1.1684973239898682,1.1686338186264038,1.1678149700164795,1.1678149700164795,0
2026-08-24 00:00:00,1.1679514646530151,1.1690436601638794,1.1678149700164795,1.1684973239898682,0
2026-08-24 04:00:00,1.1684973239898682,1.1686338186264038,1.1678149700164795,1.1680878400802612,0
2026-08-24 08:00:00,1.1683608293533323,1.1683608293533323,1.1664528846740725,1.1667250394821167,0
2026-08-24 12:00:00,1.1667250394821167,1.1678149700164795,1.1665889024734497,1.1668611764907837,0
2026-08-24 16:00:00,1.1668611764907837,1.1675423383712769,1.1659088134765625,1.1668611764907837,0
2026-08-24 20:00:00,1.1665889024734497,1.166997313499451,1.1663167476654053,1.1668611764907837,0
2026-08-25 00:00:00,1.1668611764907837,1.1674060821533203,1.1663167476654053,1.1663167476654053,0
2026-08-25 04:00:00,1.1664528846740725,1.1665889024734497,1.1655012369155884,1.1656370162963867,0
2026-08-25 08:00:00,1.1656370162963867,1.1676785945892334,1.1656370162963867,1.1665889024734497,0
2026-08-25 12:00:00,1.1665889024734497,1.1678149700164795,1.1661807298660278,1.1676785945892334,0
